ply
format ascii 1.0
element vertex 16500
property float x
property float y
property float z
end_header
-0.984001 -0.703212 0.009518
-0.980773 -0.706890 -0.005934
-0.958663 -0.684328 -0.015089
-0.952578 -0.706912 0.003924
-0.937127 -0.705939 -0.002265
-0.913611 -0.719824 -0.001773
-0.903914 -0.687598 0.025679
-0.897446 -0.696685 -0.003575
-0.855365 -0.699378 0.000150
-0.879586 -0.706678 0.008548
-0.851329 -0.694794 0.008064
-0.836232 -0.723588 0.000958
-0.834408 -0.694050 0.000008
-0.804401 -0.696700 0.007942
-0.792501 -0.707081 0.008468
-0.777761 -0.696344 0.020670
-0.784511 -0.691866 0.009216
-0.758083 -0.695243 -0.017039
-0.738715 -0.708342 0.008451
-0.719341 -0.698045 -0.006321
-0.710087 -0.712949 -0.017557
-0.683079 -0.699915 -0.006376
-0.678844 -0.678010 0.012249
-0.674847 -0.703752 -0.013406
-0.650864 -0.701275 0.002775
-0.624618 -0.698941 0.018773
-0.631148 -0.704183 0.029655
-0.621313 -0.707853 0.001057
-0.609639 -0.699510 -0.011673
-0.580904 -0.690913 0.004604
-0.572207 -0.705066 0.004738
-0.563004 -0.701983 0.010881
-0.541597 -0.701160 -0.020012
-0.535826 -0.718126 -0.017521
-0.516608 -0.701722 -0.001647
-0.481239 -0.707240 -0.005972
-0.475943 -0.696046 -0.007590
-0.458965 -0.699214 -0.009243
-0.457664 -0.700927 0.008467
-0.431222 -0.712650 0.003713
-0.439566 -0.708634 0.008862
-0.421126 -0.702472 0.002482
-0.395726 -0.720332 0.004273
-0.379549 -0.695714 -0.002060
-0.382889 -0.675228 0.004315
-0.362140 -0.697615 -0.000701
-0.355051 -0.705595 -0.007439
-0.336108 -0.694547 -0.008199
-0.293786 -0.693907 0.003900
-0.282602 -0.697636 -0.004193
-0.277203 -0.719581 0.006242
-0.280485 -0.700737 0.004186
-0.248975 -0.691793 -0.004654
-0.241864 -0.700462 -0.001035
-0.222685 -0.678001 0.001898
-0.215048 -0.690639 0.004745
-0.218298 -0.697476 -0.014658
-0.187823 -0.697073 -0.011718
-0.162665 -0.699937 0.004719
-0.158078 -0.682167 -0.011815
-0.142075 -0.708277 0.024404
-0.126536 -0.697473 0.013905
-0.103469 -0.691449 0.010198
-0.076437 -0.673461 0.004236
-0.077775 -0.691893 0.016719
-0.056765 -0.696853 -0.004993
-0.054886 -0.691483 0.002871
-0.043892 -0.693601 0.001202
-0.028707 -0.715550 -0.007372
-0.023794 -0.708643 0.006582
0.002567 -0.707536 0.010082
0.025945 -0.689155 -0.000551
0.044032 -0.695021 -0.002605
0.049991 -0.703313 -0.006838
0.068571 -0.691355 0.013462
0.074530 -0.697088 -0.006979
0.096227 -0.695450 -0.006411
0.119050 -0.695659 0.005230
0.123302 -0.686843 0.005184
0.146943 -0.707258 -0.002738
0.132142 -0.686023 0.013328
0.164037 -0.711717 0.011288
0.190634 -0.714905 0.001073
0.198755 -0.695582 -0.001708
0.206512 -0.698868 0.010284
0.214994 -0.694155 -0.001461
0.251381 -0.687942 0.003243
0.251796 -0.706778 -0.008479
0.263149 -0.706752 -0.001866
0.281583 -0.690691 -0.006911
0.297593 -0.704137 -0.009875
0.324399 -0.700829 -0.006650
0.315890 -0.693813 -0.001749
0.319648 -0.696803 -0.003420
0.354143 -0.688531 0.010268
0.377746 -0.693335 -0.000685
0.389685 -0.695843 -0.011123
0.388708 -0.696390 0.021362
0.413478 -0.677155 0.001803
0.446796 -0.691255 -0.014922
0.426058 -0.699708 0.008377
0.449010 -0.720601 0.012618
0.482640 -0.699646 0.013872
0.491406 -0.703587 0.022543
0.502644 -0.702095 -0.012262
0.519960 -0.682905 0.004574
0.526399 -0.705256 0.004636
0.519173 -0.709720 0.005757
0.554802 -0.687275 -0.007863
0.568327 -0.709988 -0.000217
0.571430 -0.691382 -0.003569
0.600025 -0.692765 -0.006164
0.615260 -0.694784 0.008335
0.617593 -0.681571 -0.006998
0.648199 -0.692568 0.009608
0.647524 -0.698905 0.000552
0.676621 -0.696951 0.019695
0.700641 -0.671449 0.003657
0.705085 -0.716488 0.005682
0.698205 -0.710446 0.005737
0.724064 -0.707307 0.008439
0.731283 -0.702719 0.002805
0.756517 -0.718284 -0.006383
0.765348 -0.702707 0.001608
0.778641 -0.681216 0.004507
0.799970 -0.688651 -0.006502
0.813351 -0.706796 -0.004645
0.823508 -0.696908 -0.023093
0.830651 -0.693968 -0.006390
0.868989 -0.699850 -0.007463
0.874666 -0.694997 0.005964
0.876867 -0.693720 -0.009083
0.897096 -0.690064 0.004136
0.914313 -0.690561 -0.021655
0.910318 -0.718000 0.000965
0.927415 -0.709394 0.002427
0.951745 -0.693263 0.006201
0.961939 -0.697750 -0.002049
0.978120 -0.697926 0.002611
1.002212 -0.714281 0.009018
-1.001688 -0.702477 -0.007949
-0.968784 -0.697380 -0.000963
-0.961317 -0.679970 0.024655
-0.959162 -0.694905 0.009529
-0.934822 -0.685557 0.004678
-0.945111 -0.689743 0.000449
-0.895663 -0.678047 -0.005430
-0.909257 -0.686609 -0.001061
-0.907457 -0.683141 0.004349
-0.880338 -0.696556 0.013916
-0.860756 -0.690673 0.022184
-0.848775 -0.682949 -0.017450
-0.816740 -0.679840 0.003546
-0.837545 -0.702465 -0.008578
-0.798352 -0.681707 -0.001257
-0.796878 -0.690239 -0.003436
-0.782773 -0.675330 -0.015511
-0.750286 -0.690990 -0.037556
-0.743545 -0.692761 0.031545
-0.714303 -0.687960 0.008622
-0.714972 -0.672013 0.009067
-0.698564 -0.685240 0.014506
-0.685198 -0.686001 -0.011428
-0.670432 -0.684834 0.008983
-0.650994 -0.698007 0.012932
-0.653062 -0.674995 0.013588
-0.628276 -0.695606 0.007360
-0.625089 -0.671771 -0.000782
-0.575130 -0.689375 -0.027034
-0.590844 -0.674781 -0.004967
-0.555173 -0.685864 -0.006178
-0.574811 -0.708963 -0.005506
-0.532255 -0.683195 0.009213
-0.537145 -0.687770 -0.009233
-0.525226 -0.677065 -0.004252
-0.494542 -0.687901 -0.007618
-0.474084 -0.684614 -0.008808
-0.476378 -0.690720 0.008082
-0.455105 -0.692563 -0.003298
-0.416491 -0.673080 0.010199
-0.424353 -0.685884 0.000989
-0.402387 -0.681456 0.009002
-0.399967 -0.699401 0.018860
-0.366953 -0.681130 -0.019487
-0.358738 -0.677752 0.010226
-0.354789 -0.684375 -0.012959
-0.341375 -0.698297 0.015631
-0.317075 -0.693735 0.010190
-0.313039 -0.662575 -0.017022
-0.282710 -0.697397 -0.006946
-0.278617 -0.689878 -0.008100
-0.273706 -0.681056 0.005976
-0.255396 -0.677905 -0.010303
-0.242535 -0.679366 0.000363
-0.223184 -0.710964 0.003027
-0.198548 -0.685075 -0.009194
-0.210945 -0.684683 -0.004996
-0.178497 -0.674261 -0.012313
-0.151665 -0.663704 -0.003582
-0.153398 -0.671194 0.017772
-0.143766 -0.689249 -0.004712
-0.121267 -0.682052 -0.010544
-0.127735 -0.681306 0.020580
-0.092437 -0.669019 0.004385
-0.060188 -0.696261 -0.016244
-0.068197 -0.692138 0.004529
-0.052389 -0.678381 0.004362
-0.029006 -0.661483 -0.016042
-0.019022 -0.692802 0.011318
-0.002832 -0.683484 0.008592
-0.003881 -0.688055 0.007716
0.022598 -0.701586 -0.000310
0.029719 -0.685672 0.006791
0.042987 -0.693375 -0.013626
0.072524 -0.689952 -0.000796
0.086933 -0.690606 0.001547
0.083376 -0.689518 0.001754
0.098423 -0.684832 -0.005886
0.130389 -0.701649 0.006659
0.132416 -0.678437 -0.024739
0.151337 -0.661670 -0.002901
0.164007 -0.683469 0.003446
0.168216 -0.687395 0.000149
0.201046 -0.665872 0.003273
0.203760 -0.700902 -0.006930
0.226700 -0.685531 -0.009960
0.242238 -0.679139 -0.012058
0.257451 -0.662575 -0.004220
0.276808 -0.689789 -0.012660
0.255987 -0.687088 0.015266
0.309390 -0.705221 -0.007355
0.298128 -0.675584 -0.013814
0.325965 -0.680719 0.008365
0.339196 -0.685183 0.010131
0.348622 -0.685813 0.010369
0.369547 -0.672727 0.001481
0.378582 -0.700860 -0.004882
0.385857 -0.677152 -0.009674
0.396251 -0.683953 0.014168
0.421327 -0.703132 -0.001944
0.440436 -0.685210 0.007764
0.455685 -0.665092 0.011924
0.477296 -0.689967 -0.002670
0.483143 -0.680497 -0.000883
0.498589 -0.693350 0.011313
0.512874 -0.683854 0.006897
0.528582 -0.680639 0.011586
0.553602 -0.683172 0.004986
0.548640 -0.673265 -0.002375
0.563322 -0.691730 0.005005
0.581382 -0.699988 -0.021625
0.588283 -0.675115 0.001654
0.602554 -0.686006 -0.003077
0.625729 -0.679143 0.009185
0.638639 -0.701785 0.003706
0.653891 -0.668337 -0.002253
0.673555 -0.701143 0.004583
0.684365 -0.690815 0.006989
0.702774 -0.688930 0.028110
0.709675 -0.697078 -0.011971
0.731828 -0.704421 -0.002750
0.733083 -0.698990 0.014030
0.773586 -0.672111 -0.012585
0.771969 -0.696411 0.003498
0.794481 -0.668828 -0.014511
0.794616 -0.671190 -0.015328
0.809876 -0.695316 -0.008136
0.827130 -0.695133 0.006354
0.828001 -0.680548 -0.014605
0.866185 -0.693591 -0.002805
0.872637 -0.676256 -0.007619
0.870854 -0.682879 0.011250
0.895365 -0.689298 0.000209
0.924562 -0.679746 -0.014758
0.945857 -0.698366 -0.004893
0.946021 -0.696447 -0.019844
0.959963 -0.681526 -0.011991
0.956987 -0.696621 0.007246
0.990370 -0.681923 0.015615
1.000779 -0.706746 -0.016716
-0.985848 -0.664070 0.001120
-0.981702 -0.680423 -0.004536
-0.970757 -0.650008 -0.003316
-0.952516 -0.683301 -0.021145
-0.944531 -0.660569 -0.005780
-0.941449 -0.676626 -0.008702
-0.917000 -0.690272 -0.005732
-0.895975 -0.676303 0.001000
-0.885817 -0.681527 0.008283
-0.873228 -0.671666 0.002112
-0.857402 -0.694980 -0.013313
-0.827096 -0.678149 0.000272
-0.826775 -0.677608 -0.017440
-0.816390 -0.671117 0.006342
-0.787693 -0.671678 0.000484
-0.765917 -0.667842 0.020788
-0.769072 -0.696404 -0.001213
-0.745198 -0.684673 -0.013088
-0.726525 -0.682480 -0.022894
-0.739015 -0.663206 0.008302
-0.724911 -0.673438 0.003888
-0.689301 -0.665228 -0.006967
-0.684950 -0.652016 0.012732
-0.692515 -0.685564 -0.002178
-0.645988 -0.671245 0.017369
-0.634041 -0.660567 0.021567
-0.622607 -0.671601 -0.017979
-0.619790 -0.689099 0.012184
-0.598683 -0.652525 0.018156
-0.581955 -0.676882 0.004812
-0.558809 -0.678180 -0.008289
-0.566696 -0.667361 0.004566
-0.542305 -0.667254 0.002603
-0.522497 -0.672185 0.006163
-0.491878 -0.698183 -0.001675
-0.498255 -0.648387 0.003440
-0.473768 -0.673597 0.020043
-0.477364 -0.668001 0.000797
-0.463736 -0.674185 -0.006398
-0.444653 -0.668055 0.000729
-0.412675 -0.687436 0.000134
-0.410852 -0.675207 0.008627
-0.381708 -0.645891 0.009599
-0.367827 -0.665382 0.008441
-0.373858 -0.673676 0.001523
-0.359568 -0.665127 -0.003735
-0.324348 -0.683817 -0.016742
-0.310996 -0.677107 0.002503
-0.313988 -0.678203 0.004710
-0.298670 -0.679846 0.016667
-0.255996 -0.667103 -0.010809
-0.253033 -0.664744 0.022988
-0.261108 -0.673986 -0.021583
-0.220430 -0.686815 0.001544
-0.214886 -0.672344 0.004746
-0.220829 -0.680354 -0.000853
-0.197256 -0.664742 -0.000886
-0.190111 -0.678865 -0.002470
-0.169050 -0.675173 -0.002002
-0.162501 -0.665800 -0.005222
-0.137595 -0.674623 -0.009823
-0.126780 -0.680624 -0.000233
-0.110221 -0.680845 -0.000783
-0.107300 -0.664963 -0.012113
-0.072271 -0.666748 0.009114
-0.052218 -0.681406 -0.015370
-0.045676 -0.654816 -0.001809
-0.041884 -0.667899 -0.014668
-0.024667 -0.691039 -0.000504
-0.017525 -0.665019 0.004932
-0.004986 -0.674323 0.010662
0.028916 -0.665936 0.016814
0.043394 -0.687928 -0.002519
0.053439 -0.674288 -0.004031
0.048579 -0.669847 0.025428
0.092326 -0.687664 -0.005863
0.119550 -0.670391 0.014310
0.111088 -0.676407 -0.004905
0.121600 -0.686044 -0.000270
0.130382 -0.678658 -0.015142
0.139847 -0.676438 0.000459
0.175084 -0.662275 -0.014037
0.173430 -0.671402 0.011346
0.196265 -0.668859 -0.009073
0.189209 -0.676149 -0.021169
0.230487 -0.685820 0.008890
0.216790 -0.677571 -0.002467
0.240813 -0.667998 0.001440
0.260296 -0.678617 -0.000576
0.281089 -0.668693 0.005896
0.297497 -0.692686 -0.009041
0.305922 -0.671603 0.017669
0.328507 -0.671962 0.001854
0.334704 -0.675676 -0.009816
0.354939 -0.672703 -0.001837
0.358920 -0.674734 -0.002602
0.386500 -0.681544 -0.007498
0.405823 -0.672298 0.001889
0.420366 -0.667782 -0.017556
0.415132 -0.670478 -0.011496
0.441640 -0.662977 -0.001145
0.454729 -0.663416 -0.011423
0.458136 -0.690025 0.004851
0.483576 -0.669288 -0.000768
0.492426 -0.664127 -0.021935
0.490317 -0.686205 -0.008316
0.523528 -0.673056 0.005333
0.535182 -0.663691 -0.000530
0.529862 -0.669466 0.023226
0.566058 -0.667130 -0.019032
0.584284 -0.679320 0.008544
0.612004 -0.681617 -0.005587
0.622436 -0.676822 -0.025654
0.627767 -0.657818 0.000523
0.644576 -0.664533 0.006354
0.648117 -0.674991 0.006121
0.673983 -0.671391 0.014725
0.668069 -0.659289 0.018200
0.710195 -0.645843 -0.003729
0.712352 -0.671784 -0.010926
0.733806 -0.696645 -0.014739
0.727453 -0.680174 -0.012187
0.749822 -0.673610 -0.007951
0.771521 -0.666358 -0.011920
0.782461 -0.676195 0.015571
0.819273 -0.679505 -0.015596
0.830463 -0.668601 -0.002621
0.828431 -0.668351 0.000438
0.849399 -0.668160 -0.002846
0.868564 -0.674708 -0.007904
0.888284 -0.665140 -0.000429
0.884833 -0.660752 0.002471
0.900993 -0.676343 -0.000534
0.921958 -0.678898 -0.007044
0.942507 -0.672575 0.010129
0.943510 -0.677186 -0.005097
0.956598 -0.689305 -0.003822
0.966406 -0.646989 -0.003478
0.999651 -0.657981 0.003412
1.000599 -0.683942 -0.006750
-1.001402 -0.662893 -0.001979
-0.985559 -0.657317 0.006208
-0.980709 -0.652794 0.002220
-0.963764 -0.674006 -0.011071
-0.947100 -0.642870 -0.004612
-0.931481 -0.638523 0.007396
-0.910890 -0.658294 -0.006622
-0.906487 -0.666064 0.008686
-0.900080 -0.663837 0.008977
-0.858723 -0.651079 0.008171
-0.847825 -0.653123 -0.004884
-0.830005 -0.664206 -0.003888
-0.822218 -0.648007 -0.000543
-0.803412 -0.649267 -0.011876
-0.791000 -0.672110 0.000881
-0.789387 -0.665263 -0.003069
-0.776937 -0.675056 -0.004408
-0.760629 -0.655266 -0.010313
-0.734257 -0.673009 0.009976
-0.725182 -0.660596 -0.010970
-0.726116 -0.659561 -0.018092
-0.697625 -0.664500 -0.006669
-0.679797 -0.661789 -0.004707
-0.680314 -0.670854 0.010524
-0.655664 -0.659003 0.003126
-0.632764 -0.662343 -0.007077
-0.608842 -0.645840 -0.001900
-0.611615 -0.663529 0.012913
-0.605383 -0.668633 0.010520
-0.568852 -0.658543 0.012641
-0.571050 -0.659890 0.002512
-0.548131 -0.652263 0.000722
-0.544216 -0.659597 0.003779
-0.524872 -0.680260 -0.005254
-0.505493 -0.668326 0.013456
-0.495699 -0.655815 -0.005068
-0.488461 -0.650403 -0.010304
-0.475529 -0.650081 0.008707
-0.468029 -0.667688 0.000395
-0.436486 -0.651289 -0.005816
-0.425467 -0.655764 0.010488
-0.418787 -0.651242 0.000379
-0.406045 -0.637617 0.005171
-0.381336 -0.648378 0.007705
-0.380251 -0.665525 0.007603
-0.345096 -0.654785 -0.005947
-0.337737 -0.644542 0.010110
-0.330454 -0.670175 0.002949
-0.301675 -0.651497 -0.005603
-0.287249 -0.650645 0.005656
-0.285905 -0.658426 0.012625
-0.273161 -0.667164 0.005493
-0.246799 -0.654940 -0.005880
-0.221057 -0.646614 0.006202
-0.209823 -0.662268 0.001002
-0.225236 -0.656212 -0.015299
-0.198483 -0.660986 0.006004
-0.168697 -0.662657 0.005128
-0.153240 -0.683073 0.012225
-0.151086 -0.664220 -0.024669
-0.128523 -0.667599 -0.002487
-0.119206 -0.647797 0.013604
-0.093345 -0.647961 0.015530
-0.067399 -0.668447 0.001383
-0.055709 -0.664585 -0.005258
-0.068988 -0.651594 -0.014985
-0.059333 -0.660680 -0.012681
-0.043399 -0.669335 0.016636
-0.025309 -0.659762 -0.000919
0.002046 -0.634800 0.009073
0.009954 -0.656697 0.005022
0.029036 -0.670801 -0.002387
0.039421 -0.659430 -0.000433
0.042949 -0.636915 0.009320
0.062323 -0.665062 0.011720
0.089618 -0.651880 0.012733
0.103577 -0.641088 -0.003247
0.096633 -0.664754 -0.009152
0.097620 -0.654427 0.009362
0.143209 -0.655411 0.000698
0.152658 -0.657471 0.016642
0.162904 -0.652837 0.010044
0.198661 -0.661464 -0.006411
0.184637 -0.663802 0.018503
0.214570 -0.656829 0.000167
0.209332 -0.659182 -0.003889
0.220957 -0.676757 0.007364
0.254251 -0.657432 -0.002593
0.285256 -0.647320 0.011011
0.289115 -0.665289 0.000309
0.290999 -0.655993 0.018897
0.309476 -0.646817 0.011965
0.320358 -0.670050 -0.005502
0.346224 -0.658578 -0.007535
0.355764 -0.656250 0.011672
0.366208 -0.666331 0.016045
0.402294 -0.654272 0.012796
0.404699 -0.652323 0.012437
0.418517 -0.651502 0.015274
0.432886 -0.661339 0.006491
0.441777 -0.658016 -0.010128
0.455115 -0.654511 -0.001139
0.459836 -0.659189 -0.000013
0.485577 -0.661140 0.002612
0.508020 -0.645352 -0.016260
0.516966 -0.657863 -0.013634
0.541111 -0.659875 0.009513
0.547782 -0.639828 0.004382
0.552745 -0.664552 0.018811
0.576496 -0.647662 -0.013035
0.571385 -0.666399 -0.013218
0.596132 -0.648218 -0.019061
0.635878 -0.662682 -0.001151
0.635529 -0.663475 -0.019432
0.639391 -0.672983 -0.017048
0.654191 -0.670220 -0.003635
0.670604 -0.672731 -0.011854
0.696102 -0.670235 0.009640
0.693190 -0.674231 0.003485
0.739200 -0.653794 0.014190
0.729926 -0.639971 0.000175
0.743621 -0.648300 -0.008063
0.750012 -0.656573 0.005684
0.782244 -0.649246 0.020368
0.775601 -0.642011 -0.000218
0.791992 -0.661979 0.000376
0.818003 -0.647250 0.009382
0.827298 -0.652960 -0.023371
0.835050 -0.664084 -0.012570
0.861983 -0.650371 -0.006857
0.869219 -0.657013 -0.004078
0.879858 -0.653611 -0.011665
0.888393 -0.669031 0.000167
0.912468 -0.645820 0.007672
0.930751 -0.651432 0.024633
0.965992 -0.653559 0.006710
0.951242 -0.659787 -0.007751
0.976407 -0.652060 0.011509
0.978314 -0.649079 -0.001569
0.994598 -0.672045 0.020551
-0.988734 -0.651062 0.010036
-0.961930 -0.638007 0.016348
-0.961682 -0.633008 0.002881
-0.956639 -0.652698 0.002883
-0.955715 -0.656931 0.005896
-0.912428 -0.647889 -0.007385
-0.925871 -0.642474 0.005401
-0.913194 -0.640513 -0.011188
-0.875035 -0.634584 0.014212
-0.849875 -0.644914 -0.000824
-0.854049 -0.644090 0.001431
-0.842034 -0.643694 0.005185
-0.838727 -0.662465 -0.007012
-0.815086 -0.643426 0.025204
-0.800088 -0.633921 0.006476
-0.803255 -0.633017 -0.004290
-0.779612 -0.633218 -0.003460
-0.771997 -0.645156 0.007089
-0.739349 -0.633554 0.020466
-0.723342 -0.653694 0.014471
-0.717282 -0.628268 0.006706
-0.687443 -0.633036 -0.004248
-0.683457 -0.663703 0.006849
-0.667224 -0.650477 0.003104
-0.661692 -0.638648 -0.000006
-0.629422 -0.641234 -0.004341
-0.633034 -0.644391 -0.002396
-0.610094 -0.610564 -0.008339
-0.602736 -0.646447 0.005595
-0.569915 -0.643157 0.007233
-0.571312 -0.646793 0.003700
-0.554764 -0.650072 -0.010403
-0.538972 -0.635210 -0.001505
-0.518564 -0.644689 -0.010782
-0.511178 -0.639645 -0.006800
-0.484017 -0.631800 0.015394
-0.468556 -0.644842 -0.015533
-0.463503 -0.646672 0.001387
-0.453470 -0.641341 -0.001353
-0.432061 -0.658272 -0.010600
-0.421313 -0.652969 -0.009475
-0.399532 -0.646683 0.021153
-0.399446 -0.660793 0.027215
-0.381576 -0.654530 0.011897
-0.372707 -0.638183 0.010011
-0.352280 -0.640405 -0.008055
-0.341682 -0.638748 0.006408
-0.330579 -0.643266 0.003148
-0.326048 -0.641833 0.022467
-0.287121 -0.633807 -0.003163
-0.273131 -0.653875 0.005999
-0.274238 -0.630152 -0.006917
-0.245059 -0.645320 0.018215
-0.232162 -0.636385 -0.002942
-0.213458 -0.644976 -0.009099
-0.211821 -0.635166 0.003599
-0.200692 -0.639763 0.005929
-0.176391 -0.637934 -0.022746
-0.163562 -0.654970 -0.004726
-0.154985 -0.631201 -0.010271
-0.113604 -0.636799 0.003912
-0.108455 -0.639041 0.001354
-0.110024 -0.651290 -0.006515
-0.080763 -0.633823 0.009194
-0.072751 -0.628775 0.001759
-0.056641 -0.657958 -0.023251
-0.060929 -0.655145 -0.021852
-0.044068 -0.642859 -0.000588
-0.009264 -0.645465 -0.013144
0.002786 -0.630934 0.004177
0.002077 -0.629732 -0.004950
0.034491 -0.624199 -0.014282
0.037303 -0.639480 0.012810
0.059233 -0.626640 0.000303
0.063558 -0.621358 0.000297
0.060786 -0.645356 0.008049
0.095027 -0.655113 -0.011227
0.121263 -0.645363 -0.005652
0.129633 -0.634890 -0.005419
0.131085 -0.651747 0.006557
0.148949 -0.637633 -0.025833
0.152433 -0.657320 0.012058
0.175229 -0.636759 0.002096
0.197640 -0.645141 0.001601
0.199473 -0.632815 -0.000597
0.206577 -0.633591 -0.032042
0.237064 -0.635142 0.005685
0.255915 -0.644205 0.008861
0.266856 -0.639871 -0.015391
0.278110 -0.653406 -0.008687
0.295328 -0.647992 -0.015950
0.312423 -0.632568 0.014473
0.316771 -0.642379 -0.010509
0.351035 -0.646937 -0.009426
0.350147 -0.635015 -0.002955
0.374671 -0.642116 -0.000757
0.375772 -0.634343 -0.030627
0.405372 -0.646790 -0.008670
0.409647 -0.643813 0.001338
0.427370 -0.637958 -0.004827
0.435373 -0.627795 0.014447
0.453191 -0.637218 0.006915
0.453693 -0.642702 0.009732
0.469653 -0.651526 -0.003193
0.503405 -0.657742 0.014872
0.504472 -0.646629 0.006711
0.523231 -0.658732 -0.008997
0.551475 -0.626399 -0.008028
0.558642 -0.653896 -0.007966
0.578788 -0.629251 0.000042
0.590482 -0.640808 0.002350
0.610192 -0.645612 0.007052
0.613619 -0.647442 0.013228
0.639106 -0.642439 -0.006435
0.646010 -0.640983 -0.005883
0.661289 -0.645966 -0.025080
0.666876 -0.660478 -0.018214
0.690408 -0.644179 0.010647
0.705199 -0.642457 -0.009751
0.712999 -0.654044 -0.005198
0.734012 -0.636436 -0.013153
0.733865 -0.646083 -0.000183
0.756564 -0.642462 -0.005977
0.760385 -0.644519 0.001128
0.768946 -0.637910 0.018850
0.794662 -0.650929 0.013457
0.790639 -0.652740 -0.006056
0.835035 -0.646520 -0.000836
0.852963 -0.655857 -0.010196
0.861895 -0.653063 -0.002447
0.864336 -0.650809 -0.000243
0.905893 -0.629170 -0.004451
0.895714 -0.640150 -0.006399
0.922032 -0.643507 -0.012426
0.934072 -0.639731 -0.010715
0.940538 -0.645099 -0.003357
0.954197 -0.656994 0.003493
0.979175 -0.636899 -0.011877
0.986564 -0.650715 -0.017878
1.006410 -0.664317 -0.008503
-0.997514 -0.621026 -0.017734
-0.987018 -0.633350 -0.007333
-0.970713 -0.625117 -0.010909
-0.955292 -0.629336 -0.015731
-0.937796 -0.613171 0.020380
-0.940321 -0.630077 -0.004187
-0.909721 -0.636570 -0.007300
-0.896160 -0.642785 -0.028776
-0.886775 -0.642196 0.003130
-0.869710 -0.623604 -0.000864
-0.864268 -0.633304 0.006591
-0.847049 -0.628000 -0.004857
-0.818597 -0.640448 0.002612
-0.805110 -0.628931 0.006011
-0.794083 -0.612950 -0.003204
-0.777219 -0.631094 0.003853
-0.771399 -0.639261 -0.015183
-0.747044 -0.633039 0.004192
-0.734583 -0.643574 -0.001335
-0.726871 -0.621516 -0.003066
-0.712644 -0.610331 0.009686
-0.708270 -0.626756 -0.012188
-0.679807 -0.613686 0.020782
-0.655810 -0.637414 0.002413
-0.656678 -0.619216 0.003599
-0.624929 -0.630753 0.002108
-0.636752 -0.622126 -0.009357
-0.606061 -0.614701 -0.006689
-0.592409 -0.634882 -0.009805
-0.588478 -0.638583 0.001815
-0.548089 -0.633532 0.024569
-0.550073 -0.638872 0.010716
-0.557404 -0.644418 -0.002846
-0.530073 -0.631889 0.008722
-0.518865 -0.624245 0.002895
-0.495951 -0.636855 -0.003195
-0.489869 -0.635608 0.003462
-0.445259 -0.634647 -0.013888
-0.461458 -0.619957 -0.005250
-0.446059 -0.623746 -0.006616
-0.417088 -0.636426 0.012926
-0.417712 -0.619614 -0.008560
-0.382330 -0.628171 -0.003845
-0.372634 -0.635732 -0.002446
-0.359308 -0.638173 0.017348
-0.365060 -0.620919 -0.001321
-0.337958 -0.651114 -0.002874
-0.337729 -0.644469 0.012967
-0.310073 -0.610354 0.005333
-0.310983 -0.602726 -0.026631
-0.273739 -0.627963 0.006215
-0.260139 -0.638156 0.007372
-0.249147 -0.629026 -0.011666
-0.227237 -0.629878 -0.010081
-0.219823 -0.633544 -0.011773
-0.219846 -0.619818 -0.004362
-0.188307 -0.634694 0.015330
-0.178599 -0.627027 0.004116
-0.179104 -0.639911 -0.005448
-0.142447 -0.620263 0.005593
-0.135549 -0.627937 0.010761
-0.126269 -0.632745 0.026298
-0.115387 -0.632677 -0.003569
-0.100541 -0.662227 0.001104
-0.088755 -0.611712 -0.012309
-0.065258 -0.641528 -0.003023
-0.061415 -0.619647 0.008355
-0.035011 -0.613246 -0.017336
-0.014059 -0.626670 -0.003934
-0.010503 -0.627838 -0.005508
0.003974 -0.607126 -0.005921
0.017124 -0.640658 0.001496
0.035668 -0.624494 0.005419
0.050599 -0.634136 -0.005995
0.067025 -0.647704 -0.007037
0.072287 -0.633162 0.000181
0.079879 -0.653157 0.020931
0.096762 -0.632969 -0.001686
0.128829 -0.625155 -0.006736
0.133501 -0.642463 0.028802
0.154396 -0.627361 0.004142
0.166722 -0.624564 -0.020086
0.190109 -0.621355 -0.009198
0.207803 -0.627608 0.015643
0.228360 -0.622603 0.000743
0.220259 -0.628704 -0.010781
0.235824 -0.622027 0.003039
0.242718 -0.631213 -0.010677
0.262685 -0.637241 -0.012732
0.305610 -0.626887 0.018011
0.290910 -0.636615 -0.012520
0.320692 -0.611835 0.015571
0.325047 -0.625589 -0.000381
0.345821 -0.639884 0.007676
0.337527 -0.636238 0.025110
0.379298 -0.637355 -0.007383
0.367363 -0.632450 -0.000336
0.395640 -0.647308 -0.000887
0.413858 -0.630256 0.009737
0.407866 -0.621260 0.005210
0.437499 -0.631713 0.008881
0.453308 -0.613448 -0.013633
0.452090 -0.628362 -0.008008
0.506558 -0.620609 0.001011
0.491002 -0.651634 -0.018038
0.515814 -0.614041 0.002147
0.532479 -0.636710 -0.001444
0.550012 -0.615744 -0.003477
0.539196 -0.626352 0.021824
0.556643 -0.628469 0.005177
0.587805 -0.622213 0.003002
0.608763 -0.617176 0.013598
0.616239 -0.635981 -0.014564
0.630474 -0.633211 -0.001685
0.646580 -0.621770 0.006753
0.645604 -0.609527 -0.003003
0.676942 -0.629652 -0.005638
0.701185 -0.632628 -0.011687
0.688079 -0.615274 0.000131
0.731479 -0.626341 -0.007747
0.740824 -0.626306 -0.004415
0.729058 -0.652221 -0.014742
0.768696 -0.636415 0.016755
0.782416 -0.632935 0.006544
0.778325 -0.626490 -0.015358
0.799976 -0.615904 0.005031
0.819281 -0.630700 0.007396
0.836336 -0.611291 -0.012743
0.850471 -0.619366 0.002908
0.863520 -0.633653 0.019852
0.863055 -0.632362 -0.003875
0.890895 -0.630982 0.005807
0.887504 -0.614169 -0.000920
0.903719 -0.642698 0.003975
0.932603 -0.613978 0.015553
0.942425 -0.629812 0.013837
0.952696 -0.602578 0.015427
0.974428 -0.630797 0.000026
0.989596 -0.627746 0.002868
0.999768 -0.607125 0.007395
-1.015450 -0.614206 0.003479
-0.992785 -0.619632 0.004002
-0.951672 -0.611007 0.015809
-0.959007 -0.602461 0.005071
-0.947457 -0.625639 -0.018317
-0.919624 -0.613799 -0.004350
-0.917818 -0.609344 -0.012356
-0.902830 -0.616300 0.003033
-0.883925 -0.620555 0.012916
-0.893701 -0.611978 -0.014762
-0.855238 -0.614412 -0.000937
-0.837938 -0.626267 -0.012143
-0.818383 -0.612334 -0.013467
-0.813394 -0.622782 -0.005940
-0.794057 -0.611419 0.007333
-0.768937 -0.632432 0.000207
-0.776005 -0.616959 -0.014158
-0.768379 -0.600217 0.017928
-0.720717 -0.621478 -0.006962
-0.721305 -0.620617 -0.001377
-0.707350 -0.636706 0.006288
-0.709954 -0.607102 0.015949
-0.693925 -0.616895 0.010458
-0.672540 -0.620072 -0.011847
-0.647900 -0.625983 -0.001198
-0.639656 -0.607480 0.004056
-0.628916 -0.639542 0.002072
-0.614543 -0.591471 0.001152
-0.591597 -0.614589 0.010673
-0.584603 -0.609572 -0.009879
-0.586101 -0.621964 -0.000740
-0.567421 -0.604723 0.007631
-0.546179 -0.613909 -0.005280
-0.526779 -0.619220 -0.002206
-0.516665 -0.607056 0.014435
-0.489720 -0.589410 0.007031
-0.486697 -0.602111 -0.014771
-0.455755 -0.629505 0.011172
-0.459630 -0.617393 0.011699
-0.450512 -0.616121 0.013520
-0.422274 -0.620749 -0.007528
-0.399768 -0.598102 0.003055
-0.386898 -0.619094 0.001637
-0.375333 -0.644375 -0.011085
-0.392267 -0.610073 -0.017497
-0.352671 -0.617140 0.004452
-0.335953 -0.591503 0.003039
-0.329221 -0.612365 -0.007378
-0.318695 -0.617422 -0.018155
-0.298080 -0.620988 -0.001055
-0.267924 -0.628062 -0.001689
-0.264496 -0.617507 0.003094
-0.252497 -0.610535 -0.009628
-0.260181 -0.625171 0.025501
-0.227667 -0.609637 0.022699
-0.198573 -0.626630 -0.009475
-0.197209 -0.606933 0.005981
-0.169351 -0.616434 0.000766
-0.155503 -0.625963 -0.011405
-0.150995 -0.604188 0.015590
-0.127194 -0.601406 -0.006306
-0.136326 -0.612337 -0.006673
-0.110869 -0.621296 -0.016782
-0.081292 -0.627493 -0.004673
-0.084668 -0.606774 -0.015563
-0.069437 -0.624452 0.001642
-0.058496 -0.616614 0.018250
-0.030097 -0.625714 0.009015
-0.017158 -0.602573 -0.005649
-0.015443 -0.622450 0.020423
0.017503 -0.595772 0.003023
0.024207 -0.611204 0.005772
0.031790 -0.634092 0.003469
0.049811 -0.612273 0.013371
0.056760 -0.612907 0.003037
0.075728 -0.615181 0.008768
0.122085 -0.618246 0.016183
0.117408 -0.610986 -0.000971
0.103134 -0.626858 -0.005791
0.144716 -0.624502 0.001651
0.151544 -0.614635 0.006969
0.137882 -0.615743 0.013202
0.198527 -0.623624 0.006097
0.181349 -0.605786 -0.002089
0.210521 -0.621184 0.003898
0.224947 -0.606398 -0.013949
0.227175 -0.611600 -0.007773
0.239667 -0.611150 0.000659
0.257634 -0.594050 0.018492
0.276150 -0.594473 0.008072
0.293033 -0.634619 0.004647
0.312579 -0.591670 -0.006616
0.323193 -0.610125 -0.021121
0.327765 -0.618440 -0.004433
0.355315 -0.594670 -0.000048
0.377282 -0.625501 0.017930
0.375105 -0.621556 0.001628
0.390181 -0.630987 0.004752
0.415876 -0.619586 0.003629
0.422249 -0.613788 -0.001756
0.441435 -0.612910 0.001741
0.444757 -0.607343 -0.019735
0.454736 -0.596748 0.004587
0.484651 -0.619820 -0.002756
0.509648 -0.597795 0.010408
0.535770 -0.623725 -0.001897
0.518954 -0.615963 0.018382
0.556437 -0.638361 0.001874
0.535185 -0.605589 0.004995
0.577846 -0.620956 -0.006445
0.592427 -0.590030 -0.003297
0.595728 -0.610713 -0.002870
0.615205 -0.606179 -0.003062
0.605267 -0.630360 -0.008604
0.635960 -0.608121 -0.009058
0.648056 -0.613346 -0.007486
0.697896 -0.632392 -0.001054
0.680358 -0.604980 0.011436
0.695954 -0.620556 0.008048
0.713251 -0.597387 -0.002523
0.706513 -0.601618 0.004017
0.738031 -0.602744 -0.005411
0.760733 -0.599816 -0.000579
0.766851 -0.618365 -0.001610
0.778905 -0.612523 0.011516
0.799412 -0.606174 -0.004471
0.807033 -0.613780 -0.008306
0.819649 -0.606084 -0.011635
0.856954 -0.614288 -0.001173
0.851603 -0.621655 -0.001923
0.870852 -0.613237 0.001103
0.858266 -0.621887 -0.014239
0.911068 -0.621769 0.019291
0.923787 -0.604052 0.004284
0.947111 -0.619693 0.004644
0.927336 -0.611754 -0.006637
0.957318 -0.620130 0.004293
0.980169 -0.608973 0.006656
0.989802 -0.615874 -0.010447
0.988985 -0.636827 -0.005277
-1.006242 -0.614173 0.013339
-0.990102 -0.602742 0.014355
-0.975034 -0.596359 0.001569
-0.943043 -0.591558 -0.000078
-0.950376 -0.607539 0.007613
-0.937098 -0.600576 0.003565
-0.916072 -0.590306 -0.014764
-0.904104 -0.601493 0.009702
-0.883136 -0.601351 -0.000905
-0.874912 -0.606502 -0.003862
-0.854207 -0.606561 -0.014820
-0.837348 -0.600383 0.002916
-0.848991 -0.604169 -0.002758
-0.818945 -0.595615 0.006043
-0.801737 -0.606247 0.004469
-0.782331 -0.601210 -0.011869
-0.765692 -0.611371 0.004971
-0.731629 -0.604722 0.001846
-0.757211 -0.587794 0.014821
-0.738277 -0.580555 0.003719
-0.702210 -0.608686 -0.012274
-0.697868 -0.590459 0.016833
-0.674101 -0.601906 -0.019832
-0.663785 -0.598218 0.001153
-0.655572 -0.592426 0.010353
-0.626144 -0.595780 0.002568
-0.627278 -0.600286 0.003971
-0.604952 -0.603270 -0.011442
-0.608139 -0.583481 -0.000453
-0.579907 -0.607689 0.012549
-0.587130 -0.600865 0.002312
-0.545390 -0.603586 0.017988
-0.557543 -0.599181 0.010337
-0.519043 -0.595592 0.004871
-0.503153 -0.617033 0.025116
-0.504519 -0.595950 0.013925
-0.478995 -0.603505 -0.021806
-0.477908 -0.589068 0.003349
-0.452307 -0.608595 -0.022078
-0.443739 -0.597223 -0.011400
-0.430804 -0.606845 0.001486
-0.410567 -0.584582 0.023160
-0.406051 -0.576522 -0.012093
-0.372450 -0.584763 0.010334
-0.386203 -0.608359 -0.013486
-0.354641 -0.609290 0.012258
-0.321851 -0.602125 -0.020213
-0.314644 -0.587753 0.012928
-0.312652 -0.613131 -0.009431
-0.277349 -0.620643 -0.010458
-0.283849 -0.600592 0.001801
-0.265821 -0.585506 -0.006660
-0.230089 -0.607986 0.003830
-0.251822 -0.604534 0.001051
-0.220949 -0.596903 -0.010972
-0.210809 -0.609035 -0.005193
-0.200273 -0.609455 0.002556
-0.177883 -0.615458 -0.009769
-0.172075 -0.613065 0.012774
-0.145390 -0.583459 0.000797
-0.147443 -0.611968 0.019078
-0.136626 -0.593827 0.000348
-0.108838 -0.610003 0.000858
-0.088893 -0.597023 0.012045
-0.081106 -0.598120 0.010360
-0.057728 -0.601033 -0.006175
-0.057100 -0.579086 0.000610
-0.029663 -0.597282 -0.000272
-0.011175 -0.599000 0.000693
-0.019719 -0.584449 -0.007050
-0.004431 -0.594299 0.001469
0.003157 -0.585212 -0.011049
0.035701 -0.609820 0.011876
0.037908 -0.607028 -0.001323
0.078254 -0.593194 0.007910
0.084938 -0.598585 -0.011824
0.074129 -0.597168 -0.005201
0.105973 -0.624125 -0.009198
0.136666 -0.596475 -0.000102
0.131058 -0.584583 0.005839
0.136122 -0.611369 0.001507
0.171736 -0.587090 0.000781
0.184273 -0.597493 -0.028168
0.183616 -0.594073 -0.005266
0.190659 -0.599693 -0.005465
0.221799 -0.605877 -0.008242
0.235578 -0.619648 0.007713
0.252566 -0.596354 0.019855
0.262229 -0.610328 0.009179
0.280279 -0.587960 0.004794
0.313513 -0.600207 0.003759
0.316017 -0.606775 0.005971
0.324069 -0.611958 -0.007044
0.351071 -0.590321 0.017421
0.342070 -0.583536 0.001758
0.376258 -0.608309 -0.001212
0.375025 -0.603277 0.001270
0.386846 -0.595083 -0.007727
0.409333 -0.592245 0.015802
0.422754 -0.591813 -0.009505
0.446766 -0.599799 -0.027595
0.451503 -0.597904 0.014584
0.474741 -0.615178 0.003607
0.483682 -0.582309 0.003061
0.496670 -0.592794 0.002434
0.517671 -0.611626 -0.000622
0.531497 -0.628325 0.022142
0.535057 -0.602155 0.009176
0.542590 -0.592709 -0.012553
0.578402 -0.608372 0.004721
0.576728 -0.613661 -0.013850
0.591027 -0.601824 -0.000330
0.608036 -0.605777 -0.016115
0.637327 -0.608486 -0.001033
0.640047 -0.601320 0.011744
0.659831 -0.594794 -0.002212
0.659677 -0.593564 0.011217
0.711127 -0.601343 0.014178
0.709571 -0.606257 -0.004139
0.723386 -0.589791 -0.006789
0.715327 -0.601660 0.005455
0.745075 -0.608290 -0.004558
0.758954 -0.629119 -0.000375
0.768952 -0.614077 -0.001527
0.783062 -0.595470 0.000959
0.802274 -0.593225 -0.016249
0.795877 -0.617115 -0.008323
0.852739 -0.616657 0.012843
0.847977 -0.605922 -0.002641
0.850393 -0.603125 0.009349
0.864150 -0.612384 -0.000465
0.882090 -0.587781 -0.007124
0.926470 -0.596157 -0.006941
0.903790 -0.622519 -0.011877
0.930027 -0.615510 0.012700
0.954402 -0.595777 -0.011282
0.957044 -0.618293 -0.016471
0.955568 -0.594258 0.007116
0.988386 -0.589206 -0.012725
0.994180 -0.589676 -0.002414
-1.000677 -0.582125 -0.001089
-0.982993 -0.586337 -0.005302
-0.977326 -0.596204 0.006013
-0.970440 -0.580985 0.021264
-0.932712 -0.579096 0.012277
-0.914624 -0.602270 -0.003905
-0.915197 -0.601004 -0.014014
-0.886446 -0.586636 0.011287
-0.892432 -0.602138 -0.014899
-0.853688 -0.587848 0.003031
-0.849252 -0.592573 0.007280
-0.848016 -0.600125 0.008133
-0.812386 -0.605779 0.007026
-0.822248 -0.581649 0.005385
-0.802069 -0.588545 -0.000969
-0.784437 -0.594079 -0.015882
-0.744840 -0.592648 0.005708
-0.750207 -0.581567 0.011481
-0.770548 -0.602321 -0.003716
-0.722548 -0.590760 0.013738
-0.719090 -0.592521 0.002409
-0.712260 -0.590763 0.005103
-0.694783 -0.585485 -0.007241
-0.689470 -0.593211 0.009857
-0.672112 -0.586518 0.000157
-0.639298 -0.590847 0.009586
-0.625008 -0.596910 -0.005679
-0.609265 -0.590484 -0.014899
-0.583197 -0.583937 -0.006423
-0.579674 -0.577099 -0.006322
-0.573651 -0.585660 -0.007551
-0.546487 -0.575421 0.002645
-0.510041 -0.599751 -0.003004
-0.530784 -0.605605 -0.005935
-0.511993 -0.574994 0.013598
-0.504673 -0.591870 0.011270
-0.468803 -0.577663 -0.018837
-0.447872 -0.581413 -0.020820
-0.455619 -0.599740 0.005777
-0.436574 -0.589758 0.017280
-0.428823 -0.592281 -0.017454
-0.409587 -0.597832 0.011616
-0.399994 -0.590908 -0.020299
-0.373826 -0.571214 0.012844
-0.356834 -0.576584 -0.002625
-0.343904 -0.582152 0.003508
-0.340649 -0.593676 0.002113
-0.318735 -0.597596 0.001438
-0.309083 -0.575596 -0.003454
-0.310084 -0.607415 0.002033
-0.270801 -0.589360 0.011390
-0.252265 -0.595407 0.005965
-0.241808 -0.565408 -0.001763
-0.258487 -0.584398 0.012091
-0.228136 -0.600049 -0.014309
-0.211794 -0.596813 -0.004190
-0.180119 -0.585599 -0.005169
-0.185428 -0.566161 0.000737
-0.173399 -0.607873 0.005149
-0.143166 -0.587065 0.021433
-0.137403 -0.573233 -0.007880
-0.131871 -0.579547 0.010285
-0.121831 -0.585852 -0.009735
-0.104785 -0.574725 0.005154
-0.091264 -0.576451 0.003936
-0.060311 -0.598378 -0.002549
-0.060814 -0.586105 -0.002735
-0.031309 -0.574613 -0.014855
-0.008500 -0.582112 -0.001879
-0.012967 -0.591646 0.009032
-0.006437 -0.577051 0.003969
0.020756 -0.572445 -0.003380
0.037571 -0.575546 -0.006664
0.037281 -0.586374 0.001085
0.072871 -0.578624 0.003909
0.084412 -0.592513 0.023093
0.092614 -0.589611 -0.011245
0.095550 -0.587478 0.009504
0.133242 -0.590741 0.015037
0.132816 -0.585631 -0.003656
0.148112 -0.588045 -0.008348
0.170587 -0.574579 0.006019
0.175256 -0.580823 -0.005371
0.177720 -0.587147 -0.011240
0.211626 -0.593413 -0.020486
0.233324 -0.584331 -0.006898
0.219587 -0.585263 0.009489
0.265997 -0.586267 -0.002660
0.289598 -0.565200 -0.008070
0.276016 -0.581417 0.001929
0.306980 -0.577732 -0.005119
0.309491 -0.575818 0.009341
0.314860 -0.597233 0.000229
0.326637 -0.596283 0.001304
0.339038 -0.594292 0.003806
0.367367 -0.579025 0.002266
0.383706 -0.579053 0.003050
0.398142 -0.586304 0.009879
0.419681 -0.590753 -0.020957
0.423619 -0.582046 -0.010902
0.450372 -0.595397 0.008789
0.475649 -0.590956 -0.025488
0.465371 -0.578839 -0.003676
0.476442 -0.601167 -0.000287
0.503646 -0.590492 0.001793
0.501538 -0.584004 -0.002561
0.515572 -0.583685 0.000679
0.552695 -0.583012 -0.012509
0.551857 -0.593553 -0.013688
0.573650 -0.587725 -0.008932
0.590273 -0.585459 0.001930
0.585711 -0.582866 -0.002537
0.630052 -0.596142 0.001867
0.622316 -0.595053 -0.002315
0.621821 -0.587055 0.002941
0.644886 -0.600863 -0.000667
0.666692 -0.589121 -0.001957
0.684688 -0.594648 -0.003502
0.707692 -0.578773 0.000313
0.711061 -0.594978 -0.014892
0.720671 -0.595078 0.012049
0.738729 -0.588176 -0.007543
0.762222 -0.602839 0.004688
0.773258 -0.578260 0.022944
0.789093 -0.595199 -0.007644
0.798713 -0.595260 0.018722
0.813390 -0.603197 0.020782
0.808149 -0.579265 0.009031
0.835290 -0.573939 -0.007023
0.869302 -0.580597 0.013149
0.883041 -0.573230 -0.020219
0.900415 -0.585453 -0.000589
0.905211 -0.588282 -0.014474
0.908508 -0.578263 0.003443
0.932069 -0.584754 0.011120
0.942305 -0.598234 -0.004126
0.968967 -0.595909 0.001855
0.975365 -0.585283 -0.009217
0.972457 -0.582897 0.009133
1.002621 -0.590536 0.016871
-1.015763 -0.561103 0.003368
-0.983337 -0.575695 0.004531
-0.968531 -0.557452 -0.000206
-0.953353 -0.555397 0.008841
-0.943788 -0.580895 0.003173
-0.912808 -0.581546 -0.004443
-0.906546 -0.558996 -0.002542
-0.888025 -0.580917 -0.006014
-0.870799 -0.575059 -0.010854
-0.870437 -0.579256 -0.014540
-0.850316 -0.568639 0.001554
-0.825809 -0.589477 0.001481
-0.827973 -0.584992 -0.001835
-0.787056 -0.570048 -0.007505
-0.802927 -0.563144 0.007689
-0.791566 -0.585022 0.004281
-0.780298 -0.563800 -0.004399
-0.750240 -0.576817 0.002367
-0.738582 -0.579672 0.012543
-0.730798 -0.558352 0.016318
-0.699979 -0.567194 0.001452
-0.681337 -0.569203 0.005818
-0.677398 -0.569337 -0.003675
-0.676940 -0.555204 0.011633
-0.640732 -0.576562 0.008097
-0.646875 -0.583118 -0.015816
-0.621854 -0.550704 -0.001457
-0.614000 -0.580110 -0.007334
-0.596418 -0.553802 0.002902
-0.591802 -0.579008 0.018866
-0.582593 -0.581714 0.002167
-0.545145 -0.570266 -0.001785
-0.537530 -0.581146 0.000979
-0.539940 -0.567648 -0.012452
-0.514126 -0.566931 -0.007848
-0.483555 -0.599549 -0.013969
-0.476523 -0.585947 -0.000796
-0.478755 -0.565706 -0.006778
-0.441111 -0.570347 -0.023898
-0.445482 -0.583490 -0.008947
-0.434917 -0.557448 -0.002186
-0.409406 -0.574429 0.013071
-0.387693 -0.587793 0.008905
-0.374133 -0.586272 -0.002424
-0.378691 -0.580027 -0.004678
-0.352342 -0.565931 0.008348
-0.331892 -0.556313 -0.004834
-0.332695 -0.563029 0.023221
-0.317217 -0.569284 -0.013256
-0.289385 -0.578172 -0.000635
-0.265328 -0.565653 -0.007408
-0.258318 -0.577681 0.024936
-0.269684 -0.578518 -0.004434
-0.225841 -0.568824 0.019862
-0.239939 -0.564706 -0.006230
-0.193496 -0.588314 -0.006885
-0.198895 -0.575174 0.006146
-0.187409 -0.575242 -0.008912
-0.163798 -0.579259 -0.002410
-0.162269 -0.567126 -0.006447
-0.140873 -0.572760 0.004616
-0.142163 -0.560692 -0.013853
-0.090488 -0.578518 0.007091
-0.095161 -0.558131 0.003550
-0.067704 -0.560608 -0.007770
-0.049339 -0.588142 -0.023108
-0.038208 -0.575972 -0.005791
-0.040655 -0.580026 -0.001939
-0.031665 -0.580980 -0.012109
-0.013079 -0.578935 -0.020670
-0.015504 -0.581114 0.009946
0.030226 -0.562654 -0.022239
0.047770 -0.586411 0.011891
0.043588 -0.570040 -0.011520
0.058322 -0.563872 -0.001313
0.084486 -0.561550 -0.004849
0.097588 -0.570456 -0.003790
0.097613 -0.589951 0.011731
0.139579 -0.574706 -0.005910
0.125862 -0.572555 0.000046
0.141064 -0.570094 0.005920
0.161063 -0.576533 0.010455
0.166371 -0.556710 0.011117
0.183673 -0.579866 -0.004445
0.210486 -0.557658 0.001267
0.216339 -0.570848 -0.004895
0.233702 -0.569880 0.002156
0.266313 -0.572388 0.021243
0.263213 -0.550730 0.017751
0.289417 -0.601067 0.011396
0.297634 -0.572958 0.000432
0.295499 -0.588528 0.009119
0.332237 -0.583559 -0.011277
0.317972 -0.571847 -0.017282
0.331412 -0.554693 -0.000687
0.341484 -0.560920 0.012554
0.372779 -0.557406 -0.011847
0.409610 -0.576788 0.007240
0.421009 -0.581332 0.009394
0.423005 -0.565219 -0.003851
0.448263 -0.572911 -0.005454
0.466671 -0.571835 0.008309
0.475989 -0.563943 -0.010779
0.486070 -0.586829 -0.002610
0.476482 -0.568093 0.010541
0.507928 -0.573680 -0.004600
0.532336 -0.575749 0.002265
0.535226 -0.573099 -0.010671
0.560144 -0.577051 0.000359
0.561295 -0.575241 -0.014909
0.565119 -0.564790 -0.004174
0.607289 -0.567075 -0.012458
0.608891 -0.579630 0.005435
0.619144 -0.589866 -0.006030
0.647756 -0.569248 0.006210
0.645875 -0.579703 -0.015314
0.675699 -0.577135 0.015889
0.685140 -0.553817 -0.014405
0.698003 -0.583980 -0.014157
0.704176 -0.572644 0.016454
0.733369 -0.558965 0.009270
0.732592 -0.574647 0.010030
0.742388 -0.583992 0.001171
0.767365 -0.568865 0.011346
0.790604 -0.559181 0.011680
0.824634 -0.568519 0.010811
0.816338 -0.572664 0.008195
0.822210 -0.568024 0.001650
0.830639 -0.567193 0.001541
0.852118 -0.575470 -0.000001
0.860585 -0.567104 -0.000809
0.882132 -0.578176 0.003748
0.899314 -0.541024 -0.010293
0.898776 -0.565610 -0.000117
0.937902 -0.569469 0.014786
0.932190 -0.584310 -0.009436
0.947064 -0.579833 -0.005354
0.975741 -0.586799 0.008321
0.987049 -0.576491 0.011237
1.003743 -0.573069 -0.000225
-1.004875 -0.542572 0.006535
-0.985470 -0.555936 -0.012457
-0.970132 -0.545200 0.013364
-0.970910 -0.558144 -0.001561
-0.942580 -0.547382 0.013381
-0.969196 -0.548980 -0.000048
-0.912691 -0.559108 -0.005514
-0.908684 -0.581842 -0.012900
-0.871948 -0.556621 -0.002263
-0.858495 -0.551488 0.001097
-0.850081 -0.542727 -0.005633
-0.835933 -0.554007 -0.013968
-0.812396 -0.566948 0.006780
-0.832869 -0.546906 -0.027937
-0.799147 -0.567854 0.008722
-0.799845 -0.559159 0.002307
-0.750843 -0.563425 0.005927
-0.755284 -0.553743 -0.004843
-0.754441 -0.555012 0.002855
-0.709094 -0.555623 -0.013005
-0.698063 -0.575121 -0.010155
-0.692597 -0.561416 -0.008543
-0.692303 -0.554931 -0.005907
-0.650179 -0.544072 0.003502
-0.649910 -0.547780 0.004482
-0.660972 -0.568731 0.006675
-0.622247 -0.587158 -0.017473
-0.595934 -0.555977 0.000771
-0.583152 -0.559688 0.000547
-0.578873 -0.541120 -0.008102
-0.565013 -0.557842 -0.011660
-0.570131 -0.570842 0.000292
-0.544060 -0.562643 0.004182
-0.518266 -0.538369 -0.009289
-0.499692 -0.559254 0.003639
-0.502910 -0.583021 0.023552
-0.474273 -0.553073 0.002866
-0.476588 -0.570903 0.019497
-0.460724 -0.552530 0.004757
-0.418642 -0.552635 -0.006573
-0.425239 -0.564343 0.008476
-0.389909 -0.564020 -0.007777
-0.407135 -0.555053 -0.011901
-0.368252 -0.543639 0.003839
-0.367363 -0.552906 0.016116
-0.358382 -0.553472 -0.001831
-0.344224 -0.567396 -0.000099
-0.332067 -0.562561 0.000395
-0.305342 -0.564591 0.002381
-0.314878 -0.573833 0.006497
-0.279152 -0.574990 0.018248
-0.269110 -0.556376 0.006575
-0.252552 -0.548930 0.012497
-0.241090 -0.554873 -0.014807
-0.196312 -0.560431 -0.002725
-0.204692 -0.555149 -0.001413
-0.204617 -0.554023 -0.002758
-0.168507 -0.547708 -0.008409
-0.153167 -0.561957 -0.001062
-0.132762 -0.533059 -0.000078
-0.126067 -0.546254 -0.011424
-0.128390 -0.558410 0.006932
-0.122840 -0.572004 0.019302
-0.087895 -0.550301 -0.002799
-0.074004 -0.567576 -0.003112
-0.076416 -0.546703 -0.007465
-0.048291 -0.555739 0.021324
-0.030388 -0.562183 0.004453
-0.016017 -0.554878 -0.007597
-0.007386 -0.572492 0.008045
0.015381 -0.562966 0.006773
0.019827 -0.563770 0.005856
0.028298 -0.558676 0.007270
0.060405 -0.547014 0.000374
0.068223 -0.546316 -0.003282
0.088055 -0.561806 -0.004991
0.089069 -0.543688 0.002351
0.103834 -0.567394 0.009423
0.122240 -0.569960 -0.022955
0.125750 -0.557309 0.006261
0.148992 -0.577493 -0.023461
0.164878 -0.544462 0.025097
0.190608 -0.564471 -0.006932
0.185144 -0.567116 0.002800
0.222781 -0.569174 -0.000430
0.227958 -0.560727 -0.019799
0.247496 -0.554870 0.004768
0.247415 -0.534757 0.002589
0.263969 -0.566552 0.012483
0.268883 -0.551789 0.004735
0.291924 -0.572956 0.008158
0.322443 -0.565062 0.008187
0.313769 -0.552073 -0.013183
0.332674 -0.572304 0.005095
0.356194 -0.559589 0.003303
0.382317 -0.571324 -0.006635
0.389976 -0.562167 0.001399
0.408741 -0.568617 0.008429
0.397284 -0.568441 0.002220
0.424564 -0.559319 -0.017560
0.444946 -0.569327 0.016119
0.429164 -0.546899 0.007291
0.483599 -0.564111 0.004061
0.482386 -0.547900 -0.013173
0.479495 -0.558340 0.001366
0.510557 -0.571614 -0.013485
0.500770 -0.554034 0.011200
0.535459 -0.564721 -0.002715
0.559150 -0.565012 -0.022147
0.557861 -0.544761 -0.010322
0.570543 -0.560708 -0.015361
0.602117 -0.572620 -0.008426
0.615395 -0.573295 0.000897
0.633257 -0.563136 0.015861
0.633257 -0.550844 -0.001544
0.659345 -0.561249 -0.004392
0.669740 -0.556412 0.009577
0.682349 -0.567936 -0.013663
0.699084 -0.560714 -0.001052
0.714342 -0.553805 -0.007084
0.713883 -0.552190 0.000389
0.738857 -0.560442 0.009061
0.757940 -0.544815 0.010118
0.779478 -0.540958 0.005598
0.789255 -0.560114 0.007057
0.792325 -0.545019 0.009825
0.812238 -0.563819 -0.007221
0.821955 -0.562967 -0.000636
0.844681 -0.547951 0.006369
0.866199 -0.541578 -0.000232
0.857758 -0.553263 0.005468
0.885329 -0.557923 -0.003241
0.892474 -0.553801 0.010202
0.914138 -0.563300 -0.010889
0.908975 -0.567297 0.005077
0.943922 -0.566992 0.001349
0.942331 -0.571063 -0.006131
0.957920 -0.560009 -0.024506
0.993854 -0.550862 -0.020827
0.998355 -0.569622 -0.002693
-1.006920 -0.541708 -0.001861
-0.974697 -0.556695 0.017386
-0.983930 -0.543430 0.000876
-0.940246 -0.536987 0.001417
-0.964395 -0.542323 0.019317
-0.938198 -0.540105 -0.018658
-0.924338 -0.555754 0.003762
-0.915427 -0.533996 0.009024
-0.877822 -0.550037 -0.003236
-0.865980 -0.518751 -0.008412
-0.864044 -0.537824 -0.001057
-0.863716 -0.544148 0.000321
-0.822841 -0.554266 0.004925
-0.818263 -0.546219 -0.010142
-0.788585 -0.543452 -0.006756
-0.778393 -0.554978 -0.006737
-0.771380 -0.561723 0.000804
-0.768742 -0.530732 -0.012347
-0.728277 -0.534764 -0.006363
-0.713453 -0.544413 -0.001282
-0.713522 -0.540475 0.000965
-0.681075 -0.553809 0.003697
-0.677180 -0.529729 0.008574
-0.668660 -0.544323 -0.008481
-0.653578 -0.548865 -0.013137
-0.644042 -0.546746 -0.000867
-0.619472 -0.554848 0.009021
-0.607636 -0.518750 -0.007854
-0.596183 -0.541606 0.007669
-0.582961 -0.567388 0.012054
-0.543540 -0.539518 0.003962
-0.534645 -0.566620 -0.008472
-0.549376 -0.545346 -0.012411
-0.544938 -0.547180 -0.001424
-0.509529 -0.553519 0.002898
-0.491340 -0.545599 0.011307
-0.473324 -0.532264 -0.010595
-0.474571 -0.548991 -0.000373
-0.440330 -0.541639 0.001556
-0.432019 -0.553151 0.005075
-0.422090 -0.550139 0.016715
-0.420513 -0.545846 0.001145
-0.393194 -0.533131 0.013432
-0.373482 -0.546374 -0.010669
-0.350638 -0.540367 0.011307
-0.347019 -0.532281 -0.006865
-0.323896 -0.546569 0.003479
-0.326773 -0.546113 0.014172
-0.325126 -0.546352 0.010875
-0.285557 -0.551125 0.005354
-0.282787 -0.544021 0.011396
-0.270732 -0.553327 -0.004087
-0.238329 -0.560289 0.007114
-0.228337 -0.540365 -0.001142
-0.213256 -0.545641 0.010917
-0.206394 -0.557031 0.011404
-0.186221 -0.538473 -0.005284
-0.183790 -0.535591 0.009550
-0.167714 -0.537033 0.000214
-0.134212 -0.565135 0.003144
-0.161363 -0.551597 0.002269
-0.114344 -0.554819 -0.010100
-0.112221 -0.534676 0.000320
-0.099239 -0.538803 -0.008288
-0.077215 -0.537206 0.002179
-0.040897 -0.539656 0.002428
-0.062414 -0.557651 -0.000224
-0.038985 -0.538749 0.008257
-0.027732 -0.544298 0.009605
-0.005307 -0.547691 -0.008907
-0.003585 -0.553197 -0.007047
0.008205 -0.543188 0.004104
0.037255 -0.530069 -0.002831
0.041405 -0.535900 -0.004980
0.073005 -0.537306 -0.013181
0.088968 -0.545711 0.009416
0.103574 -0.560565 0.021044
0.110197 -0.542691 0.005586
0.108691 -0.546768 0.004065
0.140579 -0.549528 -0.009650
0.150670 -0.557993 0.004504
0.159216 -0.537816 0.009048
0.182329 -0.523937 0.003375
0.203789 -0.555834 0.005954
0.218179 -0.536676 -0.018423
0.218814 -0.541189 0.000935
0.225617 -0.561215 0.018024
0.246144 -0.552775 0.006708
0.272123 -0.543801 0.003191
0.272561 -0.548226 -0.017888
0.296655 -0.553042 0.004721
0.310527 -0.524082 -0.008034
0.307909 -0.519971 0.002770
0.333676 -0.543688 -0.008936
0.369380 -0.542871 -0.000297
0.360975 -0.545009 0.004641
0.382724 -0.560925 -0.013336
0.398532 -0.529052 0.011166
0.397958 -0.535265 0.007041
0.429234 -0.553021 0.005024
0.439005 -0.546599 0.009877
0.457171 -0.538155 -0.001801
0.483588 -0.547507 -0.005789
0.478862 -0.557923 0.003717
0.493002 -0.529949 -0.004145
0.501585 -0.535043 -0.002269
0.507577 -0.551061 0.005296
0.549639 -0.543822 0.001564
0.551058 -0.551360 0.011587
0.586500 -0.546723 -0.000401
0.572585 -0.551589 -0.003937
0.598496 -0.523685 -0.007780
0.619252 -0.541858 0.013897
0.628975 -0.535798 -0.003898
0.648773 -0.530340 0.008122
0.658738 -0.553621 -0.003175
0.677087 -0.562825 -0.006930
0.676905 -0.555889 -0.006736
0.704687 -0.537494 -0.002094
0.725422 -0.549463 -0.005662
0.733020 -0.537147 0.006025
0.748089 -0.532098 0.002889
0.758929 -0.520168 0.004133
0.773142 -0.542011 -0.013810
0.765815 -0.549656 -0.003145
0.808050 -0.546211 0.002397
0.819600 -0.544927 -0.015625
0.833294 -0.543238 -0.001852
0.858528 -0.535153 0.015689
0.844498 -0.544006 0.006607
0.871307 -0.533905 -0.001302
0.866705 -0.533023 0.013049
0.887802 -0.533924 -0.002913
0.924537 -0.545359 -0.001010
0.926862 -0.546525 0.000310
0.941671 -0.550607 0.010687
0.959880 -0.550338 0.007566
0.965152 -0.548899 -0.007491
0.986838 -0.524280 0.001065
1.000436 -0.539807 0.008812
-0.984913 -0.537633 -0.007385
-0.986700 -0.531613 0.008154
-0.961752 -0.531818 0.014776
-0.960949 -0.518992 0.010135
-0.965719 -0.516601 -0.013601
-0.934552 -0.505706 -0.009380
-0.905240 -0.522036 -0.014538
-0.882302 -0.519169 -0.002476
-0.868419 -0.518226 -0.012671
-0.851593 -0.522691 -0.018325
-0.860749 -0.530080 -0.017683
-0.836633 -0.537702 0.001285
-0.826752 -0.526739 -0.003314
-0.802655 -0.527272 0.005514
-0.797223 -0.523874 0.017050
-0.778983 -0.532823 -0.000513
-0.765184 -0.536652 0.000038
-0.756540 -0.545215 0.024767
-0.741148 -0.543056 -0.011299
-0.702698 -0.545009 -0.003002
-0.724339 -0.533472 0.005047
-0.687644 -0.528318 -0.007794
-0.691960 -0.528776 0.004105
-0.688273 -0.529227 -0.003655
-0.667949 -0.535586 -0.004286
-0.654707 -0.514036 0.006151
-0.613947 -0.544818 -0.007330
-0.618555 -0.547986 -0.013147
-0.585915 -0.538649 0.017151
-0.597472 -0.539410 -0.012208
-0.547143 -0.542016 0.010648
-0.568582 -0.533642 0.003711
-0.543616 -0.522773 0.005302
-0.532781 -0.540701 0.009150
-0.493487 -0.544825 0.004755
-0.503190 -0.546777 -0.013184
-0.475692 -0.534158 0.013457
-0.462536 -0.522118 0.010271
-0.451274 -0.528226 -0.002842
-0.430502 -0.534612 -0.009015
-0.406042 -0.531724 -0.003915
-0.399473 -0.530301 -0.011218
-0.398405 -0.529228 0.008984
-0.395393 -0.519155 0.010863
-0.369123 -0.519950 0.015022
-0.365302 -0.540107 0.004595
-0.337755 -0.530996 0.001451
-0.328374 -0.526964 0.000375
-0.314242 -0.525467 0.002113
-0.298514 -0.549809 0.012479
-0.293774 -0.513572 0.011721
-0.272718 -0.515338 0.001450
-0.262178 -0.531136 -0.012486
-0.245992 -0.520484 0.004277
-0.237820 -0.527069 0.016170
-0.228079 -0.544748 -0.012946
-0.178548 -0.535795 0.000739
-0.186412 -0.523618 -0.001291
-0.172079 -0.539814 -0.015433
-0.141570 -0.521965 -0.004990
-0.128705 -0.527601 0.002064
-0.105996 -0.516760 -0.006948
-0.106284 -0.536006 0.000359
-0.093759 -0.537884 -0.008720
-0.074873 -0.513961 0.004060
-0.060146 -0.521063 0.000590
-0.044938 -0.526042 -0.005907
-0.027877 -0.532408 -0.010370
-0.008565 -0.528822 -0.006924
-0.007649 -0.532516 -0.019539
0.005714 -0.538549 0.008732
0.023427 -0.520379 0.002685
0.031592 -0.535081 0.012097
0.056567 -0.527644 -0.011732
0.069342 -0.530266 -0.003751
0.072341 -0.514327 0.008409
0.075448 -0.536958 -0.006246
0.103174 -0.524217 0.004280
0.122551 -0.530101 0.017701
0.135639 -0.539605 -0.000546
0.147996 -0.526083 -0.009731
0.153756 -0.509138 -0.016780
0.198242 -0.529854 0.010100
0.196761 -0.529096 0.015832
0.213851 -0.527907 -0.022723
0.235060 -0.528012 -0.007385
0.234778 -0.552111 0.007233
0.259048 -0.521024 0.007556
0.283267 -0.544613 0.011010
0.276698 -0.528926 0.001574
0.305070 -0.537637 0.011064
0.309635 -0.513463 0.015365
0.340084 -0.529879 -0.001126
0.339640 -0.534618 -0.009937
0.344690 -0.525123 -0.012957
0.354269 -0.516430 -0.012886
0.394254 -0.531219 0.021389
0.384836 -0.536963 -0.007809
0.436189 -0.539330 0.010613
0.432844 -0.527683 0.010706
0.432301 -0.514461 -0.005896
0.458999 -0.525812 -0.015761
0.464652 -0.527983 0.007326
0.495893 -0.541790 0.006733
0.491814 -0.528106 0.005733
0.507742 -0.529030 -0.003950
0.513672 -0.509459 -0.014708
0.533960 -0.530670 -0.006173
0.573292 -0.520457 0.008372
0.575376 -0.543921 0.006432
0.607516 -0.537754 0.014544
0.606765 -0.515959 0.016397
0.607491 -0.542502 0.007476
0.632361 -0.528069 -0.011900
0.647946 -0.547756 -0.010012
0.656242 -0.541089 0.008088
0.676726 -0.530704 -0.005362
0.673638 -0.533192 0.006314
0.712112 -0.527976 -0.008274
0.715121 -0.516420 -0.014846
0.718159 -0.538761 0.000641
0.739816 -0.543792 0.005942
0.748945 -0.536596 -0.007225
0.761910 -0.539991 -0.011373
0.776730 -0.518201 0.019032
0.777894 -0.527024 0.001142
0.809306 -0.528122 -0.001788
0.823209 -0.539403 0.007091
0.851052 -0.532311 0.008124
0.859135 -0.541672 -0.014938
0.860670 -0.515579 -0.008332
0.874891 -0.528988 0.007363
0.904899 -0.537150 0.011667
0.906712 -0.524823 -0.012521
0.915971 -0.531330 -0.004108
0.926419 -0.515309 -0.006836
0.970750 -0.522326 0.002789
0.980031 -0.515463 0.007351
0.979424 -0.537654 -0.015549
1.007588 -0.539347 -0.001465
-1.019890 -0.514815 0.011028
-1.006090 -0.511130 -0.007077
-0.971401 -0.523013 -0.010148
-0.955274 -0.503035 0.004811
-0.940629 -0.522314 -0.001537
-0.928774 -0.506983 -0.004183
-0.914330 -0.519872 -0.004675
-0.896228 -0.500099 -0.010362
-0.895294 -0.512382 0.015771
-0.879916 -0.515276 0.003510
-0.862663 -0.517071 0.012432
-0.839012 -0.532960 -0.005046
-0.819788 -0.507853 -0.007926
-0.815254 -0.517902 -0.000751
-0.813346 -0.486257 0.004511
-0.772546 -0.519144 -0.009774
-0.779070 -0.519658 -0.003790
-0.760438 -0.531090 -0.018789
-0.735765 -0.515238 0.017602
-0.714327 -0.508779 0.014767
-0.715066 -0.531952 0.004871
-0.692261 -0.510754 0.014669
-0.681503 -0.498231 -0.008178
-0.660029 -0.524183 0.001260
-0.656270 -0.503891 -0.001632
-0.640350 -0.504806 -0.009779
-0.622496 -0.513416 0.006843
-0.613376 -0.511730 -0.005854
-0.582014 -0.516611 -0.010061
-0.584335 -0.523560 0.019255
-0.582011 -0.508889 -0.009568
-0.552755 -0.518810 -0.015163
-0.534782 -0.499697 0.006632
-0.521173 -0.512569 -0.005703
-0.522928 -0.525155 0.012559
-0.495993 -0.533564 0.004719
-0.483607 -0.527386 0.000172
-0.459454 -0.531801 -0.013960
-0.469618 -0.512601 -0.010223
-0.436760 -0.528148 0.003040
-0.423158 -0.540943 -0.000674
-0.418370 -0.532512 0.005084
-0.384931 -0.519648 0.012888
-0.372418 -0.511619 -0.008625
-0.377280 -0.521538 -0.011409
-0.343148 -0.507125 0.008708
-0.330476 -0.513586 -0.004094
-0.337708 -0.503473 -0.012551
-0.300652 -0.538076 -0.010060
-0.300341 -0.522406 0.005380
-0.280188 -0.524445 0.008642
-0.264813 -0.508986 0.000745
-0.236122 -0.511262 -0.007231
-0.232925 -0.522721 -0.020975
-0.214558 -0.524401 0.012888
-0.220665 -0.516697 0.014529
-0.171827 -0.491926 -0.001923
-0.174325 -0.528755 0.007427
-0.158483 -0.510285 0.002328
-0.157776 -0.525731 0.005862
-0.122731 -0.529312 -0.005359
-0.112628 -0.536444 -0.013937
-0.100390 -0.511149 -0.029512
-0.097652 -0.515273 -0.011015
-0.074390 -0.520111 -0.010883
-0.074956 -0.521394 0.009739
-0.053615 -0.509122 -0.006465
-0.031146 -0.519197 -0.001572
-0.020878 -0.498766 -0.001641
-0.008530 -0.532403 -0.007614
0.009821 -0.512635 0.023298
0.027913 -0.519069 0.011716
0.030615 -0.510116 0.020654
0.057444 -0.515310 -0.010653
0.070190 -0.496678 0.002499
0.075999 -0.507861 -0.008456
0.089490 -0.522867 -0.012098
0.114692 -0.510623 0.001724
0.128594 -0.529486 0.006380
0.127179 -0.508864 0.004632
0.163093 -0.506018 -0.022827
0.169776 -0.504607 0.011108
0.176734 -0.500738 0.004865
0.181854 -0.499433 0.017085
0.201686 -0.519951 -0.006184
0.205952 -0.504239 -0.003944
0.248998 -0.515916 0.006954
0.259970 -0.518281 -0.016941
0.276331 -0.513837 -0.003095
0.273657 -0.508145 0.010514
0.299652 -0.508897 0.007441
0.296970 -0.530293 0.002762
0.332797 -0.512773 -0.013699
0.339258 -0.504280 0.000729
0.360357 -0.525716 -0.001904
0.351972 -0.518183 -0.008069
0.382629 -0.524880 -0.006413
0.409428 -0.531713 0.004461
0.417028 -0.520154 -0.004181
0.424911 -0.523063 0.028586
0.445626 -0.514306 -0.008195
0.456678 -0.513251 -0.021699
0.486426 -0.526608 0.010237
0.483236 -0.493834 0.001924
0.487837 -0.515368 0.019015
0.490820 -0.511244 0.014052
0.513453 -0.526537 -0.015218
0.541788 -0.503463 -0.007907
0.555459 -0.516742 -0.013451
0.583595 -0.511483 -0.002340
0.577233 -0.495919 -0.017970
0.591643 -0.512929 -0.007096
0.608856 -0.511936 -0.014231
0.619686 -0.516024 -0.000671
0.641781 -0.523226 -0.006744
0.649915 -0.504746 0.000309
0.677658 -0.512463 -0.008450
0.674967 -0.529726 -0.007823
0.709049 -0.499575 0.007982
0.727117 -0.518644 0.004536
0.721117 -0.515683 -0.000045
0.731922 -0.514264 0.003865
0.748279 -0.505494 -0.004481
0.759524 -0.533780 -0.010593
0.791613 -0.504885 0.000046
0.795692 -0.505873 -0.006608
0.809198 -0.535378 0.015964
0.822129 -0.510982 -0.014500
0.826261 -0.521709 0.000860
0.853329 -0.518545 -0.001535
0.857693 -0.507901 0.011958
0.876915 -0.530944 -0.012251
0.900015 -0.517627 -0.010031
0.909430 -0.526056 0.003001
0.923797 -0.517393 -0.000075
0.941925 -0.509971 0.013245
0.961107 -0.524812 -0.006313
0.972657 -0.501544 0.001065
1.001369 -0.510669 -0.001511
0.989854 -0.528581 -0.019744
-1.007939 -0.519455 0.001540
-0.989209 -0.490060 0.004539
-0.981219 -0.510152 0.007275
-0.971125 -0.492768 -0.009153
-0.933227 -0.506712 -0.002145
-0.923035 -0.509719 0.005854
-0.895327 -0.498125 -0.027060
-0.906854 -0.512678 0.002423
-0.888987 -0.509084 -0.014949
-0.854331 -0.492556 0.009474
-0.853850 -0.497791 -0.000270
-0.855766 -0.506589 -0.008721
-0.832296 -0.492580 -0.001515
-0.820506 -0.482373 -0.010078
-0.796374 -0.505074 0.007883
-0.780504 -0.478904 0.004322
-0.760286 -0.489962 -0.004739
-0.770757 -0.516986 -0.011567
-0.753722 -0.496048 -0.008467
-0.720285 -0.513660 0.015193
-0.722140 -0.506505 -0.007562
-0.712855 -0.495426 0.001608
-0.683762 -0.514608 0.008431
-0.675403 -0.504168 -0.011829
-0.642572 -0.500083 -0.015186
-0.628694 -0.499672 0.000963
-0.627943 -0.502538 -0.003886
-0.608981 -0.499715 -0.001323
-0.602313 -0.522321 0.009028
-0.585807 -0.496848 -0.001548
-0.561757 -0.486074 0.018821
-0.572356 -0.487866 -0.007178
-0.552937 -0.505091 -0.004746
-0.539803 -0.499696 -0.005382
-0.500512 -0.501489 0.003632
-0.490339 -0.508879 0.002826
-0.462222 -0.498321 0.005329
-0.454917 -0.498205 0.006848
-0.442730 -0.484542 0.017212
-0.444257 -0.513096 -0.010785
-0.411271 -0.506359 0.000964
-0.412020 -0.507289 -0.019610
-0.398070 -0.487370 -0.001953
-0.360793 -0.508430 0.012174
-0.375989 -0.501189 -0.015304
-0.340661 -0.508487 -0.006583
-0.327587 -0.500871 0.014932
-0.324235 -0.509923 0.002048
-0.323562 -0.514226 0.013658
-0.295111 -0.502323 0.000763
-0.270870 -0.497173 0.001127
-0.253848 -0.508670 -0.007964
-0.254229 -0.503508 -0.003437
-0.234446 -0.529081 0.012390
-0.223469 -0.488219 -0.014323
-0.211868 -0.496921 0.004620
-0.193526 -0.487718 0.007599
-0.173747 -0.498277 0.000511
-0.154824 -0.496662 -0.002407
-0.142730 -0.508965 -0.004631
-0.117142 -0.495530 0.011162
-0.112875 -0.494098 -0.015662
-0.097755 -0.510221 -0.009285
-0.106886 -0.505088 -0.008211
-0.082428 -0.492480 -0.000338
-0.082950 -0.504292 0.013342
-0.043598 -0.482132 -0.002590
-0.034294 -0.493553 -0.013817
-0.030041 -0.502558 0.003234
-0.004958 -0.487435 -0.004451
-0.000865 -0.484353 -0.006006
0.027081 -0.482632 0.001291
0.034496 -0.498529 0.002176
0.058897 -0.503410 -0.005939
0.056107 -0.488159 -0.006336
0.087721 -0.500618 0.004145
0.093441 -0.507019 0.010717
0.101740 -0.506224 -0.006478
0.109398 -0.494334 -0.010818
0.141609 -0.512264 -0.005198
0.152842 -0.501852 -0.012539
0.173275 -0.496113 -0.011622
0.165214 -0.511590 0.007857
0.188564 -0.497477 0.000130
0.196439 -0.496151 -0.000925
0.232619 -0.505583 0.005643
0.237806 -0.489209 -0.004712
0.249887 -0.508943 -0.010163
0.265151 -0.503255 0.000906
0.289349 -0.494911 0.000260
0.287070 -0.514185 0.000006
0.310789 -0.506363 0.004743
0.316744 -0.501992 0.001273
0.347997 -0.486453 0.008695
0.332737 -0.491085 -0.020266
0.367053 -0.503702 -0.007183
0.389975 -0.492728 0.001143
0.402650 -0.524664 -0.001270
0.422900 -0.510498 0.010174
0.430509 -0.504179 0.002549
0.429781 -0.502196 0.012667
0.443410 -0.496443 -0.020142
0.457291 -0.494695 -0.009859
0.483360 -0.503664 -0.004342
0.504489 -0.501126 0.010066
0.515537 -0.502666 0.005650
0.534314 -0.494957 0.005180
0.548633 -0.484712 -0.005119
0.538467 -0.498925 0.008215
0.570894 -0.505203 -0.001694
0.566836 -0.504156 0.011353
0.595042 -0.502080 -0.002120
0.597190 -0.483622 0.004772
0.616826 -0.525217 -0.002764
0.640566 -0.504318 -0.000217
0.657285 -0.507387 -0.009118
0.663081 -0.506998 -0.003482
0.693403 -0.496127 0.012073
0.696312 -0.508782 -0.003562
0.706903 -0.510228 0.014313
0.750530 -0.516176 -0.015977
0.736076 -0.513884 0.004493
0.754100 -0.495033 0.011034
0.761230 -0.516639 -0.005633
0.784066 -0.519970 -0.005440
0.811419 -0.514274 0.009886
0.813318 -0.505522 -0.023181
0.819507 -0.493306 -0.007295
0.845166 -0.516784 -0.001083
0.836286 -0.486594 -0.009757
0.878244 -0.510826 0.014432
0.895620 -0.483246 -0.000243
0.898079 -0.501268 -0.006158
0.937021 -0.490772 -0.000164
0.926174 -0.518885 -0.013077
0.942318 -0.510041 -0.004886
0.946671 -0.523822 0.013194
0.976547 -0.502381 0.011177
0.986009 -0.514743 -0.008900
1.004453 -0.501204 -0.007943
-0.997726 -0.500963 -0.013059
-1.003535 -0.489134 -0.003124
-0.948332 -0.488392 0.011373
-0.954386 -0.491154 -0.011094
-0.939614 -0.493884 -0.009475
-0.930115 -0.501799 0.000932
-0.902223 -0.486623 -0.000294
-0.903037 -0.491260 -0.002634
-0.888459 -0.485831 -0.013309
-0.867095 -0.498729 -0.001568
-0.848236 -0.491692 -0.004227
-0.848927 -0.495245 -0.003654
-0.809931 -0.490461 0.001754
-0.808138 -0.473259 0.012638
-0.801517 -0.482630 0.005592
-0.771550 -0.484794 -0.016874
-0.759364 -0.485053 -0.006802
-0.765310 -0.497017 -0.011903
-0.738379 -0.478227 -0.011493
-0.728295 -0.502458 -0.006313
-0.722996 -0.507338 -0.008982
-0.710727 -0.495416 0.009028
-0.682274 -0.482182 0.011340
-0.670786 -0.499988 -0.010306
-0.664673 -0.495401 0.020846
-0.626350 -0.475998 -0.003346
-0.628620 -0.491767 0.015597
-0.618908 -0.480622 -0.007202
-0.586056 -0.498671 0.000755
-0.590484 -0.479502 0.002459
-0.561818 -0.483731 -0.004925
-0.554688 -0.490180 0.001280
-0.541609 -0.492806 -0.006358
-0.520023 -0.480057 0.002993
-0.519918 -0.491041 0.006290
-0.499031 -0.487398 0.001598
-0.487103 -0.489190 0.004023
-0.471334 -0.505090 -0.012627
-0.446067 -0.495186 -0.007550
-0.450544 -0.478280 -0.000844
-0.437910 -0.494874 0.008014
-0.425169 -0.477201 0.011643
-0.396880 -0.476068 -0.013714
-0.386961 -0.486889 0.000918
-0.378014 -0.465324 -0.011319
-0.347274 -0.501888 -0.003626
-0.328122 -0.482359 0.004663
-0.324995 -0.500118 -0.005556
-0.294952 -0.489690 -0.002506
-0.291070 -0.467149 -0.008527
-0.280267 -0.488741 0.028094
-0.254897 -0.483503 0.010554
-0.245161 -0.492472 0.024259
-0.236825 -0.480732 0.014145
-0.234430 -0.459467 -0.009737
-0.191278 -0.490561 0.009202
-0.189955 -0.483611 0.006828
-0.164879 -0.483516 0.000977
-0.170247 -0.469167 -0.003803
-0.164925 -0.492405 -0.006197
-0.134132 -0.505321 -0.016369
-0.120430 -0.485822 0.006977
-0.101274 -0.470898 0.013432
-0.087519 -0.488382 -0.004426
-0.051199 -0.475977 0.008904
-0.066195 -0.467007 0.006115
-0.054647 -0.477804 0.012973
-0.036302 -0.512414 0.010132
-0.042122 -0.497156 -0.008110
0.010636 -0.488670 -0.011546
0.014796 -0.480798 -0.009608
0.020252 -0.493469 -0.016274
0.037640 -0.481042 -0.012106
0.029876 -0.474732 -0.002759
0.052980 -0.490564 0.001356
0.077691 -0.504759 -0.001326
0.099187 -0.478098 0.001719
0.110220 -0.489382 0.006842
0.118210 -0.485350 0.004698
0.147378 -0.487368 -0.005120
0.151619 -0.483312 -0.001771
0.162330 -0.511080 0.007036
0.175304 -0.496188 -0.006882
0.182234 -0.498278 0.013684
0.219416 -0.479794 -0.003862
0.216512 -0.499188 -0.006224
0.230956 -0.490810 -0.010882
0.259667 -0.477555 -0.001035
0.261220 -0.498986 -0.000761
0.288684 -0.494004 0.015879
0.292883 -0.480043 0.015422
0.290362 -0.503251 0.005892
0.316809 -0.473146 -0.006830
0.370744 -0.491043 -0.006578
0.353376 -0.477674 -0.010372
0.383412 -0.493779 -0.001726
0.384588 -0.484470 -0.003547
0.415985 -0.488483 0.000018
0.419041 -0.484155 -0.003045
0.419428 -0.477779 0.009379
0.444895 -0.494742 0.001606
0.465940 -0.466518 0.002070
0.459169 -0.476163 0.024606
0.484895 -0.496063 0.005729
0.500853 -0.494418 0.002035
0.518042 -0.485906 0.013321
0.512044 -0.480206 -0.011563
0.536732 -0.495582 0.010141
0.556453 -0.480596 -0.000544
0.566550 -0.482900 0.015834
0.575912 -0.468693 -0.003343
0.602568 -0.469359 0.003213
0.606529 -0.491906 -0.015911
0.616072 -0.485762 0.004508
0.643891 -0.490297 -0.028634
0.666454 -0.494613 -0.009803
0.660050 -0.481848 -0.025573
0.683514 -0.472799 0.003528
0.721734 -0.494926 -0.016962
0.703166 -0.494691 -0.004674
0.716076 -0.484031 0.003631
0.744144 -0.490838 0.012415
0.746264 -0.487727 -0.001859
0.777822 -0.490183 0.007052
0.772741 -0.471645 -0.003686
0.794281 -0.505369 -0.008109
0.821581 -0.486600 -0.000995
0.841805 -0.496244 -0.005341
0.843572 -0.476213 -0.018419
0.847221 -0.491048 0.000867
0.875592 -0.485580 0.004303
0.898276 -0.483593 0.018484
0.915719 -0.493708 0.004275
0.907978 -0.500736 0.002268
0.941225 -0.480395 0.002728
0.935681 -0.500393 0.007384
0.954423 -0.492683 0.004629
0.982367 -0.479908 -0.004542
0.973426 -0.492855 0.003389
1.015638 -0.506096 0.005441
-0.999592 -0.481803 -0.013723
-0.999577 -0.478465 0.005402
-0.966862 -0.474125 0.011617
-0.948742 -0.473109 -0.000986
-0.933654 -0.472421 0.006148
-0.941015 -0.464216 0.019396
-0.917685 -0.477044 0.015608
-0.898988 -0.471816 -0.013312
-0.895664 -0.471011 -0.003494
-0.873168 -0.477820 -0.004593
-0.851376 -0.466137 0.000615
-0.842861 -0.470758 -0.008008
-0.803816 -0.495248 -0.013688
-0.802251 -0.492475 -0.001331
-0.800766 -0.499765 -0.007469
-0.782163 -0.480616 -0.001064
-0.774161 -0.449654 -0.004196
-0.775819 -0.483027 -0.009589
-0.744236 -0.487698 -0.001684
-0.709094 -0.463584 0.000679
-0.734264 -0.468354 -0.004944
-0.717358 -0.475307 -0.016379
-0.678335 -0.455643 -0.002296
-0.678920 -0.463003 0.002103
-0.661137 -0.498763 -0.002327
-0.638992 -0.450041 -0.006467
-0.643145 -0.472952 0.016190
-0.609326 -0.465461 0.002637
-0.591044 -0.473110 -0.007043
-0.601876 -0.475473 -0.008522
-0.569798 -0.466069 0.002136
-0.536408 -0.469032 -0.013289
-0.536138 -0.465788 -0.005217
-0.529451 -0.469024 0.004661
-0.511673 -0.465624 0.012193
-0.494201 -0.469915 -0.002292
-0.482083 -0.471847 -0.006382
-0.460487 -0.471997 0.007189
-0.440652 -0.474780 0.007830
-0.438284 -0.471589 -0.004716
-0.420781 -0.481104 -0.006835
-0.404910 -0.482896 -0.005855
-0.379920 -0.478420 0.007149
-0.389814 -0.454232 -0.010270
-0.375968 -0.451859 0.001753
-0.351762 -0.472167 0.004493
-0.355208 -0.474729 -0.004494
-0.312605 -0.465023 -0.019194
-0.310474 -0.470419 0.000805
-0.292323 -0.474788 0.007815
-0.273463 -0.469042 0.002458
-0.274450 -0.479120 -0.010387
-0.233677 -0.479218 0.007810
-0.253516 -0.463979 -0.007333
-0.206295 -0.457705 0.000731
-0.209416 -0.481819 -0.003754
-0.203116 -0.472519 -0.002054
-0.183527 -0.481040 -0.000377
-0.166639 -0.456056 -0.009053
-0.156506 -0.480894 -0.018233
-0.125683 -0.484883 0.016872
-0.121642 -0.471171 -0.002867
-0.108454 -0.469651 0.007857
-0.093935 -0.487910 0.000378
-0.090234 -0.473315 -0.007903
-0.072580 -0.467878 0.008910
-0.048468 -0.468688 -0.000825
-0.039997 -0.483319 -0.015893
-0.027058 -0.474548 0.004843
0.001177 -0.485463 0.001216
0.012317 -0.487817 0.016532
0.002911 -0.497256 0.002124
0.028247 -0.464220 -0.011231
0.045794 -0.468469 0.020239
0.071549 -0.485018 -0.004458
0.078793 -0.464777 0.001645
0.098727 -0.488011 -0.016970
0.087994 -0.481139 0.001054
0.121800 -0.482759 0.014626
0.125548 -0.476214 0.009644
0.146522 -0.466469 -0.000078
0.158298 -0.495045 0.003113
0.174135 -0.488116 0.007310
0.194547 -0.479772 0.009066
0.202680 -0.474252 0.016393
0.256266 -0.473868 0.009210
0.238343 -0.489303 -0.011790
0.251220 -0.478749 0.018072
0.264707 -0.458299 -0.012897
0.277279 -0.488144 -0.017449
0.271276 -0.471916 0.019400
0.308446 -0.471874 -0.006507
0.321709 -0.456929 0.006216
0.355990 -0.455407 0.000420
0.346851 -0.463116 -0.016101
0.363780 -0.471344 0.004851
0.379023 -0.461704 0.001301
0.394185 -0.473901 0.005341
0.422074 -0.465719 0.002981
0.427619 -0.479238 0.001880
0.427697 -0.491034 0.000029
0.443471 -0.471506 -0.004489
0.459312 -0.468844 -0.002450
0.498595 -0.476384 -0.006649
0.489741 -0.457188 -0.000129
0.485544 -0.478133 0.007922
0.517373 -0.479998 -0.005313
0.536555 -0.473108 -0.001822
0.559447 -0.453989 0.000681
0.582719 -0.478186 0.015027
0.590619 -0.459887 0.005926
0.603104 -0.480336 -0.011760
0.615105 -0.482245 -0.005700
0.636856 -0.489706 -0.004875
0.663250 -0.461488 0.009164
0.643820 -0.466426 0.003454
0.669675 -0.472569 0.000108
0.692895 -0.479602 -0.001824
0.678044 -0.466784 -0.005781
0.728685 -0.465433 0.011537
0.724399 -0.466060 0.007701
0.730780 -0.466350 -0.006245
0.749070 -0.485642 -0.009868
0.768857 -0.473402 0.006814
0.780815 -0.460820 0.003502
0.798093 -0.458888 -0.009469
0.806815 -0.481142 0.007575
0.827244 -0.487670 0.003568
0.858739 -0.456920 -0.009980
0.871777 -0.487961 0.003150
0.872512 -0.472810 0.021007
0.895687 -0.455016 -0.007841
0.887775 -0.474354 0.018294
0.906783 -0.478423 0.002634
0.937724 -0.477307 0.006548
0.932107 -0.479675 -0.013273
0.954955 -0.485469 -0.018626
0.954692 -0.467279 0.004006
1.001896 -0.486950 -0.004237
1.005902 -0.480173 0.007345
-1.013938 -0.481489 -0.004445
-0.997116 -0.468427 -0.025236
-0.978797 -0.466945 -0.012442
-0.928848 -0.452486 0.010190
-0.952053 -0.483930 0.003647
-0.912130 -0.452446 -0.022009
-0.906413 -0.460513 0.007663
-0.887214 -0.461892 0.007762
-0.887685 -0.443247 0.018985
-0.863972 -0.457988 0.012918
-0.846274 -0.455482 0.013535
-0.848530 -0.451298 0.008653
-0.829768 -0.454598 0.010892
-0.828671 -0.448009 -0.011336
-0.805153 -0.458204 -0.001316
-0.772869 -0.459876 -0.008459
-0.770948 -0.459547 -0.004161
-0.732714 -0.464617 0.009682
-0.746555 -0.434010 -0.002881
-0.732227 -0.480619 -0.011916
-0.718012 -0.465685 -0.002667
-0.709742 -0.463595 0.006685
-0.686539 -0.475755 -0.001834
-0.665575 -0.466014 0.005990
-0.655549 -0.469423 0.007540
-0.652682 -0.459007 0.010715
-0.608892 -0.460987 0.010431
-0.612160 -0.459787 -0.001399
-0.587895 -0.473086 -0.003249
-0.588761 -0.471068 0.005035
-0.570351 -0.455787 0.014008
-0.568167 -0.459136 -0.012959
-0.548657 -0.457134 -0.002855
-0.523385 -0.452921 0.000462
-0.501634 -0.445472 0.016600
-0.498270 -0.458269 -0.013397
-0.474300 -0.485930 -0.014886
-0.461676 -0.456268 -0.000510
-0.432745 -0.479942 0.006698
-0.435961 -0.465840 0.001825
-0.425031 -0.464512 0.000394
-0.396307 -0.463386 0.001492
-0.393359 -0.454461 0.002063
-0.357307 -0.463858 -0.000502
-0.379533 -0.461409 0.011795
-0.347439 -0.474958 -0.007831
-0.350861 -0.461716 -0.006102
-0.330295 -0.471611 -0.019908
-0.305470 -0.451647 -0.006874
-0.299456 -0.468398 0.014922
-0.278283 -0.451997 -0.005372
-0.269456 -0.471651 0.000044
-0.244992 -0.454913 -0.016899
-0.236775 -0.456215 -0.003351
-0.221951 -0.473575 -0.001454
-0.228314 -0.467409 0.005377
-0.199479 -0.454610 -0.004837
-0.168876 -0.441703 0.000629
-0.172384 -0.449694 0.017446
-0.156922 -0.458316 -0.016231
-0.136756 -0.443616 -0.002953
-0.115445 -0.447136 -0.007054
-0.104472 -0.449029 0.006715
-0.085410 -0.460640 -0.019956
-0.079957 -0.445182 -0.008725
-0.070133 -0.449078 -0.006797
-0.068600 -0.453706 0.002677
-0.044158 -0.460464 -0.003972
-0.008426 -0.443963 0.001673
-0.008241 -0.461855 -0.002556
0.008157 -0.461751 0.008675
0.012935 -0.446113 -0.000414
0.027491 -0.457711 -0.005646
0.042464 -0.468015 0.003147
0.071789 -0.438291 0.000377
0.077909 -0.451603 0.011076
0.113495 -0.445215 0.001328
0.094603 -0.461951 0.012430
0.106787 -0.457098 -0.000218
0.151005 -0.458028 0.008878
0.147848 -0.470951 0.006532
0.170977 -0.470086 0.006671
0.185590 -0.462492 -0.006986
0.192527 -0.463532 0.009052
0.195423 -0.441263 -0.008939
0.209400 -0.458132 -0.016256
0.221813 -0.462703 -0.016392
0.247791 -0.460076 -0.002673
0.270757 -0.450940 -0.009475
0.278490 -0.457153 -0.001217
0.296346 -0.443186 0.001813
0.312283 -0.453838 0.001793
0.328320 -0.465376 0.009218
0.340308 -0.472579 -0.011919
0.367360 -0.442098 0.015545
0.357040 -0.436557 -0.002726
0.374580 -0.452712 0.000141
0.394568 -0.474159 -0.001677
0.411983 -0.458451 -0.013974
0.417420 -0.469569 -0.005578
0.449431 -0.468823 -0.024116
0.457768 -0.444752 -0.015418
0.471194 -0.450816 -0.006857
0.481204 -0.463833 0.011741
0.499811 -0.430670 0.001276
0.506430 -0.453307 0.019231
0.540695 -0.459328 0.007297
0.528808 -0.458969 0.002668
0.557819 -0.457389 -0.010649
0.576445 -0.462393 -0.002133
0.602264 -0.474251 0.003283
0.592869 -0.458495 -0.007849
0.615536 -0.468107 0.002954
0.624685 -0.457981 -0.007703
0.623796 -0.465047 0.001473
0.650247 -0.454785 0.012159
0.666477 -0.450266 0.003466
0.695178 -0.463361 0.008278
0.712386 -0.451642 0.000653
0.716382 -0.467362 0.003360
0.726881 -0.455844 -0.000058
0.736099 -0.440004 0.000169
0.771820 -0.463266 -0.007159
0.771714 -0.445361 -0.004246
0.793074 -0.452836 0.004715
0.799241 -0.479046 -0.000483
0.807724 -0.458162 0.000935
0.813333 -0.468368 0.012526
0.849551 -0.473365 0.001313
0.858719 -0.458427 0.008889
0.860678 -0.459590 0.006910
0.888034 -0.473709 -0.009104
0.901277 -0.452256 -0.015751
0.912930 -0.461760 -0.020651
0.924164 -0.468957 0.017111
0.941084 -0.445448 -0.000119
0.934509 -0.462863 0.013423
0.965047 -0.461215 0.002343
0.989837 -0.467977 0.006566
1.019184 -0.457169 -0.000163
-0.988831 -0.447920 -0.006887
-0.988369 -0.442626 0.010594
-0.950174 -0.443992 0.001834
-0.948857 -0.442271 -0.004365
-0.942565 -0.479571 0.015264
-0.923077 -0.449422 0.001640
-0.919297 -0.457289 -0.012265
-0.906301 -0.446964 -0.008855
-0.891837 -0.428394 0.012055
-0.878350 -0.452844 0.001001
-0.837549 -0.416670 0.003778
-0.862058 -0.430871 0.019339
-0.822438 -0.432537 -0.009915
-0.811909 -0.440787 -0.003140
-0.781778 -0.442823 0.014703
-0.795230 -0.467142 0.005183
-0.770192 -0.449229 -0.008456
-0.756471 -0.420339 0.000465
-0.740056 -0.437155 -0.006888
-0.716399 -0.432501 0.002330
-0.704436 -0.444862 0.002799
-0.717298 -0.452725 -0.006766
-0.699181 -0.434691 0.002332
-0.676228 -0.451703 -0.012410
-0.642451 -0.438589 -0.007047
-0.632115 -0.451803 -0.014859
-0.639911 -0.426965 -0.002286
-0.619520 -0.441029 0.015050
-0.589165 -0.440078 0.002798
-0.571858 -0.458709 -0.010444
-0.578920 -0.443772 0.007018
-0.560853 -0.449904 -0.005549
-0.548069 -0.447741 -0.014883
-0.531919 -0.435781 -0.001310
-0.495928 -0.449427 -0.006201
-0.489753 -0.453746 0.004575
-0.487547 -0.436645 -0.001578
-0.475080 -0.437499 0.002069
-0.464296 -0.446038 -0.009759
-0.455037 -0.449792 -0.009989
-0.454093 -0.455377 -0.004935
-0.399361 -0.430200 0.005465
-0.388339 -0.451343 0.005991
-0.398091 -0.448699 -0.004542
-0.394030 -0.431605 0.002869
-0.354786 -0.455307 -0.007370
-0.334608 -0.434359 -0.008248
-0.327253 -0.467246 0.006234
-0.309648 -0.441916 -0.001100
-0.298173 -0.444709 0.001819
-0.290307 -0.438900 -0.000604
-0.273725 -0.454756 0.004481
-0.243727 -0.433632 -0.008495
-0.247928 -0.435565 0.015311
-0.234391 -0.438674 -0.010091
-0.200034 -0.436871 -0.006431
-0.182344 -0.443496 0.006577
-0.186882 -0.444785 0.001164
-0.129957 -0.452023 0.007002
-0.160480 -0.442330 0.008257
-0.144724 -0.451036 0.026417
-0.119765 -0.445081 0.002429
-0.114796 -0.427205 -0.007072
-0.094027 -0.421469 0.013045
-0.097587 -0.443080 -0.011569
-0.057181 -0.440524 -0.007535
-0.058424 -0.438978 0.013223
-0.020065 -0.447988 0.000158
-0.021691 -0.432488 0.005921
-0.001763 -0.437568 0.008683
0.024005 -0.442709 0.014113
0.021003 -0.463078 0.015100
0.023982 -0.452289 0.010063
0.051962 -0.439346 0.021414
0.063708 -0.437461 -0.008859
0.075808 -0.454920 -0.019880
0.098837 -0.444074 -0.008024
0.116152 -0.461447 0.008273
0.117728 -0.439205 0.019875
0.126161 -0.442061 -0.007080
0.142129 -0.432713 0.004271
0.160183 -0.455837 -0.000871
0.174098 -0.458775 -0.008508
0.195477 -0.438703 -0.001190
0.219226 -0.432367 0.014896
0.221311 -0.431319 0.015615
0.239783 -0.445307 0.002775
0.252664 -0.452537 -0.004469
0.257667 -0.428343 -0.000122
0.287190 -0.451583 -0.007640
0.294126 -0.430536 -0.010999
0.304413 -0.443449 0.008433
0.340624 -0.449698 0.008921
0.337075 -0.440132 -0.013497
0.321968 -0.450672 -0.005227
0.372120 -0.441296 -0.009398
0.377039 -0.443216 -0.014944
0.395311 -0.448420 -0.004084
0.406841 -0.447890 -0.002525
0.434818 -0.435150 0.006860
0.428438 -0.461933 0.018335
0.460794 -0.459905 -0.011610
0.462111 -0.445933 0.001918
0.473144 -0.444234 0.002543
0.490655 -0.448335 0.014987
0.511487 -0.463987 0.006086
0.515245 -0.435577 -0.009996
0.548249 -0.446464 -0.013066
0.570266 -0.436483 0.004451
0.566583 -0.440542 -0.004635
0.585105 -0.428429 0.001306
0.596947 -0.462157 -0.000037
0.608942 -0.458078 0.020186
0.624459 -0.449647 0.000408
0.644217 -0.428721 0.000324
0.645670 -0.439218 -0.001734
0.655501 -0.453959 -0.018723
0.681350 -0.444137 -0.008436
0.703624 -0.444435 -0.003077
0.709471 -0.437045 0.010875
0.753134 -0.428739 -0.019571
0.741257 -0.437664 -0.010728
0.766315 -0.443624 -0.005376
0.764523 -0.446762 -0.001312
0.791315 -0.449357 -0.001255
0.796338 -0.446550 0.000136
0.799258 -0.447265 0.008070
0.820372 -0.462689 -0.020468
0.842492 -0.458129 0.003203
0.833292 -0.433874 -0.013347
0.873117 -0.436492 0.003196
0.885689 -0.454723 0.011630
0.900939 -0.443302 -0.011483
0.903270 -0.455079 0.000420
0.912291 -0.447966 0.015689
0.945697 -0.441617 -0.001409
0.958615 -0.439127 0.007682
0.978466 -0.435983 -0.007144
0.982587 -0.440878 0.012186
0.976601 -0.442144 -0.002133
-0.989345 -0.438562 -0.012162
-0.982128 -0.434101 0.001873
-0.963828 -0.425723 -0.003021
-0.969896 -0.412370 0.013952
-0.939681 -0.446848 -0.003863
-0.922093 -0.447857 0.002065
-0.915755 -0.424464 -0.000435
-0.909650 -0.436845 -0.000194
-0.889563 -0.422460 -0.019349
-0.901476 -0.439362 -0.004413
-0.842215 -0.440677 -0.002289
-0.836880 -0.432781 0.006528
-0.832380 -0.413159 0.016580
-0.814319 -0.447855 -0.006202
-0.805827 -0.421132 -0.001297
-0.767530 -0.413353 -0.009847
-0.763674 -0.425312 -0.010490
-0.754009 -0.436721 0.016661
-0.738426 -0.435573 0.000404
-0.723140 -0.416691 -0.002343
-0.736880 -0.429060 0.010405
-0.691744 -0.416152 0.004151
-0.671648 -0.423744 -0.021563
-0.674442 -0.430847 0.004585
-0.654818 -0.436107 -0.013416
-0.638365 -0.427792 -0.018082
-0.623070 -0.408530 -0.002512
-0.608384 -0.439298 -0.009782
-0.579764 -0.433096 -0.010617
-0.583837 -0.424488 0.001499
-0.590993 -0.427379 0.007491
-0.547006 -0.433490 0.006616
-0.556156 -0.454211 0.003834
-0.523316 -0.436299 0.007393
-0.512263 -0.437431 -0.003135
-0.496163 -0.414656 -0.007121
-0.473562 -0.438105 0.004721
-0.472422 -0.447003 -0.014009
-0.473640 -0.422345 -0.009066
-0.425840 -0.425419 -0.006068
-0.424262 -0.439743 -0.009575
-0.430015 -0.435208 0.014742
-0.396299 -0.432943 -0.001762
-0.377711 -0.422306 0.005974
-0.373858 -0.431370 -0.005139
-0.355912 -0.414343 0.008492
-0.347307 -0.428798 -0.004249
-0.324690 -0.430779 -0.006282
-0.307416 -0.442029 0.008457
-0.300699 -0.424070 0.010508
-0.285197 -0.426275 -0.001485
-0.264454 -0.424499 -0.003772
-0.257182 -0.457417 0.001968
-0.240787 -0.445856 0.013172
-0.234993 -0.448911 -0.003797
-0.216790 -0.437742 0.007747
-0.209206 -0.426285 -0.001453
-0.181586 -0.421359 -0.013569
-0.169900 -0.431959 -0.004927
-0.150536 -0.434861 0.013111
-0.134722 -0.426902 0.001519
-0.132114 -0.427166 0.016531
-0.102859 -0.429708 -0.007607
-0.093180 -0.433167 0.025777
-0.091927 -0.436248 0.001324
-0.067176 -0.424411 -0.015175
-0.056146 -0.435829 0.014753
-0.038549 -0.424603 0.016185
-0.014464 -0.428714 -0.012935
-0.011074 -0.457805 -0.018211
0.000180 -0.429035 -0.007749
0.036792 -0.425416 0.020957
0.046689 -0.423716 -0.006574
0.030216 -0.425736 -0.024196
0.061408 -0.451880 0.010317
0.051795 -0.433932 0.005515
0.103412 -0.431913 -0.007912
0.117417 -0.407392 0.011024
0.127968 -0.422118 0.005852
0.112318 -0.422440 0.005576
0.146471 -0.423107 -0.007273
0.182937 -0.459745 -0.003601
0.176245 -0.422421 0.002901
0.197369 -0.415401 -0.013775
0.183624 -0.444429 0.001129
0.228033 -0.429256 -0.014724
0.239452 -0.445099 -0.016437
0.256113 -0.412242 0.001670
0.257717 -0.443298 -0.002232
0.276910 -0.431639 0.000952
0.313551 -0.443848 -0.006837
0.296691 -0.417958 0.020781
0.316505 -0.435777 -0.011258
0.330352 -0.435388 0.000923
0.354426 -0.421724 0.000215
0.363996 -0.425062 -0.007168
0.370896 -0.434060 -0.005512
0.397277 -0.410037 0.004112
0.397285 -0.414785 -0.006947
0.415049 -0.427344 0.011447
0.444196 -0.437862 0.006328
0.456595 -0.416303 0.010244
0.473131 -0.418358 -0.010108
0.476402 -0.427706 -0.012670
0.503711 -0.432919 0.001345
0.499563 -0.430176 0.017727
0.538667 -0.425466 -0.002471
0.532266 -0.432491 -0.007911
0.547823 -0.447121 -0.002900
0.563114 -0.423251 0.004200
0.589054 -0.431348 0.007009
0.587638 -0.429952 0.006529
0.618758 -0.434860 0.004485
0.632618 -0.445029 -0.001325
0.639669 -0.439928 0.002834
0.647384 -0.421130 0.011396
0.671033 -0.430720 0.002180
0.668548 -0.433884 0.014081
0.693047 -0.436345 0.012182
0.704611 -0.441690 -0.027162
0.728609 -0.416757 -0.006798
0.747663 -0.422931 0.009184
0.755006 -0.433469 -0.003968
0.772752 -0.414567 -0.001479
0.777801 -0.422094 -0.003342
0.800470 -0.416660 -0.009435
0.803843 -0.443470 0.010020
0.813739 -0.430996 0.004095
0.854327 -0.416018 -0.002851
0.859425 -0.430232 0.004037
0.868796 -0.438738 -0.015027
0.886936 -0.446141 0.007378
0.885265 -0.437001 -0.008909
0.911414 -0.434554 -0.017638
0.934881 -0.432000 -0.003667
0.951273 -0.425521 0.015659
0.970578 -0.435732 0.005214
0.969295 -0.419546 -0.002523
0.987037 -0.426609 0.003088
1.017789 -0.428130 0.001162
-1.013255 -0.407351 -0.009540
-0.991453 -0.410645 0.005252
-0.963933 -0.402370 0.004496
-0.969649 -0.409350 -0.004125
-0.939924 -0.409398 0.013256
-0.945250 -0.408507 -0.003944
-0.917871 -0.435294 0.004420
-0.909248 -0.415039 -0.003067
-0.884476 -0.427173 0.004883
-0.862766 -0.429479 -0.004195
-0.850403 -0.406491 0.019252
-0.836776 -0.408006 -0.001781
-0.840970 -0.421675 0.016240
-0.817177 -0.421937 -0.003240
-0.791087 -0.408289 0.004346
-0.791155 -0.420042 0.013190
-0.767063 -0.420971 0.000450
-0.740065 -0.418766 0.018333
-0.737448 -0.403412 0.005446
-0.729771 -0.403999 -0.007872
-0.718567 -0.428111 -0.001052
-0.693052 -0.398708 -0.008902
-0.673302 -0.406490 -0.004309
-0.672613 -0.420886 -0.003708
-0.659976 -0.391234 -0.003959
-0.641743 -0.416359 -0.004073
-0.624387 -0.414719 0.008930
-0.611684 -0.405519 -0.000706
-0.591746 -0.414169 -0.002588
-0.580792 -0.426767 0.005085
-0.578315 -0.412763 0.022022
-0.534547 -0.425407 0.007894
-0.541721 -0.415494 -0.011642
-0.509096 -0.427739 0.039412
-0.524033 -0.404796 0.009021
-0.494510 -0.427831 0.014910
-0.468968 -0.407230 -0.002456
-0.476810 -0.424943 0.003030
-0.451536 -0.414768 0.006694
-0.436890 -0.417722 0.010935
-0.422985 -0.412747 -0.016948
-0.436282 -0.403860 -0.003452
-0.392986 -0.404619 0.005872
-0.385116 -0.420915 -0.005686
-0.369687 -0.419080 0.004400
-0.368887 -0.405770 0.001517
-0.342008 -0.415234 0.005955
-0.304474 -0.412838 -0.009508
-0.309338 -0.414209 0.004185
-0.287378 -0.418804 -0.005693
-0.273393 -0.428349 0.001705
-0.266557 -0.415810 0.017048
-0.252444 -0.404261 -0.002520
-0.234218 -0.422702 0.008548
-0.218843 -0.414801 -0.017369
-0.195947 -0.418369 0.004317
-0.201912 -0.431283 0.008313
-0.168264 -0.423141 0.001265
-0.164489 -0.412271 -0.007588
-0.165704 -0.415744 -0.000358
-0.130988 -0.414299 -0.025580
-0.135382 -0.427704 0.003619
-0.111664 -0.409781 0.011414
-0.099438 -0.404737 -0.009323
-0.086517 -0.415632 -0.004428
-0.065160 -0.413643 0.005271
-0.036178 -0.426562 0.009762
-0.037698 -0.411557 0.008637
-0.028598 -0.432139 -0.002666
-0.019166 -0.426456 0.007969
0.014463 -0.422415 0.004371
0.030387 -0.426221 0.014044
0.046185 -0.405760 0.004448
0.045291 -0.419203 -0.000890
0.072889 -0.415974 -0.000695
0.077716 -0.411854 0.006647
0.084229 -0.431013 -0.009541
0.113675 -0.419085 -0.004905
0.135020 -0.430423 -0.005438
0.130167 -0.424508 0.003208
0.163930 -0.422977 0.008951
0.181843 -0.411768 -0.006107
0.185694 -0.411212 0.007726
0.186578 -0.421560 -0.003046
0.211949 -0.414312 0.007348
0.230051 -0.406320 -0.011086
0.235662 -0.394421 -0.004252
0.250876 -0.405695 0.007052
0.253231 -0.415535 0.007251
0.273230 -0.396360 -0.008805
0.293756 -0.400367 -0.001846
0.319984 -0.435166 -0.001566
0.334435 -0.428740 0.000224
0.343734 -0.441264 -0.002197
0.363805 -0.420747 -0.007962
0.367101 -0.436075 -0.008363
0.393154 -0.443169 -0.019261
0.388978 -0.430440 0.003046
0.407939 -0.412832 0.005526
0.422425 -0.402370 0.009680
0.432994 -0.409098 -0.006616
0.453115 -0.433139 -0.007334
0.473536 -0.397503 -0.002649
0.461991 -0.417797 0.026356
0.496674 -0.413154 0.006676
0.498106 -0.415194 0.014048
0.520893 -0.411753 0.016615
0.535300 -0.429456 -0.022059
0.560812 -0.424720 -0.006663
0.562608 -0.422749 0.007616
0.573888 -0.417327 0.020963
0.596219 -0.418038 0.021657
0.609961 -0.417388 -0.004339
0.637733 -0.417603 -0.005133
0.634425 -0.423716 0.006799
0.663816 -0.413677 -0.015324
0.670818 -0.425186 -0.007983
0.679964 -0.428507 -0.015451
0.694839 -0.415025 -0.000694
0.717159 -0.418705 0.006660
0.712592 -0.407090 0.012650
0.734650 -0.407923 0.000533
0.763512 -0.415999 0.002568
0.764112 -0.420320 -0.008443
0.778946 -0.428826 -0.000982
0.781961 -0.413706 -0.014601
0.819329 -0.428304 0.003697
0.819481 -0.420669 0.001618
0.836584 -0.406848 0.006907
0.847956 -0.418642 0.007181
0.871489 -0.395555 -0.007819
0.883482 -0.424136 -0.007926
0.892591 -0.413003 -0.012403
0.909242 -0.423367 -0.005282
0.920379 -0.410849 -0.003996
0.928112 -0.406612 -0.010955
0.950911 -0.402625 -0.002122
0.977429 -0.425105 -0.003907
0.975497 -0.402125 0.006242
1.017399 -0.427803 0.003878
-0.987922 -0.396979 -0.008293
-0.987745 -0.399132 -0.018725
-0.950042 -0.405475 -0.003957
-0.953408 -0.397553 -0.006565
-0.958114 -0.414744 -0.022004
-0.921214 -0.411665 0.009817
-0.928212 -0.399520 0.009716
-0.900221 -0.391653 -0.000077
-0.875916 -0.424401 0.003550
-0.867752 -0.396783 -0.007576
-0.863216 -0.401426 0.005706
-0.837880 -0.418152 0.017861
-0.835012 -0.398857 -0.000509
-0.799054 -0.412413 0.001665
-0.797085 -0.400634 -0.005596
-0.798551 -0.414612 0.003372
-0.772248 -0.383696 -0.002711
-0.753736 -0.413430 -0.019702
-0.712490 -0.389797 0.013613
-0.710056 -0.396492 -0.020751
-0.726075 -0.413638 -0.004880
-0.714826 -0.402407 -0.005531
-0.676889 -0.409078 -0.004312
-0.673253 -0.408153 -0.008153
-0.657647 -0.386713 0.019484
-0.646587 -0.411583 -0.006277
-0.625415 -0.403586 0.004151
-0.627227 -0.419175 -0.011392
-0.605862 -0.405622 -0.001206
-0.578524 -0.397111 0.002957
-0.559917 -0.395967 0.012915
-0.541797 -0.386107 -0.009784
-0.543798 -0.392892 -0.003409
-0.521602 -0.404008 -0.000969
-0.501525 -0.387649 0.015947
-0.495698 -0.398320 0.006930
-0.468507 -0.413968 -0.012161
-0.475582 -0.393682 0.002821
-0.465356 -0.396161 -0.011070
-0.438302 -0.406673 0.003176
-0.424012 -0.400205 0.003170
-0.407377 -0.396540 0.004248
-0.384556 -0.405315 -0.008886
-0.389705 -0.397088 0.012223
-0.344539 -0.431571 0.003645
-0.366169 -0.403069 -0.021790
-0.345280 -0.394085 0.023401
-0.323841 -0.402943 0.000873
-0.311450 -0.392868 0.010780
-0.292547 -0.401168 -0.002173
-0.289696 -0.399187 -0.000836
-0.256475 -0.415528 0.011821
-0.241998 -0.409226 0.005091
-0.223305 -0.395479 -0.004327
-0.226188 -0.407019 0.015804
-0.214109 -0.399933 -0.033917
-0.192296 -0.396747 -0.001120
-0.179523 -0.401431 -0.000836
-0.154542 -0.411536 0.003072
-0.146792 -0.420867 -0.006943
-0.132832 -0.409868 -0.016496
-0.132643 -0.404359 -0.010156
-0.093346 -0.411442 -0.007508
-0.087707 -0.398016 -0.023174
-0.064556 -0.404270 0.004729
-0.068645 -0.388652 -0.001498
-0.041285 -0.403905 0.011503
-0.040836 -0.403432 -0.000641
-0.009685 -0.399367 -0.011560
-0.017942 -0.401609 -0.005939
0.014615 -0.408308 -0.018558
0.036811 -0.413641 0.002550
0.027362 -0.392202 0.008066
0.074306 -0.401559 -0.013729
0.068616 -0.413473 0.008140
0.060399 -0.407670 -0.019818
0.087393 -0.409310 -0.011570
0.088906 -0.419032 -0.014721
0.124975 -0.414796 0.016216
0.151462 -0.408557 0.000956
0.138230 -0.392148 0.001377
0.150331 -0.416575 -0.005336
0.199691 -0.403124 0.006560
0.204062 -0.396374 0.000663
0.204040 -0.406239 -0.002274
0.214206 -0.403522 0.012890
0.222696 -0.408670 0.005091
0.242785 -0.402758 -0.001993
0.261226 -0.411708 -0.004548
0.279446 -0.415166 -0.002697
0.300207 -0.397757 0.002559
0.312172 -0.399209 -0.007600
0.327449 -0.408761 -0.000284
0.348745 -0.404061 0.009817
0.359200 -0.404711 -0.027023
0.376236 -0.389768 0.011697
0.383262 -0.405978 -0.001626
0.397011 -0.400968 -0.006493
0.423125 -0.406451 0.000435
0.421247 -0.411922 -0.014734
0.439708 -0.418220 0.000628
0.455272 -0.405170 -0.006651
0.457097 -0.413300 0.011479
0.490725 -0.403329 0.009265
0.486444 -0.397228 0.000622
0.503684 -0.403658 0.002436
0.520057 -0.388767 -0.005867
0.548704 -0.399626 0.002108
0.577647 -0.396235 -0.005906
0.564976 -0.385556 -0.015326
0.585794 -0.422861 -0.003816
0.582307 -0.394620 0.014729
0.610403 -0.407414 -0.002350
0.632313 -0.406021 -0.004030
0.654976 -0.401703 0.007026
0.652824 -0.396818 0.005343
0.667807 -0.381982 -0.005356
0.668353 -0.409387 -0.000488
0.696791 -0.413586 0.011490
0.715565 -0.418049 -0.015694
0.738339 -0.405223 0.001168
0.745912 -0.391403 -0.000688
0.768312 -0.392715 0.001279
0.767193 -0.417037 -0.020738
0.792258 -0.406692 0.013408
0.801991 -0.403252 0.007742
0.810580 -0.408133 -0.014509
0.846369 -0.401210 -0.008200
0.841415 -0.385778 -0.001842
0.867774 -0.413929 0.001255
0.876858 -0.391327 -0.003051
0.888756 -0.389744 0.017407
0.892493 -0.377585 0.003268
0.912883 -0.406020 -0.005083
0.925218 -0.391305 -0.000837
0.930830 -0.402996 0.005485
0.961926 -0.405744 0.009667
0.979949 -0.380195 -0.008132
0.982892 -0.412174 -0.001775
1.006159 -0.390650 0.010508
-1.005444 -0.379201 -0.005180
-0.997839 -0.383228 -0.015412
-0.973039 -0.395121 0.004313
-0.961660 -0.389522 -0.021700
-0.924845 -0.413673 -0.023167
-0.942942 -0.384736 -0.014863
-0.906289 -0.398263 -0.005989
-0.900751 -0.383513 -0.001979
-0.869452 -0.382275 0.003342
-0.865970 -0.382988 -0.014743
-0.861178 -0.391412 -0.009788
-0.833535 -0.382250 -0.018156
-0.853887 -0.382600 -0.002653
-0.822754 -0.387986 -0.009718
-0.792516 -0.382805 -0.004326
-0.801015 -0.402301 0.019486
-0.777994 -0.390590 -0.001681
-0.770369 -0.386067 0.007056
-0.750659 -0.410867 0.009115
-0.733617 -0.385735 0.013448
-0.702906 -0.368663 0.000001
-0.698858 -0.390500 0.006021
-0.653401 -0.392069 0.011731
-0.674845 -0.390253 0.001430
-0.655053 -0.382337 0.006803
-0.634812 -0.394214 -0.007792
-0.607747 -0.376374 -0.005555
-0.610880 -0.390088 0.000226
-0.612708 -0.396349 -0.011102
-0.574718 -0.395412 -0.005927
-0.579371 -0.407435 0.008842
-0.563084 -0.388373 -0.000993
-0.534536 -0.398966 -0.006285
-0.514188 -0.373126 0.004622
-0.500546 -0.397990 -0.001947
-0.479932 -0.387356 -0.007254
-0.475345 -0.364808 -0.000811
-0.474555 -0.371473 0.003420
-0.446542 -0.381366 -0.007291
-0.427517 -0.391592 0.018689
-0.424483 -0.401050 0.015931
-0.407817 -0.369087 -0.000476
-0.387243 -0.402308 0.013453
-0.389444 -0.385235 -0.012702
-0.368363 -0.389056 0.000417
-0.340964 -0.386429 0.010707
-0.342279 -0.387891 -0.006180
-0.329241 -0.401455 0.000803
-0.299040 -0.411304 0.016107
-0.295001 -0.386215 -0.008992
-0.273508 -0.390671 -0.003060
-0.257713 -0.383449 0.001337
-0.255812 -0.388538 0.011061
-0.238326 -0.404459 -0.013534
-0.218356 -0.387991 0.004755
-0.217657 -0.398356 -0.014381
-0.193816 -0.399801 -0.013075
-0.181597 -0.393355 0.001933
-0.169510 -0.391507 -0.023993
-0.155005 -0.375637 0.015829
-0.143537 -0.392741 -0.000092
-0.126157 -0.398032 -0.018212
-0.110200 -0.398167 -0.006812
-0.099233 -0.387039 -0.000508
-0.073904 -0.387372 -0.008926
-0.061212 -0.410095 0.021247
-0.047249 -0.384458 -0.004911
-0.034055 -0.376677 -0.001167
-0.017106 -0.381656 -0.003331
0.000532 -0.387435 -0.007823
0.015551 -0.356290 0.005566
0.025346 -0.405469 -0.007039
0.036701 -0.387482 -0.015514
0.053598 -0.372405 0.000699
0.058137 -0.370455 -0.004741
0.089271 -0.389706 -0.000052
0.116909 -0.369411 -0.008674
0.110858 -0.392341 -0.001105
0.115962 -0.389815 0.000789
0.135200 -0.397521 0.000265
0.149697 -0.388686 0.006082
0.154095 -0.389493 -0.013715
0.193107 -0.393357 0.001171
0.206613 -0.388096 -0.032692
0.191264 -0.381442 -0.007624
0.220474 -0.392709 0.011946
0.232647 -0.375479 0.001619
0.255877 -0.386761 0.003488
0.261553 -0.377517 -0.007899
0.281139 -0.393340 0.007569
0.301168 -0.390294 0.006466
0.298464 -0.394670 0.006029
0.325155 -0.396460 0.018019
0.354595 -0.375495 0.006000
0.350124 -0.389584 0.001960
0.369695 -0.407709 -0.010329
0.384274 -0.405914 -0.000676
0.400258 -0.390332 -0.007203
0.400875 -0.393203 0.017451
0.421508 -0.391764 -0.014473
0.449574 -0.385404 -0.017951
0.459921 -0.395963 0.003325
0.455012 -0.393407 -0.005025
0.485131 -0.376153 0.012936
0.492818 -0.375451 -0.015680
0.499805 -0.402296 -0.001169
0.519963 -0.397809 0.016861
0.546579 -0.378592 0.001242
0.555847 -0.392250 -0.007912
0.566094 -0.395544 -0.012699
0.586494 -0.375615 -0.004758
0.611402 -0.388709 -0.004912
0.603940 -0.392635 0.005904
0.645028 -0.400153 0.003859
0.640230 -0.395639 0.003641
0.670390 -0.383902 0.009343
0.657177 -0.400508 -0.003152
0.698213 -0.378372 -0.001323
0.690223 -0.384971 -0.001115
0.705864 -0.369251 -0.000124
0.731640 -0.396071 -0.005219
0.739863 -0.384749 0.007962
0.748162 -0.380090 -0.017594
0.755218 -0.385000 0.003261
0.764533 -0.378123 -0.003854
0.785214 -0.396065 0.012807
0.811302 -0.394761 -0.004805
0.826682 -0.387672 0.007508
0.839474 -0.383030 -0.008296
0.848160 -0.377643 0.001366
0.873023 -0.384495 -0.005421
0.876081 -0.390388 0.004587
0.895970 -0.384670 -0.012151
0.907118 -0.403894 0.005002
0.916949 -0.368481 -0.013926
0.944491 -0.374137 -0.009203
0.972916 -0.363401 0.002564
0.974281 -0.392925 -0.006958
0.998179 -0.378916 0.001137
0.994012 -0.385261 -0.002227
-1.014847 -0.388317 0.008756
-0.986602 -0.382324 -0.006315
-0.956576 -0.380576 0.001008
-0.954413 -0.361779 0.000413
-0.935130 -0.377521 0.000174
-0.925960 -0.360416 0.008613
-0.930191 -0.382655 -0.002120
-0.903902 -0.369048 0.002184
-0.885954 -0.384158 0.011932
-0.866138 -0.359705 -0.006523
-0.856867 -0.387832 -0.000924
-0.849877 -0.364479 0.012866
-0.835704 -0.369598 0.005061
-0.818763 -0.356187 0.008891
-0.782671 -0.380744 -0.006614
-0.784151 -0.370703 0.000802
-0.775244 -0.402557 0.004938
-0.747793 -0.366198 0.001513
-0.748280 -0.379173 -0.000806
-0.729420 -0.399691 0.002759
-0.708367 -0.373509 -0.001507
-0.693672 -0.371037 0.001734
-0.699616 -0.359670 0.012664
-0.659964 -0.371804 0.003271
-0.642634 -0.378854 -0.000745
-0.648354 -0.360580 0.007662
-0.623005 -0.381906 -0.014865
-0.613365 -0.363342 0.003542
-0.602839 -0.375287 0.000101
-0.587028 -0.367911 -0.001160
-0.574718 -0.375384 0.018185
-0.556274 -0.362784 0.006261
-0.537147 -0.390493 -0.014885
-0.517417 -0.377075 0.011474
-0.513163 -0.376959 -0.012498
-0.481385 -0.381867 0.001231
-0.491921 -0.377609 -0.006012
-0.468075 -0.374896 0.000972
-0.474431 -0.357921 -0.012120
-0.432046 -0.370426 -0.005226
-0.431253 -0.371492 0.014982
-0.394844 -0.383317 -0.002734
-0.385977 -0.386501 0.000012
-0.389938 -0.359683 -0.004197
-0.365222 -0.365129 0.013759
-0.339074 -0.384947 -0.010303
-0.348457 -0.365748 0.014223
-0.321935 -0.376373 -0.011868
-0.303304 -0.363565 0.006323
-0.304588 -0.381396 0.017740
-0.302867 -0.371473 -0.001956
-0.249317 -0.364838 -0.005742
-0.253480 -0.383700 -0.001576
-0.231455 -0.382048 0.008729
-0.228028 -0.361829 -0.000800
-0.207466 -0.371742 0.001389
-0.204513 -0.358981 -0.000920
-0.170242 -0.367066 -0.001825
-0.172132 -0.358899 -0.009486
-0.145861 -0.380537 0.013359
-0.121454 -0.380144 0.006077
-0.125358 -0.371951 -0.030676
-0.109160 -0.378861 0.002227
-0.083505 -0.377508 -0.006663
-0.088768 -0.379045 -0.003034
-0.071974 -0.368010 -0.004865
-0.040753 -0.357749 -0.009836
-0.034847 -0.360133 -0.010054
-0.018798 -0.380180 -0.009848
-0.007580 -0.378962 0.004575
0.003934 -0.366788 0.012960
0.030103 -0.373031 -0.004299
0.042409 -0.377146 0.000666
0.048488 -0.376447 -0.004691
0.060337 -0.383894 -0.007369
0.078934 -0.385112 -0.009048
0.083134 -0.371745 0.002281
0.102106 -0.376512 0.007648
0.105106 -0.381709 -0.007869
0.140839 -0.390834 -0.002669
0.166296 -0.376354 -0.003115
0.159785 -0.365331 -0.007141
0.180412 -0.394364 -0.002143
0.190612 -0.361064 -0.003762
0.204376 -0.394174 -0.000655
0.223523 -0.358926 -0.008558
0.249130 -0.365957 -0.003635
0.258794 -0.362616 -0.006664
0.249966 -0.357659 -0.016019
0.296979 -0.374530 -0.008366
0.294789 -0.374718 -0.009103
0.302072 -0.387124 0.021281
0.331200 -0.401793 -0.010522
0.343695 -0.361017 -0.013499
0.348791 -0.377863 -0.002369
0.349794 -0.373333 -0.005756
0.372639 -0.373138 -0.015910
0.414841 -0.373304 0.013323
0.410441 -0.368678 -0.008603
0.419925 -0.366459 -0.002143
0.451978 -0.369802 0.009897
0.449789 -0.383174 -0.003447
0.467449 -0.380430 -0.007395
0.469115 -0.381322 -0.010531
0.487910 -0.375398 -0.008075
0.519081 -0.382516 -0.005437
0.534511 -0.384275 -0.002729
0.537505 -0.357818 -0.018358
0.561680 -0.385740 -0.007256
0.549098 -0.382264 -0.004951
0.578199 -0.363470 0.000186
0.597873 -0.378247 0.010507
0.598400 -0.381093 0.003130
0.612018 -0.362616 0.020400
0.642214 -0.379589 0.008555
0.655030 -0.364898 0.009638
0.665906 -0.381854 -0.013868
0.703478 -0.376788 -0.006520
0.700462 -0.372670 0.006160
0.713450 -0.349070 0.012596
0.734136 -0.371027 0.002640
0.737479 -0.368068 -0.003846
0.753047 -0.372965 0.003562
0.775466 -0.378759 0.010633
0.784938 -0.383715 -0.003575
0.821625 -0.378270 -0.007262
0.824779 -0.379793 0.002463
0.827828 -0.382587 -0.008213
0.832337 -0.376683 -0.013042
0.867766 -0.368408 0.010301
0.871051 -0.380598 0.013483
0.887434 -0.375908 -0.014196
0.889572 -0.369147 -0.002929
0.912927 -0.370556 -0.002014
0.922272 -0.377662 -0.014126
0.930845 -0.379573 -0.008155
0.969793 -0.372902 0.011051
0.971083 -0.356440 -0.002825
0.972129 -0.378274 0.003988
1.008465 -0.376031 -0.018764
-0.999194 -0.368820 -0.006877
-0.984540 -0.377187 -0.011333
-0.964678 -0.360096 -0.011019
-0.959482 -0.349830 -0.014843
-0.932381 -0.374187 0.014998
-0.936191 -0.356317 -0.000295
-0.906751 -0.354575 -0.001105
-0.904138 -0.364071 0.014055
-0.880367 -0.336416 -0.010981
-0.882459 -0.344280 0.004113
-0.849274 -0.362566 0.000912
-0.846117 -0.363533 0.011870
-0.836723 -0.365640 0.006529
-0.818091 -0.354368 -0.010416
-0.800332 -0.356635 -0.006812
-0.783152 -0.345956 -0.005881
-0.785789 -0.361497 0.019724
-0.751530 -0.370718 -0.005317
-0.739154 -0.360967 -0.002058
-0.717670 -0.370404 0.022383
-0.705863 -0.363460 -0.002442
-0.689349 -0.354403 -0.029449
-0.682982 -0.361042 0.008174
-0.687230 -0.352091 0.006044
-0.654501 -0.374704 0.014566
-0.657843 -0.359128 -0.003314
-0.641027 -0.343186 0.016156
-0.603041 -0.356076 -0.005543
-0.588601 -0.354906 0.003719
-0.570174 -0.378984 -0.012698
-0.571658 -0.357160 -0.000463
-0.537560 -0.339453 -0.008345
-0.539430 -0.351835 0.009056
-0.517751 -0.368983 -0.003963
-0.521606 -0.358915 -0.008573
-0.502201 -0.361383 -0.005667
-0.465926 -0.356842 -0.016861
-0.472523 -0.348909 -0.005714
-0.466206 -0.359652 0.007986
-0.437539 -0.346012 0.000349
-0.418826 -0.373854 -0.003414
-0.398935 -0.364841 0.009356
-0.402268 -0.353211 -0.012365
-0.385173 -0.338400 -0.005858
-0.374897 -0.355872 -0.002259
-0.341272 -0.357152 0.012393
-0.350264 -0.375966 0.013775
-0.334506 -0.371640 -0.000392
-0.302313 -0.377462 0.008249
-0.301025 -0.361080 0.006480
-0.277846 -0.365074 0.008209
-0.277558 -0.364391 0.007810
-0.249325 -0.358243 0.006087
-0.228578 -0.366198 -0.000662
-0.225294 -0.354745 0.003314
-0.201367 -0.368369 0.008762
-0.217673 -0.364198 0.012566
-0.162219 -0.381087 0.005209
-0.168746 -0.359762 -0.007025
-0.154989 -0.360575 0.002472
-0.154587 -0.355782 0.015050
-0.146289 -0.366677 0.008781
-0.086982 -0.370848 0.004933
-0.098090 -0.374946 0.018536
-0.076303 -0.379658 0.002177
-0.069163 -0.361017 -0.001913
-0.046075 -0.371446 0.010585
-0.047061 -0.350084 -0.000463
-0.029195 -0.384580 0.006486
-0.015305 -0.365555 0.026754
-0.005149 -0.358394 0.008078
0.011556 -0.363776 -0.020420
0.032041 -0.363835 0.005310
0.058919 -0.353960 0.008323
0.073653 -0.365960 0.004781
0.053336 -0.372703 -0.033533
0.080377 -0.386421 0.020974
0.104995 -0.344207 0.002808
0.128350 -0.359318 -0.016490
0.123554 -0.353691 -0.006237
0.147031 -0.356915 0.001069
0.164390 -0.360884 -0.000302
0.176832 -0.357387 0.002752
0.180784 -0.360307 -0.024380
0.222237 -0.367866 0.013083
0.209869 -0.350467 0.003023
0.235663 -0.372139 0.009957
0.243957 -0.364040 0.009190
0.264994 -0.354189 0.003817
0.269814 -0.374006 0.009402
0.294999 -0.366303 -0.000883
0.320664 -0.352226 0.005774
0.321857 -0.359113 -0.003668
0.341591 -0.355901 -0.017129
0.338708 -0.361784 0.007131
0.355129 -0.364517 -0.014990
0.374322 -0.347067 0.005771
0.394666 -0.348071 0.007509
0.416521 -0.360065 0.002410
0.418675 -0.328026 0.022331
0.422039 -0.363776 -0.006018
0.437068 -0.359927 -0.000002
0.455055 -0.354768 0.006872
0.489809 -0.356953 -0.007007
0.516635 -0.371418 -0.003103
0.509074 -0.354830 -0.000312
0.534109 -0.349403 0.000094
0.535268 -0.380661 0.010249
0.574775 -0.357133 -0.000472
0.572702 -0.359345 0.010463
0.586871 -0.343295 -0.005467
0.592351 -0.358869 0.007345
0.615297 -0.367580 -0.006669
0.617290 -0.364648 -0.001201
0.633943 -0.354069 0.013912
0.657180 -0.341980 0.010346
0.686832 -0.356394 -0.009777
0.680543 -0.361698 0.011457
0.695467 -0.382359 -0.009476
0.712378 -0.354376 -0.001637
0.730274 -0.360548 -0.004095
0.754976 -0.374157 -0.003522
0.751688 -0.348693 -0.008527
0.770982 -0.346273 -0.000037
0.801160 -0.360656 0.014416
0.814372 -0.358552 0.030522
0.817714 -0.355756 0.000452
0.825241 -0.361201 -0.001577
0.837445 -0.355484 0.005639
0.851318 -0.361173 -0.016142
0.855927 -0.343177 0.010118
0.887560 -0.365893 0.007408
0.908599 -0.364957 0.000578
0.920560 -0.371659 -0.018186
0.939894 -0.363932 0.006233
0.953767 -0.355485 0.007623
0.948087 -0.360161 0.011803
0.982404 -0.373934 0.003717
0.973137 -0.362540 0.009120
0.999693 -0.360631 -0.001310
-0.996844 -0.349964 0.001117
-0.967555 -0.330785 0.009698
-0.971704 -0.356393 -0.006790
-0.954655 -0.357260 -0.002499
-0.949649 -0.348175 -0.001179
-0.914685 -0.347636 -0.009354
-0.917763 -0.344078 0.006998
-0.896291 -0.339344 0.000422
-0.887865 -0.333632 0.003250
-0.878204 -0.324653 0.008914
-0.877225 -0.353450 -0.002744
-0.841203 -0.348845 -0.000631
-0.818066 -0.343885 0.013860
-0.817048 -0.349823 0.000703
-0.801958 -0.365037 0.012564
-0.787551 -0.337654 -0.002304
-0.782015 -0.348326 -0.011915
-0.765797 -0.340344 0.006258
-0.738446 -0.332277 0.010011
-0.702519 -0.327278 -0.011710
-0.693561 -0.351508 -0.004597
-0.700369 -0.346772 0.001562
-0.690758 -0.346184 0.006809
-0.671339 -0.355512 -0.019561
-0.653782 -0.341598 0.004457
-0.646036 -0.346377 0.006985
-0.620603 -0.347598 0.017870
-0.610322 -0.339057 -0.014837
-0.599879 -0.335286 0.001591
-0.591616 -0.352765 0.008499
-0.594902 -0.353879 0.002601
-0.550382 -0.362304 -0.003329
-0.541011 -0.369879 0.001723
-0.514503 -0.351811 -0.002532
-0.519082 -0.362530 0.005940
-0.503260 -0.342584 0.002283
-0.479420 -0.337087 0.004253
-0.459321 -0.353944 0.010595
-0.460448 -0.337356 -0.011954
-0.442552 -0.345414 -0.004285
-0.416226 -0.354244 0.025307
-0.385349 -0.347803 -0.012526
-0.393265 -0.370453 -0.006825
-0.379228 -0.343714 -0.004709
-0.389232 -0.341791 -0.001836
-0.346055 -0.345701 0.008324
-0.328992 -0.361022 -0.011087
-0.337063 -0.345292 0.005249
-0.306243 -0.335294 -0.005879
-0.288853 -0.341170 -0.005984
-0.268808 -0.337098 -0.007783
-0.264848 -0.337924 0.006370
-0.243534 -0.350221 0.000369
-0.236577 -0.343539 0.003516
-0.223143 -0.348813 -0.001641
-0.208266 -0.340736 -0.001783
-0.198565 -0.357198 -0.001180
-0.157314 -0.357440 -0.005511
-0.159861 -0.341700 -0.001276
-0.149858 -0.338804 -0.009045
-0.122011 -0.363298 0.007930
-0.113711 -0.353211 -0.006060
-0.108864 -0.336818 0.005964
-0.076657 -0.337633 -0.008711
-0.073654 -0.353548 -0.003064
-0.070006 -0.337741 0.009030
-0.051496 -0.331573 -0.000570
-0.043366 -0.344668 0.013476
-0.025476 -0.343308 0.005220
-0.006535 -0.352840 0.016056
0.014467 -0.361564 0.006508
0.011294 -0.335213 0.009597
0.042888 -0.344256 -0.022714
0.045672 -0.354176 -0.002565
0.057658 -0.335318 -0.000121
0.067934 -0.340611 -0.011786
0.102440 -0.350542 -0.012175
0.102182 -0.324171 0.001392
0.120551 -0.337882 -0.005891
0.137051 -0.345597 -0.021311
0.153351 -0.355665 -0.008868
0.169901 -0.333131 -0.007279
0.174643 -0.338289 -0.019009
0.200678 -0.350633 -0.007963
0.210434 -0.345215 0.000561
0.225191 -0.321693 0.001242
0.243301 -0.353275 0.005071
0.259030 -0.346937 0.012346
0.263140 -0.352195 0.011114
0.299532 -0.340196 0.004735
0.308756 -0.345694 -0.004228
0.319703 -0.353236 0.008656
0.321397 -0.346503 0.013163
0.342251 -0.336771 0.002606
0.362189 -0.348977 0.021687
0.372527 -0.342876 0.004603
0.386504 -0.331449 0.008236
0.392148 -0.355753 -0.004955
0.414101 -0.345042 -0.000562
0.418087 -0.339055 0.015537
0.438425 -0.346289 -0.003492
0.452489 -0.360413 0.016030
0.463888 -0.337886 -0.005689
0.494686 -0.353429 -0.011125
0.490019 -0.345945 -0.015702
0.498888 -0.338716 -0.016889
0.529340 -0.355069 -0.021052
0.555359 -0.352701 0.002096
0.569060 -0.349376 0.003934
0.573219 -0.344823 0.007829
0.589482 -0.350961 0.013821
0.603170 -0.346028 -0.006965
0.603822 -0.342045 0.009845
0.632079 -0.346857 -0.001330
0.652463 -0.354609 0.001635
0.648426 -0.350617 0.000249
0.671357 -0.356293 0.005228
0.672586 -0.324718 -0.008116
0.700508 -0.334243 0.011703
0.723769 -0.340102 0.019280
0.716562 -0.352486 0.024965
0.725615 -0.349401 -0.001730
0.750816 -0.337665 -0.006061
0.765233 -0.327655 0.006820
0.788334 -0.344517 -0.007411
0.793228 -0.346872 0.010502
0.813167 -0.362659 -0.000295
0.828989 -0.329039 0.002258
0.831370 -0.337496 -0.009419
0.850401 -0.359077 -0.006747
0.871830 -0.349500 -0.018111
0.886512 -0.330876 -0.012509
0.898588 -0.331069 0.006218
0.912167 -0.359408 -0.004790
0.928816 -0.337535 -0.000714
0.941726 -0.353398 0.004275
0.957730 -0.333598 -0.008910
0.966610 -0.350547 0.012376
0.970487 -0.343212 -0.005913
0.982500 -0.364154 0.013125
-1.011757 -0.322964 0.005248
-0.993647 -0.345484 0.017626
-0.971515 -0.343018 -0.014560
-0.955406 -0.308787 0.003071
-0.946863 -0.335876 -0.003058
-0.921715 -0.329211 0.021433
-0.913973 -0.332688 0.025772
-0.909806 -0.325886 0.005405
-0.875708 -0.332797 0.026527
-0.866921 -0.332819 0.003874
-0.866430 -0.317633 -0.003177
-0.848324 -0.324260 -0.006174
-0.820443 -0.357638 -0.004179
-0.826211 -0.330080 -0.007666
-0.824884 -0.339933 0.013593
-0.779476 -0.320417 0.004694
-0.764938 -0.332854 -0.015242
-0.751897 -0.336596 0.001736
-0.740583 -0.337417 -0.006219
-0.717753 -0.349638 -0.005868
-0.728949 -0.335939 -0.005271
-0.696513 -0.329773 0.002487
-0.691732 -0.334491 0.000333
-0.657118 -0.327746 0.016594
-0.671636 -0.349690 0.013679
-0.642158 -0.317527 0.018112
-0.609414 -0.347958 0.006401
-0.622961 -0.332663 -0.040487
-0.587261 -0.332013 -0.006455
-0.567082 -0.336184 0.023796
-0.568556 -0.336401 0.000112
-0.544587 -0.322022 -0.001218
-0.537374 -0.320061 -0.009265
-0.535475 -0.315593 -0.006789
-0.504665 -0.329650 -0.004349
-0.505998 -0.341894 -0.000316
-0.483439 -0.337490 -0.004437
-0.465475 -0.327085 -0.002594
-0.466799 -0.330687 -0.008293
-0.431985 -0.326285 0.002339
-0.414144 -0.318544 0.001783
-0.410004 -0.326904 -0.001109
-0.395672 -0.326961 -0.024823
-0.373984 -0.344942 0.009637
-0.361038 -0.352250 -0.009981
-0.357734 -0.341126 -0.016978
-0.339376 -0.330726 -0.005583
-0.341678 -0.326963 -0.011134
-0.318047 -0.325630 0.003378
-0.302669 -0.352601 0.010657
-0.280932 -0.332287 -0.010909
-0.288737 -0.349473 -0.006433
-0.236333 -0.318575 -0.017311
-0.238818 -0.310730 -0.000005
-0.217177 -0.340109 -0.005931
-0.224276 -0.320825 0.016449
-0.179204 -0.333847 0.000591
-0.180488 -0.328530 0.005633
-0.172171 -0.328969 0.003503
-0.159632 -0.336731 -0.006532
-0.123650 -0.328376 -0.003687
-0.117062 -0.339466 0.017101
-0.104624 -0.318516 0.016707
-0.101824 -0.352631 0.011579
-0.097904 -0.328064 -0.000111
-0.054421 -0.326951 -0.013554
-0.043304 -0.331276 0.007779
-0.025162 -0.314603 -0.002595
-0.015999 -0.320022 0.023367
-0.010530 -0.312495 0.003501
0.017374 -0.339243 -0.001411
0.023365 -0.335533 0.012422
0.042344 -0.335425 0.004198
0.047418 -0.329286 -0.000168
0.032775 -0.330973 -0.014840
0.067356 -0.347626 -0.000444
0.087545 -0.345136 0.006823
0.109642 -0.343628 0.010853
0.124501 -0.340190 0.015529
0.132484 -0.332694 0.023705
0.164082 -0.329010 -0.020267
0.161877 -0.344299 0.016265
0.185724 -0.330587 0.013447
0.194092 -0.336830 -0.002964
0.221980 -0.338579 -0.007371
0.234807 -0.333767 0.001014
0.247272 -0.335971 0.006413
0.250558 -0.330694 0.009909
0.284993 -0.306778 0.011734
0.287389 -0.332078 0.000626
0.301712 -0.324040 -0.006217
0.327732 -0.333689 -0.016975
0.327823 -0.335030 0.007050
0.349609 -0.332340 -0.007295
0.360843 -0.316957 0.011639
0.372929 -0.347668 -0.003297
0.387628 -0.330911 -0.023471
0.411497 -0.340358 -0.002587
0.427740 -0.312720 -0.000681
0.426420 -0.331957 -0.001546
0.437852 -0.348547 -0.002293
0.459624 -0.337839 0.013479
0.468131 -0.328727 0.013501
0.488575 -0.344568 0.004335
0.508285 -0.332267 -0.019480
0.522246 -0.342955 0.005090
0.533687 -0.342065 -0.011761
0.538760 -0.340822 0.008502
0.551845 -0.327941 -0.002448
0.571867 -0.341183 0.006681
0.583714 -0.347616 0.015436
0.593985 -0.341157 0.000952
0.593517 -0.328578 -0.002009
0.630525 -0.331802 0.013578
0.625121 -0.326385 0.004280
0.640293 -0.323089 0.013903
0.672910 -0.321990 0.000327
0.691631 -0.355525 0.003699
0.718796 -0.325751 0.008470
0.720509 -0.339787 0.003540
0.738499 -0.313903 -0.002090
0.742993 -0.341259 -0.009587
0.749966 -0.343613 -0.017556
0.773219 -0.337733 0.003049
0.779588 -0.335278 0.006447
0.796261 -0.338853 0.002635
0.827673 -0.336494 0.007791
0.839872 -0.329792 0.012796
0.834358 -0.339141 0.008627
0.848842 -0.332812 -0.005094
0.865086 -0.343152 -0.005716
0.874773 -0.343526 -0.012294
0.891579 -0.319080 -0.005185
0.906522 -0.337804 -0.003750
0.915097 -0.334643 -0.008414
0.953847 -0.332992 0.011512
0.960074 -0.340299 -0.003895
0.981696 -0.348367 -0.002540
0.988267 -0.324119 0.001231
0.997433 -0.331497 -0.005368
-1.004774 -0.307825 -0.000448
-0.988938 -0.322967 -0.000711
-0.976439 -0.314099 0.009962
-0.948242 -0.315820 -0.007209
-0.943611 -0.299646 0.032675
-0.915569 -0.312259 -0.014755
-0.913359 -0.308935 -0.000236
-0.907079 -0.327136 0.004533
-0.882273 -0.319067 0.010732
-0.855009 -0.317668 0.003156
-0.851430 -0.301222 0.003451
-0.838344 -0.328393 -0.001592
-0.834127 -0.331915 0.007985
-0.808813 -0.328940 0.007461
-0.796607 -0.310262 -0.002750
-0.782345 -0.320948 -0.006716
-0.776671 -0.317238 -0.002019
-0.762105 -0.306876 -0.004973
-0.742170 -0.317043 0.014952
-0.730189 -0.314643 0.002521
-0.711906 -0.323064 0.005340
-0.716912 -0.313547 -0.016026
-0.670106 -0.307802 0.006452
-0.666603 -0.330323 -0.009621
-0.655071 -0.326860 -0.001245
-0.631011 -0.328001 0.018459
-0.625807 -0.331754 -0.016282
-0.608918 -0.329350 0.006028
-0.598523 -0.331381 0.017501
-0.580288 -0.300224 0.005554
-0.559559 -0.321766 0.006360
-0.539968 -0.320058 0.005758
-0.553967 -0.312991 -0.003639
-0.527449 -0.329066 0.015259
-0.517432 -0.300222 -0.006354
-0.502050 -0.315818 -0.003356
-0.492157 -0.331762 -0.010581
-0.478393 -0.317143 -0.003126
-0.445901 -0.309980 0.016846
-0.450386 -0.322695 0.023868
-0.417243 -0.318898 -0.015258
-0.415392 -0.300150 0.005715
-0.410134 -0.302013 0.005914
-0.375629 -0.322709 -0.007182
-0.371821 -0.344583 0.010853
-0.340698 -0.334408 0.001127
-0.346936 -0.319335 0.001096
-0.322388 -0.303688 -0.017294
-0.308241 -0.318618 -0.005429
-0.298372 -0.306856 -0.007340
-0.252290 -0.306799 0.003834
-0.270265 -0.314272 0.005701
-0.258824 -0.302918 0.001792
-0.239939 -0.300861 0.013058
-0.215690 -0.320817 0.008125
-0.201838 -0.318414 0.009447
-0.190932 -0.322646 0.013728
-0.183555 -0.313068 0.004936
-0.158058 -0.313324 0.013102
-0.136353 -0.334562 -0.005521
-0.133857 -0.315373 -0.006191
-0.120804 -0.311271 -0.014014
-0.113515 -0.303132 -0.013486
-0.104133 -0.320970 -0.006942
-0.068616 -0.313332 0.031332
-0.068824 -0.318033 -0.013232
-0.036431 -0.324775 0.007027
-0.048026 -0.326691 0.017973
-0.016652 -0.313158 -0.002381
-0.013071 -0.326879 -0.004741
0.003768 -0.324427 0.003197
0.024056 -0.311402 0.007138
0.060471 -0.312304 -0.016474
0.040331 -0.319141 0.011458
0.063082 -0.321230 -0.001233
0.075826 -0.312883 -0.016895
0.080383 -0.327145 -0.006038
0.117195 -0.326418 0.015037
0.132015 -0.315279 0.000930
0.138234 -0.303002 0.013885
0.168926 -0.331290 0.008131
0.152772 -0.302113 -0.003463
0.164628 -0.311626 0.004330
0.193455 -0.299059 -0.002562
0.206919 -0.322839 -0.012191
0.234634 -0.348597 0.003407
0.245402 -0.311753 0.017285
0.251728 -0.320438 -0.014091
0.269070 -0.331843 -0.004337
0.276807 -0.328445 -0.015197
0.295260 -0.334915 0.002905
0.298367 -0.309208 -0.013033
0.321310 -0.324621 -0.010045
0.345587 -0.319832 0.004214
0.343097 -0.324835 0.006688
0.371427 -0.327151 -0.006187
0.383914 -0.324287 -0.003174
0.371506 -0.313786 -0.000895
0.412846 -0.319789 0.006940
0.417304 -0.316463 0.002468
0.432746 -0.298777 0.002241
0.437794 -0.324541 0.011752
0.458430 -0.310256 -0.012988
0.481218 -0.321052 -0.001505
0.506670 -0.330288 -0.008819
0.517727 -0.316735 0.012393
0.535551 -0.319177 -0.007196
0.513895 -0.322194 -0.007171
0.546625 -0.330709 -0.001491
0.574984 -0.320060 -0.008457
0.582953 -0.320926 0.012936
0.594372 -0.319678 0.002497
0.602385 -0.319290 -0.010020
0.614969 -0.316078 -0.008607
0.651470 -0.331240 0.008779
0.651716 -0.321544 -0.016014
0.679758 -0.327142 -0.006203
0.670388 -0.311858 -0.013295
0.693363 -0.297888 0.000628
0.697166 -0.320672 0.006885
0.728952 -0.330093 -0.006924
0.731875 -0.327293 0.006259
0.754768 -0.317622 -0.001846
0.756103 -0.324389 0.003482
0.783831 -0.296924 0.006856
0.801261 -0.329284 -0.014688
0.822235 -0.326409 0.014595
0.829989 -0.300974 0.004973
0.838078 -0.311148 -0.008742
0.843895 -0.300137 -0.010872
0.871448 -0.327763 0.019609
0.900291 -0.321374 0.003782
0.888997 -0.327742 0.004587
0.909697 -0.307979 -0.013954
0.921889 -0.326167 -0.017332
0.933711 -0.319459 -0.008230
0.971706 -0.300369 -0.003879
0.981951 -0.328046 0.011863
0.993583 -0.327460 0.015687
1.005436 -0.320300 0.007742
-0.994785 -0.284749 0.019897
-0.988349 -0.294699 0.007202
-0.981832 -0.301476 0.011492
-0.950763 -0.294127 -0.015138
-0.942067 -0.304581 -0.011956
-0.929183 -0.287859 -0.002089
-0.911579 -0.300173 0.001103
-0.925995 -0.297056 -0.007709
-0.884533 -0.301200 -0.012994
-0.874522 -0.301654 0.000702
-0.838456 -0.279166 -0.012126
-0.842103 -0.288740 0.000429
-0.818109 -0.312766 0.007195
-0.815386 -0.312589 0.000559
-0.797962 -0.289983 -0.016216
-0.792385 -0.309412 0.008051
-0.784662 -0.300482 0.005767
-0.756663 -0.301714 -0.001699
-0.741073 -0.300172 0.010629
-0.732974 -0.299578 0.004074
-0.702729 -0.310961 0.004142
-0.720658 -0.309529 -0.003875
-0.686081 -0.308278 -0.010299
-0.676673 -0.312014 -0.001498
-0.651391 -0.305275 -0.003296
-0.638979 -0.292234 0.013401
-0.611546 -0.318041 -0.015534
-0.601521 -0.306790 -0.000607
-0.579994 -0.311714 -0.028449
-0.586850 -0.320067 -0.004258
-0.546256 -0.302348 0.009026
-0.560589 -0.295450 0.007975
-0.532653 -0.298035 -0.003616
-0.527991 -0.301707 0.004700
-0.522096 -0.301830 0.014648
-0.510344 -0.304652 -0.002250
-0.496380 -0.304534 -0.014960
-0.460326 -0.291535 0.007646
-0.468379 -0.306939 -0.003736
-0.445399 -0.313978 -0.013124
-0.438918 -0.309764 0.010952
-0.407237 -0.302075 0.001078
-0.407629 -0.295460 0.005461
-0.374783 -0.314310 0.001061
-0.363407 -0.309812 0.011829
-0.332823 -0.309740 -0.012721
-0.348135 -0.301870 -0.012311
-0.313511 -0.303514 -0.001029
-0.291339 -0.297891 0.010680
-0.282247 -0.289951 -0.015306
-0.279247 -0.318850 -0.003681
-0.273231 -0.300452 0.005280
-0.252083 -0.285196 0.009734
-0.235699 -0.284964 0.004346
-0.219256 -0.304889 -0.028803
-0.200016 -0.301374 -0.005109
-0.193499 -0.309784 0.005903
-0.178446 -0.300030 -0.018059
-0.172893 -0.309158 0.007356
-0.164964 -0.312349 0.010078
-0.123205 -0.299072 0.010849
-0.132602 -0.297818 -0.001343
-0.105284 -0.308837 0.002093
-0.087760 -0.309767 -0.001240
-0.079058 -0.303160 0.003907
-0.068816 -0.304127 -0.014423
-0.047818 -0.298511 0.005218
-0.054792 -0.314096 0.022815
-0.022023 -0.300101 -0.003846
0.005236 -0.320570 0.009090
0.020575 -0.307227 -0.007813
0.006720 -0.312111 0.009477
0.029319 -0.300030 -0.009285
0.059188 -0.307275 -0.004781
0.055129 -0.321070 -0.012193
0.084832 -0.308362 -0.000909
0.097059 -0.299605 0.010237
0.094340 -0.315657 -0.000932
0.114347 -0.294993 -0.018949
0.130456 -0.295061 0.008889
0.168263 -0.323245 -0.008944
0.164479 -0.293151 0.000868
0.197205 -0.326075 -0.010886
0.195855 -0.318901 -0.013130
0.200443 -0.312193 0.002456
0.228346 -0.309583 -0.007336
0.232252 -0.304068 0.010702
0.249226 -0.298394 0.011871
0.264529 -0.306241 -0.019764
0.269168 -0.311940 -0.012621
0.292708 -0.301763 0.005258
0.304003 -0.316415 -0.021721
0.336516 -0.299433 -0.008680
0.335240 -0.310018 0.001635
0.348974 -0.303795 -0.024674
0.344010 -0.301544 -0.011500
0.354536 -0.303703 0.013981
0.391518 -0.295419 0.000735
0.393957 -0.302119 -0.008092
0.411372 -0.317643 0.001758
0.439157 -0.300384 -0.015060
0.461288 -0.302512 -0.014087
0.459296 -0.318884 -0.027671
0.475338 -0.297090 0.012872
0.492009 -0.305203 -0.009667
0.520993 -0.290369 -0.000956
0.527482 -0.323832 -0.017295
0.538992 -0.303479 0.000415
0.552734 -0.312731 0.007017
0.563848 -0.305922 -0.006603
0.595851 -0.286062 0.006703
0.592402 -0.296275 0.005383
0.627704 -0.306088 -0.007615
0.604078 -0.296837 0.001804
0.646372 -0.311770 -0.008572
0.671297 -0.311693 -0.006162
0.665197 -0.288573 -0.004629
0.698577 -0.297275 -0.005795
0.670626 -0.293838 -0.005262
0.687057 -0.313982 -0.001155
0.745204 -0.316256 -0.005468
0.730479 -0.299682 -0.002492
0.760329 -0.325408 -0.001685
0.781702 -0.309363 0.000761
0.784552 -0.297142 0.010995
0.798998 -0.289812 0.012762
0.805574 -0.320519 0.002114
0.809585 -0.292618 0.001753
0.851522 -0.303139 -0.018811
0.857231 -0.306714 0.005813
0.851271 -0.283391 -0.005284
0.883262 -0.309187 0.008374
0.905897 -0.305550 -0.012895
0.922696 -0.302695 -0.011321
0.931271 -0.295158 -0.014297
0.952717 -0.314729 0.002067
0.951395 -0.286316 -0.002760
0.981070 -0.314003 -0.015563
0.976238 -0.316628 -0.003848
1.012510 -0.305561 -0.001868
-1.005493 -0.283779 0.005760
-0.982697 -0.284365 0.004648
-0.969262 -0.297917 0.007290
-0.968826 -0.278795 0.002663
-0.940847 -0.287681 -0.012172
-0.920486 -0.289344 0.000701
-0.912465 -0.294014 0.009456
-0.897142 -0.301747 0.023907
-0.892198 -0.276056 -0.005034
-0.864839 -0.295358 0.007229
-0.841675 -0.294780 -0.009391
-0.844037 -0.301435 -0.014824
-0.832295 -0.293493 0.003918
-0.814906 -0.296723 -0.007401
-0.779994 -0.294973 0.004409
-0.791430 -0.281989 -0.003592
-0.764699 -0.279955 -0.007690
-0.748994 -0.276458 -0.008165
-0.729202 -0.309979 -0.000150
-0.741307 -0.284100 -0.003118
-0.720991 -0.296914 -0.011975
-0.691482 -0.313738 -0.008292
-0.662300 -0.296661 0.000383
-0.679647 -0.284525 0.003727
-0.645842 -0.285757 -0.013515
-0.637654 -0.290830 0.014634
-0.624010 -0.274711 -0.000184
-0.631544 -0.293258 0.002398
-0.590051 -0.295474 0.002148
-0.566199 -0.304017 0.009303
-0.582558 -0.284831 0.002960
-0.547576 -0.287135 0.006536
-0.529297 -0.283035 0.013932
-0.514373 -0.290674 -0.002277
-0.502966 -0.299125 0.005836
-0.489416 -0.286720 -0.005414
-0.486779 -0.295288 0.022204
-0.474899 -0.297257 0.007433
-0.453720 -0.296344 -0.007320
-0.443452 -0.280384 0.003784
-0.433840 -0.294570 -0.010076
-0.419422 -0.284330 0.009008
-0.392918 -0.286786 0.003647
-0.376561 -0.305763 -0.010096
-0.372584 -0.282797 -0.014386
-0.343013 -0.284097 -0.001672
-0.357303 -0.297857 0.002238
-0.345499 -0.299546 -0.002757
-0.313032 -0.277826 0.006341
-0.301982 -0.280887 -0.001715
-0.267607 -0.295530 0.001053
-0.275166 -0.283533 -0.012054
-0.255302 -0.273937 -0.014617
-0.259517 -0.292080 0.011389
-0.216331 -0.291780 -0.009657
-0.206331 -0.291445 -0.009347
-0.190268 -0.303798 -0.017023
-0.162510 -0.285420 0.003023
-0.162909 -0.297434 0.000938
-0.151199 -0.283851 0.001357
-0.153382 -0.285940 -0.000199
-0.114889 -0.274237 0.019580
-0.107527 -0.276570 0.007251
-0.089772 -0.281472 0.004193
-0.077374 -0.284107 0.016472
-0.057629 -0.304930 0.001220
-0.043823 -0.277442 -0.025597
-0.032852 -0.290645 0.007873
-0.038236 -0.279103 -0.014623
0.005020 -0.287056 -0.018390
0.019565 -0.290657 0.001015
0.023260 -0.294620 -0.012930
0.027337 -0.295830 0.005624
0.064288 -0.276940 -0.012934
0.058800 -0.296981 -0.005078
0.077191 -0.289152 -0.000301
0.108254 -0.261859 -0.007298
0.122711 -0.285184 -0.008293
0.108242 -0.279060 0.004418
0.149123 -0.295909 -0.001575
0.139293 -0.285929 0.005348
0.189415 -0.301309 -0.003659
0.178995 -0.293193 -0.006131
0.204449 -0.275844 0.003902
0.197997 -0.308531 -0.000198
0.214896 -0.293641 -0.014427
0.230526 -0.288305 -0.007013
0.266393 -0.298083 0.011603
0.266216 -0.283575 -0.021644
0.282289 -0.305904 0.015448
0.303940 -0.268382 -0.020603
0.303973 -0.286002 0.013054
0.324280 -0.289412 -0.006677
0.346589 -0.291008 0.014285
0.370443 -0.294216 -0.002744
0.360239 -0.279485 -0.009453
0.385486 -0.306822 -0.002437
0.392166 -0.314988 -0.008534
0.405006 -0.297260 0.024223
0.407155 -0.282744 0.003718
0.453316 -0.297062 -0.003908
0.436218 -0.285376 -0.016864
0.462890 -0.289240 0.004176
0.489637 -0.299948 0.005624
0.476764 -0.291430 -0.016951
0.511364 -0.292545 0.017928
0.525047 -0.309886 -0.012437
0.540408 -0.287547 0.004057
0.554576 -0.288090 0.029732
0.587788 -0.297617 0.006429
0.592081 -0.289873 -0.017033
0.605321 -0.292250 -0.002288
0.612274 -0.293284 -0.003714
0.623767 -0.303792 -0.004548
0.651658 -0.286683 -0.009172
0.639937 -0.297680 -0.007028
0.653111 -0.279827 0.003513
0.707439 -0.284297 -0.011221
0.697928 -0.275893 0.004458
0.720461 -0.302178 0.012655
0.731012 -0.297123 -0.001336
0.741913 -0.280597 -0.007979
0.750121 -0.288076 0.004279
0.790907 -0.286429 0.007729
0.793379 -0.284624 -0.012303
0.812174 -0.320859 -0.009310
0.815124 -0.296962 -0.005026
0.837939 -0.295749 -0.019489
0.852644 -0.287698 0.006908
0.847661 -0.281214 -0.009968
0.861951 -0.299497 -0.004917
0.883342 -0.275898 0.007766
0.880704 -0.288338 -0.008607
0.917644 -0.281136 -0.020030
0.941489 -0.296742 -0.005574
0.957410 -0.281561 0.013854
0.965783 -0.307637 -0.008246
0.964273 -0.278968 -0.002068
1.002009 -0.294697 0.002681
1.002612 -0.290844 0.009566
-1.004976 -0.287747 0.012479
-0.973498 -0.268098 0.004775
-0.951473 -0.259454 0.012349
-0.941117 -0.263341 -0.005338
-0.946252 -0.274512 0.004206
-0.905165 -0.283339 -0.002821
-0.927353 -0.272895 0.009287
-0.886836 -0.274411 0.013913
-0.855645 -0.271530 0.009202
-0.892181 -0.277070 0.003418
-0.855021 -0.277190 -0.002887
-0.838257 -0.261648 0.008292
-0.818361 -0.296473 0.012591
-0.828208 -0.265638 -0.021206
-0.803948 -0.269719 0.014227
-0.779699 -0.280140 0.006290
-0.762965 -0.278138 -0.001790
-0.745109 -0.268712 0.003040
-0.749048 -0.267272 0.003594
-0.737469 -0.281831 -0.022514
-0.697248 -0.286863 0.013547
-0.686409 -0.276980 -0.016360
-0.680248 -0.262338 -0.002260
-0.665705 -0.260242 0.001389
-0.656732 -0.286757 0.004893
-0.647451 -0.268073 0.003851
-0.620051 -0.279347 -0.022630
-0.619163 -0.276902 -0.020063
-0.594048 -0.276844 0.003342
-0.586796 -0.279959 0.005257
-0.566245 -0.285406 0.002397
-0.537976 -0.283555 0.005631
-0.539682 -0.280140 0.004600
-0.527638 -0.278788 -0.000522
-0.492513 -0.290373 0.004015
-0.490021 -0.275626 0.011575
-0.486977 -0.274369 0.007435
-0.456012 -0.263440 0.000898
-0.443840 -0.283853 -0.008291
-0.443359 -0.261576 -0.003967
-0.432510 -0.277271 -0.001606
-0.406568 -0.311125 0.009547
-0.418570 -0.274267 -0.001520
-0.376328 -0.283274 0.004818
-0.361952 -0.272117 0.007604
-0.340821 -0.267053 -0.005792
-0.341190 -0.262280 -0.012383
-0.310839 -0.268424 0.012758
-0.307313 -0.265807 -0.003782
-0.270497 -0.272707 -0.000690
-0.279058 -0.282561 0.005350
-0.265715 -0.272657 -0.013428
-0.263020 -0.281400 -0.002685
-0.230209 -0.275960 0.011317
-0.232239 -0.278352 -0.008113
-0.218429 -0.262092 -0.016345
-0.196449 -0.287783 -0.017227
-0.176264 -0.278671 -0.019479
-0.173614 -0.268778 -0.008189
-0.151832 -0.286128 0.015451
-0.134997 -0.270687 -0.006603
-0.123509 -0.280873 -0.012915
-0.090108 -0.276263 -0.012265
-0.106571 -0.268782 0.002526
-0.078935 -0.285635 -0.003957
-0.065878 -0.286945 0.014799
-0.030531 -0.274799 0.007132
-0.025773 -0.292028 0.015225
-0.028076 -0.271285 0.000017
-0.010047 -0.266138 -0.000820
0.002280 -0.285099 -0.010222
0.013830 -0.282374 -0.008541
0.026196 -0.297195 -0.020451
0.065672 -0.263781 -0.007241
0.063818 -0.286559 -0.001997
0.078923 -0.270162 0.002067
0.096697 -0.278711 0.004639
0.111839 -0.285659 -0.010943
0.145627 -0.266004 -0.008852
0.150721 -0.265537 -0.001043
0.153220 -0.268074 0.006791
0.151672 -0.275629 0.016696
0.172256 -0.271359 -0.007689
0.200094 -0.278392 0.017946
0.199245 -0.299823 -0.000064
0.239437 -0.256011 -0.014699
0.226932 -0.275307 -0.019421
0.243771 -0.271484 0.013056
0.257817 -0.285808 0.001948
0.276626 -0.297015 -0.026796
0.292008 -0.255002 0.019080
0.294627 -0.279345 -0.009834
0.322008 -0.277005 0.002668
0.334599 -0.282265 -0.005168
0.349695 -0.272763 -0.003585
0.379960 -0.285589 0.020705
0.394112 -0.281713 0.000156
0.379285 -0.269238 -0.013043
0.397525 -0.283501 0.000964
0.435995 -0.275680 -0.009053
0.433821 -0.267747 -0.015401
0.466500 -0.276435 -0.005687
0.466559 -0.264605 -0.011077
0.489209 -0.295488 0.010145
0.497121 -0.267586 -0.001969
0.501372 -0.270984 0.001806
0.542181 -0.290557 -0.010358
0.556465 -0.293909 0.000375
0.554331 -0.273090 0.013588
0.581822 -0.266394 -0.002868
0.589619 -0.259813 0.000495
0.578985 -0.300719 -0.006354
0.624633 -0.269951 -0.002276
0.622851 -0.274016 0.006068
0.640477 -0.273920 -0.009519
0.645895 -0.288727 0.005887
0.692764 -0.284430 0.003782
0.678106 -0.284822 -0.000133
0.663603 -0.285489 -0.007445
0.703331 -0.264309 0.013992
0.730033 -0.258366 -0.009922
0.734363 -0.278760 -0.003153
0.746395 -0.273582 0.002997
0.779462 -0.271023 -0.000811
0.801597 -0.269540 0.009216
0.801473 -0.291492 -0.004212
0.826099 -0.273688 0.007745
0.827869 -0.305110 -0.004263
0.833651 -0.286221 -0.008684
0.848897 -0.259799 -0.003002
0.877730 -0.283571 -0.019689
0.894372 -0.270026 0.015761
0.892982 -0.270970 0.001966
0.921539 -0.269655 0.008327
0.925598 -0.260482 0.000211
0.942350 -0.265190 -0.000968
0.980102 -0.267559 -0.005453
0.962798 -0.288271 -0.011158
0.972613 -0.272777 -0.008240
1.009533 -0.285449 -0.006926
-0.991568 -0.253119 0.028985
-1.005511 -0.269204 0.003737
-0.976325 -0.253373 0.002632
-0.944125 -0.256230 0.010228
-0.955402 -0.256005 0.016879
-0.941655 -0.260975 0.000389
-0.892413 -0.250480 -0.012631
-0.920982 -0.260699 0.014987
-0.864363 -0.261101 -0.015054
-0.877778 -0.250459 -0.004284
-0.875479 -0.256316 -0.012011
-0.834555 -0.265683 0.000772
-0.835585 -0.265630 0.018944
-0.822269 -0.249539 -0.009966
-0.800512 -0.272511 0.003613
-0.781217 -0.251338 -0.000540
-0.756425 -0.267453 0.017207
-0.771862 -0.253709 -0.015367
-0.744786 -0.255343 0.023100
-0.735336 -0.254347 0.016289
-0.704588 -0.258298 -0.008036
-0.694643 -0.257022 -0.006355
-0.694833 -0.264535 -0.005004
-0.665729 -0.264680 0.007600
-0.635363 -0.258021 0.007215
-0.636629 -0.274301 0.003969
-0.611958 -0.284414 0.016085
-0.616967 -0.275691 -0.008265
-0.602728 -0.240403 0.000088
-0.593804 -0.273298 0.001826
-0.549060 -0.251528 -0.005891
-0.557008 -0.278042 0.000764
-0.543105 -0.273214 0.000760
-0.534940 -0.275105 0.001420
-0.499086 -0.253972 -0.009265
-0.487688 -0.264295 0.008496
-0.486363 -0.267541 -0.000815
-0.462940 -0.258900 -0.015207
-0.461645 -0.249071 0.007083
-0.423813 -0.258982 -0.010833
-0.436452 -0.271888 -0.008050
-0.405397 -0.266244 0.009983
-0.382145 -0.253762 -0.001991
-0.381371 -0.274961 -0.008192
-0.380544 -0.263237 0.013437
-0.352809 -0.263420 -0.009232
-0.332065 -0.249475 -0.008320
-0.319031 -0.245264 0.004238
-0.318533 -0.261477 -0.010568
-0.298194 -0.262494 -0.006506
-0.269245 -0.264914 0.008932
-0.261103 -0.260585 0.025671
-0.246015 -0.280108 -0.003522
-0.227217 -0.267652 0.017538
-0.226266 -0.275133 -0.011729
-0.203717 -0.274353 -0.007984
-0.190656 -0.278591 0.008692
-0.177764 -0.262284 -0.008328
-0.160152 -0.259142 -0.016019
-0.161083 -0.256751 0.012255
-0.141359 -0.269683 0.010894
-0.123601 -0.271267 0.006762
-0.112193 -0.258189 0.007717
-0.088627 -0.259248 -0.012976
-0.076813 -0.254516 -0.006817
-0.078227 -0.255768 0.018244
-0.060744 -0.276564 0.002929
-0.030350 -0.270548 -0.006609
-0.035987 -0.277689 0.008995
0.001872 -0.264975 0.001188
0.003964 -0.279175 0.009675
0.011562 -0.264697 0.017004
0.033627 -0.265416 0.018367
0.053871 -0.261587 -0.009508
0.040149 -0.273573 0.003411
0.084089 -0.254826 0.010901
0.067697 -0.255109 0.007870
0.105661 -0.258409 -0.010424
0.122119 -0.240695 -0.001252
0.131069 -0.267175 0.002173
0.145104 -0.268768 -0.011187
0.158402 -0.260355 -0.010944
0.174130 -0.251140 0.007700
0.192475 -0.253460 0.002638
0.214107 -0.247491 0.004936
0.218882 -0.279456 -0.011597
0.243932 -0.269875 -0.010161
0.270049 -0.275398 -0.002929
0.278583 -0.263809 0.006084
0.283723 -0.276437 -0.005983
0.294815 -0.267424 0.017731
0.301866 -0.261034 0.007693
0.322077 -0.236883 0.011960
0.338877 -0.266290 -0.010736
0.351368 -0.243036 -0.015046
0.368211 -0.268372 0.006252
0.393783 -0.269966 0.012004
0.388688 -0.253242 0.003869
0.393877 -0.250224 -0.008718
0.422160 -0.252580 0.010687
0.427619 -0.273880 -0.009421
0.457258 -0.272946 -0.014273
0.466155 -0.267542 0.007597
0.475964 -0.275089 -0.004028
0.502100 -0.255125 -0.009439
0.496351 -0.263950 0.001794
0.530081 -0.266182 0.013918
0.516055 -0.238714 0.011615
0.553685 -0.263607 -0.008647
0.582712 -0.267094 -0.001117
0.580883 -0.265389 -0.002765
0.590862 -0.265625 -0.012262
0.608309 -0.263039 -0.020414
0.618389 -0.250580 0.019768
0.639727 -0.256015 -0.015951
0.662136 -0.270632 -0.023174
0.672714 -0.256470 -0.017319
0.695433 -0.269929 0.016088
0.705991 -0.254027 -0.007966
0.711026 -0.265255 0.003137
0.738914 -0.265204 -0.004252
0.754333 -0.273976 -0.000063
0.763945 -0.252689 0.007635
0.770073 -0.237197 -0.005435
0.788983 -0.251974 0.003109
0.807554 -0.256547 -0.015999
0.820020 -0.257022 -0.019183
0.822574 -0.266458 0.013625
0.841010 -0.263700 -0.002650
0.865113 -0.250614 -0.006419
0.880245 -0.256437 -0.011643
0.886289 -0.265476 -0.000990
0.918204 -0.272131 -0.002699
0.925565 -0.273214 0.011646
0.935615 -0.259804 -0.006408
0.953407 -0.275273 0.007390
0.947379 -0.286733 0.005688
0.964925 -0.249287 0.007351
0.979036 -0.248239 0.006752
0.992851 -0.263836 -0.002384
-1.002176 -0.245838 -0.001118
-0.980919 -0.245356 -0.000047
-0.954869 -0.253893 0.004157
-0.958447 -0.254851 -0.003416
-0.933190 -0.245185 0.020863
-0.929084 -0.245257 0.009669
-0.911995 -0.244509 -0.006478
-0.887647 -0.245648 -0.002521
-0.868125 -0.251861 -0.013199
-0.867983 -0.242580 -0.006158
-0.856286 -0.256407 0.007059
-0.850040 -0.267743 -0.019154
-0.813279 -0.256834 -0.000157
-0.799225 -0.245516 0.017979
-0.785304 -0.240391 0.004053
-0.766451 -0.234099 -0.020496
-0.792906 -0.229340 0.021712
-0.744507 -0.242759 -0.012389
-0.742130 -0.245339 0.005964
-0.743592 -0.246027 0.014414
-0.712253 -0.251376 -0.013251
-0.703162 -0.244304 0.010761
-0.685920 -0.240721 -0.003195
-0.665100 -0.245632 0.012678
-0.640125 -0.252456 0.007966
-0.636755 -0.270897 0.011457
-0.618905 -0.249001 -0.001773
-0.613281 -0.253602 -0.008220
-0.581368 -0.230727 0.000276
-0.610965 -0.243730 -0.019257
-0.562626 -0.237164 0.000869
-0.563737 -0.237405 -0.002745
-0.549188 -0.248039 0.015969
-0.536908 -0.244300 0.002940
-0.526588 -0.244116 0.004271
-0.500346 -0.244078 0.000059
-0.473706 -0.247039 -0.001842
-0.453706 -0.260331 0.004547
-0.461260 -0.231645 -0.005808
-0.445552 -0.257387 -0.009409
-0.436730 -0.253181 0.014128
-0.390078 -0.252147 -0.013074
-0.379929 -0.251516 -0.006151
-0.390950 -0.240877 0.013281
-0.350752 -0.240234 0.014453
-0.356768 -0.241477 0.006616
-0.344799 -0.229003 0.005708
-0.314203 -0.253474 -0.015300
-0.311550 -0.244118 0.002872
-0.294973 -0.254795 -0.004462
-0.290561 -0.242090 0.004945
-0.263087 -0.233015 -0.000347
-0.263374 -0.246388 0.002658
-0.239490 -0.264815 -0.001212
-0.225033 -0.241415 -0.013370
-0.203857 -0.235728 0.015393
-0.204212 -0.261072 0.006469
-0.168288 -0.229841 0.000017
-0.164815 -0.257824 0.004712
-0.137707 -0.231061 -0.005166
-0.132242 -0.248218 -0.008248
-0.127943 -0.251206 0.009105
-0.106116 -0.245143 -0.019460
-0.092837 -0.243589 -0.003480
-0.086944 -0.228767 -0.010249
-0.070972 -0.236599 -0.014823
-0.067932 -0.226644 -0.008237
-0.039542 -0.252872 -0.006877
-0.029814 -0.246341 0.001295
-0.000702 -0.264987 -0.002800
-0.002465 -0.230411 0.000602
0.027725 -0.247165 0.002527
0.047387 -0.254248 0.002015
0.063275 -0.262582 -0.007054
0.048993 -0.247578 0.003375
0.084640 -0.224845 0.006978
0.090359 -0.273420 -0.001582
0.096813 -0.264660 0.002593
0.131765 -0.241353 -0.003229
0.135850 -0.254501 -0.000999
0.161665 -0.239113 0.002781
0.143696 -0.245777 0.005190
0.173632 -0.236443 -0.014746
0.188497 -0.252266 -0.004701
0.221755 -0.254880 -0.007392
0.223338 -0.247927 0.006323
0.244233 -0.256177 -0.010903
0.257232 -0.243726 -0.006399
0.281205 -0.235033 -0.001469
0.296470 -0.257459 0.006619
0.281552 -0.258049 -0.000872
0.323948 -0.233549 -0.002940
0.333138 -0.248064 0.009496
0.329926 -0.256861 0.002772
0.338803 -0.249300 -0.026400
0.346257 -0.241184 0.003469
0.380356 -0.241178 0.005251
0.382161 -0.229094 -0.005022
0.409329 -0.249355 0.008361
0.448949 -0.257944 -0.021988
0.432825 -0.244267 -0.000024
0.453170 -0.267426 0.003471
0.477396 -0.240210 -0.007849
0.457956 -0.234532 0.006500
0.493142 -0.240421 0.028867
0.494792 -0.241366 -0.011429
0.526197 -0.250319 0.003065
0.550272 -0.237224 0.013597
0.552191 -0.244973 0.016268
0.559677 -0.254669 0.004050
0.578245 -0.241053 0.008381
0.601240 -0.245262 -0.016799
0.618050 -0.251061 0.018073
0.616272 -0.243677 0.013299
0.641283 -0.262177 0.003433
0.652254 -0.237594 0.006084
0.662204 -0.234164 -0.009060
0.697606 -0.245713 -0.006385
0.697525 -0.257173 -0.028763
0.712817 -0.232992 0.005109
0.709193 -0.242293 0.014945
0.736102 -0.251359 -0.006416
0.767514 -0.249948 -0.002959
0.767239 -0.239257 0.001157
0.781564 -0.241471 0.001439
0.797231 -0.243826 0.004032
0.811634 -0.252930 -0.001286
0.805478 -0.245990 0.008494
0.850722 -0.261800 -0.000842
0.847286 -0.245026 -0.004209
0.857736 -0.247591 0.007515
0.872226 -0.259961 -0.016003
0.907856 -0.251553 0.014814
0.917992 -0.231429 0.014418
0.923576 -0.233028 0.002907
0.953296 -0.251536 0.017071
0.958682 -0.267961 -0.000361
0.981257 -0.244773 0.020962
0.971544 -0.245680 0.003320
1.005177 -0.246896 -0.003589
-0.995499 -0.242456 0.005180
-0.996830 -0.239518 0.018438
-0.970030 -0.232612 -0.011091
-0.945595 -0.230106 0.005317
-0.934891 -0.232669 0.008377
-0.931694 -0.248997 -0.004679
-0.923903 -0.249241 0.007436
-0.903690 -0.234656 0.006249
-0.891472 -0.245977 0.002513
-0.866220 -0.234804 -0.012398
-0.869974 -0.216702 0.010333
-0.855366 -0.234006 -0.015808
-0.820403 -0.237534 0.023066
-0.825812 -0.225975 -0.001913
-0.801692 -0.238027 0.010568
-0.778340 -0.246116 0.023960
-0.772445 -0.230198 0.010148
-0.765709 -0.230161 0.014580
-0.739368 -0.225309 -0.007382
-0.728490 -0.234602 0.010779
-0.715989 -0.244329 0.009401
-0.702130 -0.239013 0.006762
-0.679671 -0.230039 0.006835
-0.668262 -0.223788 0.011847
-0.667036 -0.248812 -0.012322
-0.639010 -0.229620 0.000384
-0.640273 -0.243781 0.001323
-0.611966 -0.237326 0.017641
-0.590841 -0.231001 0.007002
-0.581622 -0.235364 -0.015305
-0.580256 -0.221718 0.007827
-0.554376 -0.246825 0.023934
-0.534333 -0.247577 -0.013279
-0.519591 -0.238347 -0.019110
-0.500619 -0.235421 -0.003207
-0.503639 -0.238119 0.022181
-0.472977 -0.236963 -0.000360
-0.481108 -0.225356 0.009957
-0.450005 -0.232441 0.008541
-0.426342 -0.235251 0.007141
-0.429747 -0.238365 -0.005827
-0.408457 -0.239343 -0.015423
-0.384940 -0.239881 -0.000994
-0.383057 -0.249981 0.008944
-0.356303 -0.241759 0.009923
-0.367365 -0.224030 0.002604
-0.336951 -0.229529 -0.001042
-0.339142 -0.244035 -0.007285
-0.300751 -0.242194 -0.021968
-0.283280 -0.235824 0.010596
-0.265883 -0.246711 0.012057
-0.282020 -0.233859 -0.000977
-0.265849 -0.249816 0.013341
-0.238189 -0.238363 0.010342
-0.223228 -0.223830 0.010324
-0.212112 -0.234221 0.010564
-0.209279 -0.239811 -0.003414
-0.179245 -0.232286 0.016056
-0.164744 -0.231948 0.008515
-0.142879 -0.262742 -0.000919
-0.147218 -0.223400 0.002037
-0.120965 -0.225228 -0.018620
-0.125705 -0.228991 -0.005201
-0.087552 -0.248556 0.001982
-0.074953 -0.242348 0.011887
-0.052418 -0.227982 -0.002387
-0.048812 -0.223755 -0.002442
-0.046179 -0.240102 0.005845
-0.016242 -0.253843 0.010527
0.003952 -0.219492 -0.019319
0.013785 -0.238137 0.006567
0.024025 -0.240238 -0.002081
0.039322 -0.235446 -0.016928
0.059005 -0.231431 0.005983
0.059224 -0.235436 0.007980
0.080125 -0.241796 -0.005122
0.100274 -0.227938 -0.005247
0.122766 -0.211072 0.013284
0.143074 -0.232876 0.001777
0.138711 -0.228288 0.002993
0.150509 -0.216098 0.007702
0.183347 -0.227212 -0.007004
0.186101 -0.231323 -0.006265
0.204446 -0.221586 -0.009282
0.204902 -0.221868 0.016727
0.237346 -0.237335 -0.004258
0.240172 -0.250529 0.014053
0.253317 -0.239401 -0.004210
0.278319 -0.218237 -0.001364
0.267936 -0.225558 -0.001798
0.316142 -0.231350 0.005477
0.311277 -0.233198 -0.003159
0.307613 -0.231481 -0.001117
0.339386 -0.238558 -0.003172
0.360406 -0.234425 0.009309
0.376857 -0.226741 -0.014119
0.383106 -0.239579 -0.002673
0.404076 -0.223912 -0.010341
0.426760 -0.237314 -0.011844
0.426535 -0.241937 -0.004563
0.446702 -0.231195 0.001759
0.438604 -0.221053 -0.003129
0.491826 -0.232511 0.012892
0.481683 -0.237930 0.010750
0.490324 -0.227171 0.011419
0.525961 -0.221034 -0.006576
0.523846 -0.231204 -0.016404
0.540868 -0.237216 -0.005950
0.547087 -0.225582 0.005462
0.562822 -0.242966 -0.008417
0.573400 -0.238366 0.004592
0.606958 -0.252238 -0.008331
0.601982 -0.234714 0.002168
0.626253 -0.219360 0.006295
0.645775 -0.237082 -0.008625
0.645786 -0.243816 0.000161
0.678199 -0.212354 -0.008239
0.673461 -0.233498 0.010940
0.699662 -0.232972 -0.016265
0.707114 -0.241177 0.007187
0.722212 -0.229295 -0.010224
0.743240 -0.232610 -0.007219
0.753155 -0.226627 -0.005569
0.746799 -0.242261 -0.002401
0.792943 -0.225414 -0.006056
0.805861 -0.236070 -0.005420
0.812106 -0.253354 0.001272
0.830625 -0.225942 0.012336
0.845717 -0.234280 0.021493
0.871538 -0.226683 -0.000843
0.867232 -0.234746 0.009486
0.871610 -0.237018 -0.002365
0.897418 -0.229249 0.001944
0.922511 -0.259378 0.007334
0.919715 -0.227488 -0.000163
0.962116 -0.220960 0.022202
0.947761 -0.242839 0.013591
0.969379 -0.241058 -0.018741
0.996538 -0.235072 0.005945
1.001669 -0.213958 -0.008626
-1.006533 -0.226431 -0.007000
-1.001304 -0.218352 0.005337
-0.985628 -0.223912 0.013951
-0.979191 -0.218045 0.010364
-0.949238 -0.236506 -0.011219
-0.935881 -0.218824 -0.004344
-0.932039 -0.206114 0.019608
-0.889172 -0.226782 -0.004650
-0.878743 -0.217997 0.003995
-0.877119 -0.236759 0.002323
-0.869235 -0.220105 -0.000550
-0.839695 -0.216029 0.003778
-0.830734 -0.218800 -0.003475
-0.803484 -0.226965 0.024318
-0.790069 -0.237965 0.006366
-0.796153 -0.217369 -0.011293
-0.764033 -0.235796 -0.011323
-0.762519 -0.225579 -0.003645
-0.737985 -0.217071 0.000304
-0.730394 -0.208569 0.009249
-0.707265 -0.218230 0.004158
-0.697611 -0.202211 0.000943
-0.698421 -0.217834 -0.011553
-0.667201 -0.235929 0.010571
-0.658629 -0.215421 -0.004356
-0.651265 -0.226392 -0.009426
-0.642190 -0.214905 -0.001921
-0.605071 -0.232549 0.016708
-0.602876 -0.223157 -0.002467
-0.580423 -0.205087 0.003430
-0.565508 -0.228922 0.029704
-0.566110 -0.202144 -0.009936
-0.540470 -0.220641 -0.010734
-0.531068 -0.208273 -0.004230
-0.506178 -0.226604 -0.004317
-0.495188 -0.207538 0.007755
-0.487414 -0.219898 -0.013174
-0.482989 -0.220984 -0.001582
-0.447120 -0.208398 -0.005121
-0.439074 -0.211991 0.012684
-0.418217 -0.225479 -0.014994
-0.424949 -0.218139 -0.009624
-0.401100 -0.241778 0.011710
-0.372142 -0.222785 0.007382
-0.375219 -0.198792 0.002996
-0.334616 -0.218383 0.006348
-0.329791 -0.228569 -0.000889
-0.330980 -0.223428 -0.001946
-0.305720 -0.222209 0.014044
-0.282324 -0.229314 -0.009753
-0.291894 -0.217109 0.009184
-0.260346 -0.210934 -0.002860
-0.245846 -0.217540 0.021777
-0.236143 -0.215450 0.002914
-0.251204 -0.226092 -0.000121
-0.187222 -0.214013 -0.018086
-0.194620 -0.203510 0.007320
-0.175704 -0.221152 0.003566
-0.150411 -0.214689 0.005042
-0.147663 -0.216350 -0.004554
-0.132941 -0.220341 0.010359
-0.107934 -0.206642 0.009213
-0.106782 -0.207622 -0.011407
-0.109350 -0.227210 -0.014266
-0.074208 -0.212220 0.010004
-0.066149 -0.228849 0.015117
-0.054052 -0.218081 0.011132
-0.040680 -0.204557 -0.003392
-0.025280 -0.215091 0.004145
0.008068 -0.200965 -0.005850
0.004561 -0.220295 -0.006400
0.035053 -0.211759 0.004182
0.048190 -0.220792 0.000881
0.068456 -0.198317 0.005337
0.070167 -0.233486 0.008704
0.081886 -0.223599 -0.002316
0.088806 -0.226280 -0.002407
0.101653 -0.238028 -0.007666
0.126108 -0.205982 0.006208
0.137095 -0.213860 -0.005805
0.143623 -0.215674 0.002938
0.154969 -0.216420 0.001929
0.180136 -0.210847 -0.006469
0.196814 -0.223939 0.004912
0.201248 -0.217957 -0.004123
0.222888 -0.224085 0.004611
0.237153 -0.226036 0.005066
0.270696 -0.217792 -0.003381
0.280883 -0.240044 -0.003825
0.283484 -0.220193 -0.005842
0.281878 -0.212580 0.003204
0.318703 -0.227671 -0.013547
0.320763 -0.233774 0.015924
0.327916 -0.213151 -0.001613
0.343358 -0.210083 -0.009618
0.346873 -0.224008 0.002675
0.380003 -0.217896 0.009899
0.381260 -0.208315 -0.010021
0.398157 -0.231832 -0.007972
0.425921 -0.213723 -0.005389
0.455277 -0.217242 -0.022069
0.445197 -0.238823 -0.013398
0.465115 -0.222946 0.005118
0.490313 -0.215018 -0.005999
0.517686 -0.236943 0.001206
0.513002 -0.236872 0.000856
0.543271 -0.207581 0.010435
0.534757 -0.216121 0.003134
0.553454 -0.206185 0.005905
0.559341 -0.211978 -0.005711
0.601635 -0.218611 0.002608
0.599907 -0.223565 -0.000784
0.613384 -0.220966 0.012843
0.619675 -0.236106 -0.002814
0.635104 -0.228222 0.001934
0.654541 -0.222379 -0.009387
0.677561 -0.208867 0.000134
0.695520 -0.219575 -0.001694
0.672325 -0.222964 -0.004303
0.690332 -0.226723 -0.012825
0.738427 -0.226854 0.009722
0.736400 -0.223825 -0.011387
0.769582 -0.193065 0.014671
0.767272 -0.214151 0.010993
0.783452 -0.220849 -0.005630
0.779554 -0.216004 0.006749
0.826023 -0.233538 -0.017144
0.829288 -0.228269 0.015475
0.832400 -0.195528 0.002157
0.845819 -0.223822 -0.000516
0.868086 -0.235638 -0.018945
0.880012 -0.223428 -0.006646
0.903803 -0.227990 0.018805
0.920249 -0.216779 0.001555
0.929721 -0.193890 0.013690
0.949704 -0.209183 0.007996
0.958589 -0.204716 -0.015673
0.965600 -0.227860 -0.005262
1.008265 -0.211406 -0.001291
0.981851 -0.217262 0.016881
-1.000286 -0.203981 -0.012797
-0.971580 -0.217090 -0.013570
-0.975484 -0.196139 -0.000461
-0.945575 -0.211150 -0.012632
-0.947559 -0.199972 -0.010476
-0.943840 -0.200749 -0.001979
-0.908564 -0.199580 -0.004122
-0.898827 -0.216552 -0.000094
-0.881638 -0.203309 -0.001718
-0.891804 -0.234462 0.009663
-0.858379 -0.198870 0.010788
-0.826291 -0.202148 0.006437
-0.835597 -0.230434 -0.017795
-0.804936 -0.219088 0.008683
-0.796460 -0.208315 0.008079
-0.800070 -0.204224 -0.002275
-0.781593 -0.200678 -0.006201
-0.762256 -0.195831 -0.022730
-0.741893 -0.189692 -0.000222
-0.725603 -0.203351 -0.000823
-0.713479 -0.215307 -0.000513
-0.693719 -0.203687 -0.019625
-0.692764 -0.216022 -0.001320
-0.663949 -0.199584 0.012034
-0.638019 -0.202355 -0.007434
-0.623594 -0.211562 0.011814
-0.633260 -0.186876 -0.018118
-0.611323 -0.196445 -0.009187
-0.587808 -0.211868 -0.010460
-0.577195 -0.202200 -0.003168
-0.550942 -0.194221 0.004933
-0.555218 -0.213860 -0.016464
-0.569925 -0.210617 0.000167
-0.517532 -0.201151 -0.004829
-0.514736 -0.203636 0.009368
-0.502263 -0.208071 -0.001601
-0.486431 -0.212536 -0.003380
-0.471898 -0.194113 -0.010589
-0.446077 -0.191578 -0.009811
-0.449521 -0.197126 -0.002006
-0.425570 -0.219589 -0.010538
-0.405782 -0.214230 -0.001011
-0.375809 -0.201155 -0.007113
-0.380824 -0.196690 0.009106
-0.367393 -0.202480 0.015940
-0.334277 -0.215570 -0.002689
-0.341360 -0.210059 -0.010342
-0.340691 -0.220299 -0.013895
-0.302370 -0.185653 -0.015314
-0.293598 -0.210190 0.010928
-0.259947 -0.216413 0.009001
-0.266052 -0.214920 0.013874
-0.232754 -0.201806 -0.002116
-0.235552 -0.198577 -0.004055
-0.204662 -0.196813 -0.025858
-0.199628 -0.198013 -0.003210
-0.192131 -0.197386 0.005581
-0.194968 -0.200461 -0.011157
-0.161145 -0.194001 -0.002607
-0.135814 -0.196799 -0.002761
-0.141152 -0.203847 -0.007960
-0.140951 -0.203756 0.011337
-0.090742 -0.196568 0.011090
-0.091719 -0.185197 0.000777
-0.069056 -0.211092 -0.004657
-0.081019 -0.213390 -0.003049
-0.035081 -0.192886 0.001624
-0.053154 -0.217710 0.012128
-0.016974 -0.205112 0.004394
0.001178 -0.215014 0.012822
0.004106 -0.199125 0.002638
0.037316 -0.207244 -0.005989
0.058478 -0.203668 0.002013
0.056358 -0.212330 -0.009534
0.076388 -0.202763 0.027938
0.070725 -0.208634 0.005924
0.094515 -0.198483 0.007314
0.118342 -0.199637 -0.008573
0.106484 -0.213015 -0.021633
0.134106 -0.214062 0.004736
0.174743 -0.192716 0.015015
0.177433 -0.193298 0.019268
0.172958 -0.216793 -0.006061
0.193277 -0.204342 0.006944
0.204964 -0.194569 -0.002416
0.228290 -0.209437 0.010217
0.247138 -0.212308 -0.021311
0.273215 -0.192496 0.002618
0.278997 -0.199632 -0.005292
0.263691 -0.212256 0.025706
0.289903 -0.205999 -0.001897
0.310789 -0.199551 0.005392
0.320062 -0.208129 -0.005124
0.331749 -0.200987 -0.008477
0.337346 -0.210420 -0.006615
0.373177 -0.217081 0.007947
0.366727 -0.198799 -0.009178
0.403201 -0.213495 -0.009199
0.405485 -0.211362 -0.005722
0.435955 -0.218080 0.018950
0.443379 -0.206085 -0.000783
0.458741 -0.200036 0.018774
0.476592 -0.195201 0.019670
0.462370 -0.186482 -0.008448
0.484638 -0.208714 -0.001566
0.517387 -0.221601 0.011223
0.525132 -0.209693 -0.002241
0.550114 -0.197435 -0.014741
0.546339 -0.207204 0.005930
0.560770 -0.224113 0.016073
0.590897 -0.208629 -0.003028
0.597583 -0.208253 -0.005884
0.594672 -0.210931 -0.015445
0.642176 -0.205333 0.003595
0.645658 -0.214764 0.024577
0.676195 -0.215465 0.003917
0.679267 -0.217155 0.010029
0.685101 -0.180951 0.015423
0.700443 -0.198088 0.009775
0.703041 -0.225291 -0.005765
0.714486 -0.205204 -0.006437
0.754211 -0.199164 0.007861
0.763759 -0.198223 -0.007271
0.768160 -0.226063 -0.001092
0.786371 -0.207240 0.004482
0.808792 -0.200185 0.012885
0.804143 -0.198893 0.025338
0.802594 -0.210525 -0.005048
0.830993 -0.204924 0.020894
0.854487 -0.196676 -0.012829
0.881450 -0.181012 -0.004579
0.890521 -0.215906 0.008838
0.914428 -0.211723 -0.007321
0.924768 -0.199777 -0.002935
0.943633 -0.207391 -0.010993
0.944821 -0.215884 0.011348
0.949624 -0.196124 -0.009559
0.979714 -0.211155 -0.008281
0.990047 -0.196625 -0.002554
0.999448 -0.190425 -0.006799
-1.004111 -0.182217 0.005803
-0.982565 -0.198061 -0.001044
-0.964425 -0.191686 0.016058
-0.950833 -0.173679 0.003637
-0.932986 -0.174980 0.000425
-0.940177 -0.174644 -0.020829
-0.918627 -0.196282 -0.021822
-0.898537 -0.183689 -0.014964
-0.885812 -0.184585 0.005322
-0.856955 -0.188901 -0.013766
-0.854958 -0.177376 -0.000331
-0.856101 -0.182207 -0.005357
-0.839746 -0.204773 -0.013233
-0.830356 -0.211447 0.007992
-0.794230 -0.184950 0.015602
-0.770129 -0.211441 0.009123
-0.759751 -0.208046 0.002116
-0.747596 -0.186868 -0.013327
-0.754140 -0.197325 -0.005263
-0.715095 -0.177122 0.002187
-0.714046 -0.199109 0.018795
-0.682342 -0.196945 0.011567
-0.689484 -0.194808 -0.004761
-0.672730 -0.187056 -0.000371
-0.652837 -0.187764 0.017945
-0.629325 -0.202875 0.000147
-0.615622 -0.185067 0.020600
-0.610849 -0.199276 -0.016727
-0.598907 -0.185689 0.001670
-0.574968 -0.188558 -0.000207
-0.577811 -0.189087 0.013982
-0.546205 -0.183300 0.000218
-0.523282 -0.189787 -0.010338
-0.539046 -0.197898 0.001365
-0.505487 -0.197710 0.002824
-0.491399 -0.198834 0.013327
-0.499842 -0.196360 0.000228
-0.474767 -0.174702 0.014923
-0.462468 -0.191430 -0.013895
-0.412256 -0.199173 0.011999
-0.420529 -0.187429 0.012330
-0.416556 -0.176679 -0.014096
-0.397934 -0.191168 0.002100
-0.375399 -0.189786 0.004240
-0.363518 -0.182519 0.007636
-0.341809 -0.190434 -0.006724
-0.343756 -0.183011 0.007608
-0.324365 -0.197205 0.008197
-0.310052 -0.193703 0.007719
-0.305447 -0.191537 0.008026
-0.266769 -0.165141 0.000251
-0.261315 -0.196090 0.001148
-0.248873 -0.181288 -0.006246
-0.241127 -0.181696 -0.003595
-0.256902 -0.185935 -0.008413
-0.174138 -0.197589 0.021207
-0.197309 -0.196084 0.018524
-0.165465 -0.188430 0.006218
-0.151083 -0.187480 0.005336
-0.166928 -0.208755 0.016786
-0.131227 -0.186957 0.007339
-0.109297 -0.179813 0.004508
-0.120026 -0.198433 0.000199
-0.085842 -0.188927 0.011114
-0.051886 -0.204842 0.011778
-0.067979 -0.202043 -0.027077
-0.051406 -0.197515 0.001372
-0.033498 -0.198853 0.001675
-0.030355 -0.174514 -0.005535
0.001512 -0.179843 0.016246
0.009751 -0.180394 -0.002590
0.007571 -0.182819 -0.000034
0.045678 -0.190297 -0.002312
0.051028 -0.192848 0.001360
0.061803 -0.176803 0.011350
0.076807 -0.192790 0.001878
0.091235 -0.200627 -0.014025
0.123277 -0.201800 0.024269
0.115845 -0.212712 -0.005181
0.130417 -0.192005 -0.021385
0.151001 -0.188904 -0.001206
0.174065 -0.177284 0.001706
0.164047 -0.194955 0.007247
0.197288 -0.173306 -0.003189
0.215386 -0.196345 -0.025194
0.233198 -0.207637 0.022600
0.238061 -0.191918 -0.006056
0.258423 -0.180492 0.000234
0.260180 -0.202053 0.010770
0.281380 -0.184636 0.006822
0.295791 -0.206250 -0.018093
0.300175 -0.184901 0.013137
0.331113 -0.181995 0.007819
0.336779 -0.197675 0.004197
0.355794 -0.177290 -0.016007
0.369839 -0.187182 0.015432
0.371286 -0.200447 -0.009293
0.402236 -0.182216 0.008281
0.405623 -0.172322 -0.007666
0.418320 -0.201867 0.002096
0.434568 -0.198795 -0.017494
0.449777 -0.196674 -0.000394
0.478961 -0.180990 -0.000681
0.471384 -0.186012 -0.007203
0.495948 -0.202186 -0.002467
0.514779 -0.199682 -0.001282
0.541488 -0.184725 -0.025354
0.550764 -0.198781 0.007650
0.557819 -0.182277 -0.005406
0.570040 -0.196506 0.000930
0.600308 -0.187357 -0.010147
0.572387 -0.197619 0.002421
0.599598 -0.208806 -0.000867
0.637598 -0.186858 -0.015388
0.637541 -0.194467 -0.010624
0.633737 -0.186606 -0.014089
0.685810 -0.183189 0.003764
0.672625 -0.186485 -0.008707
0.690684 -0.185553 0.006305
0.706387 -0.179014 0.004948
0.726202 -0.201706 0.016200
0.732510 -0.173709 -0.005531
0.752277 -0.196467 -0.010376
0.780784 -0.202178 0.014537
0.784949 -0.176501 -0.017709
0.797961 -0.193461 0.004157
0.822810 -0.183135 -0.012727
0.818315 -0.177442 0.007411
0.852580 -0.214508 -0.008867
0.862707 -0.180179 -0.011085
0.861885 -0.207904 -0.000304
0.875783 -0.181493 -0.011998
0.911804 -0.185817 -0.001248
0.911192 -0.170897 0.024364
0.921295 -0.191059 0.004229
0.944914 -0.192752 -0.002366
0.963093 -0.187361 -0.006799
0.969395 -0.169342 0.002468
0.990494 -0.195622 0.005267
0.993924 -0.173367 -0.007292
-0.989964 -0.181378 0.015461
-0.977857 -0.182249 0.000867
-0.972310 -0.160358 0.011371
-0.964483 -0.175985 -0.016002
-0.949588 -0.168182 0.010076
-0.933636 -0.185345 -0.004226
-0.919988 -0.166922 0.009945
-0.899663 -0.147248 -0.007820
-0.893892 -0.176019 -0.002945
-0.860623 -0.177473 -0.010023
-0.848783 -0.182970 -0.006734
-0.829762 -0.192294 -0.013341
-0.831167 -0.198345 0.013291
-0.799892 -0.165506 0.000161
-0.786938 -0.178697 -0.002780
-0.791513 -0.186132 -0.015077
-0.789066 -0.171759 -0.006478
-0.756022 -0.162807 0.006825
-0.747232 -0.189130 -0.009682
-0.716155 -0.177467 0.012528
-0.704811 -0.182819 0.003053
-0.695037 -0.173099 0.016394
-0.681605 -0.191184 -0.007748
-0.693520 -0.199306 0.009921
-0.641058 -0.191522 0.003674
-0.643356 -0.173345 -0.003500
-0.629814 -0.173487 -0.009276
-0.612938 -0.183832 -0.006578
-0.604354 -0.158456 -0.017572
-0.568904 -0.163223 0.003478
-0.581138 -0.191495 0.004125
-0.559037 -0.167513 0.023764
-0.536016 -0.176916 0.007312
-0.516379 -0.169350 0.008256
-0.514482 -0.158302 0.019929
-0.491626 -0.171845 0.001478
-0.476740 -0.175301 -0.008148
-0.471866 -0.189406 -0.019695
-0.452382 -0.166490 -0.003313
-0.452865 -0.183900 -0.004865
-0.436771 -0.167940 0.014128
-0.414351 -0.182022 -0.010687
-0.399742 -0.171634 -0.007186
-0.389747 -0.170397 -0.005445
-0.355230 -0.192432 0.001016
-0.375270 -0.192129 -0.002009
-0.343939 -0.169974 0.003551
-0.310351 -0.170169 0.022518
-0.309730 -0.167916 -0.004806
-0.316988 -0.173253 -0.007070
-0.274028 -0.173873 0.000041
-0.260260 -0.181522 0.026432
-0.255292 -0.175738 -0.002086
-0.245521 -0.164458 -0.000495
-0.208901 -0.153053 0.011473
-0.200796 -0.179519 0.007523
-0.198841 -0.176437 0.015019
-0.187563 -0.179473 0.021171
-0.172760 -0.174538 -0.004334
-0.160353 -0.173654 0.000069
-0.120294 -0.184876 -0.014803
-0.110974 -0.177358 -0.000820
-0.124976 -0.182008 -0.007479
-0.100536 -0.156299 -0.017130
-0.076629 -0.179342 -0.002901
-0.068045 -0.168525 -0.012567
-0.024461 -0.191890 0.008740
-0.035721 -0.176832 0.018373
-0.017964 -0.172917 0.001014
-0.007782 -0.191917 -0.007000
-0.012173 -0.178301 -0.004346
0.010042 -0.176488 -0.003362
0.042891 -0.175475 -0.006975
0.039816 -0.162765 -0.005317
0.068404 -0.194633 0.009531
0.079172 -0.167492 0.019382
0.109371 -0.201586 0.015532
0.098729 -0.174016 -0.013737
0.121527 -0.164695 -0.012085
0.139713 -0.175350 0.007050
0.151073 -0.178028 0.007431
0.170439 -0.180785 0.013839
0.180641 -0.179784 -0.016165
0.170613 -0.188535 -0.009808
0.207266 -0.177993 -0.004399
0.228976 -0.188559 0.019649
0.241798 -0.186234 0.011673
0.233519 -0.178841 -0.002554
0.278702 -0.161822 0.007763
0.278193 -0.186734 -0.002504
0.297973 -0.187788 -0.014276
0.343665 -0.174009 0.005292
0.335120 -0.165294 0.003541
0.355274 -0.185348 -0.003559
0.337822 -0.197633 0.001129
0.377315 -0.164619 -0.003873
0.371695 -0.168431 -0.030127
0.382204 -0.186845 0.005751
0.412828 -0.191330 0.003511
0.434257 -0.166409 0.002168
0.431560 -0.169327 -0.010895
0.461614 -0.172140 -0.011743
0.443270 -0.171950 0.002783
0.475765 -0.172442 -0.005076
0.495896 -0.180985 -0.003338
0.525235 -0.161729 -0.014649
0.542972 -0.172103 -0.013446
0.520866 -0.144816 -0.004052
0.555097 -0.175018 0.006769
0.569722 -0.177234 -0.015516
0.591340 -0.154500 -0.004880
0.563783 -0.194952 -0.007065
0.593561 -0.171087 0.005642
0.619739 -0.159474 -0.004473
0.639934 -0.182167 0.012620
0.659944 -0.169810 -0.003192
0.666782 -0.181305 -0.015673
0.671481 -0.169353 -0.003059
0.692159 -0.182935 0.000924
0.723093 -0.176320 -0.006830
0.720839 -0.180238 -0.013254
0.735470 -0.186988 0.014766
0.762747 -0.175426 0.013198
0.755982 -0.176939 -0.005335
0.788433 -0.175229 -0.007780
0.801372 -0.173698 -0.012663
0.817534 -0.189629 -0.002723
0.824409 -0.176523 -0.006750
0.832813 -0.194879 0.010895
0.868119 -0.179105 0.010405
0.871407 -0.163884 0.007341
0.893869 -0.168759 0.001880
0.910232 -0.180032 0.001489
0.922989 -0.189384 0.013126
0.943773 -0.171172 0.003187
0.944657 -0.184860 -0.007033
0.952156 -0.185342 -0.004531
0.954951 -0.179810 0.006520
0.974648 -0.184549 -0.005484
0.985707 -0.173804 0.010331
-0.991756 -0.170528 0.026591
-0.986238 -0.168944 -0.009689
-0.952609 -0.152490 -0.012245
-0.961040 -0.142622 -0.003451
-0.951018 -0.163994 -0.019365
-0.914118 -0.170046 0.005393
-0.892643 -0.158747 -0.005631
-0.906151 -0.147846 0.014660
-0.874433 -0.154398 -0.003539
-0.844365 -0.156400 -0.010868
-0.856786 -0.173593 -0.015122
-0.835358 -0.183619 -0.011106
-0.836010 -0.161704 0.019687
-0.801260 -0.155292 0.000566
-0.812697 -0.181170 0.009840
-0.773437 -0.174510 -0.002785
-0.768463 -0.155176 -0.010314
-0.752781 -0.135105 -0.003451
-0.752752 -0.184177 0.006461
-0.724300 -0.161493 -0.013584
-0.715133 -0.157340 -0.000337
-0.699546 -0.161223 -0.001035
-0.668166 -0.150573 -0.017071
-0.681144 -0.167419 -0.009320
-0.641334 -0.164622 -0.003182
-0.645048 -0.167445 0.000949
-0.633355 -0.157148 -0.009134
-0.607113 -0.148604 0.003010
-0.593830 -0.167934 0.015752
-0.590668 -0.185466 -0.005535
-0.577376 -0.171971 -0.009484
-0.575042 -0.191765 -0.003378
-0.533191 -0.185515 -0.010525
-0.528088 -0.151914 0.008817
-0.498209 -0.156432 0.001683
-0.506601 -0.163169 -0.007301
-0.470690 -0.171682 0.007275
-0.462072 -0.149850 -0.006305
-0.457425 -0.169500 -0.005678
-0.433504 -0.184698 0.005274
-0.430027 -0.165871 -0.015472
-0.420844 -0.171844 -0.011832
-0.392604 -0.167846 -0.019550
-0.375721 -0.152639 -0.007314
-0.380229 -0.168670 0.015576
-0.363307 -0.156512 -0.005917
-0.336432 -0.157971 0.001869
-0.341921 -0.162283 -0.019135
-0.294090 -0.165198 0.015497
-0.301992 -0.169278 -0.005353
-0.274617 -0.167121 -0.003667
-0.270306 -0.155293 0.000581
-0.234274 -0.166162 -0.001340
-0.231058 -0.173638 -0.007621
-0.222129 -0.171666 -0.002101
-0.210635 -0.154153 0.003659
-0.206000 -0.152965 -0.012669
-0.172270 -0.170710 -0.013667
-0.160396 -0.156180 -0.005632
-0.151310 -0.178022 0.011661
-0.130522 -0.157778 0.005905
-0.116325 -0.168849 -0.012867
-0.096331 -0.155901 -0.010444
-0.091103 -0.167872 -0.001543
-0.062999 -0.165789 -0.013117
-0.064810 -0.152566 0.003196
-0.033832 -0.140474 -0.000423
-0.029017 -0.151634 0.002150
-0.032294 -0.158658 0.001761
-0.023406 -0.177445 0.003156
-0.005171 -0.180436 -0.003791
-0.000193 -0.161569 0.010333
0.058489 -0.170676 -0.025269
0.047001 -0.159952 -0.012871
0.069257 -0.164470 0.015337
0.080038 -0.161735 0.005939
0.085036 -0.188608 -0.007891
0.112267 -0.158025 -0.001942
0.110801 -0.161125 -0.005810
0.147857 -0.154731 0.009285
0.150483 -0.154685 0.018258
0.177808 -0.155368 0.011119
0.163900 -0.170420 -0.010940
0.189049 -0.167332 0.009156
0.190091 -0.144826 0.000475
0.221763 -0.160337 -0.007253
0.247381 -0.171311 0.003515
0.240507 -0.148134 0.006927
0.256465 -0.170402 -0.004410
0.272844 -0.170383 -0.002446
0.289979 -0.151633 -0.000680
0.310510 -0.171597 -0.010557
0.323368 -0.163377 0.017096
0.337711 -0.174925 -0.001229
0.365685 -0.155447 0.003800
0.357088 -0.160012 0.002841
0.378905 -0.162406 -0.005516
0.401249 -0.166630 0.003614
0.421020 -0.168184 -0.008516
0.430483 -0.163992 0.003826
0.444117 -0.170161 -0.006121
0.454352 -0.158974 0.023418
0.456518 -0.172510 -0.006572
0.478381 -0.154813 -0.008280
0.496397 -0.149961 0.011133
0.513529 -0.162797 0.000322
0.506859 -0.154052 0.001788
0.541303 -0.161064 0.020433
0.556295 -0.158553 -0.011493
0.565776 -0.165225 -0.004362
0.591345 -0.158407 0.000585
0.596803 -0.148568 0.028376
0.599101 -0.161328 0.011535
0.605178 -0.180879 0.010025
0.637210 -0.158778 0.007486
0.649843 -0.170605 0.007309
0.679997 -0.165626 0.019901
0.671351 -0.172752 0.019075
0.710547 -0.175637 0.004652
0.720301 -0.167818 0.005401
0.713782 -0.159195 0.006129
0.738745 -0.171564 -0.008658
0.750717 -0.168102 0.008133
0.789920 -0.180932 0.006542
0.783170 -0.147840 -0.005906
0.800969 -0.159908 -0.019444
0.832278 -0.170750 -0.009086
0.836327 -0.167838 -0.007376
0.847993 -0.153587 -0.000343
0.847390 -0.159426 -0.006862
0.861246 -0.181621 -0.006232
0.863763 -0.152775 -0.004831
0.879666 -0.156032 0.010517
0.922430 -0.150786 -0.010611
0.916224 -0.166280 0.020456
0.944935 -0.169766 -0.005823
0.954263 -0.160290 -0.006932
0.961547 -0.165742 -0.005452
0.992478 -0.159054 0.006954
1.014787 -0.145763 -0.014627
-1.000845 -0.139277 -0.005352
-0.967219 -0.154813 -0.000549
-0.961461 -0.141139 0.002316
-0.951145 -0.145826 0.003100
-0.928380 -0.159773 -0.006126
-0.897627 -0.151776 -0.005532
-0.916149 -0.159053 0.015714
-0.903598 -0.159168 -0.018281
-0.895773 -0.156025 0.012815
-0.863931 -0.130429 -0.004386
-0.872006 -0.142381 -0.008395
-0.851409 -0.148803 0.002946
-0.826645 -0.155286 -0.001242
-0.810750 -0.148938 -0.001498
-0.784906 -0.151259 0.007259
-0.792101 -0.149596 -0.007076
-0.750987 -0.138453 -0.018003
-0.745342 -0.144942 0.000520
-0.725410 -0.151529 -0.022805
-0.741695 -0.142055 0.007369
-0.707988 -0.149208 0.005803
-0.700932 -0.158129 -0.003473
-0.686458 -0.149680 0.017771
-0.674090 -0.152478 0.005945
-0.660144 -0.143412 0.009307
-0.644180 -0.133639 -0.005677
-0.629705 -0.148779 0.006876
-0.594611 -0.155958 -0.003587
-0.578769 -0.168876 0.001529
-0.588695 -0.164523 0.004754
-0.588126 -0.161719 0.012087
-0.549904 -0.142441 -0.012015
-0.541092 -0.136400 -0.014894
-0.518460 -0.139328 0.002369
-0.507274 -0.156692 0.009273
-0.500032 -0.149165 0.008376
-0.487908 -0.159651 -0.003218
-0.467357 -0.136054 0.012906
-0.464409 -0.153878 -0.010439
-0.439854 -0.148290 -0.006549
-0.436298 -0.161555 0.008594
-0.407907 -0.132798 0.001492
-0.389577 -0.153904 -0.011287
-0.389429 -0.161640 0.006761
-0.361679 -0.148437 0.011760
-0.338881 -0.133444 -0.012202
-0.325623 -0.142912 0.007098
-0.346287 -0.142250 -0.001059
-0.322003 -0.149052 -0.008337
-0.307887 -0.168350 -0.009039
-0.287138 -0.150752 0.005274
-0.260908 -0.150905 -0.008398
-0.237802 -0.149221 0.007197
-0.243601 -0.141437 -0.001603
-0.221541 -0.154023 0.000606
-0.211715 -0.144139 0.000703
-0.191333 -0.148516 0.021336
-0.177970 -0.151440 0.006985
-0.175573 -0.148348 0.002712
-0.167700 -0.158411 -0.006326
-0.124476 -0.145743 0.003209
-0.130079 -0.141707 0.008009
-0.118854 -0.136136 0.001393
-0.092035 -0.142461 -0.002750
-0.091625 -0.157504 0.003671
-0.053909 -0.132049 0.005760
-0.043723 -0.166975 -0.003460
-0.043291 -0.166441 -0.003404
-0.021453 -0.166564 0.014040
0.000987 -0.143527 -0.002061
0.014568 -0.136201 -0.001096
0.016456 -0.149402 0.016076
0.042235 -0.140017 -0.008873
0.058873 -0.160480 0.001090
0.073020 -0.133186 -0.005737
0.071441 -0.145384 -0.010682
0.095923 -0.162471 0.007042
0.114836 -0.127568 0.001636
0.108426 -0.131811 0.003627
0.144342 -0.138440 0.001220
0.170049 -0.127419 0.007018
0.162529 -0.157363 -0.005177
0.179872 -0.140537 -0.020627
0.196633 -0.149325 -0.000670
0.212851 -0.170084 -0.005822
0.222798 -0.156718 -0.003520
0.258234 -0.130980 -0.012218
0.269213 -0.159629 0.017778
0.268993 -0.145866 -0.015629
0.289139 -0.141888 -0.012713
0.302245 -0.145012 0.003356
0.308452 -0.138166 0.005846
0.328536 -0.141391 -0.002781
0.322577 -0.135407 -0.001925
0.355045 -0.134853 0.008618
0.364183 -0.161469 -0.001169
0.361739 -0.143677 0.009837
0.405750 -0.154705 -0.009578
0.413266 -0.151134 0.007224
0.434759 -0.150669 -0.005360
0.431240 -0.145980 0.005709
0.477310 -0.162192 -0.008646
0.449053 -0.164304 0.029864
0.486037 -0.125931 -0.008622
0.492662 -0.146482 -0.006089
0.514309 -0.152465 0.004150
0.519643 -0.147267 -0.001451
0.541901 -0.164988 -0.005132
0.542969 -0.139240 -0.000100
0.565140 -0.150007 -0.008223
0.568959 -0.148926 0.007177
0.584643 -0.167345 -0.005626
0.626561 -0.144699 0.008460
0.599803 -0.145056 -0.023919
0.638958 -0.134975 -0.001604
0.649119 -0.135702 -0.002985
0.669300 -0.159749 -0.002233
0.677823 -0.133995 0.009482
0.699336 -0.155927 -0.011814
0.726977 -0.140393 0.002621
0.733389 -0.146075 -0.013926
0.735082 -0.149919 0.022066
0.756475 -0.144645 0.008221
0.772731 -0.156274 -0.011730
0.785586 -0.148734 -0.002299
0.810701 -0.144966 -0.008210
0.819637 -0.158253 -0.004249
0.849558 -0.136705 0.014317
0.839302 -0.151046 0.001370
0.876177 -0.148839 -0.010120
0.891126 -0.147572 0.003644
0.892602 -0.146557 -0.011350
0.901680 -0.147865 -0.012115
0.929316 -0.147337 -0.021644
0.926309 -0.147153 0.006543
0.930462 -0.131804 0.001766
0.946144 -0.170630 -0.004080
0.972789 -0.157555 -0.006496
0.997850 -0.138806 0.010433
0.989743 -0.144501 0.006321
-1.009541 -0.155382 0.017138
-0.986676 -0.132843 0.002491
-0.983052 -0.125923 0.001570
-0.957110 -0.125562 0.002903
-0.944240 -0.138931 -0.007867
-0.937622 -0.116415 -0.003901
-0.917889 -0.143400 0.012895
-0.924644 -0.140463 0.003197
-0.889963 -0.125865 -0.016841
-0.846626 -0.121308 0.015130
-0.848322 -0.132779 -0.005390
-0.839784 -0.146556 0.009280
-0.835666 -0.128768 0.005376
-0.803715 -0.131038 -0.004773
-0.796616 -0.125300 0.012818
-0.783849 -0.148356 0.010237
-0.768591 -0.116073 -0.006040
-0.770512 -0.131862 -0.002439
-0.740016 -0.148839 0.018084
-0.714994 -0.140103 0.003719
-0.701838 -0.137708 0.019694
-0.697643 -0.120720 -0.001265
-0.685771 -0.136923 0.001553
-0.657796 -0.141948 -0.004337
-0.648348 -0.121514 0.006049
-0.640228 -0.134169 0.016469
-0.642116 -0.137624 -0.006317
-0.593390 -0.141086 -0.006575
-0.588726 -0.139026 -0.004432
-0.579525 -0.142905 -0.001322
-0.567228 -0.143882 0.003097
-0.547756 -0.137710 -0.012915
-0.544754 -0.111794 -0.001055
-0.512778 -0.140250 0.009560
-0.509076 -0.135863 0.016616
-0.500186 -0.128441 -0.000985
-0.469995 -0.121543 -0.016205
-0.452399 -0.122466 -0.003793
-0.437424 -0.134297 -0.013084
-0.453785 -0.121962 0.007117
-0.416869 -0.120158 0.002502
-0.422135 -0.139263 0.003422
-0.392006 -0.137808 0.002273
-0.376714 -0.147117 0.003503
-0.371178 -0.125343 0.021587
-0.358838 -0.128630 0.003721
-0.349420 -0.138448 -0.015595
-0.300573 -0.142719 -0.014959
-0.321846 -0.138932 -0.013703
-0.281913 -0.129379 -0.011868
-0.282464 -0.147712 0.009133
-0.273293 -0.130142 -0.005054
-0.267739 -0.142612 0.004670
-0.237580 -0.131495 -0.003855
-0.229307 -0.121631 -0.002098
-0.205845 -0.125865 -0.010828
-0.195449 -0.115583 -0.008301
-0.185849 -0.121437 0.005656
-0.160631 -0.126134 0.014639
-0.146564 -0.121784 -0.001806
-0.129803 -0.124857 0.003155
-0.121814 -0.116899 -0.009920
-0.110656 -0.124572 -0.007188
-0.084759 -0.140984 -0.011340
-0.080958 -0.128892 -0.006046
-0.068812 -0.118446 0.017927
-0.046921 -0.130274 -0.006820
-0.042813 -0.135542 0.007676
-0.016853 -0.132221 -0.015258
-0.008774 -0.122265 -0.014325
-0.006997 -0.137063 -0.000417
0.034018 -0.143693 -0.005924
0.046501 -0.144846 0.018622
0.035749 -0.127173 0.009547
0.057609 -0.132311 0.000635
0.068111 -0.136059 -0.012788
0.089046 -0.130890 -0.001424
0.112465 -0.135630 0.006412
0.122539 -0.138755 0.018282
0.154909 -0.121517 0.020960
0.150177 -0.115904 0.010394
0.163694 -0.148530 0.012038
0.165502 -0.145758 -0.014849
0.185865 -0.128507 0.008243
0.221897 -0.130257 0.002575
0.224743 -0.137992 0.019778
0.245048 -0.120375 0.020953
0.236691 -0.140084 -0.014750
0.277560 -0.123150 0.004644
0.277100 -0.133788 0.002689
0.296565 -0.148873 -0.010333
0.311433 -0.134346 0.008660
0.305492 -0.148584 0.002882
0.327560 -0.128406 -0.018976
0.338500 -0.129372 -0.018369
0.354118 -0.147574 0.000501
0.380097 -0.147217 -0.003279
0.392783 -0.140269 -0.001293
0.399792 -0.122791 0.001025
0.435991 -0.137084 -0.006158
0.438661 -0.122570 -0.015184
0.473497 -0.152790 -0.015832
0.471488 -0.129626 -0.003299
0.486495 -0.124419 -0.001941
0.477793 -0.105107 0.002865
0.487694 -0.144969 -0.007792
0.519998 -0.116143 0.001016
0.544532 -0.113691 0.000921
0.550843 -0.128708 0.011963
0.566832 -0.134306 0.001501
0.574194 -0.143507 -0.001313
0.588212 -0.127308 -0.007455
0.600809 -0.137356 0.015272
0.631076 -0.111036 -0.009405
0.635881 -0.142413 0.013257
0.641728 -0.130100 0.017610
0.661894 -0.132010 -0.001038
0.692285 -0.118596 -0.009742
0.712084 -0.136862 -0.004317
0.710148 -0.141989 -0.005172
0.741506 -0.133831 0.001002
0.726962 -0.139170 -0.009230
0.763508 -0.125106 -0.024054
0.770535 -0.145414 -0.006774
0.774612 -0.134857 0.006419
0.795537 -0.125778 -0.000727
0.806484 -0.141840 -0.006664
0.830251 -0.137087 -0.001494
0.851756 -0.136740 0.008491
0.859705 -0.133197 -0.005225
0.844804 -0.143443 -0.018294
0.901892 -0.134148 -0.007651
0.903711 -0.128490 0.005025
0.928692 -0.128369 -0.016696
0.923529 -0.142837 -0.009651
0.940085 -0.137416 -0.005480
0.962156 -0.146985 -0.015891
0.971544 -0.150889 -0.000150
0.989245 -0.135236 0.015525
1.014319 -0.132771 -0.006892
-1.000129 -0.119057 -0.001746
-0.991112 -0.114554 -0.022721
-0.972084 -0.098941 0.013919
-0.954440 -0.099721 -0.005068
-0.952179 -0.087423 0.001152
-0.915203 -0.113710 -0.000551
-0.914156 -0.121844 -0.004999
-0.906876 -0.092880 -0.020793
-0.872773 -0.123870 -0.008172
-0.881450 -0.119147 0.007616
-0.865913 -0.124810 -0.001405
-0.843512 -0.111614 0.001097
-0.828718 -0.120204 0.020064
-0.816883 -0.121609 0.008940
-0.810271 -0.124650 -0.001090
-0.795964 -0.126500 0.006569
-0.759631 -0.135199 0.012844
-0.760663 -0.121098 0.010026
-0.739732 -0.133366 0.008574
-0.735231 -0.113400 0.009903
-0.720017 -0.114372 0.014954
-0.697969 -0.114229 0.009633
-0.683274 -0.104465 0.000691
-0.680629 -0.134100 -0.001521
-0.644739 -0.125460 -0.007945
-0.648289 -0.130430 -0.003888
-0.628342 -0.112126 -0.002396
-0.595962 -0.110414 0.006576
-0.592715 -0.118005 -0.016803
-0.600190 -0.129426 0.002619
-0.553953 -0.094652 -0.011741
-0.555326 -0.113996 -0.005278
-0.524428 -0.112314 -0.010346
-0.533760 -0.112526 -0.005338
-0.518836 -0.127631 0.010018
-0.488929 -0.127041 -0.011875
-0.484423 -0.122990 -0.011559
-0.473156 -0.122117 0.006184
-0.447784 -0.122258 0.011855
-0.438246 -0.127026 -0.015072
-0.422102 -0.121114 -0.012263
-0.414867 -0.111722 -0.002872
-0.381188 -0.102921 0.001262
-0.370499 -0.111328 -0.001488
-0.351274 -0.117193 -0.001689
-0.334843 -0.118684 -0.011913
-0.340602 -0.116007 0.009008
-0.324669 -0.123781 0.009106
-0.322463 -0.118609 0.008200
-0.292217 -0.134236 -0.020723
-0.271193 -0.125651 0.010531
-0.262329 -0.120220 0.003978
-0.246946 -0.120245 0.012604
-0.232306 -0.119962 -0.006530
-0.234227 -0.137642 0.015732
-0.211813 -0.106944 -0.005633
-0.176343 -0.095134 -0.002272
-0.162726 -0.117187 0.014704
-0.169488 -0.136820 -0.019039
-0.159622 -0.129939 -0.007129
-0.154662 -0.122779 0.009749
-0.130267 -0.110752 0.015392
-0.105208 -0.123880 -0.008408
-0.083733 -0.107832 -0.023454
-0.086281 -0.128541 -0.000527
-0.074611 -0.112940 0.003614
-0.037654 -0.121348 -0.013440
-0.007312 -0.117194 -0.011289
-0.015131 -0.115388 0.010548
-0.004158 -0.120463 0.024051
0.003494 -0.117447 -0.007287
0.010855 -0.134443 0.005916
0.038019 -0.120396 0.005773
0.054095 -0.136786 -0.018247
0.080127 -0.115414 -0.006761
0.079652 -0.120270 0.016005
0.088106 -0.111196 0.010347
0.112329 -0.124658 0.003260
0.133396 -0.114576 -0.010147
0.127394 -0.106278 -0.001010
0.160495 -0.107974 -0.002577
0.155312 -0.132905 -0.013648
0.164287 -0.115759 -0.004799
0.178160 -0.122086 0.009748
0.212561 -0.105205 0.008272
0.234951 -0.118036 -0.003179
0.241349 -0.134892 0.003091
0.262768 -0.123272 0.004397
0.262991 -0.119258 0.009074
0.273498 -0.125815 0.002104
0.305180 -0.130405 0.010145
0.313835 -0.119524 -0.009529
0.331427 -0.130287 -0.012575
0.323839 -0.116828 -0.015063
0.372437 -0.109372 -0.003302
0.372405 -0.119122 0.001731
0.390817 -0.108088 -0.019339
0.395914 -0.143609 0.000037
0.405488 -0.121565 -0.008119
0.400054 -0.122100 -0.005055
0.437092 -0.106675 -0.005264
0.456279 -0.108751 -0.006354
0.441196 -0.149204 0.004194
0.479123 -0.134561 0.004835
0.488376 -0.125967 -0.004377
0.513116 -0.125571 -0.007044
0.534749 -0.117800 0.010306
0.530238 -0.132688 0.009478
0.565720 -0.122107 0.009567
0.568410 -0.108930 0.006352
0.569384 -0.122906 -0.006190
0.579955 -0.123969 0.008248
0.614951 -0.122653 -0.006079
0.609243 -0.115744 0.003890
0.655759 -0.126814 0.009983
0.668105 -0.118432 0.010447
0.653541 -0.108842 0.005993
0.694120 -0.118472 0.006182
0.672235 -0.120883 0.007647
0.715085 -0.120826 0.004852
0.715678 -0.121930 -0.001359
0.744282 -0.132799 0.032567
0.762079 -0.137007 -0.011822
0.753731 -0.125454 0.003562
0.771992 -0.124182 0.011265
0.793683 -0.123871 -0.013992
0.811637 -0.115463 -0.002734
0.829090 -0.134682 -0.013416
0.844507 -0.128946 -0.006468
0.852607 -0.125422 -0.013497
0.874260 -0.119164 -0.007979
0.888773 -0.103716 -0.002110
0.895375 -0.118569 -0.000466
0.900539 -0.110459 -0.008318
0.931767 -0.116134 -0.004206
0.943956 -0.120876 0.015578
0.963646 -0.108127 -0.022550
0.978602 -0.129464 -0.002411
0.967532 -0.121266 0.001776
1.011267 -0.121198 0.004155
-0.991590 -0.117892 0.009347
-0.986006 -0.101470 -0.010965
-0.963754 -0.107685 -0.004387
-0.954304 -0.100675 -0.000602
-0.929533 -0.091019 -0.006510
-0.917519 -0.112752 -0.024540
-0.912513 -0.100087 0.012636
-0.902886 -0.117361 0.002951
-0.881768 -0.101669 -0.001620
-0.873781 -0.111482 0.004269
-0.851959 -0.098843 -0.015153
-0.840056 -0.090033 0.002430
-0.826317 -0.105155 0.005499
-0.801524 -0.088456 -0.009661
-0.786270 -0.095695 0.003676
-0.769716 -0.111166 0.004429
-0.780346 -0.111469 -0.013151
-0.764951 -0.100319 -0.008951
-0.728180 -0.099162 0.011112
-0.721507 -0.116734 -0.012492
-0.704853 -0.104056 -0.000293
-0.706951 -0.099744 0.002299
-0.683114 -0.119564 0.001753
-0.673613 -0.103596 -0.006138
-0.655873 -0.117701 0.017350
-0.633812 -0.101878 0.006282
-0.606407 -0.102119 -0.020070
-0.613499 -0.115337 0.005824
-0.600673 -0.121673 -0.022733
-0.581627 -0.110327 -0.003758
-0.577671 -0.109339 -0.007005
-0.560473 -0.118308 0.001261
-0.546235 -0.119010 0.010333
-0.516030 -0.109498 -0.008066
-0.508125 -0.113370 -0.006171
-0.508750 -0.092890 -0.012807
-0.487993 -0.126130 -0.002640
-0.468272 -0.102481 -0.002477
-0.468656 -0.104549 0.008645
-0.447299 -0.108954 0.001907
-0.410261 -0.110385 -0.000009
-0.390554 -0.109225 0.017198
-0.380079 -0.094664 0.011840
-0.379133 -0.098128 0.014424
-0.367583 -0.111028 -0.018171
-0.380193 -0.107724 0.006403
-0.339480 -0.088883 0.018442
-0.332546 -0.111975 0.003182
-0.281359 -0.104860 -0.004131
-0.307914 -0.105486 -0.010172
-0.299252 -0.132136 0.015165
-0.260096 -0.104032 -0.008773
-0.248632 -0.103525 -0.001955
-0.217849 -0.113350 -0.016996
-0.234748 -0.088948 -0.002626
-0.229875 -0.110039 0.005458
-0.181579 -0.105631 0.009110
-0.170540 -0.104429 -0.008869
-0.160616 -0.102719 0.007372
-0.164753 -0.118059 0.009064
-0.137544 -0.101299 0.001277
-0.108259 -0.092169 0.002555
-0.099946 -0.102179 -0.009202
-0.095998 -0.098527 -0.010356
-0.078553 -0.124682 0.011430
-0.067117 -0.094073 0.000084
-0.043252 -0.111143 -0.003013
-0.043983 -0.116526 -0.011095
-0.018966 -0.101166 -0.009428
-0.029402 -0.097788 0.013824
0.001971 -0.102073 -0.021614
0.022371 -0.111391 -0.008012
0.030787 -0.126437 -0.001381
0.054902 -0.094230 -0.002791
0.057147 -0.097904 0.016021
0.063289 -0.098676 -0.000697
0.091810 -0.095812 0.012302
0.111391 -0.123541 0.006301
0.127977 -0.104404 -0.007364
0.151477 -0.115669 -0.012911
0.156011 -0.121628 -0.002742
0.147051 -0.105779 -0.005296
0.188929 -0.076658 0.009881
0.201287 -0.099983 -0.005331
0.204668 -0.114609 -0.008025
0.226193 -0.114446 -0.002709
0.226719 -0.091042 0.000351
0.266199 -0.113541 -0.018444
0.263819 -0.099861 0.005643
0.266921 -0.103370 0.008988
0.293375 -0.090191 -0.012672
0.311571 -0.096232 0.012538
0.302461 -0.086330 0.019583
0.332461 -0.102381 0.002148
0.344147 -0.095761 0.014125
0.365178 -0.110120 -0.014986
0.357369 -0.105730 0.008856
0.409447 -0.120299 -0.019324
0.405928 -0.100802 0.002743
0.419086 -0.103713 0.009899
0.448452 -0.084438 0.003233
0.422149 -0.113551 -0.004867
0.450417 -0.113584 -0.015049
0.484621 -0.091090 0.011863
0.504531 -0.096198 0.001253
0.514190 -0.121758 0.002459
0.517130 -0.114416 0.005524
0.527128 -0.106431 -0.005762
0.554817 -0.112537 0.003937
0.559823 -0.098355 -0.001823
0.570233 -0.100661 -0.003242
0.588725 -0.108387 -0.004932
0.605271 -0.092934 0.005410
0.594961 -0.102604 0.004392
0.652835 -0.104150 0.019355
0.656883 -0.113926 -0.009810
0.665199 -0.085142 0.011515
0.682761 -0.108432 -0.002421
0.712836 -0.103368 -0.008422
0.714418 -0.108328 0.016934
0.724996 -0.101443 -0.003716
0.749593 -0.109210 -0.013867
0.781735 -0.100190 0.015703
0.768614 -0.104310 0.001113
0.785315 -0.096950 0.010928
0.812094 -0.107403 -0.002435
0.816590 -0.107700 -0.001114
0.817036 -0.098909 -0.007794
0.835958 -0.105969 -0.013917
0.844221 -0.095727 0.015187
0.874173 -0.122904 -0.002774
0.884853 -0.092903 -0.007073
0.898722 -0.105838 0.002151
0.916333 -0.103388 -0.024857
0.925480 -0.096600 0.007780
0.937510 -0.105001 -0.007021
0.966996 -0.097184 -0.009197
0.975638 -0.096673 -0.005654
0.990656 -0.116528 0.012554
1.003475 -0.093647 0.002519
-1.003855 -0.084393 -0.010516
-0.981321 -0.110881 0.009687
-0.977486 -0.099667 -0.003685
-0.952848 -0.088495 0.008729
-0.938457 -0.090433 -0.008844
-0.922661 -0.096717 0.002004
-0.887118 -0.090780 -0.008251
-0.900591 -0.090361 -0.000742
-0.889007 -0.091292 -0.007109
-0.876090 -0.095105 0.001588
-0.877797 -0.093394 0.015674
-0.857827 -0.092288 -0.008554
-0.826952 -0.098142 0.005358
-0.799278 -0.095467 0.000600
-0.808644 -0.089760 -0.008765
-0.781230 -0.087002 -0.004845
-0.774752 -0.084803 -0.003814
-0.755672 -0.116203 -0.003471
-0.737172 -0.074869 -0.003274
-0.709985 -0.092416 0.011459
-0.707340 -0.088626 0.007735
-0.691454 -0.108011 0.021745
-0.689394 -0.089058 -0.007637
-0.654485 -0.093203 0.002757
-0.664761 -0.104307 -0.009950
-0.651291 -0.091177 -0.003160
-0.614863 -0.104957 0.007452
-0.602139 -0.084356 -0.010837
-0.590036 -0.097038 0.018330
-0.566669 -0.088403 0.017339
-0.557752 -0.084184 -0.012427
-0.556023 -0.078619 -0.023713
-0.541034 -0.094075 0.008982
-0.538277 -0.089026 0.013232
-0.501386 -0.083095 0.022304
-0.488870 -0.094851 -0.009744
-0.471577 -0.085997 0.004247
-0.457474 -0.083507 -0.002153
-0.464747 -0.092297 -0.001733
-0.439180 -0.079322 -0.013001
-0.422590 -0.089935 0.001967
-0.396635 -0.098784 0.008568
-0.394536 -0.080425 0.001811
-0.373509 -0.081023 -0.007339
-0.363207 -0.094331 -0.015399
-0.350580 -0.097626 -0.014443
-0.346155 -0.084382 -0.017090
-0.319182 -0.090724 -0.004461
-0.300766 -0.107566 0.005172
-0.300671 -0.105733 0.002020
-0.270527 -0.104871 -0.003187
-0.278952 -0.097792 -0.007542
-0.246296 -0.079666 -0.000670
-0.229601 -0.099472 0.007224
-0.225494 -0.066282 -0.012893
-0.209215 -0.100512 0.023667
-0.191107 -0.094045 -0.013511
-0.170938 -0.067085 -0.009924
-0.161876 -0.090501 -0.011734
-0.155637 -0.094433 -0.012332
-0.130155 -0.094414 0.006859
-0.120415 -0.076402 -0.018403
-0.085232 -0.116619 0.010047
-0.078682 -0.086575 0.004216
-0.076200 -0.090595 0.005406
-0.082975 -0.092271 -0.003080
-0.066551 -0.104329 0.011710
-0.041435 -0.088997 -0.007150
-0.020254 -0.105418 -0.009802
-0.004993 -0.096046 0.006860
0.004522 -0.083666 0.020427
0.007694 -0.108948 0.017284
0.047665 -0.067482 -0.005461
0.052754 -0.104995 -0.020463
0.069327 -0.088555 -0.009913
0.071532 -0.083125 0.003222
0.094287 -0.082162 -0.009299
0.127133 -0.096796 0.002043
0.136129 -0.103963 0.008892
0.136689 -0.094540 -0.004644
0.148441 -0.090436 -0.007900
0.163745 -0.078975 -0.016851
0.176713 -0.089869 0.005353
0.205615 -0.083045 0.003266
0.211349 -0.090362 -0.002111
0.224248 -0.097569 -0.002018
0.240404 -0.107060 -0.009523
0.256908 -0.084395 0.000842
0.264303 -0.083632 0.017873
0.286666 -0.086472 0.001242
0.308564 -0.086420 0.009950
0.296357 -0.080465 0.002026
0.321701 -0.096621 -0.014967
0.341410 -0.103524 -0.018138
0.360788 -0.100694 -0.002556
0.374374 -0.084590 -0.005892
0.381706 -0.090619 0.005580
0.406395 -0.094733 0.000368
0.432671 -0.099894 -0.002713
0.426186 -0.111342 0.004777
0.422249 -0.089304 -0.013556
0.466511 -0.098506 -0.006694
0.468972 -0.093574 0.000546
0.485552 -0.084659 -0.005592
0.503838 -0.095742 -0.001136
0.520160 -0.098560 0.000058
0.517356 -0.090535 0.011663
0.548583 -0.118718 0.003881
0.552343 -0.096360 0.008996
0.551001 -0.076926 0.011445
0.574668 -0.097634 0.000501
0.598555 -0.100250 0.010991
0.609210 -0.090599 -0.012007
0.615556 -0.089500 0.027838
0.631631 -0.084922 0.014567
0.655864 -0.098687 0.004395
0.668762 -0.076079 -0.002215
0.681874 -0.088049 -0.003061
0.710209 -0.092085 -0.001397
0.723239 -0.096536 0.001010
0.696973 -0.090065 0.007239
0.732263 -0.093322 0.001264
0.751623 -0.104893 -0.024646
0.757988 -0.100605 0.001518
0.793340 -0.078269 -0.005975
0.796677 -0.096660 -0.007826
0.807520 -0.102184 0.005469
0.826209 -0.090504 0.008724
0.849211 -0.068880 -0.013446
0.857132 -0.077570 -0.006180
0.873718 -0.082818 0.008561
0.906120 -0.089534 0.004456
0.909373 -0.091935 -0.010910
0.917465 -0.088796 0.000569
0.924103 -0.089522 -0.023730
0.942684 -0.077578 -0.007007
0.937978 -0.081194 -0.010538
0.966242 -0.078732 0.008504
0.980730 -0.083203 -0.008609
1.007624 -0.065963 0.010533
-1.000656 -0.074154 -0.004410
-0.982848 -0.081649 -0.004427
-0.964011 -0.078184 0.008425
-0.961896 -0.060953 -0.015696
-0.920449 -0.096613 0.001160
-0.923204 -0.089737 0.009614
-0.921829 -0.082956 -0.010687
-0.901772 -0.078422 0.010263
-0.889178 -0.082845 0.001115
-0.871177 -0.065574 0.003764
-0.853831 -0.060963 0.005956
-0.833205 -0.077182 -0.018854
-0.829071 -0.078346 0.014224
-0.780789 -0.062775 -0.014405
-0.813476 -0.076712 0.001682
-0.770396 -0.086109 -0.014415
-0.773374 -0.080056 0.000461
-0.755143 -0.078475 0.001171
-0.754902 -0.069345 0.005105
-0.725090 -0.092550 0.006740
-0.694931 -0.077327 0.001062
-0.691973 -0.059104 0.011612
-0.676084 -0.082874 0.006127
-0.686710 -0.072522 -0.002002
-0.645726 -0.086872 0.014275
-0.651370 -0.081310 0.013664
-0.620148 -0.071014 0.006892
-0.602934 -0.087963 -0.004226
-0.590656 -0.068583 -0.006359
-0.578630 -0.078759 0.005994
-0.566050 -0.073338 0.004210
-0.567847 -0.072516 -0.009409
-0.530053 -0.067869 0.013632
-0.531441 -0.071751 0.008323
-0.509045 -0.088569 -0.000286
-0.505238 -0.059845 0.009277
-0.504502 -0.064839 -0.006241
-0.465975 -0.076775 -0.004776
-0.446934 -0.056267 -0.001407
-0.427892 -0.069676 0.008548
-0.431745 -0.085951 0.001231
-0.388504 -0.084132 -0.004631
-0.390908 -0.063743 0.004011
-0.380956 -0.081329 0.006920
-0.349302 -0.070585 0.006762
-0.346216 -0.067980 0.007066
-0.347579 -0.076238 0.012096
-0.336076 -0.079239 -0.009137
-0.311054 -0.081805 -0.004653
-0.296639 -0.078076 -0.002062
-0.279727 -0.070219 -0.012473
-0.251529 -0.063547 -0.007840
-0.232644 -0.082337 0.008574
-0.249825 -0.088967 -0.011801
-0.228234 -0.064158 0.004732
-0.212365 -0.082273 -0.000447
-0.178400 -0.084775 -0.000128
-0.196883 -0.096602 -0.005004
-0.156036 -0.065637 -0.004764
-0.161139 -0.062162 -0.004260
-0.125265 -0.084424 -0.004273
-0.118063 -0.075071 0.022566
-0.102519 -0.081972 -0.008171
-0.097453 -0.088524 0.000154
-0.084561 -0.069806 -0.014969
-0.083879 -0.097381 0.014549
-0.049099 -0.088082 -0.016396
-0.047850 -0.080418 -0.012383
-0.021389 -0.075068 0.006134
0.007206 -0.074224 -0.011387
0.023102 -0.072313 0.012137
0.023085 -0.071804 -0.017053
0.050500 -0.070891 -0.006649
0.067814 -0.084386 0.007744
0.069714 -0.092538 0.007824
0.068967 -0.071509 -0.004736
0.085434 -0.078911 0.007646
0.113335 -0.068653 -0.015595
0.111115 -0.080368 0.019070
0.130582 -0.088627 -0.007977
0.147492 -0.087566 0.005451
0.161252 -0.067799 -0.005920
0.162277 -0.099839 -0.000914
0.197084 -0.077267 0.005128
0.211125 -0.086234 -0.005368
0.223302 -0.060029 0.012794
0.226832 -0.079864 -0.003729
0.246532 -0.082405 -0.005809
0.261191 -0.077340 0.006406
0.283755 -0.078662 -0.003322
0.275896 -0.072173 -0.004778
0.319992 -0.089753 -0.006955
0.329902 -0.084473 -0.009310
0.337291 -0.087798 0.004738
0.383419 -0.089392 0.005372
0.358170 -0.085497 -0.005454
0.367625 -0.077539 0.017962
0.392457 -0.073321 0.000922
0.391335 -0.082778 0.008936
0.414481 -0.076751 0.004789
0.424596 -0.069882 0.003663
0.446776 -0.103314 -0.005676
0.480874 -0.062621 -0.011395
0.493375 -0.077678 -0.003044
0.482429 -0.078885 -0.001695
0.525160 -0.081812 0.005462
0.516408 -0.068462 0.011789
0.531831 -0.089255 -0.000690
0.545473 -0.093549 -0.021370
0.569871 -0.086200 0.001165
0.581839 -0.071073 -0.007371
0.607403 -0.070882 -0.004008
0.619984 -0.084268 0.015496
0.627640 -0.077261 0.013859
0.631634 -0.081288 -0.002847
0.654054 -0.073796 0.010337
0.664701 -0.066547 -0.006929
0.694770 -0.075221 -0.006223
0.683088 -0.072049 0.011557
0.699817 -0.069033 0.001721
0.722886 -0.101960 0.002343
0.743567 -0.060355 -0.003699
0.755685 -0.054738 0.001252
0.770269 -0.083865 0.020245
0.781825 -0.081472 0.007472
0.800210 -0.071382 0.005375
0.821144 -0.053894 0.003037
0.809604 -0.060571 0.012570
0.831240 -0.065977 0.001426
0.858205 -0.078080 0.019703
0.868389 -0.086260 -0.000502
0.898751 -0.077871 -0.006155
0.897951 -0.071390 0.008925
0.907141 -0.086882 0.002354
0.931555 -0.075854 0.009577
0.943786 -0.067405 0.001561
0.974736 -0.072107 0.010383
0.977938 -0.092560 -0.002244
0.972675 -0.072173 0.005259
0.997499 -0.089670 0.017753
-0.994803 -0.064814 0.012075
-0.989453 -0.064825 -0.003235
-0.975077 -0.060725 0.005096
-0.930940 -0.072820 0.018096
-0.951025 -0.060676 -0.008394
-0.931482 -0.081934 -0.008178
-0.914980 -0.058989 0.003815
-0.895062 -0.080496 -0.006352
-0.882315 -0.066645 0.004516
-0.874010 -0.061226 0.001731
-0.842672 -0.059123 -0.002415
-0.846090 -0.063339 0.000863
-0.835237 -0.063532 -0.019747
-0.818968 -0.061994 0.009416
-0.804923 -0.056810 -0.002935
-0.786649 -0.076086 -0.013561
-0.759583 -0.071490 0.009881
-0.756808 -0.068139 0.012068
-0.739299 -0.059694 -0.002671
-0.717352 -0.071869 0.011261
-0.729067 -0.047162 0.001555
-0.689561 -0.071645 0.001244
-0.672080 -0.066117 -0.016312
-0.663822 -0.069904 0.022856
-0.636726 -0.066162 0.020024
-0.638839 -0.073852 0.001800
-0.615787 -0.080087 -0.003951
-0.605330 -0.073453 0.016005
-0.601364 -0.060188 -0.002877
-0.584350 -0.051366 0.008047
-0.554167 -0.054441 -0.005855
-0.537696 -0.063970 0.000375
-0.542623 -0.061933 0.005907
-0.517494 -0.079307 0.014124
-0.513134 -0.057025 0.001280
-0.509352 -0.072128 0.011985
-0.472146 -0.073303 0.003732
-0.469949 -0.075413 0.023144
-0.440119 -0.079498 -0.009039
-0.439466 -0.060367 0.008140
-0.421651 -0.067762 0.005863
-0.401857 -0.068704 -0.014561
-0.392420 -0.053353 -0.001479
-0.370672 -0.073030 -0.013571
-0.376778 -0.060806 0.002998
-0.360433 -0.062200 0.004425
-0.341267 -0.068249 -0.003474
-0.319601 -0.066751 -0.012006
-0.310514 -0.046116 -0.007490
-0.296808 -0.056053 -0.003937
-0.270919 -0.065198 0.004183
-0.250214 -0.075569 0.031872
-0.254629 -0.090249 0.011215
-0.233631 -0.065384 0.012399
-0.231793 -0.075710 0.002466
-0.197042 -0.063736 -0.001633
-0.188603 -0.078542 0.011357
-0.184224 -0.075784 0.003772
-0.167785 -0.061062 0.001176
-0.156435 -0.077644 -0.000395
-0.135122 -0.053987 0.000958
-0.133623 -0.068350 0.019081
-0.118348 -0.072123 -0.021163
-0.097967 -0.062186 0.006743
-0.071712 -0.048955 0.004324
-0.066709 -0.080879 0.002623
-0.048002 -0.049866 -0.008652
-0.019183 -0.039766 -0.015816
-0.040651 -0.077624 0.018637
-0.015961 -0.063198 -0.016402
-0.015116 -0.064837 0.006503
0.027525 -0.068124 -0.008772
0.028689 -0.051796 -0.002847
0.055657 -0.043328 -0.030290
0.062503 -0.042506 -0.019233
0.095625 -0.076723 0.014163
0.074183 -0.074944 -0.004064
0.104364 -0.063684 0.004932
0.136024 -0.073979 0.003937
0.143338 -0.063944 -0.005114
0.163270 -0.086182 -0.002445
0.161591 -0.071704 -0.016081
0.185696 -0.082725 -0.003312
0.200055 -0.073641 0.001720
0.209383 -0.061997 0.015387
0.226357 -0.063248 0.000787
0.253024 -0.067510 0.003685
0.256492 -0.057299 -0.013255
0.254309 -0.049814 0.001728
0.276175 -0.068058 0.013985
0.300293 -0.072509 0.007151
0.315181 -0.073677 -0.004181
0.320529 -0.081410 0.023144
0.351324 -0.066494 -0.002567
0.336196 -0.074597 -0.006693
0.357242 -0.059222 -0.000242
0.362801 -0.069456 0.004436
0.399868 -0.063680 0.004775
0.422829 -0.054098 -0.028725
0.425991 -0.058778 0.005600
0.445514 -0.049245 0.019888
0.451343 -0.074368 0.011107
0.467948 -0.057070 0.001423
0.481333 -0.049613 -0.002362
0.500312 -0.056534 0.000881
0.527429 -0.074385 -0.001605
0.528831 -0.057918 0.003883
0.531558 -0.068895 -0.017356
0.550929 -0.055655 -0.022959
0.556129 -0.061770 -0.012397
0.594567 -0.075522 -0.020238
0.603852 -0.074379 -0.010015
0.610349 -0.061174 -0.006625
0.633826 -0.061965 0.012264
0.628620 -0.067176 -0.003080
0.670022 -0.058392 -0.002123
0.675656 -0.068139 -0.026103
0.683958 -0.061988 -0.002663
0.687473 -0.063430 -0.017001
0.723757 -0.056053 0.007722
0.720986 -0.049886 0.020589
0.748114 -0.055997 -0.004410
0.757419 -0.051328 0.007564
0.782664 -0.063805 0.002286
0.776419 -0.078823 -0.005899
0.785531 -0.056122 0.021468
0.812770 -0.073480 0.003264
0.831975 -0.057986 -0.004462
0.837854 -0.076965 -0.015140
0.849324 -0.071196 -0.005915
0.872790 -0.066629 0.021776
0.888673 -0.060880 0.004919
0.894427 -0.061018 -0.006599
0.905019 -0.062934 -0.005535
0.938346 -0.062603 -0.000121
0.934110 -0.058821 -0.008802
0.954842 -0.056221 0.001817
0.986267 -0.049745 -0.006810
1.002339 -0.073132 0.010340
0.991718 -0.081532 0.004722
-0.998525 -0.032097 -0.005461
-0.986049 -0.056155 -0.008693
-0.983417 -0.061318 0.017069
-0.953917 -0.054253 -0.013182
-0.926253 -0.062443 -0.001183
-0.920868 -0.042798 0.014485
-0.909292 -0.064182 0.005906
-0.900121 -0.043959 0.013766
-0.887232 -0.058289 -0.007970
-0.877241 -0.054400 0.005009
-0.876095 -0.044789 -0.013787
-0.844529 -0.037417 0.021762
-0.816713 -0.061300 -0.002209
-0.798784 -0.033200 -0.001415
-0.812849 -0.050727 -0.000067
-0.780410 -0.052527 -0.021857
-0.779288 -0.038735 -0.008411
-0.743526 -0.036482 0.005531
-0.733070 -0.043995 -0.013716
-0.738361 -0.056585 -0.001922
-0.709993 -0.055948 -0.019140
-0.692922 -0.051783 0.013659
-0.668689 -0.043081 0.005917
-0.663016 -0.066402 -0.002719
-0.653544 -0.054126 0.006343
-0.640741 -0.039993 0.014688
-0.613722 -0.052861 0.007404
-0.607246 -0.037770 -0.014837
-0.597271 -0.040004 0.011888
-0.586945 -0.054126 -0.003729
-0.559230 -0.039304 0.011201
-0.563887 -0.050781 -0.023092
-0.547716 -0.054249 -0.005734
-0.527090 -0.043473 0.003573
-0.513422 -0.041436 -0.000643
-0.485252 -0.042196 -0.003136
-0.484668 -0.046291 -0.010113
-0.472098 -0.064597 -0.005424
-0.441490 -0.033294 -0.011941
-0.422212 -0.035143 -0.001486
-0.424405 -0.041778 -0.003139
-0.405808 -0.054533 0.006105
-0.388576 -0.045010 -0.002041
-0.397274 -0.042986 -0.002746
-0.344632 -0.039078 0.002788
-0.350982 -0.041182 -0.006470
-0.312264 -0.046178 -0.004624
-0.325557 -0.063629 -0.010844
-0.326915 -0.054337 0.001394
-0.286746 -0.053559 0.006337
-0.269847 -0.032204 -0.015994
-0.246007 -0.046181 0.001231
-0.230473 -0.046955 0.011923
-0.242363 -0.047256 -0.014911
-0.203436 -0.056029 -0.002647
-0.199665 -0.044943 0.000052
-0.200667 -0.044759 0.001582
-0.183966 -0.045145 -0.009161
-0.151960 -0.066852 0.013053
-0.164909 -0.066524 -0.004148
-0.150326 -0.049758 0.001766
-0.110826 -0.032628 0.002754
-0.110818 -0.046517 0.006890
-0.092002 -0.075115 -0.007981
-0.093698 -0.043111 -0.008223
-0.076318 -0.044657 -0.026538
-0.059381 -0.051933 -0.000540
-0.047328 -0.049292 0.022510
-0.025091 -0.047930 -0.011182
0.019167 -0.044090 -0.003915
0.013473 -0.071461 -0.006759
0.016535 -0.051018 -0.019946
0.041862 -0.044378 0.003155
0.059144 -0.034360 0.009263
0.061518 -0.058940 0.014041
0.075895 -0.035916 0.002617
0.105370 -0.052576 -0.012476
0.108147 -0.041266 0.005620
0.134138 -0.070607 -0.003574
0.154092 -0.038379 0.011787
0.161161 -0.050697 0.006369
0.179320 -0.051394 -0.003875
0.175496 -0.056159 -0.012867
0.194209 -0.072051 0.011094
0.206492 -0.038865 0.028378
0.226737 -0.036740 -0.004396
0.228273 -0.041501 0.006183
0.257482 -0.042466 -0.009524
0.271422 -0.038175 0.010434
0.275268 -0.069821 -0.001070
0.292326 -0.044979 0.012032
0.294055 -0.056497 -0.003489
0.337019 -0.049655 -0.005528
0.337553 -0.056336 -0.005412
0.346560 -0.059008 0.004838
0.362736 -0.066431 0.012457
0.379770 -0.041085 0.000875
0.402221 -0.045702 -0.003676
0.415752 -0.031159 -0.032045
0.418972 -0.049821 -0.003564
0.434532 -0.034084 -0.001586
0.435846 -0.051597 -0.001625
0.467340 -0.047706 0.001865
0.477214 -0.046145 -0.004206
0.496752 -0.058833 -0.000592
0.500683 -0.051650 0.005216
0.526557 -0.067340 0.010280
0.566696 -0.049793 0.005198
0.553910 -0.029615 0.004296
0.561084 -0.048082 0.003447
0.588275 -0.059058 0.007903
0.599982 -0.035448 0.016143
0.614571 -0.051210 0.006031
0.623861 -0.056340 0.021028
0.635898 -0.065223 0.004432
0.640067 -0.045764 -0.014122
0.686509 -0.058347 -0.008297
0.669619 -0.033864 0.002716
0.704588 -0.063836 0.002502
0.707734 -0.044571 -0.007925
0.730603 -0.056786 -0.010058
0.751497 -0.041892 0.003174
0.739451 -0.050160 -0.004223
0.771856 -0.055916 0.005224
0.779811 -0.039467 0.006186
0.808466 -0.044094 0.013161
0.803837 -0.044699 -0.004886
0.819153 -0.059624 -0.003118
0.838172 -0.053434 -0.014693
0.854145 -0.038993 0.000835
0.865354 -0.043350 -0.010016
0.890303 -0.054403 0.019290
0.896094 -0.036872 0.015072
0.895386 -0.043346 0.008343
0.921053 -0.052138 0.016381
0.931743 -0.031335 0.000360
0.954059 -0.053201 -0.005286
0.958907 -0.050777 -0.003761
1.002612 -0.051330 -0.018843
0.992850 -0.046488 0.004417
-1.009336 -0.019677 0.007790
-0.982039 -0.039156 0.012668
-0.973074 -0.042042 0.003371
-0.964207 -0.019882 0.006731
-0.951295 -0.022513 -0.001273
-0.948589 -0.033176 0.012820
-0.909057 -0.041073 0.004244
-0.893836 -0.041208 0.016601
-0.892055 -0.040567 0.001982
-0.888660 -0.034014 0.015225
-0.853830 -0.039597 -0.001688
-0.833547 -0.049118 -0.003792
-0.847761 -0.037561 -0.013246
-0.811890 -0.030760 0.012249
-0.808179 -0.053603 0.002131
-0.784751 -0.031424 0.000497
-0.778125 -0.044700 -0.004855
-0.746443 -0.042896 0.006233
-0.728694 -0.033744 -0.004393
-0.719074 -0.039453 -0.000315
-0.723004 -0.039996 -0.003722
-0.685060 -0.040486 -0.011387
-0.690511 -0.052510 0.016672
-0.676374 -0.027100 0.008520
-0.663735 -0.045220 -0.001982
-0.628893 -0.008200 0.002326
-0.630228 -0.022287 0.007598
-0.611862 -0.038444 -0.009352
-0.606642 -0.038306 -0.010004
-0.573634 -0.039136 0.007613
-0.562512 -0.031968 0.005189
-0.559984 -0.045062 0.006878
-0.557897 -0.042526 -0.006152
-0.537536 -0.035340 -0.012721
-0.510450 -0.029349 0.004780
-0.492699 -0.042979 0.002868
-0.473963 -0.019556 -0.000118
-0.461360 -0.034551 -0.009225
-0.450444 -0.065402 -0.006221
-0.434053 -0.031423 -0.009765
-0.409239 -0.038292 -0.007027
-0.417108 -0.042689 0.011847
-0.376514 -0.036222 0.013407
-0.380585 -0.032554 0.007617
-0.361780 -0.044195 -0.007842
-0.340778 -0.038140 -0.021721
-0.328848 -0.035473 -0.010880
-0.328210 -0.044687 -0.004303
-0.306721 -0.048979 0.004626
-0.286831 -0.047122 0.021491
-0.278194 -0.032150 -0.003437
-0.260594 -0.019149 0.000744
-0.260203 -0.043147 -0.003022
-0.232737 -0.032231 0.010496
-0.227422 -0.031649 0.003460
-0.203146 -0.041907 -0.008278
-0.202775 -0.032556 0.003207
-0.178810 -0.047679 -0.013395
-0.154005 -0.037526 0.002791
-0.154700 -0.044981 -0.014083
-0.129719 -0.044445 -0.008925
-0.094854 -0.023306 -0.002660
-0.113684 -0.034853 0.006621
-0.089148 -0.042836 0.003982
-0.072814 -0.051239 0.015545
-0.059597 -0.049990 0.008649
-0.050247 -0.033967 -0.008214
-0.044231 -0.025645 -0.020515
-0.018028 -0.057377 0.012851
-0.002736 -0.040889 0.001456
0.005850 -0.026955 0.012557
0.029672 -0.028224 -0.001152
0.029473 -0.016286 -0.004126
0.038344 -0.044577 -0.012084
0.065476 -0.029344 0.024252
0.104756 -0.024718 0.003601
0.082448 -0.034642 -0.005573
0.102135 -0.038097 0.004284
0.104431 -0.037987 0.002710
0.127692 -0.027055 0.003015
0.169366 -0.031054 -0.023972
0.153304 -0.016245 -0.005186
0.194023 -0.024117 0.009599
0.175266 -0.032939 -0.003603
0.202482 -0.038698 0.000797
0.219215 -0.050659 0.006226
0.216843 -0.043501 0.009654
0.271178 -0.008473 0.007809
0.276908 -0.041303 0.007668
0.287567 -0.048598 0.005879
0.288789 -0.044990 -0.004827
0.321684 -0.053719 0.003081
0.317135 -0.036221 0.000170
0.360906 -0.014109 -0.021918
0.363362 -0.030225 0.000726
0.358817 -0.036997 -0.005980
0.377033 -0.026663 -0.000455
0.391201 -0.035864 -0.001548
0.392074 -0.037309 0.022183
0.431306 -0.031500 -0.003080
0.436686 -0.020287 -0.005712
0.443308 -0.028678 0.022067
0.470669 -0.043872 -0.000835
0.474989 -0.031707 0.021181
0.487588 -0.036600 -0.008730
0.501232 -0.028723 0.006918
0.528858 -0.030869 0.006280
0.548526 -0.035542 -0.005677
0.548804 -0.052624 0.001836
0.566949 -0.040542 0.013051
0.584702 -0.051512 0.002351
0.597634 -0.029809 -0.003591
0.621895 -0.040262 0.009842
0.635840 -0.049657 -0.008290
0.649199 -0.025509 0.001660
0.645560 -0.038357 0.018022
0.672789 -0.048530 -0.005745
0.684036 -0.027467 -0.004884
0.686620 -0.048291 -0.001383
0.699799 -0.042820 0.009549
0.733540 -0.031644 -0.007540
0.762151 -0.041820 -0.006492
0.751280 -0.060721 0.007125
0.762823 -0.035918 -0.004815
0.773134 -0.035684 -0.014514
0.796027 -0.032893 -0.000254
0.814428 -0.028131 -0.002871
0.820672 -0.029532 0.023757
0.842469 -0.020218 0.011436
0.861234 -0.050594 -0.002181
0.867945 -0.012512 0.004623
0.884954 -0.032976 -0.002858
0.895499 -0.025522 0.004634
0.904707 -0.037431 0.003527
0.938412 -0.029505 -0.001748
0.938652 -0.045632 0.008320
0.966414 -0.042906 -0.003528
0.960201 -0.056044 -0.016688
0.978746 -0.037744 -0.002373
1.007915 -0.034364 0.006843
-1.012667 -0.026561 0.003240
-0.982943 -0.011026 0.000694
-0.968589 -0.030124 -0.007646
-0.963335 -0.025881 0.009275
-0.943145 -0.008084 0.005172
-0.929543 -0.030048 -0.001761
-0.910109 -0.006463 0.008185
-0.906142 -0.038695 0.012666
-0.895294 -0.015781 0.006496
-0.862957 -0.015194 0.000658
-0.853326 -0.018830 -0.006095
-0.837257 -0.020077 -0.003745
-0.828372 -0.028283 0.001380
-0.803928 -0.016007 -0.010967
-0.789628 -0.026581 -0.014257
-0.776314 -0.008000 0.005416
-0.778413 -0.023546 -0.000038
-0.750826 -0.014369 -0.007279
-0.752072 -0.015188 -0.016896
-0.747025 -0.018688 -0.008696
-0.708072 -0.032184 -0.009387
-0.705785 -0.028201 0.016512
-0.695688 -0.012419 0.013579
-0.658780 -0.017708 -0.008358
-0.674081 -0.022277 -0.000640
-0.633359 -0.023314 -0.008219
-0.614656 -0.003560 0.005563
-0.624811 -0.028987 -0.001388
-0.595003 -0.018109 -0.020314
-0.589099 -0.031159 -0.005805
-0.582979 -0.033364 -0.002324
-0.570536 -0.019900 -0.011864
-0.535085 -0.017880 0.004709
-0.495234 -0.033513 -0.003339
-0.510297 -0.007695 -0.025028
-0.493765 -0.017254 0.005676
-0.502009 -0.023883 -0.007406
-0.463590 -0.019511 -0.014580
-0.471872 -0.006966 -0.012055
-0.438414 -0.013957 -0.007066
-0.427586 -0.018215 0.003037
-0.407632 -0.020027 0.000515
-0.383314 -0.004620 0.005734
-0.404432 -0.004660 0.011123
-0.362550 -0.025004 0.009997
-0.365685 -0.017547 -0.007706
-0.342845 0.000636 -0.003019
-0.322480 -0.015969 0.000996
-0.306410 -0.031160 -0.001431
-0.298608 -0.029130 0.009272
-0.281937 -0.011397 0.008076
-0.242155 -0.037922 -0.000434
-0.252306 -0.021950 -0.008221
-0.231886 -0.025454 -0.013535
-0.230045 -0.011381 -0.001333
-0.215014 -0.015902 0.013373
-0.193672 -0.030180 -0.002140
-0.190147 -0.017526 0.010261
-0.165515 -0.010870 0.017548
-0.165427 -0.027816 0.014273
-0.149810 -0.036156 -0.003475
-0.110742 -0.036919 -0.000146
-0.108998 0.005714 -0.002423
-0.077774 -0.017666 0.004202
-0.069871 -0.025420 -0.012766
-0.042840 -0.010477 -0.007207
-0.058851 -0.017611 -0.014111
-0.033047 -0.031702 -0.013023
-0.028751 -0.021578 -0.027067
-0.003244 -0.017846 -0.011789
-0.001716 -0.031881 0.008686
0.011060 -0.026660 0.006662
0.030083 -0.013780 0.003556
0.051342 -0.027343 0.009517
0.066746 -0.017207 -0.017939
0.082105 -0.029368 -0.008326
0.075805 -0.010388 0.003966
0.106538 -0.033071 -0.002440
0.147978 -0.007195 -0.010732
0.136400 -0.017902 -0.001316
0.154756 -0.020519 0.012698
0.166083 -0.032307 0.012121
0.192235 -0.024139 -0.000111
0.184711 -0.027425 -0.005488
0.209591 -0.004191 -0.012313
0.226031 -0.011110 0.014211
0.225161 -0.023347 0.005338
0.249081 -0.021655 -0.021335
0.246979 -0.028959 0.017905
0.287333 -0.013058 0.004803
0.289377 -0.023861 0.007356
0.310332 -0.025991 -0.007042
0.323765 -0.015190 -0.001251
0.337122 -0.027211 0.000420
0.357496 -0.034754 0.005703
0.371853 -0.014638 -0.005060
0.358280 -0.028910 0.001381
0.369720 -0.024745 0.016903
0.407806 -0.027233 -0.007210
0.425544 -0.021218 0.004284
0.443442 -0.022852 0.001501
0.453205 -0.029141 -0.009629
0.463995 -0.027462 0.001871
0.489300 -0.022757 -0.001351
0.503833 -0.036497 0.007936
0.529438 -0.020522 -0.012460
0.528774 -0.033376 -0.011300
0.542309 -0.019711 -0.001341
0.541731 -0.008766 0.022260
0.555430 -0.010785 -0.009853
0.594728 -0.028063 0.002540
0.597623 -0.018155 0.024849
0.615823 -0.019203 0.008287
0.619514 -0.002814 -0.002122
0.635337 -0.012023 0.010583
0.651401 -0.024929 0.001143
0.661158 -0.024825 -0.010860
0.685378 0.001643 0.009541
0.703491 -0.016565 0.004807
0.718406 -0.028922 -0.004372
0.733815 -0.016144 -0.003743
0.752033 -0.021246 -0.008123
0.749614 -0.023475 -0.013683
0.741931 -0.012343 0.007852
0.776728 -0.005944 -0.011375
0.801373 -0.023085 0.011743
0.823082 -0.001873 0.004918
0.831461 -0.026778 0.001802
0.851516 -0.020625 0.012268
0.857058 -0.005385 0.003267
0.878446 -0.016100 -0.016983
0.888429 -0.024663 0.012045
0.908372 -0.014817 0.003825
0.923873 -0.007007 -0.009674
0.930390 -0.024313 0.000971
0.933599 -0.009888 0.009877
0.951807 -0.011776 -0.004596
0.980015 -0.026028 0.008329
0.991472 -0.020110 0.002570
0.985093 -0.011258 -0.023290
-0.998914 -0.010278 0.003104
-0.987496 -0.009549 -0.011172
-0.955213 0.000741 0.015471
-0.959812 -0.019481 0.005872
-0.941976 -0.004298 -0.004029
-0.917914 0.000443 0.000775
-0.893142 -0.003979 0.001719
-0.893313 0.004853 -0.007439
-0.882437 -0.021502 -0.001189
-0.874891 -0.001002 0.002025
-0.858040 -0.008796 0.024475
-0.853327 -0.003629 -0.003350
-0.845244 0.007025 0.017736
-0.793886 -0.012107 0.018505
-0.788103 -0.006873 -0.002209
-0.783413 -0.003705 -0.007866
-0.777724 -0.005404 0.026996
-0.760630 -0.006271 0.011585
-0.739144 -0.004732 -0.005582
-0.712522 -0.004013 0.021358
-0.717661 0.016385 0.006265
-0.692413 -0.010539 0.004281
-0.677698 -0.001627 0.014069
-0.670026 -0.016884 -0.016427
-0.639893 -0.006763 -0.004609
-0.647574 -0.015916 0.004331
-0.631313 -0.007397 -0.010843
-0.621222 -0.009638 -0.007739
-0.592021 -0.008799 -0.024984
-0.583475 -0.016401 0.007005
-0.584904 -0.014054 -0.016787
-0.554533 0.018888 0.012149
-0.546722 -0.019609 -0.016881
-0.529459 -0.016332 0.004706
-0.530239 -0.015540 -0.005398
-0.503494 -0.002744 -0.020701
-0.506385 -0.007387 0.005627
-0.477090 -0.014138 -0.012289
-0.455116 -0.020385 -0.002174
-0.445532 0.011355 -0.000821
-0.424878 0.007407 -0.005671
-0.414656 -0.016360 0.011803
-0.400705 0.009352 0.022136
-0.400194 -0.019208 -0.003767
-0.378573 0.000272 0.014952
-0.350111 0.004032 0.014832
-0.353104 -0.003161 -0.015085
-0.313531 -0.008966 0.013781
-0.311812 -0.004327 0.001710
-0.298171 0.002861 -0.008948
-0.270309 -0.000522 -0.014203
-0.255403 -0.003787 -0.001659
-0.237996 0.004260 0.000468
-0.255765 -0.006816 -0.005716
-0.217857 -0.027273 0.007949
-0.208451 0.004089 -0.003921
-0.178394 -0.010259 0.001835
-0.179974 -0.033469 0.006289
-0.184612 -0.026975 -0.022249
-0.163411 -0.014415 -0.005057
-0.135629 0.008525 0.004911
-0.103915 -0.012654 -0.010975
-0.102847 -0.001996 -0.004023
-0.097513 -0.001949 0.008892
-0.078182 -0.021267 -0.012261
-0.073130 0.020385 -0.013489
-0.038761 0.006133 0.005488
-0.042721 0.006111 0.005817
-0.028945 -0.004148 0.009334
-0.025802 0.004300 0.007965
0.007900 -0.002264 0.004845
0.020310 -0.008293 -0.006178
0.035135 0.014795 -0.016486
0.052930 -0.006877 -0.006159
0.058808 -0.030470 -0.002388
0.084371 -0.006232 0.007530
0.090548 -0.010537 0.008430
0.115088 -0.004541 -0.001582
0.144638 0.010166 0.002531
0.143619 -0.003676 0.005312
0.149268 -0.009786 -0.004838
0.151857 -0.021554 -0.010720
0.190997 0.005685 -0.007389
0.195138 -0.009044 -0.003489
0.205039 -0.016188 0.011010
0.233562 -0.014777 0.000289
0.232536 -0.008801 -0.014593
0.259267 -0.010059 0.002414
0.261382 0.005005 0.010773
0.281821 0.004040 0.016899
0.287353 -0.022922 0.002258
0.314238 -0.009051 0.017404
0.314931 0.000735 0.000178
0.325157 0.001474 -0.002295
0.345927 -0.013827 0.002680
0.376814 -0.012847 0.013089
0.386273 -0.014645 0.004300
0.391154 -0.018303 -0.012323
0.397305 -0.022344 0.005490
0.441079 0.005935 0.015501
0.448569 -0.004965 -0.000991
0.453140 -0.003187 -0.006033
0.467050 -0.008244 0.011748
0.489593 -0.008245 0.008299
0.517386 0.009913 0.004718
0.505469 0.014973 0.014281
0.522834 -0.000885 -0.003940
0.537029 -0.023164 0.007306
0.541247 -0.010784 0.012709
0.577346 0.007685 -0.009420
0.584662 -0.031150 0.006685
0.602484 0.000420 -0.004978
0.628262 -0.011783 0.007811
0.603980 0.002036 -0.001919
0.653873 -0.007316 -0.006391
0.649526 0.006418 -0.002002
0.680802 -0.016203 0.006811
0.684001 -0.007230 0.016724
0.704155 0.011356 -0.005319
0.717674 -0.018574 -0.005712
0.714317 -0.007009 0.011611
0.741647 -0.007095 0.000856
0.745631 -0.002778 0.001238
0.760913 0.003110 0.015657
0.781045 -0.008493 -0.005808
0.814320 -0.006247 -0.001237
0.810860 0.006324 -0.005878
0.817163 -0.001160 -0.008622
0.840657 0.000656 -0.002909
0.845521 -0.006709 0.011379
0.874139 -0.019703 -0.003266
0.924368 -0.013151 0.008758
0.901618 -0.022757 -0.006404
0.910038 -0.012883 -0.010511
0.927950 -0.018411 0.012942
0.949031 0.002321 0.016583
0.966763 0.009245 -0.000459
0.972244 -0.007305 -0.001853
0.967011 0.003110 0.010645
0.990500 -0.015247 0.000800
-1.000717 -0.013837 0.006578
-0.969825 0.003761 -0.017121
-0.977483 0.001861 -0.013344
-0.955948 0.016138 -0.017240
-0.958651 -0.000982 -0.003921
-0.935807 0.002927 0.020418
-0.923340 0.000467 0.008213
-0.894658 0.026184 0.000134
-0.883090 0.012880 -0.008290
-0.871154 0.011526 -0.002580
-0.857285 0.001495 -0.006590
-0.849820 0.008459 0.003656
-0.831115 0.009093 -0.017005
-0.799625 -0.001503 0.011904
-0.798425 0.007376 0.001278
-0.775838 0.031594 0.000317
-0.756470 0.008823 -0.013701
-0.771785 0.011134 -0.006853
-0.749546 0.018186 0.012931
-0.716339 0.000490 0.010496
-0.715606 0.018610 -0.010208
-0.701253 0.015681 -0.003071
-0.672726 -0.001085 0.006275
-0.691140 0.011938 -0.010011
-0.649551 0.001222 -0.010032
-0.651794 -0.009833 0.007756
-0.615553 -0.017173 -0.012261
-0.598696 0.008420 -0.000930
-0.610579 -0.004667 0.016103
-0.565547 0.016946 0.023784
-0.550969 -0.009678 -0.005086
-0.557743 0.025290 -0.003317
-0.531843 -0.003947 0.007859
-0.518978 0.011673 -0.002249
-0.518654 0.030143 -0.019343
-0.500839 0.023597 0.004076
-0.499677 -0.009827 0.008243
-0.466428 0.038074 -0.002107
-0.458205 0.008905 0.004816
-0.429932 0.000504 -0.002104
-0.426740 0.020369 -0.003081
-0.407001 0.013286 -0.006010
-0.403046 0.028322 -0.005295
-0.404169 0.008203 0.003930
-0.369968 0.001349 -0.002951
-0.374772 0.002306 0.017194
-0.331124 0.004181 0.016058
-0.333610 -0.005333 0.016011
-0.326537 0.011889 -0.004539
-0.309959 -0.001576 0.017843
-0.267349 0.000247 -0.023917
-0.270375 0.007477 -0.007176
-0.236466 -0.001089 -0.000222
-0.233169 0.014188 -0.003818
-0.239093 0.008866 0.002006
-0.223497 -0.000758 -0.003361
-0.203150 0.010575 -0.015380
-0.189810 0.013346 0.002027
-0.167804 0.012903 0.002894
-0.163077 0.014480 -0.013243
-0.142435 0.016760 -0.001197
-0.110072 0.000258 -0.004450
-0.101979 -0.001045 -0.010063
-0.113621 0.029491 -0.008111
-0.080520 0.005891 -0.008385
-0.067875 0.015522 0.018130
-0.043389 0.016016 0.016938
-0.045024 0.004159 0.015044
-0.022943 0.006422 0.026823
-0.001786 0.009453 -0.012060
0.014888 0.014975 -0.016366
0.020286 0.004027 0.010170
0.032141 0.022252 0.019511
0.039490 0.023195 0.001050
0.053892 0.006124 0.002638
0.080181 0.005863 -0.013392
0.084478 0.009476 -0.006446
0.109875 -0.012062 0.014908
0.122683 0.009057 0.014952
0.137365 0.001145 0.002016
0.143542 0.017550 0.006195
0.162227 0.014644 -0.000741
0.174782 0.001184 0.003658
0.177165 -0.016013 0.011086
0.211246 0.003464 0.001656
0.221874 0.006214 0.003450
0.242999 0.009022 0.003334
0.232194 0.007834 -0.002376
0.269692 0.016858 -0.014469
0.279243 0.004608 0.010553
0.309403 -0.002616 -0.003165
0.289712 0.008466 0.004006
0.327980 -0.001622 -0.011349
0.330499 0.005914 0.007256
0.340291 0.004637 0.000044
0.379704 0.008781 -0.008414
0.379819 -0.007891 0.011446
0.395559 0.002021 -0.002018
0.423604 0.005194 0.000541
0.409049 0.013525 -0.010862
0.448431 0.006475 -0.021105
0.453864 0.008989 -0.006077
0.467696 -0.007589 0.001793
0.494446 0.005650 0.016185
0.504205 0.002739 -0.005263
0.510132 -0.000655 -0.012569
0.532105 0.001911 -0.014201
0.522971 -0.005323 0.004411
0.546744 0.001628 -0.011168
0.572321 -0.000479 0.006302
0.581420 0.015754 -0.002782
0.588865 0.015179 0.017784
0.605067 0.021896 -0.000597
0.625996 0.006556 -0.000428
0.647352 0.011634 -0.017267
0.665693 0.015622 0.006479
0.669240 -0.009828 -0.004323
0.688844 0.024907 -0.007304
0.695184 0.030516 -0.007639
0.713014 0.012680 -0.009073
0.714044 -0.007293 -0.007937
0.751125 0.003595 -0.002753
0.768124 0.011751 -0.006770
0.769054 0.017917 0.010570
0.775138 0.017634 0.009515
0.809330 0.020155 -0.013607
0.808517 0.007032 0.013725
0.820005 0.010639 0.011147
0.837823 0.004637 0.010870
0.860657 0.016363 -0.001468
0.887804 0.011987 0.004028
0.896633 0.013453 -0.016131
0.881667 0.012403 -0.008441
0.896286 0.026608 0.000872
0.928254 0.010753 0.003366
0.949496 0.027784 0.001668
0.946817 0.017425 -0.014861
0.971161 0.007476 -0.005089
0.970585 0.032473 -0.001816
1.002332 0.019275 -0.011787
-1.024730 0.011572 0.002170
-0.983339 0.017051 -0.001970
-0.984690 0.040994 -0.000542
-0.952936 0.010242 -0.001004
-0.929030 0.035264 0.022759
-0.921699 0.018440 0.002352
-0.909541 0.019361 0.005219
-0.904860 0.002749 -0.004947
-0.878119 0.025052 0.002466
-0.870329 0.022325 -0.011783
-0.861719 -0.003083 0.002562
-0.840960 0.029520 -0.001611
-0.827921 0.012118 -0.002045
-0.823446 0.033194 -0.000894
-0.786240 0.017096 -0.028948
-0.789715 0.011773 0.025356
-0.749157 0.028974 -0.007987
-0.761971 0.020576 0.004053
-0.746079 0.016431 0.001496
-0.730932 0.007151 -0.006086
-0.717822 0.024639 0.019449
-0.715405 0.026057 -0.005040
-0.701463 0.015963 -0.018686
-0.657918 0.015730 0.000049
-0.649329 0.016592 0.022432
-0.655796 0.031858 -0.000485
-0.620885 0.006726 0.009969
-0.611669 0.024966 0.005863
-0.603089 0.012356 -0.017860
-0.578776 0.023957 0.007210
-0.573192 0.027210 -0.019095
-0.568338 0.030880 -0.008909
-0.534549 0.030932 0.000066
-0.522147 0.005498 0.020120
-0.517411 0.020121 0.008614
-0.506819 0.011779 0.001724
-0.494221 0.028723 -0.007605
-0.487793 0.018049 0.006496
-0.456672 0.019935 -0.004360
-0.429480 0.035135 0.008599
-0.432933 0.035531 -0.018800
-0.397485 0.028971 0.012748
-0.394969 0.016819 -0.012001
-0.390090 0.012730 -0.005756
-0.369206 0.015025 0.007218
-0.356405 0.030499 0.009670
-0.332562 0.008657 -0.001247
-0.315155 0.005702 -0.005888
-0.301620 0.024054 0.008253
-0.301950 0.019751 -0.000090
-0.282606 0.018833 0.009510
-0.274171 0.018799 0.000673
-0.259686 0.022368 -0.001573
-0.244648 0.017455 0.005513
-0.217220 0.016039 -0.006286
-0.198320 0.027668 -0.012414
-0.191899 0.011272 -0.000540
-0.175652 0.018074 0.012798
-0.161994 0.035653 -0.007314
-0.150199 0.016809 0.001613
-0.134066 0.020567 -0.002904
-0.122685 0.029368 -0.005495
-0.123408 0.028686 -0.006415
-0.086424 0.001270 -0.014424
-0.080930 0.017807 -0.001075
-0.053671 0.026081 0.001945
-0.028489 0.030983 -0.003213
-0.039384 0.024785 -0.013765
-0.029792 0.044994 -0.020074
0.025956 0.018540 -0.007964
-0.007197 0.014326 -0.014226
0.028175 0.024396 -0.000240
0.040161 0.023835 -0.000711
0.050580 0.024833 -0.008385
0.052300 0.008466 -0.011445
0.062091 0.020605 0.005727
0.094098 0.013379 0.016028
0.112005 0.042999 -0.004696
0.095425 0.020760 0.001679
0.141260 0.017556 0.005812
0.137973 0.021485 -0.003127
0.158049 0.042234 0.023068
0.182040 0.039127 -0.008957
0.194482 0.016789 0.012960
0.194133 0.028402 -0.019945
0.224946 0.022206 0.003243
0.233243 0.026612 -0.001233
0.253282 0.019487 -0.013501
0.266303 0.009756 -0.006903
0.281060 0.027427 0.001073
0.282352 0.035849 -0.003477
0.306972 0.019283 0.001073
0.321467 0.023382 -0.009271
0.340118 0.036724 -0.018240
0.352930 0.015347 -0.000719
0.359650 0.030319 -0.012791
0.379029 0.012939 0.013276
0.374412 0.028499 -0.013678
0.410456 0.025038 -0.008100
0.426002 0.024461 -0.010918
0.442137 0.005273 -0.000011
0.464445 0.012018 0.009291
0.475907 0.030461 0.003548
0.477588 0.023862 -0.006376
0.478417 0.019916 0.006979
0.510321 0.026051 -0.014661
0.529201 0.012204 -0.010008
0.533676 0.024438 -0.007570
0.571255 0.012189 0.006743
0.561058 0.028225 -0.010946
0.582842 0.012592 -0.010549
0.586412 0.003509 -0.009966
0.607852 0.003358 -0.000899
0.630423 -0.017652 -0.000271
0.649502 0.017706 -0.023922
0.646013 0.033473 0.003403
0.665844 0.028478 0.006920
0.688826 0.027981 0.000556
0.685641 0.007497 -0.004365
0.706694 0.033004 0.005162
0.717468 0.031172 -0.007501
0.731064 0.003604 0.013537
0.757823 0.019407 0.009783
0.758600 0.009652 0.000758
0.778804 0.021899 -0.019634
0.809116 0.022029 -0.003195
0.793730 0.010854 -0.001567
0.831878 0.013257 -0.004915
0.839133 0.006475 0.009936
0.855763 0.030683 -0.017333
0.870096 0.045530 -0.001767
0.885898 0.007427 0.016514
0.905304 0.021064 0.016937
0.916348 0.019361 -0.002917
0.924981 0.009931 -0.009279
0.947532 0.007075 -0.009721
0.954483 0.022399 0.009720
0.965195 0.019142 -0.006340
0.979849 0.022070 0.001068
0.983712 0.030503 0.002919
-1.001537 0.013604 0.009391
-0.986936 0.038557 -0.014392
-0.972373 0.023609 0.003942
-0.951255 0.037793 0.010206
-0.941316 0.033633 0.003092
-0.931316 0.033547 0.016479
-0.921294 0.038500 -0.005391
-0.901057 0.036189 -0.003590
-0.879309 0.028290 -0.005022
-0.871030 0.042086 -0.011095
-0.844255 0.030526 0.001632
-0.845468 0.022946 0.020291
-0.827138 0.024906 0.000562
-0.822109 0.037053 0.014482
-0.804845 0.031742 0.009600
-0.783786 0.031382 -0.001522
-0.776252 0.013345 -0.001387
-0.753842 0.034118 0.007629
-0.739480 0.048147 0.002381
-0.734345 0.029858 -0.000549
-0.723505 0.055651 0.002166
-0.688173 0.036817 0.013295
-0.696307 0.055085 -0.000582
-0.670999 0.050139 -0.001362
-0.648197 0.030687 -0.018008
-0.634760 0.028723 -0.009305
-0.621601 0.041771 -0.019700
-0.620420 0.043736 0.006299
-0.597944 0.034371 0.009990
-0.562136 0.038318 0.004864
-0.580000 0.035174 0.003443
-0.556716 0.045674 -0.018851
-0.542882 0.038096 0.002451
-0.548136 0.047534 0.001517
-0.514316 0.047441 0.003953
-0.480480 0.046843 0.008050
-0.485622 0.027753 -0.004674
-0.472304 0.022184 0.004173
-0.458180 0.049515 0.003240
-0.451749 0.037266 -0.004826
-0.411902 0.031309 0.003024
-0.415282 0.036797 0.002054
-0.404576 0.024406 0.009224
-0.387718 0.038407 0.021772
-0.355871 0.021054 -0.002622
-0.346767 0.046020 -0.014827
-0.341331 0.047161 0.001897
-0.318361 0.016107 0.000564
-0.308690 0.030689 -0.006140
-0.288608 0.039412 -0.002674
-0.287886 0.030315 0.005652
-0.279031 0.036423 0.013229
-0.244051 0.045696 0.012272
-0.224166 0.030895 0.000050
-0.231572 0.038526 -0.005915
-0.193266 0.050957 0.002388
-0.210438 0.033832 0.007683
-0.185126 0.029425 0.002296
-0.166019 0.014356 -0.006982
-0.155825 0.038842 0.015912
-0.144423 0.035206 -0.002520
-0.126217 0.044730 -0.000596
-0.098311 0.056188 -0.011131
-0.079497 0.038051 -0.000806
-0.072795 0.029920 -0.005450
-0.060017 0.040082 -0.013707
-0.047537 0.040713 -0.017176
-0.023401 0.042625 -0.002250
-0.010686 0.034849 0.001188
-0.013090 0.027818 0.006237
0.002861 0.035832 -0.003694
0.025483 0.027717 0.012320
0.032152 0.020794 -0.019371
0.058079 0.024633 0.000678
0.071533 0.039545 -0.012037
0.081760 0.052317 -0.015246
0.097456 0.041368 -0.004095
0.115875 0.040091 -0.011070
0.122219 0.041224 0.005794
0.136889 0.021710 0.013493
0.159988 0.038505 -0.010778
0.172427 0.026412 -0.014793
0.170535 0.041880 0.002581
0.182410 0.016095 -0.006384
0.215535 0.030145 0.005014
0.200335 0.047001 0.009958
0.237999 0.039232 0.005144
0.247139 0.050590 -0.007522
0.272917 0.029316 0.001312
0.279571 0.040915 -0.000605
0.298070 0.043333 -0.006603
0.307941 0.011656 0.001790
0.329829 0.032862 0.003882
0.331054 0.033946 0.007619
0.354765 0.031988 -0.025370
0.360635 0.008866 -0.004756
0.388484 0.049729 -0.011009
0.393752 0.029826 0.005034
0.408706 0.035837 0.001119
0.421813 0.036512 0.000246
0.442357 0.021221 0.004397
0.445737 0.030934 0.004217
0.472048 0.037951 0.001617
0.487245 0.036521 -0.009122
0.494344 0.033535 -0.014292
0.516479 0.044622 0.004247
0.529938 0.024265 0.003296
0.538829 0.043417 -0.011961
0.569118 0.022255 -0.027178
0.561885 0.016153 0.015767
0.593379 0.047203 -0.018025
0.578187 0.037982 0.014239
0.606137 0.048169 -0.004667
0.645029 0.028713 0.013598
0.624847 0.025838 -0.002037
0.662437 0.029626 0.013518
0.652933 0.042151 0.008346
0.678554 0.032395 -0.005841
0.685737 0.038803 -0.011309
0.723509 0.022548 -0.010436
0.720958 0.055971 -0.013411
0.743756 0.041613 -0.009950
0.760549 0.042578 -0.005636
0.767655 0.032605 -0.010093
0.777640 0.028315 -0.005964
0.818121 0.038352 0.023429
0.809904 0.043321 0.018664
0.806457 0.041637 -0.016063
0.846287 0.027400 -0.009341
0.843718 0.037497 0.000666
0.872080 0.050406 0.017755
0.903915 0.034652 -0.009854
0.894793 0.038607 0.008128
0.916632 0.049287 -0.016944
0.924235 0.030198 -0.007564
0.949599 0.032064 -0.011047
0.961433 0.025925 0.011944
0.979574 0.038276 0.006112
0.981211 0.018779 0.006819
1.010097 0.026848 -0.002800
-0.994839 0.045575 -0.016798
-0.972126 0.050984 0.012944
-0.965357 0.049679 0.011622
-0.965394 0.048256 0.001138
-0.944171 0.053786 0.002522
-0.932658 0.065084 0.009769
-0.926035 0.048740 -0.007805
-0.902144 0.056296 -0.011895
-0.894452 0.050224 0.015228
-0.873148 0.037265 0.000858
-0.850825 0.051617 -0.008271
-0.821099 0.043434 0.015811
-0.812257 0.047167 -0.003467
-0.802362 0.034254 0.001523
-0.793482 0.048916 0.003407
-0.785079 0.045560 0.005600
-0.759524 0.047596 0.011372
-0.754728 0.055170 0.003399
-0.733729 0.063129 0.006191
-0.732202 0.040708 0.005582
-0.716586 0.045624 -0.008087
-0.691025 0.049984 0.011522
-0.692814 0.060770 -0.001768
-0.667371 0.052702 0.010379
-0.652347 0.048791 0.019772
-0.645670 0.061008 -0.003541
-0.627766 0.063454 0.018300
-0.605024 0.054766 0.009504
-0.597012 0.042779 0.008946
-0.598673 0.061746 -0.021818
-0.573578 0.042762 -0.015176
-0.566187 0.048658 -0.013709
-0.547931 0.037605 -0.003052
-0.518653 0.028086 0.003230
-0.510696 0.047443 -0.003817
-0.509314 0.018247 -0.000341
-0.488758 0.041242 0.012356
-0.465650 0.036220 -0.004192
-0.454307 0.043139 -0.001122
-0.434061 0.057771 -0.002180
-0.432876 0.044866 0.010537
-0.413380 0.044720 0.002478
-0.400436 0.056492 0.003052
-0.385631 0.047759 -0.008903
-0.360961 0.062912 0.011070
-0.340989 0.025227 -0.014827
-0.323868 0.051955 -0.004593
-0.329266 0.023257 0.002133
-0.316719 0.052883 -0.003642
-0.275386 0.058702 0.004821
-0.286886 0.047287 0.009380
-0.265191 0.070048 0.004379
-0.251725 0.063479 -0.001571
-0.232998 0.066066 0.004554
-0.211886 0.051449 -0.016653
-0.223890 0.038718 0.000897
-0.192995 0.045296 0.011102
-0.187423 0.049045 0.003280
-0.168333 0.038341 0.001649
-0.162391 0.053630 0.011729
-0.120658 0.041495 0.000248
-0.115196 0.041172 -0.003172
-0.111339 0.065155 -0.012613
-0.092597 0.032975 -0.001456
-0.072968 0.034062 0.005754
-0.032255 0.042540 -0.001078
-0.063709 0.049062 -0.008003
-0.036368 0.058290 0.017575
-0.017695 0.053218 -0.002886
-0.004548 0.014812 -0.011322
0.007013 0.056884 -0.011406
0.022231 0.061236 0.003323
0.038307 0.035647 -0.003925
0.066860 0.041538 -0.014119
0.069149 0.029806 0.010423
0.086492 0.064971 -0.022026
0.080602 0.032777 0.005111
0.104253 0.053026 -0.019226
0.117378 0.052486 0.015061
0.128408 0.061190 0.008111
0.160350 0.040077 -0.010030
0.173729 0.050353 0.002827
0.189885 0.041844 0.010423
0.207232 0.042133 0.005684
0.199227 0.033016 0.004108
0.222303 0.053029 0.013019
0.243041 0.059987 -0.001940
0.244212 0.040413 0.000759
0.266966 0.049054 0.010313
0.281631 0.062413 0.010304
0.302450 0.031247 0.000856
0.308151 0.058173 -0.003423
0.322817 0.071178 -0.005908
0.338855 0.054714 -0.003256
0.350684 0.042873 0.008654
0.358389 0.071381 0.001236
0.367198 0.035334 0.001416
0.412022 0.041873 0.008801
0.411787 0.037759 -0.016695
0.402420 0.053769 -0.012329
0.436965 0.049663 0.003711
0.462933 0.055560 0.014135
0.474919 0.057011 -0.001266
0.475842 0.058531 0.002521
0.483652 0.068098 0.003609
0.508272 0.064315 0.001458
0.531683 0.060969 -0.005651
0.537201 0.078181 -0.002624
0.560187 0.057558 0.006418
0.565199 0.044413 0.001477
0.596196 0.041338 -0.010402
0.583310 0.050117 -0.000740
0.615307 0.059675 -0.000867
0.619346 0.039774 0.018455
0.640508 0.041824 0.007237
0.644957 0.051263 0.003136
0.669832 0.083532 0.007084
0.676687 0.057646 0.011243
0.704869 0.051604 0.012313
0.709734 0.055856 -0.011258
0.703789 0.036668 0.013611
0.732889 0.035529 -0.010874
0.757207 0.048046 0.000881
0.758944 0.043049 -0.003012
0.778306 0.045184 0.011350
0.796593 0.069535 0.005045
0.793255 0.040152 0.004392
0.815344 0.051001 0.004120
0.847773 0.039669 -0.031375
0.860102 0.053596 0.000966
0.861088 0.045199 -0.013231
0.881596 0.044061 0.001339
0.879925 0.055464 0.003104
0.926603 0.031428 -0.010613
0.925039 0.072797 0.001957
0.948270 0.056600 0.009482
0.957507 0.039592 -0.001483
0.978211 0.062828 0.012990
0.992493 0.052440 -0.013209
1.011396 0.035705 -0.005345
-1.015043 0.050459 -0.010833
-0.987025 0.067552 -0.001594
-0.964199 0.047826 -0.001060
-0.959732 0.062902 0.004791
-0.939251 0.061497 -0.003006
-0.916456 0.064933 -0.014103
-0.897360 0.057888 -0.001058
-0.901138 0.053962 0.013738
-0.895185 0.051013 0.008976
-0.885218 0.056839 0.006374
-0.859101 0.058421 -0.006265
-0.839953 0.057984 -0.000059
-0.835180 0.056796 0.015063
-0.812690 0.060540 0.016601
-0.817092 0.052955 0.012868
-0.774989 0.066056 0.004628
-0.766488 0.064743 -0.001312
-0.754728 0.059823 0.007784
-0.750957 0.060079 -0.012372
-0.721727 0.049060 -0.009278
-0.717114 0.054088 -0.004479
-0.686707 0.055165 -0.014069
-0.679944 0.063949 -0.006998
-0.661072 0.082833 -0.014314
-0.648910 0.057063 0.009861
-0.636110 0.049908 -0.000176
-0.620476 0.056521 -0.000218
-0.611539 0.060602 -0.003974
-0.611922 0.056634 -0.002261
-0.590403 0.057120 0.001459
-0.559082 0.061814 0.004959
-0.548297 0.064525 -0.001222
-0.537112 0.065106 -0.006204
-0.525942 0.047019 -0.005819
-0.511470 0.097534 0.003820
-0.505517 0.059706 -0.013280
-0.483284 0.060034 -0.000810
-0.469736 0.051265 0.015147
-0.443141 0.062099 -0.003546
-0.433945 0.072424 -0.000109
-0.413646 0.090668 -0.003500
-0.405240 0.079154 -0.003235
-0.390237 0.070124 -0.014644
-0.388397 0.044540 0.003013
-0.371098 0.052924 -0.000214
-0.341928 0.053324 0.004933
-0.348085 0.056050 0.009505
-0.333292 0.071906 0.001564
-0.331773 0.058209 0.004942
-0.272980 0.072041 0.001796
-0.288726 0.064895 -0.000229
-0.271219 0.049091 0.002060
-0.264981 0.080002 -0.019548
-0.247834 0.048875 -0.007612
-0.223129 0.049722 -0.002143
-0.200081 0.070647 -0.009898
-0.185115 0.070665 -0.007530
-0.182893 0.068050 0.006633
-0.180603 0.044544 -0.008513
-0.166887 0.056081 -0.011788
-0.134317 0.057192 -0.004948
-0.120144 0.068830 -0.006085
-0.124810 0.068120 -0.016382
-0.089132 0.071080 -0.009492
-0.063449 0.071087 -0.001917
-0.066880 0.068452 -0.001736
-0.050003 0.067387 -0.004544
-0.036697 0.074449 0.009761
-0.021245 0.063807 -0.019657
-0.006234 0.055836 0.001366
-0.002744 0.064948 -0.007362
0.024119 0.068989 -0.006115
0.056446 0.052859 -0.001972
0.054050 0.064393 0.006855
0.047946 0.081285 -0.008748
0.095164 0.069114 0.002100
0.095605 0.058925 0.015502
0.089602 0.056114 0.014560
0.121833 0.058590 -0.025162
0.140988 0.060764 -0.019051
0.146016 0.070242 -0.012078
0.158665 0.064121 -0.008283
0.179573 0.075045 -0.006114
0.176405 0.070246 0.000008
0.232832 0.067165 -0.003493
0.230596 0.097311 0.001102
0.249118 0.076151 0.024037
0.247394 0.067837 0.008187
0.275573 0.055476 -0.007000
0.283619 0.080531 -0.016347
0.287683 0.060271 0.005299
0.326691 0.063271 -0.005233
0.328837 0.063324 -0.005503
0.325588 0.066293 -0.004372
0.331975 0.066040 0.006868
0.361160 0.057020 0.012387
0.370814 0.067225 0.006333
0.395594 0.064461 -0.002941
0.403561 0.057925 0.016294
0.398844 0.065388 0.006317
0.436404 0.068932 -0.003603
0.455479 0.042005 -0.001681
0.472892 0.048825 0.013494
0.482204 0.061528 0.018788
0.485526 0.066674 0.014800
0.514442 0.061785 -0.000215
0.514921 0.039334 0.008985
0.525938 0.059252 0.009760
0.556299 0.039013 0.002904
0.568183 0.077459 -0.001502
0.572189 0.065508 -0.002880
0.595700 0.051049 0.009256
0.607146 0.064217 -0.005472
0.626466 0.089592 0.008419
0.624576 0.044495 -0.019063
0.655462 0.069588 0.010132
0.663905 0.052308 0.010917
0.684238 0.057394 0.008746
0.696283 0.077558 0.011947
0.713569 0.049636 -0.004499
0.734208 0.070877 0.004702
0.745885 0.058618 0.002302
0.741243 0.069443 -0.003305
0.767953 0.062272 -0.012935
0.769816 0.048276 0.028351
0.799093 0.069585 -0.001999
0.815609 0.078254 0.008166
0.813821 0.061451 -0.003060
0.842042 0.058796 -0.016242
0.852183 0.079644 -0.009394
0.868934 0.054453 0.003108
0.885192 0.057727 0.006846
0.902908 0.076282 0.001366
0.916373 0.060403 -0.001936
0.928133 0.062939 -0.006862
0.955579 0.049524 0.001179
0.955033 0.061908 -0.012174
0.967315 0.064198 0.011657
0.996364 0.055752 -0.000654
1.000818 0.053865 -0.007639
-1.000409 0.067588 0.010484
-0.991146 0.070082 0.008269
-0.976756 0.078463 0.010280
-0.956913 0.095053 0.008117
-0.934234 0.084484 0.016293
-0.916713 0.075597 0.006803
-0.914808 0.065385 0.003473
-0.917083 0.080743 -0.006447
-0.875571 0.096199 0.015566
-0.885902 0.068455 0.002737
-0.866623 0.081647 -0.014427
-0.844655 0.085666 -0.001748
-0.822381 0.079599 0.003003
-0.815027 0.070942 -0.003124
-0.805701 0.082819 -0.011056
-0.781979 0.076450 -0.015403
-0.761524 0.066552 0.000565
-0.756660 0.068110 0.000034
-0.730659 0.088157 -0.007183
-0.714710 0.076864 -0.005336
-0.707084 0.086469 0.005562
-0.703942 0.072709 -0.006070
-0.679525 0.060613 0.016830
-0.682800 0.082335 -0.004618
-0.653587 0.063259 -0.002207
-0.642202 0.075480 -0.001915
-0.630860 0.075227 0.008294
-0.619118 0.068479 -0.023422
-0.606251 0.073498 0.006374
-0.581675 0.072896 0.013485
-0.579271 0.067718 0.019866
-0.544995 0.092589 0.015397
-0.548700 0.087473 -0.012112
-0.527677 0.076153 0.011079
-0.494654 0.082508 -0.000757
-0.479223 0.108222 0.001048
-0.493516 0.092851 -0.006374
-0.466590 0.072099 0.000969
-0.458421 0.071814 0.002770
-0.449088 0.078624 -0.009694
-0.412951 0.076094 -0.001006
-0.421355 0.080140 -0.003537
-0.395089 0.081196 -0.023751
-0.378379 0.077643 0.006068
-0.359107 0.081079 0.008681
-0.364453 0.093793 0.004816
-0.343601 0.069841 0.019127
-0.331330 0.079761 -0.000666
-0.306098 0.085984 -0.006620
-0.289032 0.060237 -0.003638
-0.274934 0.079088 -0.014499
-0.267411 0.095262 0.002249
-0.244797 0.054689 0.009648
-0.245079 0.073840 -0.008917
-0.219601 0.079929 -0.001703
-0.190246 0.081870 0.015198
-0.194793 0.068400 0.003363
-0.170457 0.067167 0.004763
-0.147468 0.060885 0.002927
-0.144485 0.084976 -0.001620
-0.129802 0.073752 -0.000824
-0.124099 0.086091 -0.002800
-0.100490 0.074492 0.004737
-0.090609 0.047732 -0.008690
-0.087689 0.082292 0.005985
-0.068838 0.082959 0.009076
-0.071457 0.068947 -0.000758
-0.050386 0.091725 -0.030498
-0.020119 0.080809 -0.020111
-0.005186 0.069110 -0.013728
-0.002307 0.072583 0.001855
0.012243 0.078550 -0.009859
0.036174 0.081991 0.005233
0.059145 0.073993 -0.000487
0.061727 0.090182 0.014275
0.074368 0.086438 0.006441
0.106182 0.086420 -0.006453
0.106289 0.080661 -0.004880
0.136094 0.074204 0.009406
0.128255 0.083124 -0.003919
0.149265 0.062900 -0.003199
0.180458 0.065645 -0.006570
0.178023 0.064323 0.003438
0.186377 0.077608 -0.006659
0.205710 0.050247 -0.007367
0.214843 0.074816 -0.000501
0.241656 0.074423 0.008441
0.268392 0.060907 0.000326
0.267162 0.076237 -0.001040
0.301752 0.061812 -0.010471
0.302889 0.081366 0.004433
0.306237 0.090611 0.001448
0.335389 0.088892 0.003849
0.334322 0.115191 0.012317
0.358963 0.086683 0.013287
0.369287 0.080431 -0.010605
0.362277 0.099478 -0.024050
0.400966 0.057607 0.003923
0.410103 0.077849 0.005029
0.425418 0.062347 -0.000934
0.440052 0.086409 0.000424
0.469567 0.086619 -0.003670
0.473073 0.073981 0.000374
0.490419 0.075149 -0.002766
0.496231 0.081811 0.021181
0.524403 0.074336 -0.012635
0.509695 0.079201 -0.000294
0.534336 0.068949 0.014991
0.557840 0.072903 -0.004161
0.556798 0.062324 -0.009006
0.570687 0.089482 0.006040
0.600458 0.075596 0.003915
0.610085 0.070947 -0.006082
0.609730 0.062425 0.000236
0.638988 0.087581 -0.004787
0.663441 0.088181 -0.004626
0.665655 0.081984 0.008138
0.669986 0.071028 0.002200
0.718578 0.086475 -0.003903
0.717979 0.069485 0.006397
0.737015 0.071993 0.021214
0.745351 0.082375 0.013951
0.756030 0.083059 0.014652
0.779080 0.061607 0.002658
0.789815 0.081570 0.011276
0.784049 0.076502 -0.000891
0.796204 0.093277 -0.012854
0.819655 0.087865 0.014829
0.859432 0.071683 -0.001234
0.868978 0.076917 0.000388
0.884414 0.078350 -0.012061
0.880558 0.087329 -0.019026
0.901600 0.087187 0.000331
0.916690 0.098169 0.007035
0.923214 0.073402 0.000328
0.939339 0.071858 0.002228
0.938963 0.071579 -0.008611
0.973230 0.087891 -0.005980
0.974534 0.068960 0.004735
0.991766 0.092597 -0.008231
-0.977389 0.086255 -0.008563
-0.981350 0.098787 0.004715
-0.960373 0.105976 -0.005591
-0.960376 0.083453 -0.004115
-0.957825 0.085928 -0.003705
-0.934504 0.099760 0.009472
-0.912520 0.079974 0.010850
-0.906095 0.068941 -0.000366
-0.885837 0.088095 -0.004276
-0.878148 0.092180 0.015865
-0.875068 0.096438 0.004152
-0.830983 0.087400 0.009131
-0.826927 0.071956 -0.011640
-0.807852 0.078934 0.005798
-0.786067 0.088373 0.002903
-0.788192 0.091933 0.006888
-0.761731 0.097499 0.002641
-0.747566 0.085447 -0.020509
-0.741158 0.089808 -0.008051
-0.703375 0.078811 -0.007380
-0.694717 0.083364 0.006151
-0.707127 0.082621 0.019378
-0.695305 0.093104 -0.017411
-0.682384 0.108560 -0.014845
-0.665839 0.101582 0.005606
-0.638391 0.096847 0.016071
-0.615395 0.079365 0.001158
-0.611699 0.081733 -0.007196
-0.609093 0.105728 0.003934
-0.604839 0.091708 -0.019057
-0.560634 0.075866 -0.005196
-0.557527 0.096049 -0.002301
-0.535897 0.095041 -0.018801
-0.538041 0.096703 0.000719
-0.496320 0.090514 -0.000038
-0.497152 0.071664 0.014365
-0.488660 0.115962 0.011525
-0.477807 0.088480 0.018004
-0.436055 0.088237 -0.000119
-0.445299 0.100568 0.008205
-0.436663 0.082177 -0.002709
-0.405212 0.088622 0.010631
-0.394346 0.085426 0.003313
-0.398490 0.096085 0.006941
-0.367492 0.084429 -0.001146
-0.351583 0.099288 0.019059
-0.317978 0.072827 0.021006
-0.328904 0.114279 0.001316
-0.308174 0.096309 0.003334
-0.279878 0.087027 -0.012160
-0.282136 0.091121 -0.012838
-0.273086 0.118557 -0.007995
-0.252569 0.107121 -0.004957
-0.228515 0.100835 0.005839
-0.216885 0.098061 -0.005660
-0.225731 0.109601 -0.007290
-0.208263 0.094870 0.007047
-0.180213 0.093402 0.001696
-0.169773 0.080573 0.004798
-0.135760 0.095262 -0.008147
-0.154282 0.097984 -0.006370
-0.106211 0.080892 -0.008867
-0.110949 0.098487 0.005227
-0.083818 0.071962 0.002911
-0.092480 0.077939 0.001523
-0.074743 0.094201 0.005621
-0.037866 0.091293 0.005411
-0.026076 0.086696 0.003450
-0.034593 0.071081 -0.007221
-0.016843 0.096270 0.006621
0.004446 0.092520 0.013160
0.028810 0.100402 -0.014260
0.043608 0.088923 0.007746
0.036796 0.089882 0.008517
0.050893 0.092028 -0.017654
0.076121 0.084235 0.001521
0.104365 0.096347 -0.001434
0.105223 0.091082 0.000930
0.111794 0.083462 0.007935
0.131970 0.087630 0.012763
0.164339 0.074310 0.005241
0.164268 0.080518 0.002995
0.186210 0.084869 0.003640
0.192414 0.108462 -0.006141
0.204528 0.107458 -0.019477
0.234874 0.088519 0.007604
0.225964 0.084313 0.003567
0.255917 0.109219 0.010044
0.271905 0.104732 -0.004014
0.280446 0.080694 -0.008867
0.281999 0.086100 0.002862
0.300610 0.091235 0.013133
0.334022 0.094869 -0.009361
0.346719 0.105683 0.004088
0.341562 0.104684 0.006675
0.359968 0.095432 0.006033
0.376068 0.106495 -0.007915
0.400570 0.095066 0.003745
0.416912 0.099172 -0.025266
0.416743 0.081286 -0.002631
0.447033 0.076852 0.007920
0.443466 0.092598 -0.016156
0.471363 0.103167 0.010829
0.479823 0.089543 -0.020288
0.497860 0.114497 -0.020059
0.509292 0.078960 -0.017284
0.517299 0.068064 0.014954
0.549796 0.084251 0.000799
0.559376 0.089143 -0.010576
0.571232 0.097471 -0.000269
0.589521 0.081651 -0.013510
0.574247 0.099584 0.002552
0.621819 0.107209 -0.010153
0.614576 0.081862 -0.008570
0.627356 0.097619 0.000712
0.663082 0.093998 -0.013248
0.662965 0.095208 -0.005326
0.689136 0.095750 0.011316
0.681060 0.089152 0.001415
0.693837 0.084364 -0.013487
0.723434 0.106122 0.005652
0.723324 0.109432 -0.001046
0.748307 0.093273 0.006501
0.765174 0.075932 -0.002853
0.799525 0.086595 0.000911
0.812187 0.089522 0.002385
0.813326 0.090078 0.002933
0.812946 0.088356 -0.003363
0.852922 0.105410 -0.008174
0.840000 0.091050 -0.002031
0.864902 0.081457 -0.004630
0.877283 0.100218 0.001893
0.906817 0.101203 0.012045
0.900048 0.100084 -0.006606
0.929509 0.085967 -0.004400
0.947557 0.090815 -0.001024
0.945506 0.091450 -0.007366
0.949630 0.097700 -0.002923
0.995325 0.098116 0.008029
0.995744 0.079554 0.014068
-0.994989 0.107821 0.013268
-0.982485 0.114214 -0.016306
-0.957164 0.114134 0.009191
-0.957014 0.106216 0.000001
-0.957990 0.107594 -0.001047
-0.952347 0.103354 0.014389
-0.919006 0.112062 0.005390
-0.900691 0.089347 -0.015389
-0.885285 0.103591 -0.007543
-0.880538 0.100062 -0.000066
-0.853533 0.116817 0.000437
-0.841951 0.101137 -0.007187
-0.816358 0.095149 0.001997
-0.805583 0.130827 0.012736
-0.802131 0.108597 -0.001349
-0.771754 0.097584 -0.000603
-0.779396 0.127388 -0.003944
-0.739682 0.099000 0.000107
-0.760011 0.120079 -0.006090
-0.728352 0.107614 -0.007444
-0.687681 0.110152 0.003402
-0.715300 0.101279 0.008188
-0.686660 0.117822 0.017301
-0.677067 0.116952 -0.003305
-0.640590 0.118539 -0.011217
-0.644332 0.097684 0.007759
-0.625373 0.105014 -0.008680
-0.627215 0.108976 0.016228
-0.588728 0.110222 -0.004745
-0.580575 0.099950 0.006579
-0.550582 0.103959 0.000625
-0.557260 0.103475 -0.012215
-0.532582 0.110563 0.001679
-0.519064 0.119240 -0.012208
-0.491632 0.110142 -0.001128
-0.491340 0.088800 0.018069
-0.495546 0.112428 0.000610
-0.474255 0.108627 0.005261
-0.445171 0.096100 -0.008858
-0.449386 0.101458 -0.001528
-0.428450 0.104014 -0.008183
-0.422940 0.104844 -0.016115
-0.403049 0.108114 -0.012265
-0.375306 0.102185 0.007811
-0.356540 0.117430 -0.004157
-0.349344 0.097210 0.000710
-0.325975 0.091336 0.001559
-0.304250 0.092031 0.004756
-0.293830 0.092269 0.001768
-0.293759 0.109907 -0.002907
-0.295281 0.113428 -0.000316
-0.253241 0.105573 -0.019351
-0.265431 0.101489 -0.006171
-0.246647 0.117716 0.008248
-0.214238 0.107102 0.001009
-0.222183 0.105254 0.006610
-0.196881 0.110174 0.010270
-0.159154 0.097808 -0.012398
-0.155734 0.118494 0.006450
-0.165085 0.124279 -0.000073
-0.136554 0.115466 -0.021129
-0.130178 0.111870 -0.002662
-0.099854 0.109692 -0.010070
-0.092228 0.111300 0.008724
-0.090357 0.121372 0.012316
-0.049347 0.110914 -0.010852
-0.051743 0.106485 -0.013683
-0.042451 0.094459 -0.006029
-0.014349 0.116164 0.010749
-0.022929 0.105760 -0.017217
0.008212 0.107678 0.007948
0.021620 0.127144 0.003039
0.042331 0.116451 -0.015217
0.052634 0.092821 -0.013389
0.063784 0.096355 -0.015083
0.080311 0.097692 0.010849
0.100391 0.110994 0.004256
0.091009 0.119776 0.005237
0.110475 0.100627 -0.006710
0.139769 0.098526 -0.016211
0.142207 0.108298 0.010007
0.164288 0.107641 0.008906
0.194247 0.112790 0.002833
0.178607 0.090288 -0.005779
0.210803 0.092934 0.003310
0.228245 0.096545 0.014729
0.237113 0.106637 0.012144
0.250461 0.113705 -0.005682
0.269841 0.113095 0.010142
0.284143 0.106414 0.027612
0.309595 0.092500 0.002060
0.306538 0.118683 0.002243
0.311605 0.123137 0.008080
0.327221 0.110338 -0.004823
0.347553 0.107732 -0.005865
0.381488 0.113933 -0.021752
0.382907 0.093669 -0.011397
0.401875 0.103805 -0.006452
0.419392 0.083990 -0.003626
0.418770 0.118378 0.009691
0.446660 0.112666 0.016294
0.444242 0.117840 -0.005503
0.464599 0.088602 -0.014962
0.480544 0.105961 0.001336
0.501389 0.104655 0.005319
0.517022 0.126243 0.000636
0.529715 0.100914 -0.017890
0.535439 0.116418 -0.003982
0.545753 0.116142 -0.001449
0.556824 0.090755 0.005342
0.573320 0.112848 0.008700
0.617289 0.117318 0.009490
0.612177 0.106563 -0.006514
0.612670 0.102703 -0.002357
0.632964 0.110743 -0.004972
0.653527 0.104251 0.016054
0.660558 0.093113 0.000078
0.674170 0.112027 0.009505
0.698181 0.117726 -0.008179
0.714844 0.103207 -0.014793
0.723816 0.126375 0.001360
0.736201 0.089763 -0.000050
0.752246 0.105170 -0.012881
0.755465 0.102157 -0.005482
0.791780 0.109069 -0.008606
0.781055 0.082351 -0.006160
0.828127 0.108100 0.001958
0.833856 0.114466 0.011836
0.848747 0.112302 0.002624
0.847606 0.108333 0.012017
0.872976 0.093458 -0.003236
0.885955 0.098944 -0.008865
0.885979 0.107701 0.011721
0.901187 0.107016 0.014174
0.943417 0.115222 0.004917
0.936394 0.124938 -0.006478
0.960667 0.107316 -0.003995
0.970864 0.106007 0.031493
0.983130 0.098456 -0.002587
1.008900 0.093154 -0.010233
-0.990340 0.128225 -0.011118
-0.988112 0.108670 0.011070
-0.968702 0.111348 0.007840
-0.943547 0.115827 -0.005859
-0.935308 0.111746 -0.009694
-0.918816 0.123657 -0.005159
-0.910589 0.135266 0.009962
-0.890627 0.115742 0.002497
-0.889976 0.113041 0.018445
-0.872482 0.127206 -0.006766
-0.857033 0.122541 -0.000597
-0.841130 0.115404 -0.005864
-0.819951 0.128296 0.001177
-0.799390 0.126679 0.014570
-0.790005 0.121846 -0.008936
-0.778232 0.112203 0.014751
-0.770204 0.125119 -0.004978
-0.736338 0.094846 -0.011530
-0.737269 0.109026 -0.002480
-0.737340 0.111754 0.014057
-0.718299 0.113535 0.007395
-0.714055 0.122711 0.002536
-0.670591 0.135023 -0.005200
-0.675671 0.123955 0.007997
-0.658092 0.114272 0.012038
-0.615135 0.111981 -0.021402
-0.629963 0.119511 0.000585
-0.633073 0.125613 0.010152
-0.586201 0.119942 -0.000372
-0.584461 0.114290 -0.000144
-0.568141 0.122933 -0.006615
-0.553422 0.120512 0.007179
-0.547093 0.114759 -0.004549
-0.524341 0.107454 -0.011704
-0.514260 0.127765 -0.003251
-0.504922 0.101894 -0.006059
-0.484416 0.113993 0.009967
-0.467350 0.122354 0.007728
-0.455232 0.118452 -0.008595
-0.424434 0.125650 0.006623
-0.445169 0.123970 -0.002584
-0.415846 0.124964 -0.006258
-0.383329 0.131204 -0.009173
-0.362362 0.128826 -0.010517
-0.376280 0.107948 0.001889
-0.373228 0.111230 -0.010344
-0.346265 0.121501 0.011797
-0.339586 0.121389 -0.004828
-0.329260 0.119830 0.020206
-0.288485 0.108224 -0.010718
-0.266410 0.116759 0.004991
-0.271852 0.137054 0.008845
-0.236888 0.121726 -0.002771
-0.226196 0.115203 0.016286
-0.225841 0.117677 -0.003611
-0.208413 0.122650 -0.011915
-0.193516 0.116790 -0.000288
-0.176005 0.113372 -0.009292
-0.170055 0.135558 0.007576
-0.160953 0.116806 -0.004866
-0.149975 0.144154 0.004079
-0.108490 0.123769 -0.004880
-0.103077 0.139972 -0.013912
-0.094896 0.122302 0.003075
-0.088608 0.115782 -0.008660
-0.073027 0.119701 0.007265
-0.057904 0.129982 -0.000435
-0.040362 0.126352 0.001204
-0.021986 0.109717 0.007014
-0.001041 0.113942 0.007203
0.011783 0.114374 0.011574
0.018880 0.102330 0.001416
0.029453 0.122252 -0.002072
0.051898 0.120667 -0.008527
0.059303 0.114971 -0.002428
0.077897 0.115453 -0.003277
0.102962 0.126536 0.011049
0.106619 0.124078 0.013784
0.120142 0.116324 0.019925
0.138205 0.111878 -0.017830
0.155415 0.121500 0.001865
0.153869 0.096352 0.002437
0.171369 0.110355 0.004581
0.205367 0.116461 -0.002692
0.202399 0.114322 0.014965
0.223905 0.117570 -0.008460
0.240883 0.123992 0.017097
0.230665 0.124195 0.018882
0.278169 0.129280 -0.008763
0.274293 0.131443 -0.005079
0.308719 0.123600 0.003273
0.317850 0.114777 -0.001518
0.339463 0.128478 -0.003453
0.338245 0.134093 0.025931
0.359806 0.107312 0.005076
0.357311 0.123616 0.004656
0.382322 0.117991 0.006120
0.412995 0.101371 0.000964
0.415417 0.120118 -0.004522
0.429947 0.120659 0.005904
0.438485 0.118186 0.015692
0.433457 0.115498 0.011790
0.452245 0.140436 -0.003515
0.494003 0.127712 -0.007486
0.492608 0.118278 0.004239
0.504396 0.122371 -0.000478
0.500400 0.108119 0.004050
0.558049 0.121488 -0.010959
0.550005 0.106427 0.000571
0.568880 0.106197 0.012268
0.585069 0.120159 -0.006708
0.596058 0.129075 -0.005963
0.613036 0.130658 -0.018054
0.621919 0.125510 0.008861
0.643175 0.111147 0.004023
0.654155 0.119790 0.002835
0.669422 0.122568 -0.005487
0.688583 0.130261 -0.017417
0.706265 0.125195 0.018528
0.715637 0.122299 0.010757
0.742092 0.114517 -0.007707
0.740822 0.115898 0.009089
0.755568 0.126071 0.011290
0.775254 0.111852 0.007910
0.785790 0.138853 -0.004482
0.795851 0.101712 -0.002162
0.818116 0.123780 0.001021
0.836756 0.128995 0.006378
0.836627 0.114943 0.024133
0.844604 0.114291 0.002987
0.861375 0.122377 -0.001692
0.878686 0.115819 0.008322
0.901882 0.125188 -0.003087
0.917741 0.116985 0.000297
0.937110 0.126698 -0.005075
0.948548 0.109162 0.001194
0.962266 0.114225 0.008494
0.976098 0.126658 0.002417
0.993869 0.125889 -0.021656
0.994401 0.123616 0.022728
-0.998083 0.139465 0.004252
-0.986619 0.124566 0.007895
-0.967729 0.127879 0.001381
-0.950308 0.154866 0.005408
-0.939512 0.122648 0.006650
-0.922581 0.128899 0.007217
-0.923096 0.139652 -0.006128
-0.903012 0.131553 0.005107
-0.889818 0.130587 -0.002713
-0.866561 0.146080 -0.006725
-0.859794 0.152568 -0.013631
-0.840448 0.146389 -0.012985
-0.826637 0.141562 -0.001761
-0.829059 0.130670 -0.007652
-0.802346 0.149058 -0.005738
-0.764767 0.158082 -0.005450
-0.756940 0.133669 -0.005959
-0.751641 0.127446 0.000646
-0.748364 0.138360 0.008016
-0.705889 0.126183 -0.001157
-0.709622 0.138487 -0.004013
-0.684364 0.136888 -0.004291
-0.686585 0.134511 -0.006668
-0.689348 0.146634 0.008962
-0.635658 0.168833 -0.002218
-0.625493 0.142268 0.005939
-0.609446 0.110852 -0.017354
-0.592836 0.139110 -0.000158
-0.582289 0.134506 0.025948
-0.580475 0.137118 -0.000988
-0.560228 0.123234 0.003405
-0.544412 0.130799 -0.005879
-0.535940 0.141758 0.000698
-0.520745 0.135378 0.002337
-0.524274 0.134682 -0.001505
-0.496457 0.140278 -0.015497
-0.482196 0.124469 0.005475
-0.463309 0.121846 0.002467
-0.454595 0.135767 -0.002613
-0.443302 0.143556 -0.005707
-0.432278 0.132939 0.010158
-0.394746 0.147688 -0.008876
-0.382730 0.144191 0.012016
-0.397733 0.140817 -0.007426
-0.370978 0.124540 -0.001423
-0.361857 0.123942 0.018807
-0.352969 0.137356 -0.011811
-0.312387 0.151251 -0.001551
-0.303102 0.134485 0.004538
-0.285210 0.134613 -0.005833
-0.278578 0.133212 0.016212
-0.273733 0.135385 -0.014323
-0.278505 0.131360 -0.007333
-0.255577 0.129475 0.007745
-0.217862 0.137058 0.006965
-0.218860 0.152067 -0.000446
-0.183105 0.148710 -0.012627
-0.188554 0.127762 -0.004289
-0.165964 0.127063 -0.003879
-0.148563 0.124755 0.012935
-0.145808 0.149505 0.003340
-0.132195 0.137629 0.005575
-0.094763 0.124314 0.019037
-0.093033 0.127521 -0.005090
-0.074422 0.148377 -0.003326
-0.063902 0.116666 -0.004979
-0.041403 0.151642 -0.007092
-0.038214 0.142653 -0.005103
-0.022313 0.132119 -0.015617
-0.016715 0.138754 0.013325
0.008167 0.143856 0.001033
0.018213 0.140148 0.021640
0.039463 0.127923 0.001832
0.062750 0.135614 0.002134
0.057387 0.132657 0.020415
0.094465 0.124198 -0.008159
0.084080 0.131573 -0.008743
0.108994 0.134913 0.022134
0.107784 0.134235 -0.011020
0.140863 0.130757 0.004323
0.130867 0.131917 0.004822
0.174162 0.133363 -0.005341
0.190587 0.111168 0.020441
0.189618 0.120777 0.000879
0.203347 0.133657 -0.003708
0.204033 0.139013 -0.012579
0.255826 0.128913 -0.028105
0.257418 0.126962 0.018079
0.250852 0.146263 0.000520
0.297612 0.142579 0.007766
0.297987 0.132436 0.009178
0.292045 0.116987 0.014860
0.325372 0.129927 -0.001556
0.327046 0.125538 -0.014168
0.355685 0.136929 0.008875
0.369715 0.129798 -0.002100
0.373050 0.131803 0.004504
0.389111 0.139005 0.011373
0.394941 0.127319 -0.011765
0.431138 0.132864 -0.008510
0.440074 0.141931 0.016101
0.444262 0.145238 0.001756
0.466921 0.130851 -0.013252
0.479581 0.128625 0.018053
0.488697 0.122632 -0.001969
0.519311 0.140732 0.010937
0.543123 0.142967 -0.000142
0.517803 0.142023 0.002144
0.551893 0.137435 0.019057
0.553053 0.136187 0.008747
0.587193 0.127977 0.016886
0.596491 0.146042 -0.007110
0.596702 0.144268 -0.017653
0.616256 0.124851 0.002148
0.635617 0.119502 0.004415
0.670426 0.146060 -0.006038
0.665839 0.134919 0.014417
0.658356 0.136534 0.006908
0.696765 0.137441 -0.002752
0.704011 0.144294 -0.001061
0.726221 0.140748 0.007756
0.736173 0.132091 0.014844
0.770667 0.147055 -0.005304
0.789562 0.140650 -0.007820
0.785850 0.124285 0.015921
0.814045 0.134960 -0.016981
0.809771 0.139926 0.000314
0.821093 0.134870 0.010630
0.849478 0.141088 0.008593
0.839701 0.143272 -0.019191
0.888846 0.129017 -0.010130
0.861691 0.137818 -0.011374
0.904923 0.133789 -0.001833
0.917117 0.143152 0.006183
0.950222 0.135171 0.004266
0.952672 0.139749 -0.013364
0.962261 0.145249 -0.002620
0.950895 0.139031 0.005525
0.986990 0.146365 0.003330
1.004190 0.146079 -0.019242
-1.008344 0.166489 -0.000285
-0.975180 0.157067 -0.015184
-0.980526 0.153617 -0.025288
-0.940448 0.147457 -0.017964
-0.938152 0.147835 0.014920
-0.925926 0.139248 0.011535
-0.912335 0.134174 0.016497
-0.894187 0.137339 -0.025598
-0.891280 0.148283 0.000007
-0.860450 0.153540 0.006724
-0.849676 0.144691 -0.012348
-0.840648 0.144478 -0.004955
-0.819197 0.155777 -0.001163
-0.809246 0.134676 -0.009394
-0.796777 0.155675 0.000272
-0.780214 0.148103 0.003387
-0.772091 0.158934 0.014293
-0.752162 0.157033 -0.017600
-0.730703 0.155012 0.017813
-0.746100 0.149341 0.009188
-0.707768 0.158460 0.017207
-0.711765 0.147830 -0.007522
-0.687564 0.152838 -0.005240
-0.663803 0.146029 0.000183
-0.661766 0.156526 -0.010074
-0.660692 0.129898 0.015396
-0.633155 0.148003 0.003968
-0.611328 0.148681 0.004502
-0.587074 0.130148 -0.000583
-0.584991 0.150103 0.019090
-0.570125 0.149414 0.000901
-0.563083 0.141734 0.000131
-0.543442 0.157357 -0.006028
-0.524717 0.165120 -0.010869
-0.503311 0.149860 0.010318
-0.501666 0.146515 0.004265
-0.484413 0.149552 -0.001242
-0.482341 0.161758 0.008197
-0.444645 0.142797 -0.006053
-0.438825 0.152378 -0.012111
-0.439298 0.161202 0.006381
-0.404537 0.153938 -0.003095
-0.387392 0.141884 0.002731
-0.375679 0.151328 -0.000968
-0.381770 0.139392 0.001705
-0.343111 0.148496 0.011666
-0.352686 0.168412 -0.005253
-0.318853 0.147519 0.012944
-0.315765 0.149491 0.012595
-0.282999 0.167557 0.004161
-0.279586 0.135487 -0.003056
-0.248049 0.152613 0.010518
-0.278991 0.153620 -0.003690
-0.233326 0.135452 0.008980
-0.236852 0.146403 0.030774
-0.197232 0.154609 -0.002113
-0.172468 0.148291 0.006922
-0.187101 0.140855 0.002264
-0.174106 0.149987 0.008267
-0.157147 0.147409 -0.008204
-0.153246 0.152593 0.004232
-0.124592 0.161811 0.001273
-0.127054 0.135537 0.007952
-0.092497 0.168126 -0.001449
-0.077742 0.169130 -0.008359
-0.056059 0.128978 0.002074
-0.058143 0.145876 0.008302
-0.032829 0.133470 -0.001954
-0.033381 0.149703 -0.002762
-0.005871 0.168489 -0.010721
0.007670 0.132025 0.006197
0.025947 0.144379 -0.005375
0.035417 0.156063 0.012823
0.045963 0.154111 -0.006031
0.036465 0.147390 -0.010032
0.077238 0.141688 0.006786
0.097289 0.143541 -0.000636
0.118226 0.142438 -0.004161
0.122763 0.151355 0.017408
0.138505 0.142533 0.003435
0.149989 0.152451 -0.013776
0.166756 0.151836 0.003703
0.179539 0.155447 0.000070
0.204733 0.148999 0.003388
0.212696 0.144070 0.006457
0.219963 0.156034 -0.000199
0.260906 0.149419 0.010579
0.259007 0.135147 -0.001853
0.264574 0.142385 -0.005963
0.274680 0.157029 -0.005971
0.287628 0.144084 -0.005008
0.319693 0.151064 0.011921
0.326749 0.136385 0.000340
0.339044 0.148842 -0.008769
0.353153 0.161599 0.012929
0.372188 0.167939 -0.018592
0.370610 0.141102 -0.023420
0.410539 0.154144 0.022014
0.415105 0.147551 0.006769
0.421605 0.158457 0.010899
0.436437 0.154379 0.007807
0.448115 0.131118 -0.024448
0.466999 0.150354 0.007148
0.493718 0.143526 0.022561
0.495874 0.139355 0.000570
0.518288 0.152235 0.004082
0.504368 0.157718 -0.001635
0.566485 0.153014 0.002010
0.538907 0.139260 0.012961
0.566851 0.152002 -0.009674
0.578789 0.141842 -0.018737
0.584973 0.155765 -0.004956
0.612720 0.148773 0.009217
0.613055 0.139438 -0.020743
0.648226 0.150238 -0.004124
0.647876 0.148722 0.013558
0.691571 0.145391 0.010679
0.684988 0.129106 0.006476
0.684776 0.144710 -0.006358
0.704134 0.136066 -0.009132
0.725679 0.156537 -0.008702
0.746839 0.152317 -0.022096
0.773598 0.138928 0.019415
0.778312 0.151603 0.007536
0.755055 0.161682 0.011254
0.805711 0.148076 0.009353
0.803939 0.133612 -0.000783
0.822782 0.159474 -0.013506
0.840338 0.131215 -0.012624
0.871373 0.140605 -0.006013
0.862461 0.159878 0.009115
0.891597 0.142942 0.001242
0.893657 0.151369 -0.014253
0.897229 0.165747 0.010026
0.919599 0.122576 -0.009543
0.942475 0.145206 0.002026
0.955232 0.145318 0.005608
0.984493 0.153388 0.009945
0.981744 0.153748 0.004352
1.035296 0.168413 -0.006085
-1.012200 0.178397 -0.004220
-0.987973 0.151330 -0.010134
-0.968054 0.170532 -0.004159
-0.971728 0.175422 -0.011847
-0.933160 0.166472 -0.005164
-0.927075 0.161354 0.020849
-0.912484 0.173155 0.000533
-0.903734 0.157197 0.000947
-0.869360 0.156935 -0.003579
-0.862914 0.163032 0.017038
-0.850643 0.176929 0.006222
-0.833971 0.163496 -0.002950
-0.840954 0.156262 -0.007056
-0.793914 0.156809 0.017317
-0.798193 0.149103 0.002285
-0.793857 0.166570 -0.002124
-0.766759 0.164366 0.014114
-0.759575 0.164244 0.007508
-0.733343 0.160234 -0.005085
-0.728397 0.158397 0.009088
-0.706095 0.142579 -0.006036
-0.691268 0.191819 -0.006681
-0.664915 0.162324 -0.001011
-0.656503 0.163485 -0.003365
-0.664133 0.163689 -0.005220
-0.649775 0.141700 0.001115
-0.610269 0.163454 0.001568
-0.614768 0.157281 -0.020394
-0.595016 0.177172 0.009513
-0.592650 0.170342 -0.006969
-0.568318 0.154499 -0.005867
-0.558796 0.156965 0.005440
-0.552704 0.165857 0.011142
-0.531778 0.163411 -0.007892
-0.503186 0.170929 -0.007128
-0.484943 0.171768 -0.014835
-0.475319 0.168552 -0.010086
-0.483374 0.170392 0.008526
-0.451824 0.162696 -0.005147
-0.444753 0.150305 0.008712
-0.436126 0.150198 -0.001159
-0.400615 0.152776 -0.001487
-0.385597 0.146628 0.003695
-0.360809 0.159447 -0.014146
-0.366560 0.168865 0.015007
-0.363344 0.180169 0.000390
-0.334413 0.164372 0.001458
-0.310313 0.146006 0.008642
-0.311079 0.170060 0.000846
-0.278050 0.162883 -0.013015
-0.276033 0.158126 -0.016057
-0.282155 0.144690 -0.001345
-0.257502 0.174048 0.007818
-0.230883 0.171029 -0.013532
-0.216428 0.157698 -0.001880
-0.203260 0.152537 0.017158
-0.195282 0.175695 -0.002477
-0.185827 0.162950 0.008021
-0.165188 0.153165 -0.004447
-0.143134 0.167333 0.015829
-0.132872 0.185590 -0.010541
-0.124682 0.163263 -0.007628
-0.108736 0.172493 0.005050
-0.087840 0.177433 0.004466
-0.096842 0.157308 0.005676
-0.057135 0.158483 -0.007234
-0.050046 0.157429 -0.007116
-0.023269 0.169846 -0.010964
-0.022135 0.156743 0.004106
-0.026373 0.158632 -0.012196
0.010016 0.164056 0.010143
0.010853 0.141176 -0.006918
0.032253 0.167838 0.004888
0.030319 0.162321 -0.006583
0.058910 0.153277 -0.010814
0.073223 0.178588 0.024111
0.109905 0.166055 -0.011356
0.106003 0.150714 0.014191
0.135804 0.172850 0.005144
0.137764 0.142088 -0.004986
0.150732 0.150363 0.001515
0.161774 0.160953 0.004003
0.165353 0.163200 0.019023
0.192662 0.165903 -0.011054
0.207804 0.157786 0.011322
0.219351 0.146621 -0.000012
0.231929 0.150619 -0.011315
0.242740 0.167478 0.008149
0.273855 0.185464 0.006734
0.278127 0.145099 0.002199
0.287377 0.154655 -0.005400
0.303632 0.183117 0.018586
0.320848 0.161921 0.007068
0.329853 0.158463 -0.019592
0.366809 0.173355 -0.001091
0.366937 0.155833 -0.001601
0.378250 0.147752 -0.002520
0.399613 0.151920 -0.004887
0.407797 0.146557 -0.017283
0.420594 0.165677 0.010891
0.454955 0.174839 0.006274
0.445617 0.173032 0.008412
0.490311 0.166221 0.022592
0.487332 0.155891 -0.002568
0.491188 0.165264 -0.025108
0.469811 0.161162 0.013370
0.520561 0.159259 0.014724
0.532758 0.152654 0.010895
0.561064 0.150974 0.005274
0.562352 0.162134 -0.009432
0.584622 0.149851 -0.012772
0.596630 0.137044 0.006250
0.607914 0.150652 0.008860
0.640346 0.167264 -0.009472
0.650681 0.164166 -0.017796
0.655964 0.145245 0.001327
0.674897 0.161861 -0.007042
0.697194 0.177619 0.002971
0.698801 0.158409 0.007354
0.709582 0.162401 0.006503
0.719962 0.144911 -0.004074
0.757960 0.167224 0.000517
0.747422 0.163653 -0.001508
0.786581 0.158530 -0.004486
0.787068 0.153992 0.005806
0.799844 0.150277 -0.000316
0.816175 0.154626 0.007494
0.828992 0.155073 -0.026546
0.836888 0.154204 0.000933
0.844724 0.166488 -0.004424
0.875559 0.153272 0.000539
0.875144 0.181885 0.006249
0.904637 0.160358 0.002234
0.903796 0.155057 0.013422
0.931619 0.157067 0.004370
0.955774 0.167056 -0.003104
0.956407 0.134392 -0.001507
0.977779 0.167316 0.008668
0.991473 0.170548 -0.006400
1.006085 0.170219 -0.010226
-0.989687 0.187096 0.009422
-0.990031 0.192610 0.007125
-0.969626 0.158193 -0.000964
-0.972273 0.185805 0.004558
-0.944904 0.163392 0.004744
-0.927276 0.184212 -0.011563
-0.901433 0.187919 0.006579
-0.905797 0.190474 0.006456
-0.875503 0.177332 0.017945
-0.881820 0.177696 -0.011148
-0.866714 0.182797 -0.009164
-0.839197 0.186959 -0.006795
-0.832966 0.157060 -0.001348
-0.808186 0.177369 0.004552
-0.792031 0.159621 -0.007132
-0.766946 0.193952 -0.006862
-0.771158 0.177202 0.001039
-0.760353 0.175402 0.003201
-0.727033 0.173252 0.016794
-0.725151 0.187719 -0.005160
-0.718786 0.179622 -0.000572
-0.686300 0.189603 -0.002677
-0.684369 0.181083 0.002534
-0.693913 0.176388 -0.007640
-0.663371 0.173202 -0.009240
-0.631437 0.178948 0.002568
-0.614435 0.169153 -0.000448
-0.608713 0.167890 -0.003303
-0.588687 0.175906 -0.014283
-0.575077 0.169471 -0.004658
-0.569137 0.169198 0.003006
-0.555507 0.176037 -0.011302
-0.528339 0.170416 -0.012895
-0.529114 0.162996 0.005828
-0.498896 0.191762 0.002943
-0.492237 0.172086 -0.010900
-0.479388 0.192079 0.000042
-0.469152 0.177874 0.003572
-0.464930 0.172505 0.009187
-0.437469 0.185747 -0.000888
-0.425310 0.187863 0.015689
-0.407875 0.197810 -0.002879
-0.399356 0.164605 0.009124
-0.372445 0.170606 -0.001883
-0.379399 0.186718 -0.008564
-0.348123 0.181502 -0.007730
-0.357970 0.176033 -0.013655
-0.311408 0.189019 -0.003366
-0.289452 0.171929 0.008520
-0.294378 0.174034 0.000839
-0.285322 0.180389 -0.006500
-0.270194 0.171268 -0.024372
-0.254004 0.180605 -0.004581
-0.242857 0.165538 0.001640
-0.217697 0.174153 -0.000599
-0.209644 0.173293 0.007344
-0.187678 0.162990 0.000693
-0.172583 0.183914 -0.015294
-0.166634 0.188109 -0.006318
-0.173425 0.174142 -0.003469
-0.127834 0.173951 -0.002016
-0.123028 0.174446 0.004100
-0.106968 0.178832 0.004135
-0.080437 0.166337 -0.003356
-0.072591 0.173900 0.008612
-0.065443 0.176012 -0.000127
-0.054935 0.176097 0.012291
-0.039619 0.177264 -0.000761
-0.005262 0.170481 0.000132
0.005004 0.182274 -0.000010
0.013459 0.183737 -0.003991
0.024004 0.177504 0.005085
0.031476 0.160516 0.021166
0.069838 0.181365 -0.002944
0.061373 0.174008 0.003628
0.070575 0.178959 -0.004817
0.082317 0.183019 -0.003676
0.111778 0.183296 -0.022375
0.117630 0.185485 0.009899
0.152487 0.167965 -0.002488
0.147665 0.188841 0.014526
0.173999 0.192031 0.000188
0.195946 0.185754 -0.009106
0.202866 0.177370 -0.019255
0.209497 0.165183 0.001199
0.229940 0.180628 -0.011137
0.229079 0.174181 -0.002343
0.253878 0.182838 -0.005168
0.274077 0.193242 0.007913
0.284282 0.176087 -0.010190
0.306623 0.191049 0.007737
0.299454 0.181549 -0.015550
0.333289 0.175057 0.009084
0.335330 0.171734 -0.006127
0.352560 0.157640 0.001084
0.363295 0.164962 0.004561
0.381301 0.183001 -0.003091
0.383296 0.169370 -0.001297
0.397585 0.166560 -0.013205
0.425736 0.183830 -0.008805
0.439683 0.182383 -0.020850
0.476745 0.166153 -0.011915
0.463598 0.157116 -0.005093
0.481633 0.177307 0.014880
0.487158 0.187911 0.014050
0.512410 0.159970 0.002843
0.526198 0.164343 0.004468
0.540387 0.170775 -0.016932
0.565396 0.167134 -0.006483
0.564582 0.175353 0.021102
0.578811 0.186306 0.008372
0.601920 0.176408 -0.003890
0.609541 0.159401 0.004280
0.630909 0.178862 0.003560
0.641117 0.184124 -0.000714
0.639905 0.176434 0.012354
0.665907 0.160161 -0.005332
0.675183 0.175451 0.006870
0.694675 0.194086 -0.008918
0.714861 0.163769 0.020048
0.724940 0.201803 -0.004622
0.748091 0.185159 -0.001781
0.756340 0.182563 -0.006451
0.764154 0.170166 -0.017432
0.784908 0.177134 0.002867
0.802698 0.185534 -0.007806
0.824459 0.167750 0.005976
0.838496 0.184795 0.009585
0.848200 0.183448 0.001316
0.854569 0.189770 -0.004710
0.860333 0.181466 -0.019457
0.881826 0.175645 -0.001052
0.880590 0.175032 0.001470
0.917726 0.164776 0.012289
0.945178 0.181465 0.016417
0.923557 0.173584 0.006347
0.930554 0.178979 0.015820
0.977446 0.164353 -0.007630
0.985352 0.148762 0.006095
0.993656 0.184094 0.010855
-1.000972 0.187557 0.000331
-0.974041 0.191134 -0.000766
-0.980681 0.193978 0.000424
-0.950681 0.192990 0.000042
-0.942737 0.178055 0.003195
-0.921167 0.195445 -0.000979
-0.902379 0.189913 -0.020744
-0.897067 0.202594 0.018110
-0.881973 0.184528 0.000773
-0.870971 0.190878 -0.005502
-0.842767 0.194485 0.019388
-0.847628 0.189870 -0.017807
-0.830805 0.198404 0.001665
-0.805637 0.199409 0.004109
-0.814041 0.185231 0.001612
-0.777573 0.192076 0.008168
-0.773448 0.184494 -0.000493
-0.746782 0.212628 0.003461
-0.757202 0.194007 0.012993
-0.729549 0.192475 -0.001834
-0.708931 0.201549 0.016388
-0.698643 0.200919 0.009572
-0.689466 0.202984 0.001506
-0.666371 0.175876 -0.002476
-0.640300 0.175054 -0.011111
-0.627595 0.194597 0.008718
-0.635747 0.200705 0.015857
-0.610770 0.197460 -0.007275
-0.590409 0.184310 -0.015946
-0.575779 0.171526 0.004614
-0.565394 0.174036 0.012545
-0.556778 0.193429 -0.017192
-0.539750 0.192100 -0.005829
-0.522856 0.187831 -0.002090
-0.512903 0.187224 0.000589
-0.476398 0.164211 0.018799
-0.470386 0.182800 -0.001469
-0.494335 0.188715 0.000624
-0.456377 0.205275 0.015163
-0.436188 0.191745 0.016454
-0.420069 0.181729 0.004728
-0.394572 0.198440 0.007074
-0.392565 0.179311 0.015630
-0.409852 0.183262 0.002599
-0.366522 0.169394 0.008617
-0.371599 0.185915 -0.004360
-0.339423 0.176577 -0.012709
-0.308968 0.178557 -0.002686
-0.318040 0.175365 0.001236
-0.316303 0.187230 0.004355
-0.284585 0.192062 -0.003205
-0.269848 0.201711 0.001413
-0.256563 0.182998 0.014868
-0.229230 0.183332 -0.001958
-0.219955 0.205195 -0.004315
-0.210648 0.187281 -0.003512
-0.207379 0.195447 0.001086
-0.180702 0.185277 0.001269
-0.178253 0.194192 0.007679
-0.151557 0.196113 -0.012544
-0.126178 0.198057 -0.011050
-0.109962 0.197428 0.009069
-0.110446 0.198990 -0.006569
-0.101436 0.182056 -0.005464
-0.082105 0.192791 0.005629
-0.069301 0.200721 0.002670
-0.049252 0.182606 -0.000063
-0.048065 0.197804 -0.001924
-0.036238 0.195373 0.010711
-0.013842 0.195403 0.009633
0.006983 0.189520 0.001121
0.025050 0.181642 -0.021693
0.023456 0.191393 -0.016852
0.049313 0.182491 0.006463
0.086699 0.202676 -0.005319
0.084166 0.182331 0.007470
0.104952 0.206258 -0.011757
0.099945 0.170357 -0.001329
0.117148 0.190932 0.016765
0.127500 0.188577 0.019576
0.124515 0.184841 0.006407
0.155225 0.192489 0.009742
0.178339 0.202447 0.001509
0.202473 0.188714 -0.008138
0.214399 0.182463 -0.005708
0.224270 0.204710 0.000343
0.245203 0.195538 0.012733
0.263731 0.184661 -0.011699
0.260511 0.194737 0.007210
0.279273 0.194295 0.006902
0.287621 0.197372 0.001803
0.303410 0.199581 -0.007073
0.333611 0.192654 -0.000318
0.340765 0.197160 0.003531
0.352275 0.182682 0.006230
0.378007 0.186568 0.000788
0.389574 0.192321 0.007876
0.403127 0.176371 0.008572
0.419444 0.204841 -0.007076
0.418589 0.172759 -0.006800
0.433216 0.192223 0.015433
0.439082 0.189441 0.002962
0.464436 0.186787 0.005904
0.467474 0.187191 0.001725
0.511408 0.193264 0.002045
0.506512 0.195803 0.009500
0.542658 0.188333 0.004795
0.544161 0.194358 0.011505
0.539602 0.188011 0.006279
0.586454 0.177728 -0.008240
0.592081 0.191924 0.000882
0.593212 0.165563 0.002056
0.619755 0.186058 0.004284
0.631328 0.200521 -0.000490
0.637373 0.207705 -0.007514
0.647733 0.196079 0.011691
0.672489 0.188247 -0.001023
0.684556 0.169908 -0.008944
0.697116 0.166858 -0.002232
0.706364 0.207773 0.008989
0.712967 0.196076 -0.028609
0.735288 0.193181 -0.001236
0.755231 0.190068 0.002084
0.772900 0.200395 -0.009511
0.789854 0.196870 -0.010569
0.812760 0.185666 -0.002031
0.802411 0.197781 -0.002036
0.833406 0.187027 0.006791
0.828671 0.203449 -0.017295
0.858355 0.196163 0.011457
0.870301 0.181857 0.008748
0.879162 0.189836 0.002266
0.911447 0.204836 -0.017258
0.911307 0.183503 0.001177
0.952332 0.195726 -0.004607
0.939466 0.192710 0.010903
0.978019 0.191202 -0.003321
0.963237 0.193751 -0.012194
0.986594 0.186492 0.014859
1.016123 0.191590 0.008458
-1.001139 0.210138 0.016736
-0.973876 0.207690 0.000351
-0.973040 0.204175 0.004008
-0.958276 0.207113 -0.002021
-0.929151 0.210266 -0.001150
-0.931762 0.192858 0.007101
-0.925607 0.213083 0.004574
-0.912718 0.207624 -0.005432
-0.881815 0.181984 -0.007112
-0.869463 0.204232 -0.021501
-0.843599 0.193781 -0.000304
-0.851747 0.199661 0.005637
-0.818565 0.226396 0.007484
-0.819090 0.209198 -0.018115
-0.807120 0.213127 0.023812
-0.764966 0.200945 -0.000422
-0.776709 0.203248 -0.007071
-0.762059 0.209281 0.014048
-0.745458 0.207720 -0.002264
-0.721965 0.215542 0.006956
-0.719610 0.206713 -0.002867
-0.690914 0.204446 0.005067
-0.692752 0.186825 -0.004446
-0.678856 0.194653 0.009583
-0.659902 0.190908 0.001763
-0.636827 0.214742 -0.014003
-0.621459 0.184926 0.006218
-0.605589 0.223760 -0.004978
-0.591050 0.200021 -0.008079
-0.576864 0.196152 -0.001319
-0.552046 0.219620 -0.006055
-0.555894 0.214511 0.017297
-0.532734 0.206339 0.001598
-0.521806 0.201322 0.011339
-0.512869 0.187823 0.014196
-0.505765 0.215509 0.021438
-0.490250 0.198742 -0.004750
-0.469471 0.210125 -0.002808
-0.438695 0.190866 0.014908
-0.432348 0.211235 -0.022086
-0.429964 0.203629 0.021592
-0.404310 0.206983 -0.002179
-0.401651 0.197484 0.007456
-0.391321 0.213592 -0.015490
-0.360974 0.219836 0.014917
-0.354096 0.202369 0.012214
-0.341592 0.201582 0.007876
-0.320407 0.191770 -0.010987
-0.304287 0.196105 -0.008615
-0.285366 0.205416 -0.008765
-0.285601 0.233680 -0.001053
-0.246135 0.209095 0.008231
-0.251755 0.211605 0.003469
-0.238023 0.195704 0.002110
-0.228004 0.204971 -0.002575
-0.220098 0.225855 -0.009524
-0.181302 0.191896 0.004005
-0.182105 0.198373 0.009123
-0.158104 0.207509 0.009643
-0.145601 0.210538 0.002538
-0.139665 0.201413 0.008209
-0.116557 0.202521 0.006446
-0.100849 0.194389 0.007108
-0.097422 0.206826 -0.009572
-0.073637 0.211942 -0.009345
-0.068119 0.205046 -0.017387
-0.044337 0.212868 0.002879
-0.016546 0.189712 -0.006472
-0.028557 0.198923 -0.009451
-0.019812 0.208969 -0.003086
0.018382 0.200883 0.002631
0.026874 0.211082 -0.002399
0.039371 0.198379 -0.006320
0.051479 0.211691 -0.006337
0.071415 0.204632 -0.005596
0.070644 0.201960 0.002898
0.100589 0.195534 -0.012808
0.098651 0.210881 -0.011246
0.134306 0.185496 -0.001910
0.138894 0.204298 -0.028735
0.163789 0.194542 -0.002385
0.176404 0.193784 0.007169
0.175990 0.205240 0.004902
0.201673 0.197590 0.004654
0.209483 0.215823 -0.006411
0.234977 0.203651 0.017868
0.247489 0.193977 0.006405
0.260878 0.196855 -0.003892
0.262642 0.202763 0.017901
0.278474 0.177127 -0.012757
0.279679 0.199374 0.000613
0.300681 0.210630 -0.002353
0.332668 0.188715 -0.009389
0.333369 0.200221 0.012301
0.354408 0.208123 0.018250
0.353685 0.183800 -0.002026
0.364482 0.220343 0.009056
0.411226 0.214865 0.001089
0.388852 0.191916 -0.010750
0.441732 0.203417 0.004671
0.423795 0.220541 0.001829
0.433077 0.191084 -0.007587
0.481305 0.219998 -0.011023
0.468962 0.200053 0.013822
0.504524 0.220204 0.008041
0.518327 0.219639 -0.003984
0.511519 0.216053 0.011404
0.537628 0.180207 -0.014466
0.519751 0.207579 0.014314
0.562742 0.199868 -0.006932
0.576135 0.212227 -0.020521
0.599075 0.197960 0.006445
0.618001 0.193396 -0.010290
0.633150 0.205042 0.006836
0.653324 0.181532 0.003576
0.657647 0.207069 0.002625
0.676437 0.203006 -0.023783
0.682818 0.206289 -0.002506
0.682656 0.215785 0.002676
0.724661 0.227899 -0.011074
0.735965 0.202083 -0.010043
0.733463 0.196598 -0.006606
0.762560 0.224361 -0.005631
0.780497 0.208551 -0.027097
0.777955 0.194763 0.008655
0.808951 0.197566 0.003667
0.803593 0.195297 -0.005631
0.836105 0.204992 0.005947
0.850051 0.213110 0.008070
0.862480 0.210298 0.011201
0.860138 0.212760 -0.012007
0.879960 0.202437 -0.001816
0.900443 0.206306 -0.005259
0.928240 0.215257 -0.001357
0.931527 0.189121 -0.018453
0.948888 0.215320 0.005113
0.968693 0.221590 -0.004983
0.948959 0.202560 -0.027819
0.987259 0.194559 0.005781
0.985477 0.197219 0.001416
-0.999221 0.212968 0.007018
-0.982384 0.218919 -0.008042
-0.961523 0.214818 -0.015572
-0.969076 0.200272 -0.005158
-0.930084 0.231086 0.022737
-0.926205 0.231027 -0.001108
-0.914343 0.197171 -0.013096
-0.876373 0.220698 -0.002748
-0.867209 0.208669 -0.000632
-0.876571 0.222359 0.010614
-0.872614 0.205367 -0.022164
-0.837253 0.222418 0.011375
-0.843908 0.213270 -0.010493
-0.832080 0.218302 -0.012663
-0.811258 0.230810 0.000692
-0.785393 0.207088 0.005763
-0.766110 0.228608 0.003218
-0.766229 0.217877 0.034764
-0.751857 0.210936 -0.000015
-0.726256 0.228629 -0.005464
-0.696379 0.208833 -0.011474
-0.703140 0.230061 -0.003608
-0.702510 0.223667 -0.007559
-0.686116 0.227931 0.000893
-0.659132 0.204553 0.012093
-0.645444 0.208178 0.009130
-0.623949 0.203812 -0.017491
-0.611267 0.229766 -0.001379
-0.612963 0.225622 -0.004442
-0.587369 0.235147 0.002199
-0.574812 0.231619 -0.012216
-0.551391 0.223785 -0.005197
-0.551422 0.236126 0.002770
-0.522297 0.224126 -0.019094
-0.506908 0.216642 0.015504
-0.497941 0.235526 -0.011609
-0.478340 0.212521 -0.001463
-0.468214 0.204480 0.005894
-0.452971 0.232957 0.000739
-0.437434 0.230211 -0.018673
-0.412099 0.230031 0.002932
-0.397543 0.218726 0.011412
-0.396692 0.221329 -0.002904
-0.377486 0.229728 0.018107
-0.355234 0.227498 0.000010
-0.364420 0.230024 -0.003458
-0.346908 0.217613 0.007587
-0.325020 0.231578 -0.007114
-0.308488 0.215114 0.022526
-0.317032 0.209569 0.003511
-0.301285 0.225977 0.011865
-0.270714 0.219215 -0.008387
-0.248518 0.229608 -0.005657
-0.239430 0.210792 0.013944
-0.210138 0.196234 0.016299
-0.194404 0.226486 -0.009324
-0.182750 0.214204 0.001472
-0.182703 0.218489 -0.020097
-0.176297 0.238926 -0.014360
-0.179358 0.206740 -0.000922
-0.134781 0.243950 -0.008526
-0.134125 0.220663 -0.013711
-0.094349 0.209908 -0.008491
-0.094528 0.208767 0.004794
-0.075763 0.217128 -0.001309
-0.057967 0.232551 0.007295
-0.050790 0.208320 -0.012123
-0.026889 0.214587 0.007820
-0.005664 0.224430 0.016602
0.006340 0.219276 0.006843
0.020301 0.230604 0.000389
0.023249 0.222242 0.004845
0.041453 0.222292 -0.000323
0.036654 0.228860 -0.013295
0.076442 0.219442 0.011112
0.080140 0.215770 0.012324
0.089331 0.227021 -0.003298
0.103054 0.219888 -0.002364
0.112590 0.227282 -0.009652
0.138138 0.221477 0.003966
0.163875 0.208814 -0.006108
0.175795 0.214525 -0.004009
0.182364 0.215470 -0.003331
0.179735 0.224358 -0.003847
0.206693 0.209183 -0.014031
0.210721 0.213132 -0.002730
0.253422 0.215465 0.011259
0.260174 0.219039 0.019343
0.263387 0.202960 0.003354
0.278972 0.230771 -0.001584
0.294015 0.213564 0.013466
0.295017 0.235641 0.012920
0.331841 0.226700 -0.012133
0.356132 0.218637 -0.006778
0.351914 0.206829 0.006987
0.368902 0.205085 0.003352
0.383688 0.222389 -0.001759
0.385677 0.195087 -0.002607
0.411556 0.206956 -0.002955
0.422438 0.220325 0.005427
0.435645 0.226789 -0.000477
0.468333 0.202237 -0.007076
0.476557 0.218110 -0.008831
0.494009 0.230592 0.009637
0.475958 0.235079 0.019727
0.515520 0.227414 0.003040
0.547911 0.218205 0.016513
0.544830 0.228446 0.010763
0.556458 0.214155 -0.002249
0.585321 0.226794 0.020044
0.568956 0.224707 0.002546
0.596517 0.227021 -0.010588
0.599557 0.221402 0.022988
0.612835 0.224791 -0.002649
0.646220 0.218302 -0.006580
0.635790 0.232056 -0.006414
0.674620 0.223973 -0.002105
0.685518 0.209770 -0.001890
0.703107 0.224757 0.004831
0.702636 0.210816 0.010403
0.723600 0.224021 0.003740
0.756504 0.226267 0.015071
0.740984 0.239743 0.011342
0.771241 0.211311 -0.010108
0.785308 0.218523 0.000942
0.804988 0.217911 -0.001622
0.825477 0.227449 0.012849
0.826035 0.217818 -0.004523
0.843194 0.215161 -0.013108
0.859716 0.216798 -0.003006
0.873538 0.209562 -0.004139
0.892652 0.222256 0.013577
0.893781 0.231932 0.009627
0.906469 0.231970 -0.016367
0.909446 0.212744 0.001148
0.932551 0.239280 0.000098
0.953234 0.221249 -0.003960
0.976012 0.202959 -0.007668
0.979331 0.224056 0.005801
0.994623 0.201268 0.001033
-1.005508 0.232575 -0.003476
-0.981178 0.233360 0.004088
-0.961478 0.224152 -0.002599
-0.954490 0.244662 0.008451
-0.945456 0.232740 -0.004932
-0.933456 0.235482 -0.007282
-0.913061 0.224486 -0.006192
-0.902609 0.246171 -0.021631
-0.895999 0.238249 0.010151
-0.865562 0.218802 0.009889
-0.857331 0.249546 -0.002129
-0.846557 0.231451 0.000278
-0.827186 0.233901 -0.000171
-0.819249 0.234004 0.012252
-0.806278 0.236345 0.001371
-0.796340 0.220941 0.002683
-0.771296 0.243059 0.003810
-0.764324 0.251063 -0.005613
-0.729452 0.232185 0.004484
-0.723482 0.234532 0.008929
-0.697119 0.230076 0.000009
-0.692774 0.239077 -0.008896
-0.682051 0.223981 0.011417
-0.651212 0.251067 -0.001105
-0.657046 0.226221 -0.006333
-0.634392 0.229317 0.002728
-0.609959 0.229057 0.007530
-0.614009 0.209744 0.000118
-0.587391 0.236837 0.001223
-0.581174 0.236775 0.000405
-0.582055 0.234739 -0.017778
-0.571409 0.246583 -0.003925
-0.552482 0.241387 0.008764
-0.530546 0.222103 -0.010971
-0.501316 0.228342 0.015580
-0.502816 0.226791 0.008909
-0.466456 0.242632 0.005144
-0.473514 0.239440 -0.024478
-0.457146 0.227582 0.000006
-0.443256 0.237031 0.004133
-0.429728 0.216198 -0.010482
-0.408490 0.250024 -0.017894
-0.373970 0.239434 0.006655
-0.376701 0.234752 -0.007137
-0.364404 0.240865 0.001299
-0.351027 0.240028 -0.027400
-0.337594 0.231190 0.010139
-0.328456 0.255255 -0.003028
-0.317661 0.244330 0.010875
-0.301883 0.227841 0.002198
-0.294146 0.240077 -0.005490
-0.273896 0.233230 0.007101
-0.248736 0.237105 -0.007531
-0.231535 0.226908 0.008670
-0.228509 0.224242 0.005783
-0.197810 0.223915 0.013578
-0.202774 0.231252 -0.001192
-0.180858 0.220603 0.014978
-0.163801 0.239281 -0.003236
-0.159481 0.246491 -0.013287
-0.135902 0.242513 0.025821
-0.127351 0.228879 0.003827
-0.113027 0.241181 -0.017469
-0.077013 0.215717 -0.020230
-0.076579 0.254192 0.005278
-0.060552 0.240829 -0.000761
-0.055806 0.221633 0.000742
-0.034109 0.241901 0.000261
-0.008734 0.215349 0.004594
0.010100 0.228677 0.001965
0.019247 0.234364 -0.020930
0.033429 0.236802 -0.004120
0.031745 0.243596 0.009445
0.051852 0.249972 -0.003669
0.072715 0.238561 0.003772
0.073020 0.223347 0.002224
0.083897 0.236941 0.003240
0.102325 0.237320 0.003392
0.127245 0.231271 0.016199
0.129131 0.238271 -0.007994
0.163468 0.224908 0.004834
0.152890 0.243221 -0.014151
0.166593 0.236505 0.002184
0.183709 0.234382 -0.000568
0.194242 0.237576 -0.001058
0.226074 0.239668 0.005005
0.242208 0.237591 -0.001708
0.227880 0.232808 -0.007932
0.276606 0.239570 0.005825
0.290013 0.227135 0.004721
0.298676 0.229520 -0.009221
0.301532 0.252689 0.008143
0.320292 0.239488 0.000400
0.350885 0.237645 0.003423
0.367024 0.227083 0.004158
0.375106 0.240387 0.007522
0.373983 0.225726 0.003081
0.389623 0.245125 0.002018
0.402387 0.238019 -0.002111
0.418786 0.234414 0.005084
0.427769 0.231341 -0.015666
0.450903 0.239915 -0.005260
0.464117 0.235020 0.001687
0.487491 0.232273 -0.007714
0.491617 0.230373 0.016333
0.508333 0.214612 0.004508
0.530066 0.242683 0.000940
0.524439 0.225120 -0.000073
0.559865 0.248731 -0.011275
0.569232 0.213783 -0.009158
0.575428 0.246173 -0.014096
0.593203 0.229052 -0.003122
0.621830 0.232068 0.003420
0.638740 0.228948 -0.005628
0.646269 0.229703 -0.004714
0.637152 0.226405 -0.002267
0.658915 0.212310 -0.009471
0.693504 0.234544 -0.014841
0.698932 0.250271 -0.012584
0.701384 0.231548 0.004499
0.729083 0.237270 0.005544
0.753906 0.246300 -0.007154
0.745333 0.230356 -0.002781
0.765330 0.242187 -0.017270
0.771592 0.225318 0.009135
0.784129 0.223453 -0.019653
0.801912 0.220631 -0.015420
0.816726 0.238890 -0.009967
0.839212 0.196042 -0.014591
0.856497 0.242578 0.008602
0.876373 0.221153 -0.000691
0.889241 0.240325 -0.000892
0.898856 0.251232 0.025289
0.911799 0.241159 -0.004656
0.927035 0.219585 0.008557
0.946066 0.230234 -0.011535
0.959905 0.235139 0.005368
0.982092 0.260174 -0.011092
0.965566 0.244683 -0.016042
1.013161 0.236133 0.011603
-0.996415 0.238729 0.002411
-0.996771 0.263250 0.004589
-0.966950 0.256178 0.008225
-0.961666 0.244251 0.009901
-0.936683 0.248625 0.011484
-0.914497 0.236784 0.001896
-0.916141 0.241714 -0.004645
-0.919962 0.240847 -0.005005
-0.892674 0.245426 -0.012043
-0.871953 0.242038 -0.011181
-0.871461 0.251206 0.000554
-0.847467 0.246436 0.003565
-0.813009 0.247339 -0.006614
-0.810095 0.233236 0.002635
-0.802657 0.241504 0.006249
-0.801119 0.245973 -0.002079
-0.775169 0.240181 0.010527
-0.772443 0.257852 0.007282
-0.743237 0.268005 0.005410
-0.719275 0.260237 -0.006498
-0.706161 0.251851 -0.003549
-0.700467 0.254197 0.000473
-0.670691 0.233392 0.022839
-0.685888 0.243124 -0.006972
-0.664467 0.236936 0.002395
-0.654510 0.253130 0.004414
-0.620794 0.251836 -0.011954
-0.611455 0.249321 0.009876
-0.597651 0.252244 -0.024708
-0.564706 0.255875 -0.003908
-0.575630 0.234707 0.001290
-0.556907 0.259369 0.008438
-0.535530 0.253735 -0.001100
-0.516934 0.278393 -0.006282
-0.505079 0.249303 -0.005078
-0.505627 0.232487 -0.005186
-0.477745 0.241940 -0.006119
-0.461273 0.227189 0.008408
-0.450889 0.240824 -0.016100
-0.425143 0.241670 0.003880
-0.431006 0.261091 0.005705
-0.393432 0.237587 -0.000504
-0.378612 0.235759 0.008787
-0.387057 0.236717 -0.005390
-0.382954 0.266767 0.004850
-0.361428 0.230316 -0.015417
-0.331510 0.250593 0.000947
-0.329712 0.254108 -0.007678
-0.300334 0.238708 -0.011774
-0.293990 0.254505 0.014859
-0.272711 0.253436 0.002726
-0.274210 0.237733 0.000652
-0.235743 0.238447 -0.007400
-0.240963 0.251522 -0.004489
-0.228655 0.250849 -0.020448
-0.205896 0.249670 0.015335
-0.181220 0.242065 -0.001841
-0.182802 0.254707 -0.046508
-0.178071 0.260251 -0.004431
-0.167098 0.250863 0.012274
-0.124390 0.261660 -0.019144
-0.118209 0.255873 -0.005263
-0.103775 0.245882 0.000361
-0.094099 0.255087 -0.012787
-0.066260 0.244173 0.009654
-0.055004 0.246760 0.002087
-0.041962 0.220979 -0.002407
-0.034938 0.227552 0.000967
-0.024400 0.251356 -0.015108
-0.012725 0.252767 -0.009713
0.006594 0.243983 -0.001518
0.010737 0.236741 0.012537
0.039518 0.250691 0.000851
0.055138 0.255936 -0.003571
0.072319 0.252637 -0.006867
0.081456 0.255233 -0.009312
0.097646 0.253471 -0.010266
0.093070 0.246686 0.002179
0.119760 0.238710 -0.004413
0.130180 0.269479 -0.000421
0.138391 0.236892 -0.001370
0.162688 0.261234 0.005236
0.174958 0.266395 0.020744
0.180013 0.270049 -0.000323
0.206939 0.239545 -0.001921
0.229332 0.235444 -0.017851
0.230491 0.264026 -0.007957
0.243064 0.255182 0.017382
0.263293 0.260854 -0.016539
0.283750 0.262279 -0.017577
0.278271 0.239640 0.004933
0.286933 0.262631 0.005351
0.316885 0.244528 0.004347
0.337597 0.259627 -0.011953
0.339522 0.269267 -0.008627
0.368045 0.259970 -0.002133
0.390335 0.257724 0.000677
0.398327 0.251118 -0.001554
0.408715 0.235993 -0.004347
0.423869 0.248336 -0.006844
0.446379 0.254394 -0.007298
0.449272 0.239911 -0.004837
0.482307 0.246315 -0.006066
0.476669 0.244479 -0.020410
0.495801 0.252213 -0.012136
0.505058 0.239543 0.005838
0.501389 0.251934 -0.015229
0.541654 0.258277 0.010518
0.553322 0.245100 0.006021
0.587989 0.255077 -0.016511
0.590227 0.232540 -0.019824
0.586633 0.245967 -0.023811
0.604438 0.247723 0.001172
0.617352 0.244337 0.001220
0.655654 0.240525 0.012556
0.654223 0.251928 0.000124
0.654126 0.245031 -0.011754
0.686308 0.252765 -0.012326
0.725389 0.268643 -0.000843
0.702800 0.238868 -0.016191
0.749956 0.257667 -0.001221
0.731393 0.246032 0.011250
0.753841 0.250313 -0.005900
0.769710 0.252200 -0.001773
0.785992 0.235865 -0.002097
0.795913 0.253901 0.010186
0.803561 0.255773 -0.017338
0.826155 0.254480 0.013447
0.832232 0.254901 0.008526
0.871923 0.243906 -0.016656
0.875149 0.263277 0.008637
0.900168 0.233502 -0.005212
0.892446 0.238533 -0.002369
0.923513 0.232238 -0.001306
0.917166 0.246394 -0.005436
0.948518 0.243187 -0.005367
0.967022 0.247616 0.007019
0.976526 0.248443 -0.004575
0.987187 0.246635 -0.007122
1.000249 0.254401 -0.004897
-1.008913 0.252644 0.000487
-0.975238 0.258660 -0.000130
-0.981789 0.253560 -0.002674
-0.947226 0.245268 -0.005470
-0.968413 0.242144 -0.019854
-0.936416 0.259253 -0.009684
-0.923503 0.274813 -0.010785
-0.912884 0.256463 0.003984
-0.874992 0.248136 0.004447
-0.869106 0.252664 -0.001294
-0.855149 0.255756 0.008242
-0.839965 0.275614 -0.009914
-0.821817 0.271888 0.021370
-0.825017 0.262432 0.004078
-0.792095 0.288732 -0.005018
-0.781635 0.260605 0.016704
-0.774948 0.257389 0.010377
-0.765655 0.257193 0.013462
-0.747243 0.247228 -0.004452
-0.741674 0.270309 0.013392
-0.686561 0.248081 -0.001060
-0.686056 0.266817 -0.012000
-0.700828 0.248847 0.019401
-0.675733 0.257048 -0.002901
-0.656156 0.263606 0.005578
-0.639550 0.254913 -0.015993
-0.640344 0.244094 -0.000906
-0.593060 0.269293 -0.002492
-0.579555 0.277134 -0.011744
-0.577861 0.260905 0.000759
-0.572125 0.269920 0.005716
-0.555665 0.269772 0.008946
-0.561218 0.265171 -0.002562
-0.516360 0.263719 -0.008070
-0.514926 0.266455 0.007775
-0.490949 0.267467 0.012888
-0.487638 0.262486 0.011952
-0.467448 0.259242 -0.012777
-0.460484 0.259578 -0.013789
-0.429163 0.255396 -0.004733
-0.439660 0.269392 0.003011
-0.417070 0.260391 0.004420
-0.387576 0.289565 -0.017820
-0.379317 0.268079 -0.019495
-0.356706 0.269791 -0.011021
-0.376144 0.250420 -0.008541
-0.347233 0.256521 -0.013811
-0.311652 0.261313 0.012493
-0.297274 0.263928 -0.002487
-0.313289 0.267949 -0.003725
-0.285878 0.261122 0.002503
-0.281904 0.277064 0.014999
-0.256522 0.273249 0.012348
-0.243981 0.248073 -0.013348
-0.222854 0.273298 -0.015567
-0.208617 0.251154 0.010425
-0.206401 0.262619 0.001478
-0.177833 0.246480 0.019478
-0.170128 0.257096 -0.003303
-0.159251 0.267522 0.006367
-0.130601 0.246573 0.017651
-0.107834 0.271684 0.000603
-0.103752 0.280055 0.004108
-0.086635 0.281506 -0.006552
-0.076574 0.277459 -0.001650
-0.067130 0.273640 -0.000034
-0.043473 0.254882 -0.001254
-0.025445 0.247486 -0.008073
-0.027514 0.261951 -0.008367
0.002818 0.255174 0.006366
0.006814 0.238244 -0.002840
0.017015 0.265160 0.004430
0.046649 0.255929 0.018955
0.045120 0.260960 0.005766
0.054425 0.267760 -0.034546
0.077933 0.268633 -0.012653
0.100568 0.252909 0.007257
0.088256 0.258433 -0.002209
0.131387 0.276225 0.008805
0.120894 0.274726 0.001574
0.148736 0.260906 0.006553
0.155295 0.265835 -0.010209
0.180635 0.261043 0.013339
0.190359 0.261110 -0.002943
0.196812 0.259716 0.002428
0.211387 0.249656 0.016707
0.224667 0.252291 0.000775
0.251599 0.263057 -0.018648
0.264810 0.253340 -0.007176
0.287915 0.255619 0.006264
0.289566 0.245717 0.007549
0.320493 0.285155 -0.008230
0.310006 0.255513 0.000996
0.333917 0.257494 0.009423
0.334369 0.263680 -0.003272
0.358747 0.270284 0.006872
0.383586 0.245910 -0.008382
0.396404 0.282939 -0.006970
0.393817 0.269332 -0.006886
0.431424 0.257834 -0.006545
0.428278 0.256944 -0.018799
0.450754 0.252731 -0.025851
0.487351 0.256302 0.004644
0.478108 0.268660 -0.009215
0.499844 0.264838 0.014247
0.520874 0.260105 -0.014228
0.513022 0.245752 0.006989
0.523818 0.262946 0.003473
0.558383 0.279900 -0.006039
0.573707 0.254991 -0.005853
0.585786 0.262846 -0.004621
0.601489 0.264805 0.000418
0.611191 0.260493 0.003141
0.632793 0.278878 0.003782
0.640743 0.251346 0.003113
0.650097 0.252105 0.001234
0.660112 0.261665 0.000019
0.679774 0.273700 -0.007451
0.703174 0.264528 0.008070
0.698419 0.253061 0.001159
0.736775 0.268155 -0.002803
0.732424 0.230083 0.008086
0.764320 0.273274 0.018295
0.760893 0.247239 -0.003754
0.773804 0.268113 -0.005801
0.798731 0.279077 0.005860
0.812962 0.277871 -0.003212
0.823778 0.276677 0.004928
0.850028 0.267160 -0.008257
0.863662 0.263171 -0.010798
0.890706 0.256617 -0.011414
0.891043 0.248193 -0.010259
0.890814 0.271688 0.006472
0.916955 0.270958 -0.016899
0.931366 0.246926 0.003429
0.960530 0.269134 0.004933
0.977772 0.273605 0.003305
0.985513 0.261613 0.013900
1.000275 0.245057 0.000946
0.979693 0.264889 0.005313
-1.000811 0.261552 -0.002440
-0.992006 0.282227 -0.008641
-0.977041 0.283882 -0.001489
-0.951219 0.269281 -0.000646
-0.943803 0.275786 0.004257
-0.933403 0.259657 0.004377
-0.901381 0.268640 -0.000566
-0.907068 0.274083 -0.001304
-0.879971 0.276309 -0.017748
-0.868394 0.291701 0.014543
-0.844270 0.274338 0.009187
-0.854243 0.272023 0.001803
-0.822333 0.265179 0.021309
-0.818956 0.251124 -0.010202
-0.809826 0.269249 0.017014
-0.788420 0.267679 -0.006613
-0.767921 0.288663 0.001636
-0.756025 0.276405 -0.006527
-0.739171 0.280723 0.003349
-0.724877 0.273146 0.004222
-0.701996 0.267047 -0.005742
-0.698438 0.269042 0.016001
-0.677531 0.271371 0.007669
-0.674969 0.265732 0.003277
-0.648314 0.292824 -0.008429
-0.625564 0.276180 -0.000950
-0.639879 0.258029 -0.009716
-0.602479 0.264381 0.011133
-0.601670 0.282651 0.009941
-0.581048 0.278718 -0.017264
-0.569808 0.279840 -0.008790
-0.549832 0.279860 0.012635
-0.535169 0.268254 -0.007194
-0.527433 0.265317 -0.002218
-0.513601 0.281725 0.001187
-0.500533 0.267086 -0.005446
-0.483198 0.266613 0.010293
-0.481227 0.272089 0.016785
-0.446443 0.281641 0.014779
-0.446411 0.283860 0.009673
-0.417817 0.245117 -0.007771
-0.407143 0.274745 0.002804
-0.390782 0.287382 0.009824
-0.384247 0.271024 0.000328
-0.357938 0.286014 -0.000449
-0.352531 0.257479 0.000523
-0.341699 0.299330 -0.011290
-0.320045 0.277669 -0.003089
-0.324698 0.272076 0.013993
-0.307735 0.278207 -0.007496
-0.277721 0.273183 0.003249
-0.261271 0.266730 0.008589
-0.268732 0.275151 -0.008072
-0.245599 0.254057 -0.009910
-0.229798 0.285745 -0.009926
-0.193933 0.271155 -0.013331
-0.193335 0.289530 -0.000802
-0.171634 0.285068 0.007126
-0.166741 0.279164 -0.005709
-0.156919 0.270286 -0.021341
-0.142502 0.291495 0.011828
-0.126979 0.277906 -0.007468
-0.124244 0.267364 -0.001221
-0.101032 0.274857 -0.000383
-0.069196 0.263084 0.000644
-0.049470 0.278289 -0.016803
-0.041199 0.286497 0.026893
-0.038544 0.254570 0.007447
-0.027615 0.291001 0.002962
-0.010860 0.277293 -0.010095
0.012948 0.265265 -0.001899
0.033530 0.290822 0.006035
0.031959 0.272987 -0.005665
0.048910 0.281479 0.015011
0.046642 0.268553 -0.002585
0.082286 0.257426 -0.011850
0.084375 0.273009 -0.004996
0.102131 0.277724 -0.005167
0.131981 0.262937 -0.022564
0.115019 0.301238 -0.012613
0.155572 0.279640 -0.010280
0.154042 0.292716 0.000941
0.196991 0.281596 -0.000661
0.181044 0.258756 0.004506
0.232615 0.271766 -0.007784
0.223978 0.284696 -0.009784
0.244633 0.263443 -0.007887
0.273682 0.286837 -0.015420
0.262922 0.282886 0.014210
0.266385 0.269837 -0.024137
0.300698 0.274816 0.017613
0.325526 0.260397 0.003383
0.318834 0.275657 -0.009114
0.360255 0.268364 -0.009319
0.350636 0.282532 -0.017154
0.361143 0.281694 -0.018294
0.367589 0.274263 -0.010273
0.397480 0.267712 -0.018414
0.413684 0.281515 -0.020290
0.429301 0.281436 -0.013180
0.433669 0.273157 0.003964
0.453292 0.284814 -0.008961
0.480180 0.262606 -0.002466
0.484677 0.267600 0.018469
0.494285 0.282102 -0.011358
0.522246 0.282709 -0.024746
0.530311 0.279467 -0.000339
0.537224 0.280040 0.001864
0.551608 0.280635 -0.000984
0.567407 0.290964 0.005842
0.585383 0.261516 -0.003709
0.604757 0.268024 0.000120
0.609245 0.276001 0.007833
0.632362 0.260181 0.011022
0.645823 0.263222 0.005579
0.657862 0.261972 0.002114
0.664827 0.303169 0.015192
0.682686 0.271508 -0.003131
0.694106 0.286494 -0.008777
0.712058 0.271842 -0.013013
0.739417 0.277113 -0.009637
0.754228 0.269427 0.010973
0.752776 0.287642 0.007246
0.754813 0.266094 0.004879
0.797026 0.274876 0.001241
0.807080 0.287949 -0.014785
0.820405 0.286030 0.014221
0.835269 0.265350 -0.009170
0.844840 0.272910 -0.003360
0.850353 0.285866 0.013757
0.849862 0.272558 -0.001617
0.893257 0.267022 0.004684
0.904344 0.278376 -0.003145
0.918545 0.284733 0.003919
0.930533 0.273516 0.014081
0.949156 0.276632 0.014987
0.959612 0.260118 -0.000158
0.960526 0.285311 -0.010900
0.997112 0.272365 -0.011295
0.989292 0.274509 -0.013250
-0.996813 0.273250 0.016102
-0.988078 0.287101 -0.009639
-0.955637 0.280001 0.025844
-0.960781 0.300634 0.011253
-0.947881 0.273882 0.012824
-0.930517 0.297027 -0.000821
-0.921620 0.291721 0.008300
-0.887426 0.294336 -0.005359
-0.895478 0.293259 0.002723
-0.877202 0.291154 -0.006769
-0.841307 0.286498 0.006778
-0.845596 0.285046 0.013133
-0.830000 0.289343 -0.015216
-0.812524 0.278580 0.008066
-0.798595 0.277993 -0.006465
-0.798021 0.285490 0.008683
-0.764522 0.275680 0.004464
-0.761251 0.303814 -0.007272
-0.741663 0.286630 -0.001399
-0.737667 0.295099 0.010594
-0.716518 0.272285 -0.011138
-0.680395 0.284075 -0.003789
-0.692664 0.293339 0.002246
-0.677317 0.280780 0.016466
-0.663412 0.273313 0.010136
-0.641993 0.285600 -0.003067
-0.620787 0.276721 0.008424
-0.615361 0.287209 -0.009701
-0.595923 0.290244 -0.022839
-0.589151 0.274584 -0.004531
-0.574165 0.287419 -0.003490
-0.577260 0.280954 -0.002324
-0.549642 0.280586 -0.000322
-0.552165 0.289869 0.008771
-0.509448 0.296529 -0.002749
-0.490997 0.294987 -0.015335
-0.474590 0.296047 -0.007272
-0.481144 0.301262 0.008296
-0.446763 0.290909 0.004205
-0.432628 0.291160 0.006482
-0.436909 0.294297 0.008830
-0.400383 0.285826 0.003292
-0.390864 0.295041 0.016711
-0.389798 0.294703 -0.000027
-0.372180 0.303552 0.016049
-0.351826 0.282560 0.004067
-0.327948 0.276349 0.009393
-0.304176 0.287910 -0.010443
-0.305338 0.299533 -0.002285
-0.289691 0.302686 0.001363
-0.280205 0.283898 -0.003347
-0.277495 0.290697 -0.022761
-0.251949 0.290518 0.010665
-0.243703 0.282317 0.016561
-0.222029 0.294498 0.000051
-0.220412 0.280714 0.007348
-0.205435 0.284094 0.006626
-0.184343 0.289268 0.000843
-0.168352 0.304686 -0.009696
-0.161089 0.292061 0.014836
-0.137510 0.291390 0.000957
-0.129140 0.291016 -0.004757
-0.113440 0.301104 -0.013892
-0.089491 0.318929 -0.011595
-0.092407 0.299803 -0.008326
-0.065217 0.301393 0.016446
-0.036918 0.292981 0.008954
-0.031796 0.280117 -0.016041
-0.038659 0.307854 -0.006751
-0.002979 0.271673 0.014701
0.013761 0.286789 0.020410
0.033845 0.289035 0.006256
0.047923 0.281567 -0.004310
0.055525 0.289658 0.004227
0.073333 0.308357 -0.008122
0.083906 0.285171 -0.004239
0.090276 0.292958 0.005982
0.111623 0.275303 0.001014
0.117413 0.288282 -0.001031
0.130965 0.288641 -0.011674
0.143909 0.276504 -0.007211
0.154880 0.290419 -0.008552
0.186339 0.297460 0.004698
0.185450 0.262708 0.012024
0.197614 0.266881 0.005320
0.210977 0.287384 -0.001019
0.225298 0.280977 0.007385
0.248038 0.291752 0.006641
0.254517 0.293075 0.006758
0.289999 0.288714 -0.018038
0.292555 0.292133 -0.008392
0.297438 0.299855 0.012890
0.327181 0.288483 0.008393
0.344996 0.300597 0.006027
0.347360 0.291493 -0.013208
0.355224 0.293302 0.001073
0.392162 0.278780 -0.004657
0.389492 0.297147 -0.001176
0.406635 0.290582 -0.011784
0.405383 0.284069 -0.003582
0.441154 0.288575 -0.006742
0.456672 0.297385 -0.006058
0.472012 0.274435 -0.006344
0.461810 0.290440 0.015762
0.508951 0.306835 -0.018814
0.501854 0.300651 -0.001043
0.526575 0.295652 -0.009833
0.534552 0.290393 -0.001087
0.542133 0.293882 0.006759
0.585333 0.310177 0.005846
0.589053 0.282286 0.000818
0.609657 0.301610 0.014402
0.595251 0.285605 -0.000247
0.630198 0.298290 0.005347
0.623638 0.290659 0.001475
0.648452 0.286264 -0.010675
0.658369 0.297854 -0.013585
0.688183 0.280020 0.011505
0.709109 0.285278 0.003196
0.713165 0.288183 0.007598
0.745490 0.297456 0.002188
0.736987 0.282889 -0.004728
0.753577 0.297791 -0.005720
0.751300 0.275586 0.002709
0.782521 0.272848 0.004197
0.796989 0.281040 -0.014795
0.812784 0.297960 0.011717
0.817920 0.305614 0.003958
0.863314 0.304047 -0.002245
0.861918 0.269689 -0.002201
0.871238 0.293507 -0.000310
0.892265 0.304140 -0.004316
0.891547 0.262735 0.022044
0.910578 0.299650 -0.001747
0.943105 0.288280 -0.007055
0.948712 0.295454 -0.003476
0.947773 0.291592 -0.013274
0.982533 0.283168 -0.002845
0.972636 0.294690 0.003547
1.006479 0.294449 0.015404
-0.990718 0.285832 0.016145
-0.988992 0.291092 -0.000896
-0.990144 0.300256 -0.004961
-0.951509 0.308853 0.011308
-0.946376 0.290829 -0.012402
-0.931357 0.315000 -0.001870
-0.922544 0.300818 -0.022241
-0.911735 0.290188 0.007509
-0.864800 0.310352 -0.002265
-0.863912 0.316993 0.001416
-0.870143 0.301466 0.006500
-0.848662 0.316013 -0.011338
-0.827704 0.305670 -0.011707
-0.819714 0.310190 0.019637
-0.786450 0.303022 -0.011984
-0.780499 0.305314 0.018142
-0.745962 0.280774 -0.001855
-0.750875 0.319950 -0.019020
-0.742708 0.303864 0.000185
-0.711710 0.306102 0.006981
-0.691397 0.296157 0.002297
-0.708574 0.296430 -0.006804
-0.681070 0.310139 0.003202
-0.660360 0.325025 0.001431
-0.643897 0.304348 -0.000363
-0.648047 0.317053 -0.001111
-0.634782 0.292155 0.006404
-0.609452 0.314619 0.008922
-0.596596 0.309282 0.007369
-0.587557 0.298732 -0.013318
-0.563820 0.302607 0.001869
-0.561329 0.306089 -0.009756
-0.529681 0.317924 0.016310
-0.512539 0.306414 -0.007092
-0.496794 0.305694 0.006808
-0.494533 0.298717 0.001962
-0.470493 0.306139 0.008689
-0.469354 0.309519 -0.006151
-0.459495 0.292357 0.010041
-0.448373 0.290897 -0.013764
-0.417669 0.304988 0.004891
-0.424633 0.301874 -0.008431
-0.403063 0.312817 -0.005083
-0.390429 0.320996 0.010592
-0.375259 0.281223 0.005881
-0.353795 0.318693 0.004916
-0.332259 0.323895 -0.020902
-0.332464 0.311369 -0.008731
-0.311628 0.303797 -0.027587
-0.301121 0.289780 0.000778
-0.288577 0.309194 0.009445
-0.269766 0.301916 0.014173
-0.226965 0.317678 0.008014
-0.236448 0.308582 -0.018310
-0.225740 0.299606 -0.027032
-0.207264 0.310816 -0.020886
-0.203307 0.304602 0.018518
-0.170685 0.277010 -0.002776
-0.174488 0.312233 0.013198
-0.160044 0.286553 -0.014904
-0.126589 0.306795 0.000779
-0.126727 0.286916 -0.018585
-0.116838 0.301904 -0.008922
-0.092318 0.318915 -0.003520
-0.085577 0.306939 -0.008358
-0.073169 0.310563 -0.013604
-0.049344 0.299855 -0.011737
-0.033035 0.288911 -0.000557
-0.016067 0.313196 0.002136
0.005916 0.292794 0.004157
0.000078 0.291461 0.013822
0.020958 0.305730 -0.005347
0.028800 0.315680 -0.001757
0.055028 0.311960 0.000957
0.071926 0.307073 -0.002584
0.092818 0.291918 0.023662
0.101539 0.324230 -0.000259
0.119129 0.325765 -0.019676
0.132668 0.304425 0.014989
0.140810 0.304651 0.000315
0.166033 0.301858 -0.014785
0.173539 0.296445 -0.018405
0.173982 0.296220 -0.003251
0.197940 0.307452 0.013630
0.217280 0.305683 -0.001669
0.239299 0.297120 0.008728
0.244660 0.302660 0.002506
0.264431 0.313547 -0.000472
0.265365 0.319271 0.005120
0.278500 0.307824 -0.016820
0.301801 0.278801 -0.003912
0.309659 0.309326 0.009627
0.321172 0.306629 0.012531
0.328506 0.284229 -0.003766
0.340996 0.308190 0.009896
0.345855 0.295205 -0.011585
0.372086 0.302252 -0.000401
0.383094 0.303065 -0.027434
0.409088 0.307074 -0.011398
0.426872 0.295033 0.017609
0.445293 0.302216 -0.007562
0.433099 0.300912 0.016838
0.460900 0.319139 -0.005894
0.497085 0.311145 0.008327
0.503130 0.295222 -0.000541
0.508016 0.304255 0.005529
0.520344 0.310388 0.006991
0.530161 0.291184 -0.003013
0.556672 0.310697 -0.000252
0.592703 0.310577 0.008111
0.579803 0.303395 0.015421
0.586374 0.302128 0.013718
0.620810 0.317182 0.012147
0.619316 0.290858 0.001398
0.624194 0.291231 -0.004338
0.670379 0.291265 -0.009686
0.680053 0.279912 -0.008868
0.676604 0.303510 0.006730
0.707285 0.307534 0.011672
0.713901 0.330494 0.026305
0.741194 0.291753 -0.003858
0.742911 0.290812 -0.003975
0.767921 0.315368 -0.003261
0.785537 0.294435 0.008426
0.776308 0.304795 -0.000217
0.816616 0.326726 0.003930
0.796630 0.298981 -0.006161
0.838926 0.317481 0.004644
0.852762 0.301436 0.009890
0.844466 0.292776 0.001919
0.853565 0.308196 -0.007542
0.883861 0.306612 0.000079
0.897050 0.302458 -0.001360
0.911832 0.304509 0.003109
0.926747 0.289603 -0.019022
0.929948 0.296673 -0.008268
0.940171 0.292398 0.006426
0.992504 0.313378 -0.006284
0.981084 0.300319 0.014503
1.011182 0.308193 -0.027743
-1.007223 0.321158 0.004867
-0.994980 0.320463 -0.019288
-0.950014 0.318529 0.003832
-0.965729 0.307035 -0.000566
-0.937410 0.314515 0.009835
-0.916632 0.319082 0.011707
-0.916684 0.289766 -0.015081
-0.898118 0.309781 -0.015599
-0.887756 0.320298 0.011959
-0.863259 0.321745 0.001596
-0.859010 0.318163 -0.010590
-0.840568 0.327262 -0.010466
-0.839477 0.315695 -0.013416
-0.816465 0.318834 0.008650
-0.816975 0.316449 -0.003226
-0.788539 0.325461 0.005523
-0.758791 0.318333 0.006859
-0.756628 0.314575 -0.015044
-0.757010 0.323956 0.005946
-0.727268 0.320832 -0.008831
-0.713640 0.321580 -0.018387
-0.702793 0.320695 -0.023299
-0.688123 0.319596 0.009826
-0.671918 0.305651 -0.019488
-0.650927 0.324814 0.005985
-0.643403 0.301497 0.009501
-0.634439 0.318783 0.001143
-0.625075 0.298820 -0.004530
-0.611965 0.319223 -0.006349
-0.583619 0.318025 0.013752
-0.556178 0.318539 0.016832
-0.570805 0.326529 0.008027
-0.538123 0.330110 -0.015207
-0.533014 0.297617 0.010737
-0.517781 0.322215 0.012969
-0.482974 0.300256 -0.011655
-0.493374 0.320236 0.013445
-0.471306 0.341882 0.006390
-0.457736 0.335422 0.021549
-0.427702 0.320810 -0.011627
-0.421641 0.306294 -0.001491
-0.399265 0.307316 0.004137
-0.406151 0.322534 0.025569
-0.381545 0.315220 -0.002928
-0.360838 0.336695 -0.003604
-0.337904 0.323265 0.005966
-0.318850 0.318307 -0.007257
-0.328376 0.311147 -0.003284
-0.322129 0.321238 -0.010993
-0.303447 0.318436 -0.010182
-0.275160 0.303857 0.000963
-0.270097 0.345298 0.001311
-0.246097 0.325821 0.010556
-0.243184 0.302804 -0.008064
-0.216690 0.305668 0.004132
-0.206986 0.324958 0.003015
-0.199860 0.328203 -0.010287
-0.187230 0.324371 0.004987
-0.156423 0.328640 -0.010500
-0.170914 0.316498 0.003641
-0.140031 0.326806 0.000001
-0.111541 0.319143 -0.007655
-0.114017 0.330341 -0.012791
-0.096337 0.314458 0.012178
-0.067232 0.301337 -0.000616
-0.076117 0.335290 -0.015899
-0.061101 0.325128 0.000869
-0.050351 0.306242 -0.005055
-0.030970 0.314602 -0.003883
-0.001187 0.321095 0.005459
0.012996 0.311405 0.002689
0.019172 0.309065 -0.010054
0.035334 0.332639 -0.013074
0.027858 0.323428 -0.015686
0.059714 0.326521 0.003189
0.088057 0.326821 -0.013137
0.085310 0.329458 0.007242
0.105001 0.331803 -0.028401
0.139678 0.315026 0.010877
0.154805 0.302196 0.008002
0.161267 0.329530 -0.003254
0.155181 0.315602 0.017047
0.173458 0.317910 0.011615
0.176846 0.325571 -0.008276
0.201758 0.312298 0.004036
0.215852 0.318680 0.002939
0.234965 0.323260 0.008524
0.279061 0.328504 -0.001974
0.269773 0.321392 0.002186
0.291614 0.340896 -0.000758
0.284318 0.310154 0.005073
0.315642 0.336527 -0.023110
0.314400 0.346087 0.004752
0.331769 0.324402 0.011233
0.347917 0.331964 -0.000067
0.377848 0.326501 -0.010314
0.376693 0.325068 -0.017495
0.404186 0.316360 0.011819
0.411981 0.316543 -0.008634
0.421503 0.315588 0.008745
0.412732 0.315022 -0.008581
0.446850 0.317338 0.006008
0.459127 0.302631 -0.009693
0.484529 0.312433 0.007176
0.496923 0.313570 -0.002146
0.512555 0.308528 -0.006292
0.539359 0.318948 0.008204
0.532058 0.319150 -0.018358
0.564163 0.309059 0.006611
0.590965 0.308472 -0.004680
0.593223 0.326361 0.010240
0.592900 0.330283 -0.015948
0.619115 0.324949 0.015090
0.607144 0.320089 0.001943
0.632089 0.312808 0.004010
0.653892 0.303545 0.003471
0.680405 0.326569 -0.019454
0.688216 0.326185 0.006164
0.690517 0.320160 -0.011007
0.715222 0.324417 0.011150
0.733563 0.323931 -0.015520
0.739070 0.298973 0.001594
0.744982 0.333621 0.009394
0.774252 0.330379 0.016296
0.792116 0.306251 0.003004
0.779032 0.315031 0.013859
0.797900 0.290308 -0.002270
0.832926 0.324681 0.003179
0.816444 0.313850 -0.009346
0.857269 0.319387 0.003411
0.865434 0.340119 0.003549
0.875252 0.307000 0.003621
0.912772 0.310430 -0.003406
0.923046 0.311779 -0.005524
0.936569 0.322827 0.011342
0.960817 0.321470 -0.013252
0.937370 0.322896 0.017031
0.959657 0.318585 0.012858
0.984978 0.334833 0.000496
0.999122 0.319549 0.007151
-0.997072 0.333260 -0.003268
-0.978093 0.309952 0.006269
-0.970032 0.345008 0.001441
-0.959372 0.341757 -0.005424
-0.940668 0.325097 0.009872
-0.916754 0.321368 -0.009539
-0.930004 0.331076 0.005457
-0.908386 0.336547 0.000103
-0.893517 0.352543 0.012281
-0.855288 0.342826 0.001844
-0.855410 0.325275 0.002454
-0.835149 0.337913 0.021432
-0.821155 0.345605 -0.005823
-0.818443 0.348623 0.001030
-0.811638 0.329648 0.002241
-0.784736 0.314099 0.002214
-0.768990 0.333002 -0.002438
-0.766119 0.314760 -0.008227
-0.750583 0.318389 0.012782
-0.722748 0.346378 -0.021707
-0.707569 0.325588 -0.018539
-0.725248 0.327942 -0.006507
-0.670471 0.315852 0.010006
-0.666914 0.317969 0.003605
-0.663145 0.338486 0.011713
-0.642468 0.331563 0.004849
-0.633173 0.313639 0.003179
-0.605464 0.350073 -0.013682
-0.604070 0.352017 0.016582
-0.582485 0.327764 -0.005733
-0.583667 0.321512 0.015524
-0.553999 0.329476 0.007589
-0.550968 0.344118 0.007116
-0.538236 0.329546 -0.000162
-0.510410 0.320368 0.001438
-0.507088 0.324769 0.010733
-0.470652 0.339793 0.013626
-0.487994 0.332998 0.013479
-0.446847 0.336506 0.004205
-0.444105 0.324430 -0.018993
-0.409838 0.332070 -0.005588
-0.406738 0.333717 -0.002705
-0.415662 0.340804 0.014148
-0.370401 0.335130 0.007576
-0.356600 0.318652 -0.010125
-0.351552 0.339057 0.005537
-0.330809 0.329818 0.003088
-0.320689 0.319807 -0.009931
-0.318188 0.338160 -0.011861
-0.294182 0.335623 -0.001300
-0.302540 0.320507 -0.000362
-0.272598 0.336848 0.001729
-0.230053 0.325325 0.002235
-0.252248 0.341432 -0.024460
-0.221864 0.324717 -0.018678
-0.201823 0.334506 -0.006843
-0.189543 0.322440 0.014844
-0.180163 0.319145 0.003435
-0.157290 0.316033 -0.012611
-0.163225 0.339521 0.016306
-0.118745 0.339508 -0.007106
-0.117850 0.336871 0.001100
-0.092928 0.339108 -0.008180
-0.099583 0.327520 0.009691
-0.071003 0.341619 -0.008343
-0.057693 0.343820 0.021018
-0.075741 0.329417 -0.002008
-0.017231 0.317583 0.001443
-0.038634 0.352641 0.012284
-0.009337 0.346345 -0.014331
-0.012358 0.331771 0.015481
0.026961 0.316734 0.006098
0.028902 0.324713 -0.000785
0.046226 0.329450 0.000894
0.066730 0.325647 -0.021148
0.070733 0.341644 -0.007273
0.083112 0.334595 0.008056
0.121562 0.335351 -0.000299
0.113300 0.311115 -0.003207
0.129332 0.337231 -0.017918
0.128366 0.336226 0.000400
0.171427 0.335696 0.007305
0.162938 0.329270 -0.008734
0.185007 0.330625 -0.008011
0.210836 0.325410 -0.008461
0.210040 0.326454 -0.008996
0.246388 0.352175 -0.001826
0.261150 0.333864 -0.007660
0.271074 0.335571 -0.013022
0.270968 0.332666 -0.010022
0.304725 0.327487 -0.006304
0.299389 0.325799 -0.002085
0.324176 0.330936 0.007067
0.320989 0.324261 0.002062
0.345412 0.321038 0.002976
0.355209 0.316335 -0.005506
0.401589 0.340735 0.001305
0.389896 0.358461 0.015504
0.407290 0.348830 -0.004371
0.423419 0.333725 0.020110
0.426025 0.326642 -0.003546
0.448468 0.352944 0.008972
0.463075 0.336707 -0.012311
0.486020 0.332306 -0.004589
0.491482 0.332064 0.012031
0.506904 0.326822 0.022817
0.529524 0.310616 0.001047
0.533883 0.335318 -0.008155
0.569392 0.354577 -0.002570
0.561137 0.339319 0.007086
0.584817 0.345306 0.008438
0.594871 0.338447 -0.007357
0.621883 0.317104 -0.006641
0.636415 0.331268 0.010250
0.644376 0.350066 -0.004552
0.665379 0.338984 -0.009889
0.673131 0.329657 -0.005632
0.700006 0.331825 -0.000499
0.688757 0.312675 -0.001495
0.732286 0.351433 -0.002224
0.727951 0.330450 0.003342
0.744305 0.332068 -0.002759
0.769498 0.324800 0.007123
0.755165 0.321440 0.002024
0.783195 0.330841 0.008865
0.786315 0.322852 0.001584
0.810584 0.316266 -0.001024
0.818656 0.338440 0.003817
0.842205 0.333764 -0.012332
0.830606 0.341709 -0.006226
0.873381 0.343320 0.016799
0.890996 0.337519 0.006349
0.899445 0.318850 -0.003408
0.915041 0.314945 0.007795
0.916663 0.342081 -0.004002
0.953519 0.335373 0.009642
0.954273 0.338073 -0.003328
0.982875 0.341339 -0.014569
0.991914 0.331239 -0.001963
0.990958 0.320827 -0.017048
-1.008337 0.345409 -0.005655
-0.973076 0.364585 -0.019752
-0.978015 0.334106 -0.009692
-0.975630 0.376141 -0.009725
-0.942195 0.334459 -0.000846
-0.922633 0.349994 0.004894
-0.904706 0.343659 -0.000757
-0.892351 0.341965 0.013158
-0.891451 0.331819 -0.001310
-0.871432 0.369467 0.007822
-0.845795 0.351029 -0.003869
-0.830964 0.344539 0.011545
-0.811375 0.349805 -0.008221
-0.815649 0.350452 0.000333
-0.812206 0.350353 -0.003633
-0.766076 0.361400 0.020068
-0.769032 0.352762 0.004802
-0.760397 0.354955 0.004164
-0.753105 0.336573 0.002200
-0.725016 0.352088 0.011841
-0.710107 0.364941 -0.006087
-0.702042 0.343734 0.012216
-0.670346 0.343427 -0.011690
-0.664416 0.343179 -0.013584
-0.654652 0.342001 0.006684
-0.655404 0.355433 -0.000189
-0.629053 0.330129 0.009781
-0.611188 0.338442 -0.001159
-0.605727 0.337994 0.001220
-0.588593 0.339163 0.001906
-0.559284 0.347188 0.005749
-0.532992 0.355497 0.006457
-0.542329 0.323737 -0.009235
-0.511500 0.322630 0.007766
-0.504613 0.347943 0.010757
-0.503215 0.354617 -0.021932
-0.481308 0.346824 -0.004713
-0.477200 0.361268 -0.005423
-0.450325 0.363191 -0.002658
-0.448395 0.348610 0.004776
-0.418741 0.356136 -0.015717
-0.418199 0.354312 -0.008817
-0.397868 0.319851 -0.009334
-0.408018 0.342278 0.004979
-0.372970 0.362432 -0.010550
-0.347765 0.352590 0.010903
-0.344430 0.335706 -0.010546
-0.320342 0.343772 0.006662
-0.313916 0.350713 0.011974
-0.293164 0.333204 -0.000560
-0.281130 0.355795 0.001869
-0.258684 0.352024 0.000684
-0.262142 0.373472 -0.004147
-0.245674 0.365092 0.004564
-0.228461 0.345604 0.007736
-0.212064 0.355203 0.000271
-0.196605 0.347803 -0.007382
-0.196070 0.368667 -0.007283
-0.160336 0.327184 0.007234
-0.152481 0.331855 -0.023467
-0.125655 0.355637 -0.011919
-0.120455 0.344513 0.000211
-0.085332 0.353075 -0.005906
-0.094289 0.362917 0.002636
-0.094811 0.353404 -0.012414
-0.063894 0.345862 0.008664
-0.036738 0.344504 0.000875
-0.045200 0.331977 0.016336
-0.032928 0.351125 0.005409
-0.006887 0.346033 0.004018
0.030132 0.347114 0.002749
0.035941 0.336405 0.002324
0.045351 0.341992 -0.010661
0.053153 0.355913 0.003321
0.062154 0.326408 0.005439
0.071720 0.336313 -0.014581
0.095074 0.339218 -0.010208
0.121131 0.346119 -0.014542
0.144829 0.345793 0.002817
0.130497 0.320222 0.005935
0.168972 0.357162 0.000810
0.149538 0.357444 0.004482
0.185040 0.341902 0.005746
0.192208 0.358018 0.011293
0.205229 0.349160 -0.003257
0.214958 0.347600 -0.012769
0.221055 0.369396 -0.004251
0.242077 0.334519 0.002610
0.259986 0.353796 0.004696
0.276989 0.327704 -0.008354
0.301526 0.321136 0.005841
0.314160 0.360440 0.008941
0.336896 0.332917 -0.004594
0.329167 0.354639 0.002546
0.364131 0.336805 0.005949
0.364576 0.329407 0.011430
0.397085 0.342432 0.005249
0.372460 0.328818 -0.002202
0.401995 0.348506 -0.002196
0.410530 0.355123 0.004786
0.457684 0.323802 -0.005853
0.446169 0.342517 0.007360
0.469372 0.341988 -0.008084
0.482992 0.344983 0.002378
0.523083 0.338088 -0.004571
0.493645 0.347547 0.006691
0.528801 0.333321 -0.019650
0.538521 0.339265 -0.004632
0.540269 0.345429 0.003091
0.591094 0.339404 0.016545
0.596028 0.345209 0.008749
0.613445 0.338319 -0.014261
0.614632 0.339748 0.001694
0.617916 0.372428 -0.003104
0.657862 0.346248 -0.001822
0.625872 0.342916 0.006944
0.661533 0.337100 0.000028
0.690266 0.342924 -0.004599
0.689088 0.342084 0.000730
0.720202 0.366410 -0.002932
0.720783 0.350786 -0.006767
0.761456 0.345777 -0.008844
0.753880 0.347818 0.010043
0.780810 0.351564 -0.013972
0.779311 0.351394 -0.016454
0.806110 0.329903 -0.005992
0.818120 0.334736 0.002727
0.811502 0.332248 -0.000675
0.842237 0.346877 -0.020022
0.856095 0.331545 0.004471
0.858248 0.361437 0.002039
0.901163 0.347475 0.003580
0.902285 0.342025 -0.005152
0.921684 0.360681 -0.001162
0.934365 0.363915 0.006098
0.933918 0.351710 -0.009454
0.958435 0.342649 -0.008395
0.982838 0.343381 0.002259
0.987258 0.350981 -0.005233
1.020677 0.336960 0.005900
-0.982501 0.361050 0.008360
-0.998941 0.372204 -0.005553
-0.965775 0.343189 0.012460
-0.950320 0.361963 0.005185
-0.931483 0.349486 0.028788
-0.926339 0.342052 -0.016801
-0.899215 0.380423 -0.001744
-0.900564 0.365034 0.008007
-0.880366 0.356451 -0.009650
-0.866395 0.360338 0.004152
-0.853278 0.360201 -0.000534
-0.842534 0.356618 0.013725
-0.819610 0.346750 0.002198
-0.814592 0.363070 -0.003707
-0.787350 0.379884 -0.021230
-0.768617 0.357993 0.007811
-0.769834 0.360408 0.006465
-0.760290 0.383205 -0.002796
-0.744976 0.355459 0.007993
-0.704874 0.329930 0.006532
-0.706594 0.372121 0.005569
-0.703921 0.363257 -0.008660
-0.687194 0.363851 -0.009351
-0.678592 0.358612 0.023395
-0.664925 0.381951 -0.008765
-0.641974 0.362013 -0.002403
-0.650205 0.338545 -0.003059
-0.616227 0.350802 0.001480
-0.588537 0.353520 0.000751
-0.596612 0.365041 0.010364
-0.552021 0.362010 0.008478
-0.545577 0.352797 -0.007147
-0.555408 0.369685 0.021871
-0.528565 0.355310 0.011204
-0.522331 0.341026 0.002454
-0.496290 0.359685 0.003333
-0.483505 0.356378 0.015662
-0.484595 0.366531 -0.013704
-0.444460 0.345893 -0.009931
-0.434432 0.364843 -0.014198
-0.424788 0.349365 -0.012590
-0.398252 0.366649 0.010605
-0.388060 0.348642 0.011871
-0.388095 0.340073 -0.000537
-0.367422 0.370090 0.006943
-0.360575 0.381012 0.009104
-0.330923 0.359192 0.010306
-0.343677 0.355522 0.013250
-0.319590 0.373823 -0.007473
-0.287843 0.359494 0.008890
-0.290926 0.361384 -0.013687
-0.287026 0.359467 -0.009920
-0.233153 0.365259 0.013557
-0.249179 0.347216 -0.000858
-0.216053 0.345374 0.017426
-0.202547 0.370061 0.013161
-0.189240 0.370643 -0.015013
-0.177836 0.366492 0.012601
-0.173047 0.351508 0.017398
-0.145172 0.369504 0.000038
-0.143604 0.361447 0.001137
-0.100352 0.345386 -0.003684
-0.102360 0.382785 -0.008797
-0.106447 0.350672 0.003720
-0.066029 0.360249 -0.002446
-0.053904 0.349343 0.005970
-0.047812 0.376585 0.010306
-0.057379 0.358791 -0.013414
-0.034553 0.361347 -0.013598
-0.013610 0.357947 -0.020386
0.004502 0.369094 -0.026828
0.019546 0.370814 0.009921
0.031561 0.358849 -0.000707
0.052028 0.357452 -0.000077
0.063997 0.360522 0.011345
0.082811 0.373267 -0.009849
0.090339 0.364866 -0.014875
0.114568 0.366883 -0.011899
0.122693 0.350815 0.003143
0.140565 0.362626 -0.003066
0.168693 0.370465 -0.004332
0.163464 0.363398 0.011940
0.164493 0.361429 0.009094
0.203470 0.359757 -0.001726
0.184666 0.368533 -0.006347
0.229914 0.357125 0.000329
0.228780 0.378092 0.020703
0.243343 0.348421 -0.001630
0.272009 0.362109 0.021355
0.283510 0.357751 0.013854
0.287064 0.372417 0.009273
0.297186 0.361709 -0.023540
0.317601 0.357683 0.004066
0.332426 0.377006 0.006098
0.341610 0.351965 0.023866
0.371864 0.370883 -0.016500
0.377362 0.357613 0.013842
0.398673 0.347384 0.000075
0.414070 0.358431 -0.007273
0.425209 0.363484 0.025208
0.433207 0.364699 -0.012400
0.438074 0.372283 0.011331
0.459755 0.364359 0.013382
0.475972 0.354144 0.007577
0.483885 0.364433 0.007972
0.512759 0.365815 0.005783
0.543341 0.365994 0.003803
0.547478 0.364796 0.012661
0.554294 0.372193 -0.009350
0.563841 0.374962 -0.000908
0.591245 0.353872 -0.012528
0.602854 0.340845 0.009559
0.610645 0.369487 -0.015980
0.616129 0.357259 -0.006406
0.634923 0.335808 0.000016
0.649782 0.353235 0.004658
0.680809 0.358720 -0.007340
0.688536 0.346020 0.006237
0.683241 0.335769 -0.004479
0.706477 0.344861 -0.010669
0.739155 0.375769 0.021397
0.737865 0.379311 -0.002263
0.760023 0.379466 0.003382
0.762911 0.358164 -0.000037
0.762139 0.357505 0.028488
0.800657 0.358019 -0.012008
0.806686 0.353772 -0.007347
0.831140 0.366632 0.006021
0.844004 0.334071 -0.012608
0.852858 0.340720 0.003068
0.863159 0.337554 0.004818
0.881691 0.366574 0.006439
0.895080 0.364613 0.005251
0.909123 0.345560 0.001177
0.923075 0.359228 0.009614
0.966786 0.354136 -0.002597
0.957343 0.365193 -0.000488
0.969787 0.361716 -0.003033
0.982035 0.360050 -0.007717
1.009754 0.350916 -0.013418
-0.994308 0.363600 0.008976
-0.996369 0.379991 0.004105
-0.966606 0.368412 -0.000654
-0.956923 0.393989 0.001660
-0.933667 0.386609 0.015111
-0.911415 0.360569 0.000512
-0.907028 0.369413 0.002336
-0.894665 0.345224 0.002167
-0.873256 0.376667 0.013562
-0.847665 0.386241 0.016368
-0.839713 0.388137 0.012829
-0.840047 0.366671 0.006462
-0.850263 0.366916 -0.012775
-0.804677 0.389642 0.004954
-0.772238 0.377291 -0.002671
-0.774288 0.368442 0.001318
-0.761980 0.388076 -0.011894
-0.748393 0.371466 0.010215
-0.751620 0.369599 0.000714
-0.708927 0.362272 -0.014694
-0.716194 0.395677 0.003040
-0.698529 0.382506 -0.007580
-0.674218 0.372880 0.006669
-0.678367 0.382007 -0.008210
-0.658410 0.382141 0.005000
-0.634432 0.385645 -0.004640
-0.640023 0.370487 -0.002825
-0.602904 0.366987 -0.014785
-0.588580 0.387560 -0.010793
-0.594930 0.382826 0.004952
-0.587234 0.390112 0.010393
-0.559468 0.380749 0.012004
-0.542561 0.368866 0.008471
-0.534965 0.371771 0.008219
-0.513925 0.368924 0.002943
-0.487161 0.362740 -0.003181
-0.499780 0.380096 -0.008997
-0.472740 0.367530 -0.001735
-0.441549 0.376143 -0.003012
-0.436408 0.387415 0.006748
-0.427570 0.362963 0.010358
-0.408234 0.351604 -0.026076
-0.390040 0.369468 -0.000890
-0.383788 0.359428 -0.005025
-0.360702 0.374980 -0.012476
-0.347456 0.368956 0.008230
-0.330862 0.377021 0.007664
-0.327669 0.382957 -0.004153
-0.297216 0.365050 0.014731
-0.294125 0.357343 -0.014091
-0.278952 0.362077 -0.003973
-0.267277 0.354574 -0.001382
-0.252361 0.378777 -0.002368
-0.248680 0.380439 0.007021
-0.215759 0.378733 -0.006525
-0.205281 0.370141 0.014959
-0.202562 0.389784 -0.001469
-0.186856 0.383598 -0.005026
-0.159530 0.391011 -0.009067
-0.152273 0.375347 0.000815
-0.130447 0.365050 -0.002927
-0.112980 0.373877 0.014159
-0.102159 0.381016 -0.004076
-0.081763 0.360508 -0.012292
-0.082033 0.393520 -0.019327
-0.066696 0.353350 0.020496
-0.069358 0.355993 0.005709
-0.036373 0.370729 -0.010456
-0.033371 0.366214 -0.009716
-0.008033 0.362149 -0.004218
0.014905 0.373464 -0.001219
0.018845 0.366168 0.003208
0.044695 0.370011 -0.002518
0.040691 0.384594 -0.003073
0.058178 0.372727 0.012155
0.075503 0.379175 -0.010220
0.124276 0.360935 0.004177
0.103963 0.381220 -0.001672
0.112417 0.378736 -0.007708
0.118394 0.371091 -0.013052
0.152590 0.378794 -0.009668
0.148163 0.369995 0.002240
0.177591 0.371203 0.011197
0.197875 0.367969 -0.005269
0.201434 0.362906 0.006020
0.214044 0.385329 -0.005862
0.238047 0.373433 -0.003515
0.263755 0.347940 0.019799
0.275772 0.366143 0.002989
0.274041 0.383655 0.000412
0.300394 0.378188 0.008015
0.308326 0.352078 -0.006456
0.331242 0.371481 -0.001631
0.343875 0.387416 -0.008156
0.342345 0.399449 -0.007120
0.352468 0.378959 0.008313
0.398651 0.379163 -0.010279
0.397230 0.391966 -0.011285
0.405758 0.372574 0.012936
0.436319 0.364221 0.006270
0.442892 0.377414 -0.006898
0.473017 0.377438 0.023525
0.457897 0.361192 0.009376
0.480282 0.377640 0.007849
0.500071 0.392180 -0.003552
0.505410 0.383389 -0.004748
0.526663 0.366804 -0.000549
0.538332 0.375302 0.003324
0.563710 0.379232 -0.011365
0.568062 0.388023 -0.006683
0.588012 0.371363 -0.012439
0.596917 0.374914 0.006958
0.616875 0.366803 -0.006692
0.643596 0.362493 -0.002801
0.631422 0.368247 -0.007544
0.660281 0.369203 0.003086
0.663074 0.376956 -0.000912
0.702762 0.361516 0.001287
0.688088 0.357650 -0.001727
0.720221 0.391526 -0.002736
0.740514 0.376726 -0.008192
0.738650 0.365083 0.000406
0.771720 0.371586 -0.006916
0.783970 0.376082 -0.002445
0.791065 0.383232 0.003567
0.800211 0.373050 -0.011755
0.812917 0.382231 0.012784
0.818630 0.370312 0.016857
0.829966 0.360840 -0.014465
0.859450 0.353687 -0.007142
0.870267 0.379415 -0.010676
0.887960 0.387775 0.007919
0.891717 0.378579 0.009772
0.918985 0.371335 0.005148
0.928989 0.368097 0.002197
0.953767 0.367458 0.005690
0.962414 0.365029 -0.003277
0.976861 0.379390 0.001105
0.979325 0.383914 0.004802
1.006556 0.375916 -0.004132
-0.990339 0.375402 -0.000742
-0.990427 0.377748 -0.005019
-0.964359 0.403002 -0.015553
-0.973855 0.392575 0.008190
-0.938303 0.367745 0.009541
-0.910896 0.403727 0.005044
-0.911140 0.391861 0.017025
-0.888025 0.376978 0.008654
-0.892959 0.391739 0.012429
-0.869450 0.385522 -0.008228
-0.850774 0.380161 0.000364
-0.845763 0.398745 -0.014215
-0.825117 0.376669 0.012108
-0.816513 0.395349 -0.011551
-0.787756 0.396228 0.004846
-0.793133 0.383060 0.007789
-0.770701 0.388166 -0.010005
-0.743989 0.378657 -0.015390
-0.738079 0.387051 0.017749
-0.729644 0.379703 0.002432
-0.722729 0.396021 0.001262
-0.716261 0.381884 -0.025870
-0.686902 0.398830 0.008335
-0.671805 0.366680 0.000448
-0.648591 0.386445 -0.005269
-0.663187 0.403086 -0.003584
-0.611449 0.398236 0.010062
-0.613195 0.392722 0.010231
-0.573478 0.401434 -0.004622
-0.576859 0.382743 0.002284
-0.565577 0.380494 -0.019223
-0.532036 0.386885 0.008248
-0.538034 0.386113 -0.000275
-0.524570 0.393520 -0.007813
-0.513903 0.365891 0.005099
-0.496572 0.383269 -0.002224
-0.486479 0.395508 -0.010491
-0.471160 0.388388 0.011906
-0.460459 0.390774 -0.002699
-0.424113 0.384760 0.003444
-0.436267 0.401810 0.008022
-0.416524 0.403231 -0.013842
-0.402874 0.392326 0.002838
-0.386077 0.395613 0.010603
-0.377782 0.388613 -0.003311
-0.352345 0.362690 0.000129
-0.330309 0.398583 0.007566
-0.319134 0.379369 0.003000
-0.309770 0.375707 0.011878
-0.306451 0.379650 -0.011156
-0.280688 0.386562 0.000686
-0.266716 0.394365 -0.000870
-0.239661 0.372245 0.009258
-0.252056 0.372213 -0.013397
-0.238054 0.390787 0.008225
-0.204117 0.399008 0.008797
-0.199994 0.376910 -0.005713
-0.193612 0.393043 0.013223
-0.163432 0.394932 -0.003423
-0.140878 0.386028 -0.021026
-0.116176 0.402091 0.001906
-0.133562 0.384979 0.007045
-0.106017 0.405545 -0.003931
-0.099621 0.398610 -0.016362
-0.068581 0.375169 0.012583
-0.056402 0.393484 0.009153
-0.038922 0.389876 0.011469
-0.029891 0.389291 0.017102
-0.016222 0.413264 -0.004984
-0.000989 0.384744 -0.009943
0.021084 0.380810 -0.019862
0.017563 0.397579 -0.007381
0.042043 0.385001 0.016123
0.035426 0.383572 0.016819
0.057557 0.389388 0.007257
0.087652 0.381183 0.010313
0.085468 0.409791 0.006472
0.114730 0.364198 -0.018145
0.120342 0.403879 -0.003263
0.136056 0.393800 -0.010859
0.159003 0.390737 0.008614
0.157972 0.399980 -0.009521
0.174630 0.393096 0.000802
0.198193 0.394932 -0.002892
0.197027 0.391278 -0.012277
0.215294 0.381032 -0.000207
0.253300 0.384111 -0.011554
0.243481 0.401925 -0.015307
0.266818 0.393774 -0.004237
0.281560 0.392930 0.025610
0.295286 0.364830 0.004881
0.323050 0.392080 -0.005321
0.323723 0.404324 0.019807
0.323891 0.399432 0.016569
0.343698 0.380422 0.002269
0.373812 0.389896 -0.002989
0.389035 0.379960 -0.004196
0.395544 0.388691 0.005687
0.409905 0.373362 0.009128
0.436510 0.398036 -0.014270
0.431676 0.379903 -0.025846
0.448863 0.388903 0.001361
0.482807 0.380941 0.003027
0.475659 0.381088 0.014236
0.505941 0.395573 0.011611
0.528949 0.406434 0.003540
0.544866 0.377603 0.006361
0.543426 0.371551 0.017089
0.557587 0.408923 0.005485
0.574989 0.388902 0.011473
0.565703 0.404497 -0.000824
0.595579 0.395003 0.011365
0.598995 0.387894 -0.005611
0.629481 0.389938 0.005869
0.631777 0.383240 -0.015082
0.666856 0.402752 0.003905
0.659597 0.384744 0.012697
0.685274 0.393853 0.003370
0.691505 0.389912 0.009930
0.686445 0.401143 0.001832
0.727143 0.385367 -0.019581
0.737150 0.405339 0.008618
0.748879 0.400704 -0.011056
0.772678 0.405728 -0.018828
0.784211 0.383035 0.011310
0.801812 0.389704 0.013694
0.822998 0.398869 0.004676
0.829433 0.380094 0.003084
0.853840 0.395343 -0.004664
0.863047 0.394493 -0.006185
0.860294 0.389523 -0.010353
0.878395 0.397518 -0.001307
0.892951 0.379634 -0.000208
0.920278 0.407453 0.010457
0.930884 0.385721 -0.000063
0.950214 0.376609 0.010612
0.967012 0.387422 0.008302
0.977369 0.384884 -0.001067
0.988637 0.389021 0.006740
1.000630 0.392108 -0.019444
-1.002216 0.394983 -0.007185
-0.997048 0.396554 -0.010534
-0.976298 0.402895 -0.010626
-0.960906 0.381259 0.004748
-0.938974 0.407764 0.009832
-0.929230 0.414380 -0.012971
-0.914417 0.403405 -0.009804
-0.901187 0.425966 -0.017339
-0.890389 0.388935 0.003834
-0.878836 0.399310 0.012791
-0.854945 0.393433 -0.000144
-0.836957 0.407020 0.014141
-0.830607 0.402862 -0.016457
-0.815918 0.404011 -0.007659
-0.802545 0.425858 0.019778
-0.784861 0.390002 -0.022855
-0.777442 0.403171 -0.017520
-0.761412 0.400497 0.001585
-0.740194 0.396688 0.000861
-0.723430 0.416289 0.000011
-0.711876 0.394006 0.017933
-0.695940 0.394075 0.006176
-0.683403 0.394339 -0.013209
-0.681825 0.409656 0.005961
-0.647029 0.396668 0.017528
-0.649285 0.395855 0.004946
-0.631181 0.394489 -0.006509
-0.611957 0.406806 -0.009130
-0.590796 0.401286 -0.007403
-0.569344 0.403054 -0.000909
-0.580027 0.410147 0.017843
-0.549394 0.403837 0.015473
-0.546374 0.401567 -0.007352
-0.511645 0.412062 0.009737
-0.519779 0.401026 0.019508
-0.501264 0.407927 -0.008587
-0.493911 0.401717 0.006792
-0.482239 0.391905 -0.003437
-0.468578 0.420688 -0.015395
-0.446687 0.409178 0.012933
-0.428111 0.389280 -0.002031
-0.413594 0.391909 0.009834
-0.396143 0.403072 0.001192
-0.398324 0.404092 0.006197
-0.361997 0.395907 -0.007004
-0.344623 0.407328 -0.017514
-0.347420 0.403772 0.012589
-0.319886 0.401735 0.011479
-0.284969 0.394812 -0.022343
-0.302806 0.391686 -0.005746
-0.273316 0.392976 -0.008512
-0.254560 0.410858 -0.006423
-0.236892 0.404367 0.009068
-0.237863 0.422943 0.002373
-0.223894 0.409480 -0.003890
-0.211706 0.407952 0.000494
-0.189180 0.410133 -0.000931
-0.194410 0.399185 -0.023868
-0.154738 0.403263 -0.006218
-0.142832 0.394809 0.002829
-0.129790 0.414386 -0.004720
-0.118853 0.405842 0.008373
-0.099285 0.407162 -0.004533
-0.110054 0.394105 -0.001621
-0.079932 0.425753 0.001061
-0.077211 0.404402 -0.012469
-0.059246 0.401802 -0.009846
-0.039855 0.403129 0.001631
-0.002538 0.415106 0.009799
-0.017274 0.393771 -0.001906
0.008106 0.399473 0.007053
0.030649 0.388763 -0.005125
0.059058 0.411405 0.018264
0.060964 0.402512 0.016974
0.070999 0.415667 0.009556
0.078013 0.388431 0.007493
0.102021 0.401846 0.017739
0.120794 0.391078 0.000449
0.129230 0.398173 0.008507
0.157043 0.400521 -0.002705
0.164498 0.389784 0.009429
0.175542 0.409956 0.002750
0.181591 0.397514 -0.002982
0.196429 0.419026 0.013533
0.212636 0.405753 0.003651
0.211373 0.412994 -0.007792
0.248886 0.394219 0.019557
0.257412 0.394304 -0.021509
0.280294 0.406115 -0.018521
0.293320 0.424780 -0.004077
0.311924 0.409501 0.001841
0.293285 0.405538 -0.011756
0.325703 0.389992 0.010213
0.342247 0.416309 0.009182
0.341987 0.408108 0.009886
0.370346 0.387582 -0.000123
0.389844 0.414468 0.008464
0.394627 0.402104 0.000280
0.419223 0.424806 -0.009862
0.427967 0.406751 0.004299
0.428966 0.410081 0.000493
0.465867 0.415273 0.011363
0.491292 0.396257 0.013953
0.476059 0.409233 0.018437
0.519441 0.409081 -0.008569
0.508612 0.406739 -0.004226
0.526052 0.402842 -0.009053
0.560838 0.395452 0.020294
0.551698 0.403196 -0.014867
0.572309 0.413027 0.000399
0.581115 0.426740 -0.001901
0.595210 0.401885 0.010007
0.615481 0.419212 0.005993
0.639222 0.406695 -0.006442
0.633151 0.405512 0.001115
0.650947 0.404947 -0.022721
0.667673 0.395024 0.004678
0.691179 0.401624 -0.002108
0.688129 0.405716 0.010815
0.701227 0.384464 0.000731
0.729461 0.408529 0.002059
0.765379 0.413879 -0.008801
0.754590 0.407394 -0.011020
0.766891 0.402812 0.008312
0.785570 0.409241 0.026837
0.774953 0.390443 0.009457
0.826457 0.397121 -0.006034
0.819876 0.397656 0.010871
0.841146 0.407867 -0.003558
0.846485 0.383960 -0.004292
0.864170 0.399835 0.039274
0.888323 0.401690 0.002619
0.886121 0.405002 -0.002836
0.915385 0.383418 -0.003473
0.939997 0.401553 -0.024714
0.956613 0.395868 -0.002839
0.957600 0.395539 0.000745
0.962054 0.419967 0.002935
0.984360 0.407540 -0.009013
0.984965 0.403610 0.013287
-0.994107 0.405320 0.000327
-1.001838 0.438826 -0.013339
-0.974298 0.437964 0.003098
-0.958809 0.412129 -0.003928
-0.947650 0.420609 -0.000598
-0.941982 0.421479 0.009702
-0.921723 0.404837 0.001175
-0.905847 0.414639 0.009114
-0.895192 0.418428 0.007429
-0.882662 0.419195 0.007932
-0.852487 0.409662 0.011634
-0.822462 0.435616 -0.001695
-0.828104 0.423910 0.006756
-0.825217 0.424288 0.011811
-0.782700 0.413292 -0.009129
-0.807367 0.414960 -0.008661
-0.743964 0.413411 0.016615
-0.749844 0.401598 0.001220
-0.739929 0.411796 0.008607
-0.706302 0.422115 -0.019445
-0.710926 0.437015 -0.003943
-0.692775 0.412938 0.004343
-0.692426 0.420267 -0.002633
-0.656951 0.434980 0.003363
-0.671448 0.429299 -0.009692
-0.635563 0.409039 0.006840
-0.626905 0.430706 -0.005467
-0.602340 0.411496 0.008457
-0.594163 0.404798 0.007467
-0.585248 0.412356 0.001367
-0.564832 0.423079 0.003949
-0.573556 0.417257 -0.013178
-0.542768 0.422163 0.004367
-0.519132 0.414119 -0.010425
-0.511405 0.412607 0.010294
-0.498460 0.416197 -0.008020
-0.481582 0.417080 -0.006779
-0.461485 0.434992 -0.002191
-0.456720 0.400795 0.009350
-0.443335 0.420694 0.014521
-0.409958 0.415954 0.001280
-0.411425 0.427431 -0.000913
-0.394903 0.397566 0.007400
-0.374628 0.411814 -0.002875
-0.370650 0.410071 -0.005352
-0.339998 0.430061 0.012498
-0.334109 0.401262 0.002036
-0.317509 0.416644 -0.007113
-0.308684 0.416061 0.018122
-0.281823 0.403110 -0.012910
-0.283749 0.416638 0.005601
-0.264199 0.420766 -0.004022
-0.256878 0.418889 0.000397
-0.240373 0.417088 0.017860
-0.210670 0.425330 0.001447
-0.218466 0.426862 -0.014182
-0.189199 0.427411 -0.002185
-0.185957 0.416882 0.000241
-0.162079 0.411208 -0.020184
-0.159447 0.426940 -0.003293
-0.146484 0.413417 0.013159
-0.123820 0.412131 0.001965
-0.127568 0.427739 -0.020769
-0.110835 0.425385 0.003021
-0.063854 0.417388 0.005756
-0.093279 0.402305 -0.008336
-0.048244 0.404105 -0.000441
-0.033388 0.416993 -0.006923
-0.024304 0.423985 -0.002812
-0.015358 0.437096 -0.003879
0.006515 0.426307 0.006587
0.028206 0.421443 -0.001089
0.022755 0.412414 0.003484
0.058957 0.412167 0.003281
0.061948 0.416676 -0.010964
0.085140 0.416588 0.001166
0.076708 0.422607 -0.004972
0.118439 0.406225 0.010074
0.143041 0.418808 0.000136
0.140146 0.413514 0.002111
0.154289 0.421699 0.015541
0.142243 0.427283 -0.001025
0.186479 0.417191 0.007359
0.199759 0.400128 -0.009314
0.247256 0.391989 0.001483
0.219490 0.428306 0.001112
0.232184 0.435338 -0.003292
0.258921 0.410906 0.004674
0.267298 0.409611 -0.017263
0.272241 0.414833 -0.000051
0.304289 0.413159 -0.006141
0.291738 0.422084 0.011024
0.319772 0.436242 -0.000877
0.346102 0.417731 0.000553
0.348580 0.439710 0.010269
0.367632 0.430842 -0.024298
0.378064 0.420805 0.002232
0.396869 0.416190 -0.000861
0.407318 0.414490 -0.009927
0.429845 0.412740 -0.004401
0.426901 0.430584 0.008342
0.467539 0.435807 0.002481
0.470769 0.423783 -0.017631
0.472316 0.425523 -0.004729
0.498166 0.428216 0.001250
0.502793 0.418787 -0.008355
0.537721 0.438943 -0.016271
0.537089 0.412071 -0.015613
0.540821 0.403208 0.001456
0.550605 0.410676 -0.011980
0.576440 0.410276 -0.003198
0.592316 0.409967 -0.004605
0.622326 0.388856 0.015130
0.610556 0.413535 -0.013614
0.648227 0.422871 0.003705
0.643701 0.414533 -0.001914
0.655279 0.397594 0.007391
0.663745 0.412132 0.007860
0.688741 0.404014 -0.013210
0.729077 0.421947 -0.004823
0.740665 0.432296 -0.013173
0.727536 0.409936 -0.003361
0.756349 0.404897 0.014842
0.784164 0.404392 -0.009113
0.781240 0.428064 -0.009476
0.790390 0.417042 -0.002713
0.804151 0.404810 -0.016229
0.830427 0.427927 0.002173
0.829483 0.417742 -0.003732
0.883267 0.403071 0.008291
0.867210 0.413183 -0.008109
0.893881 0.416998 -0.003490
0.908881 0.414889 0.019236
0.910196 0.418217 -0.004934
0.923988 0.411883 -0.013669
0.946298 0.421196 0.009597
0.932586 0.412177 0.013914
0.976615 0.432292 -0.007626
0.986310 0.426269 0.000908
1.003746 0.415830 0.003300
-0.999558 0.426125 -0.002097
-0.964831 0.437308 0.008490
-0.985888 0.427398 0.018404
-0.958854 0.421335 0.001506
-0.936339 0.434105 0.007204
-0.912108 0.448600 -0.003534
-0.910635 0.447928 0.008212
-0.909480 0.430373 0.015134
-0.876003 0.421331 0.002014
-0.876981 0.415874 -0.021365
-0.858357 0.437830 0.004796
-0.827779 0.435967 0.009044
-0.827693 0.448354 0.009948
-0.798927 0.418053 -0.004523
-0.805013 0.418959 0.013161
-0.780415 0.415948 -0.003576
-0.764756 0.430685 -0.006014
-0.755405 0.431676 -0.012011
-0.751125 0.427530 -0.002865
-0.711512 0.423431 -0.009865
-0.723517 0.416436 0.007414
-0.689398 0.423284 0.000740
-0.693466 0.432743 0.002610
-0.665827 0.441698 0.008611
-0.675802 0.420866 0.001093
-0.639574 0.423704 -0.011525
-0.621625 0.430386 0.009976
-0.602464 0.415547 -0.001927
-0.609975 0.449888 -0.003721
-0.569869 0.452003 -0.003777
-0.566909 0.430101 -0.015384
-0.569816 0.425531 -0.000467
-0.526896 0.431662 0.011156
-0.515624 0.428882 -0.011728
-0.506670 0.436746 0.000832
-0.506235 0.436973 -0.009855
-0.483769 0.436243 0.011985
-0.460521 0.423884 -0.007332
-0.458831 0.416764 -0.011511
-0.450736 0.443400 -0.013669
-0.421766 0.432097 0.023365
-0.403446 0.429632 -0.020168
-0.406204 0.421394 -0.002227
-0.400933 0.432054 -0.003388
-0.379325 0.440140 -0.003758
-0.348573 0.440022 0.008067
-0.332897 0.416399 -0.009101
-0.320463 0.445699 -0.002177
-0.292153 0.415428 0.003198
-0.286090 0.419064 0.008303
-0.273401 0.422669 -0.004572
-0.276596 0.422937 0.000817
-0.251368 0.425930 0.011343
-0.229713 0.449812 0.013069
-0.235012 0.424397 -0.005647
-0.207001 0.419559 0.008824
-0.185510 0.435780 -0.000079
-0.192320 0.432197 0.019897
-0.158643 0.429375 0.007014
-0.153484 0.442054 -0.001618
-0.152591 0.431583 0.005549
-0.128450 0.436320 0.001494
-0.104713 0.436544 -0.000130
-0.084878 0.426866 -0.004666
-0.091920 0.424760 -0.005248
-0.065825 0.430963 -0.007524
-0.073591 0.441775 0.007867
-0.033591 0.439867 -0.016164
-0.029749 0.439289 -0.013543
-0.015101 0.414301 0.006445
-0.003488 0.431496 0.017577
0.019172 0.437921 0.008412
0.019914 0.438020 -0.006295
0.043879 0.426966 0.010912
0.074532 0.452316 0.012583
0.080675 0.430989 0.013269
0.089154 0.435737 0.007320
0.126222 0.440590 -0.010800
0.127696 0.436695 -0.006403
0.142042 0.427702 -0.000233
0.154569 0.425583 -0.003314
0.165415 0.446356 0.002006
0.195273 0.435780 0.000126
0.207313 0.435313 0.002287
0.221617 0.415777 0.005139
0.235458 0.423951 0.002977
0.238324 0.418822 0.008332
0.265345 0.435043 -0.022497
0.263527 0.432744 0.009344
0.280174 0.431898 0.004178
0.289534 0.415575 -0.007289
0.296988 0.437124 -0.011105
0.328756 0.435067 0.015888
0.330894 0.431768 0.008891
0.347755 0.431393 0.010289
0.366095 0.455280 0.005060
0.392545 0.448036 -0.007778
0.389878 0.427452 0.006926
0.417428 0.444489 0.013328
0.418861 0.446347 0.014752
0.447182 0.447844 -0.011297
0.462235 0.433959 0.000311
0.480649 0.445505 -0.002148
0.481925 0.427204 -0.014143
0.487104 0.427542 0.007853
0.519237 0.427006 -0.009481
0.544207 0.428639 0.007225
0.528410 0.428197 -0.015042
0.565654 0.434094 -0.002961
0.571044 0.429677 0.001642
0.589302 0.435187 0.003751
0.604484 0.440659 0.009010
0.614059 0.431055 -0.006167
0.633323 0.424092 0.021426
0.635273 0.430820 0.008556
0.646136 0.439405 0.006312
0.667274 0.441718 -0.002210
0.670674 0.440975 -0.003083
0.702797 0.424559 -0.003246
0.708508 0.440118 0.002051
0.730203 0.439169 0.005945
0.750026 0.432096 -0.005663
0.758790 0.430084 0.003428
0.788106 0.438592 -0.006299
0.779661 0.432472 -0.011361
0.795402 0.427379 -0.002568
0.815399 0.407730 0.001936
0.834103 0.426618 0.015969
0.833720 0.435480 0.002098
0.854131 0.415497 0.011984
0.870735 0.426528 0.000529
0.896047 0.427445 0.000102
0.899136 0.430416 -0.000807
0.899973 0.443742 0.007721
0.929380 0.432917 0.016755
0.948880 0.441841 -0.013592
0.950957 0.434967 0.013063
0.975089 0.434958 0.015884
0.978626 0.421148 0.002002
0.997638 0.427293 0.005873
-1.001311 0.451484 0.010125
-0.986845 0.449833 0.022660
-0.976755 0.458941 0.001994
-0.975798 0.439335 0.009083
-0.944948 0.434139 0.002482
-0.923487 0.459453 0.003705
-0.907671 0.427115 0.008283
-0.898916 0.448092 0.002481
-0.873366 0.423606 -0.005370
-0.871332 0.438261 -0.001319
-0.866063 0.454829 -0.012475
-0.845677 0.454229 -0.012030
-0.822357 0.443734 -0.005712
-0.817656 0.429338 -0.024268
-0.803201 0.449253 0.008445
-0.773952 0.453654 -0.015757
-0.776794 0.460607 0.001651
-0.760860 0.452917 0.012418
-0.740163 0.435049 -0.004500
-0.714437 0.433940 -0.008809
-0.700898 0.449523 -0.011143
-0.696766 0.468643 -0.002146
-0.684235 0.450608 -0.026190
-0.651451 0.438319 -0.005754
-0.634484 0.448955 -0.018728
-0.626978 0.431474 -0.003429
-0.632908 0.451680 0.003963
-0.595829 0.441130 -0.001092
-0.618506 0.457027 0.009821
-0.577340 0.428873 0.001841
-0.569005 0.435870 -0.004170
-0.558491 0.453110 0.008468
-0.550825 0.451372 0.010822
-0.518070 0.455038 -0.001953
-0.505389 0.448654 0.008847
-0.489492 0.421644 0.019224
-0.471091 0.439325 -0.013819
-0.455463 0.456734 -0.006383
-0.436460 0.435926 0.010127
-0.460580 0.446468 -0.001012
-0.422112 0.440409 -0.003152
-0.402668 0.440412 -0.010860
-0.401184 0.445427 0.007370
-0.386218 0.419447 -0.000633
-0.377316 0.458151 -0.006099
-0.358688 0.432858 0.000597
-0.358752 0.436647 -0.004402
-0.327198 0.447838 -0.015170
-0.298675 0.437583 -0.026910
-0.299843 0.446668 0.004364
-0.270425 0.452735 -0.001206
-0.273624 0.434017 0.006845
-0.256632 0.447958 -0.015353
-0.237559 0.451978 0.003087
-0.215030 0.443288 0.011756
-0.206012 0.434349 0.003111
-0.194793 0.446914 0.002601
-0.182572 0.439870 0.002239
-0.156567 0.448005 0.026227
-0.162147 0.432509 -0.004597
-0.133021 0.451130 -0.007546
-0.123443 0.445358 0.010657
-0.108850 0.450860 0.012580
-0.098568 0.447352 0.005925
-0.074667 0.443894 0.001644
-0.063172 0.452289 -0.004276
-0.052933 0.418449 0.006663
-0.056313 0.442661 0.002468
-0.016166 0.462037 0.004567
0.004072 0.454525 0.008417
0.023709 0.462356 -0.001303
0.019579 0.447243 -0.008573
0.024133 0.448235 -0.006842
0.052127 0.450860 -0.018604
0.062334 0.465133 0.013799
0.109305 0.438468 0.010155
0.096568 0.448720 -0.000801
0.100185 0.437244 0.000976
0.120141 0.458909 0.004409
0.139154 0.439246 -0.003661
0.134128 0.443520 0.000984
0.168770 0.447591 0.003537
0.181221 0.453171 0.001862
0.196090 0.460495 -0.004046
0.199537 0.457823 -0.009798
0.227107 0.446718 -0.011729
0.241937 0.450359 -0.002782
0.256240 0.443229 -0.011271
0.263502 0.445806 0.010243
0.290265 0.442615 0.005120
0.281434 0.459924 0.000668
0.324571 0.450131 0.008932
0.352985 0.443957 -0.006998
0.343739 0.455240 -0.020626
0.349234 0.442232 0.008089
0.365229 0.447382 0.005738
0.387758 0.451581 0.007336
0.395082 0.439576 -0.002844
0.397572 0.437965 -0.007391
0.409723 0.444507 -0.021346
0.449788 0.440287 0.005255
0.456759 0.430070 -0.006150
0.469988 0.460649 0.003534
0.472844 0.443473 -0.008794
0.485892 0.461995 -0.007495
0.505525 0.437790 0.004943
0.529624 0.447693 0.013731
0.545445 0.444353 0.000423
0.537568 0.455277 0.005491
0.583750 0.456306 0.008501
0.587123 0.449386 -0.005170
0.605470 0.445025 -0.009617
0.629046 0.449601 0.001429
0.606196 0.461161 0.001038
0.634754 0.459479 -0.002368
0.644986 0.446610 0.013937
0.669760 0.453352 -0.002158
0.673275 0.458517 -0.020730
0.691841 0.427838 0.015684
0.715627 0.443307 -0.009314
0.717482 0.435589 0.008732
0.756557 0.447739 0.020627
0.756990 0.438314 -0.009823
0.786679 0.455332 -0.001361
0.778501 0.453000 -0.001765
0.808550 0.456525 -0.006834
0.813214 0.468134 0.006835
0.831194 0.449647 -0.006745
0.843089 0.432153 0.025553
0.851799 0.450587 -0.010597
0.862816 0.439020 0.013866
0.882535 0.436652 -0.018426
0.903969 0.452477 0.001834
0.911272 0.445018 0.009108
0.926066 0.429641 -0.003124
0.958571 0.441334 0.003291
0.964856 0.441426 0.007078
0.962101 0.448049 0.001352
0.981065 0.442976 0.000446
0.972699 0.438507 0.002513
-1.018240 0.455139 -0.001314
-1.001512 0.461315 -0.010932
-0.981957 0.461991 -0.018630
-0.954971 0.464407 0.001805
-0.940753 0.450516 -0.004679
-0.929664 0.459466 0.006216
-0.895516 0.452403 0.002515
-0.882830 0.463926 -0.001015
-0.885599 0.461507 -0.007044
-0.874508 0.462523 0.007370
-0.850913 0.466157 -0.008517
-0.842656 0.467418 0.001237
-0.834385 0.451333 -0.012051
-0.832128 0.451923 -0.003364
-0.808426 0.468241 0.003321
-0.795341 0.447076 -0.010945
-0.741983 0.469568 0.012047
-0.758844 0.456320 0.003497
-0.744707 0.464788 0.006015
-0.728069 0.465401 -0.002169
-0.719484 0.472643 0.003635
-0.695759 0.461578 0.007662
-0.692354 0.480978 -0.001222
-0.657206 0.490835 0.018810
-0.639241 0.459646 -0.001201
-0.642853 0.459717 -0.013267
-0.638076 0.474970 -0.013354
-0.618313 0.468756 -0.003858
-0.611241 0.465735 -0.002647
-0.590150 0.464240 -0.018875
-0.574882 0.451671 -0.004159
-0.552565 0.446768 -0.006541
-0.529334 0.455806 0.032525
-0.543469 0.486163 -0.001516
-0.523122 0.462688 -0.005513
-0.490805 0.452078 0.002737
-0.481016 0.454786 -0.001321
-0.475418 0.455150 0.000621
-0.454053 0.469987 0.021580
-0.431489 0.447646 0.013946
-0.429423 0.460099 -0.015427
-0.412627 0.455373 0.003948
-0.384595 0.445312 -0.010524
-0.384409 0.476641 -0.013524
-0.369182 0.463244 -0.005140
-0.338224 0.465253 -0.009143
-0.331860 0.463360 -0.001875
-0.304594 0.452586 -0.002297
-0.307875 0.463085 0.009040
-0.287280 0.471087 0.002991
-0.293799 0.455752 0.015635
-0.250256 0.455355 -0.002070
-0.262452 0.448251 -0.001713
-0.247539 0.444064 -0.000630
-0.231393 0.458280 0.003733
-0.202460 0.453963 0.002668
-0.206170 0.465807 0.000663
-0.172528 0.455812 0.004987
-0.172605 0.443525 0.001863
-0.170463 0.475983 -0.023479
-0.137140 0.459457 0.004935
-0.133029 0.457630 -0.009181
-0.107467 0.467469 0.021758
-0.101518 0.458544 0.003530
-0.079962 0.459133 -0.015730
-0.067113 0.449176 0.006368
-0.039444 0.445198 0.011758
-0.026419 0.467718 0.007577
-0.003775 0.447196 -0.016204
-0.006076 0.453674 -0.010143
0.004638 0.473376 -0.002274
0.031272 0.461541 0.003622
0.028458 0.458459 0.007020
0.058133 0.474482 -0.001650
0.076012 0.460492 -0.016299
0.077711 0.467454 0.013227
0.075713 0.452526 -0.004613
0.104634 0.454919 0.019427
0.121809 0.448688 -0.000910
0.124543 0.460546 0.004469
0.149740 0.469013 0.003321
0.152992 0.464223 0.014218
0.160029 0.457264 -0.011309
0.193024 0.472483 0.005682
0.202505 0.447663 0.004690
0.223955 0.456044 0.005468
0.226740 0.440707 -0.015947
0.239841 0.439138 -0.009200
0.249364 0.469325 -0.006917
0.260737 0.454149 0.001183
0.295554 0.473235 -0.002276
0.297150 0.464676 0.003584
0.333720 0.459228 -0.003892
0.338994 0.447658 0.020192
0.355103 0.453768 0.000980
0.392813 0.458456 -0.009143
0.371881 0.470528 0.004642
0.404646 0.433096 0.004410
0.395323 0.447206 0.007669
0.434088 0.480413 0.003288
0.449492 0.458579 -0.006357
0.442789 0.464081 -0.005987
0.483244 0.471271 -0.004031
0.476481 0.451459 0.004603
0.490416 0.458968 -0.013893
0.521671 0.458539 -0.002428
0.536084 0.458285 0.013929
0.538180 0.458604 0.007192
0.550873 0.468200 0.013451
0.589197 0.461097 0.003034
0.572182 0.449317 -0.015385
0.602868 0.452508 0.007682
0.625750 0.468756 -0.009323
0.622782 0.450681 0.001068
0.648723 0.466167 -0.005067
0.659204 0.458408 -0.007219
0.694723 0.462710 -0.002620
0.685705 0.461997 -0.007289
0.694410 0.452909 0.023861
0.706760 0.462916 -0.003212
0.728340 0.469322 -0.004460
0.741475 0.481679 -0.009287
0.749122 0.458923 -0.004368
0.769593 0.447245 0.011296
0.784516 0.462960 0.006746
0.809110 0.458022 0.002526
0.828204 0.472970 0.015102
0.818852 0.461053 -0.008218
0.825794 0.469418 0.011135
0.851237 0.459920 -0.011935
0.882403 0.457007 -0.009767
0.870750 0.446474 0.012018
0.897277 0.446346 0.005107
0.902409 0.449856 0.015051
0.932649 0.460942 0.000834
0.941484 0.467162 -0.015831
0.954585 0.462320 -0.013117
0.960837 0.463490 -0.004753
0.993132 0.464943 0.009388
0.987429 0.457851 -0.001395
-1.013078 0.474069 -0.003514
-0.998989 0.458789 -0.011683
-0.968772 0.478702 -0.008642
-0.973219 0.512263 -0.015363
-0.941726 0.478925 -0.009133
-0.928513 0.486722 -0.010871
-0.914380 0.478202 -0.016910
-0.912716 0.460930 -0.008125
-0.886359 0.468673 0.003305
-0.899969 0.467780 0.007404
-0.862545 0.471914 0.009244
-0.835498 0.461479 0.005525
-0.857586 0.477492 0.019556
-0.817553 0.491429 -0.031027
-0.791865 0.468391 0.007828
-0.790305 0.490492 0.011006
-0.779283 0.460835 -0.002394
-0.760404 0.474407 0.004998
-0.738631 0.461114 0.000448
-0.714140 0.483630 0.015347
-0.718397 0.465867 0.007040
-0.709849 0.462795 0.005375
-0.680037 0.463131 -0.000937
-0.664423 0.453252 -0.010377
-0.660283 0.476452 -0.000632
-0.632719 0.466685 0.015823
-0.627293 0.472986 -0.012879
-0.614441 0.466325 -0.000226
-0.582574 0.480440 -0.009355
-0.577262 0.469749 0.005080
-0.576632 0.475141 -0.018891
-0.570758 0.486579 -0.000417
-0.549440 0.494128 0.012932
-0.534427 0.457666 -0.014805
-0.514136 0.459176 0.004175
-0.490622 0.466097 -0.020410
-0.464558 0.470921 -0.008434
-0.462202 0.465411 -0.018850
-0.461016 0.469218 0.003138
-0.435148 0.470883 0.009211
-0.405645 0.467053 0.001169
-0.408027 0.474015 -0.015300
-0.372972 0.488293 0.010508
-0.379219 0.467629 0.008067
-0.378884 0.477227 -0.008526
-0.344457 0.476834 0.000629
-0.328464 0.480983 0.012937
-0.312272 0.467104 -0.001804
-0.324078 0.488264 -0.014496
-0.294533 0.475341 -0.008511
-0.272970 0.444855 -0.000395
-0.272342 0.463247 0.002604
-0.250246 0.467586 -0.001235
-0.244208 0.471681 0.007990
-0.228752 0.474605 -0.006037
-0.196736 0.462614 -0.012303
-0.195729 0.463485 -0.007235
-0.176202 0.472500 0.004449
-0.169166 0.486420 0.007797
-0.150622 0.475171 0.000301
-0.136085 0.476788 0.001740
-0.107432 0.493106 -0.008659
-0.100174 0.466093 0.012246
-0.092069 0.475803 -0.013025
-0.082788 0.464854 0.002351
-0.059176 0.465684 -0.012280
-0.037466 0.465880 0.012496
-0.031432 0.453022 0.005730
-0.018257 0.492716 0.016903
0.004913 0.476547 -0.002640
0.014913 0.474594 -0.008961
0.011838 0.481139 -0.008793
0.035193 0.495957 -0.004650
0.044173 0.487721 -0.013363
0.047671 0.500708 0.010990
0.078814 0.479233 0.009807
0.096414 0.482234 -0.002856
0.098370 0.477922 0.002581
0.136544 0.475133 0.001904
0.131661 0.471193 0.007009
0.137117 0.473358 0.000731
0.161125 0.478258 0.000734
0.201981 0.463208 -0.001142
0.208005 0.470708 -0.000967
0.227264 0.471039 0.008435
0.240192 0.477543 -0.008379
0.239029 0.482850 0.001626
0.255635 0.476218 -0.009746
0.253841 0.452677 0.005490
0.271775 0.472242 -0.009495
0.307813 0.461683 -0.008795
0.316727 0.463672 -0.003324
0.314592 0.469420 0.026415
0.326162 0.480369 -0.004878
0.370780 0.487710 -0.009005
0.362282 0.465130 0.011790
0.384480 0.476293 0.006654
0.381348 0.470648 -0.017589
0.398969 0.483599 0.004287
0.415117 0.452561 -0.011951
0.462054 0.468131 0.009111
0.464253 0.481380 0.007086
0.453833 0.456499 -0.001465
0.464203 0.472158 0.015719
0.496929 0.456828 0.002304
0.527960 0.474634 0.017357
0.516072 0.462643 0.018969
0.550658 0.483858 0.007222
0.550720 0.481938 0.012453
0.557071 0.474837 -0.015146
0.596672 0.456159 0.002787
0.608114 0.485440 0.002260
0.600141 0.470300 -0.003095
0.623548 0.459540 0.006802
0.633683 0.486363 0.002198
0.645179 0.488472 0.006872
0.660158 0.460138 -0.002021
0.678322 0.479224 -0.001134
0.692279 0.484245 -0.000468
0.696697 0.470018 0.010044
0.743344 0.472283 0.011869
0.725105 0.479909 0.007754
0.761426 0.487940 -0.012056
0.782099 0.479570 -0.004643
0.795999 0.457106 0.009541
0.801955 0.488574 0.024057
0.808641 0.450098 -0.007646
0.825821 0.483942 -0.004215
0.858044 0.454407 -0.004534
0.863566 0.478148 -0.005072
0.868528 0.479775 0.013423
0.868654 0.471149 -0.001638
0.897306 0.467497 -0.001401
0.910451 0.476143 0.014847
0.938880 0.468756 0.015836
0.937601 0.468950 -0.002085
0.947970 0.466812 0.008559
0.959977 0.468774 0.003597
0.998772 0.482168 -0.002130
0.997141 0.477043 -0.005480
-1.000803 0.474418 -0.005419
-0.970248 0.483017 -0.005210
-0.977046 0.488500 0.003398
-0.964361 0.485850 -0.002670
-0.934762 0.509939 -0.010131
-0.925880 0.489834 0.017168
-0.902909 0.467717 -0.010736
-0.900805 0.476720 0.003542
-0.878835 0.490380 0.003403
-0.886447 0.480662 0.005318
-0.867900 0.501668 -0.019429
-0.849100 0.486236 -0.003134
-0.839871 0.488273 -0.008295
-0.809804 0.461058 -0.002306
-0.788818 0.493438 0.008735
-0.765596 0.473580 -0.005046
-0.773573 0.491225 0.013019
-0.775710 0.491789 0.009194
-0.755416 0.490922 -0.015751
-0.725027 0.481968 0.012117
-0.728862 0.491924 -0.008017
-0.690582 0.487433 0.013118
-0.693792 0.476144 -0.013602
-0.680981 0.480072 -0.028159
-0.668881 0.499249 0.007025
-0.648040 0.482742 -0.009928
-0.631923 0.483092 0.005033
-0.600713 0.483591 -0.011920
-0.595146 0.504723 0.005795
-0.584107 0.497160 -0.006760
-0.587108 0.508259 0.003559
-0.559327 0.504918 0.006170
-0.525147 0.482664 -0.005107
-0.521823 0.485311 0.000682
-0.515902 0.487775 -0.003472
-0.499082 0.497441 -0.010834
-0.485238 0.495182 0.002724
-0.473986 0.476931 -0.003990
-0.445962 0.475607 -0.004899
-0.444596 0.481419 -0.001212
-0.419427 0.491516 -0.006044
-0.402702 0.492938 0.002760
-0.400022 0.483417 -0.011512
-0.372735 0.492549 0.008211
-0.365190 0.463081 0.007548
-0.347158 0.483077 0.010288
-0.337788 0.493342 0.023366
-0.323340 0.462780 -0.004206
-0.310722 0.490197 0.000703
-0.308227 0.468597 -0.014740
-0.281586 0.502699 -0.011661
-0.263372 0.496286 -0.005550
-0.243054 0.491637 0.016240
-0.238805 0.485637 -0.002712
-0.225697 0.486938 0.010052
-0.193238 0.482643 -0.014541
-0.171192 0.478415 0.001972
-0.171994 0.494981 0.006658
-0.159071 0.479467 0.018556
-0.135581 0.476414 -0.000820
-0.133571 0.480200 0.004601
-0.124781 0.478654 0.000315
-0.088734 0.492357 -0.008829
-0.109790 0.486047 0.014328
-0.084676 0.505366 0.012807
-0.076401 0.489176 -0.010069
-0.055259 0.493092 0.018062
-0.040056 0.498495 -0.000100
0.003922 0.477152 0.003499
-0.012131 0.492433 0.010138
0.022353 0.485280 0.016553
0.026033 0.481046 0.008084
0.056204 0.476492 -0.001865
0.057314 0.500168 -0.001637
0.062210 0.487453 0.008825
0.084793 0.505754 0.020544
0.085862 0.495776 0.007698
0.129905 0.491699 -0.017819
0.124134 0.497253 0.002683
0.136723 0.468392 0.007507
0.149863 0.506205 -0.019594
0.174850 0.502187 -0.002016
0.191295 0.493236 -0.001999
0.203370 0.490463 -0.004237
0.198283 0.507495 -0.012334
0.211742 0.501940 -0.012872
0.241101 0.495498 0.001726
0.254571 0.473404 0.010468
0.267862 0.486587 -0.004036
0.276724 0.482975 0.004212
0.303167 0.484107 0.002233
0.324644 0.480857 0.003573
0.330737 0.505977 -0.017341
0.334904 0.492419 0.005372
0.351735 0.494834 0.012927
0.357354 0.480125 -0.008039
0.368389 0.491024 0.004558
0.409620 0.492973 -0.010464
0.405922 0.484020 -0.019914
0.435962 0.479861 0.005328
0.439774 0.471960 0.000228
0.460696 0.492460 0.009764
0.456452 0.495477 -0.006295
0.465056 0.492037 -0.002452
0.481023 0.492926 -0.004062
0.530134 0.491297 0.003212
0.529827 0.477995 0.012062
0.536997 0.499876 -0.001395
0.559910 0.492541 0.010060
0.572390 0.480120 -0.000840
0.578238 0.467937 0.001502
0.592548 0.510122 0.009995
0.592953 0.489674 0.014639
0.622209 0.476205 -0.001570
0.641095 0.499147 0.009529
0.669586 0.495447 -0.001105
0.672624 0.483289 0.003169
0.678421 0.486796 -0.018996
0.691759 0.505437 -0.014063
0.722682 0.499933 0.015900
0.728687 0.504130 -0.003049
0.742649 0.512234 -0.009106
0.753384 0.478954 -0.000109
0.756450 0.490178 -0.017491
0.789747 0.491330 -0.013879
0.809954 0.488493 -0.010423
0.800918 0.494981 0.013198
0.818504 0.481639 0.006447
0.842035 0.496951 0.001812
0.852644 0.477786 0.014464
0.878226 0.501693 0.012739
0.894267 0.485012 -0.011487
0.924568 0.498540 -0.007559
0.910450 0.497589 0.003691
0.942465 0.486214 0.010180
0.934075 0.488041 0.003110
0.958911 0.469131 -0.006653
0.965966 0.506444 0.012594
0.997116 0.498434 0.004731
1.005853 0.491546 0.007543
-0.986515 0.500532 -0.003723
-1.002091 0.505741 0.019498
-0.948202 0.483153 -0.001114
-0.954533 0.503217 -0.000454
-0.939607 0.496143 0.007247
-0.939242 0.496727 0.013872
-0.892938 0.506448 0.004693
-0.893715 0.509380 0.006498
-0.884180 0.500204 -0.011704
-0.856792 0.498876 0.002603
-0.852675 0.499089 -0.003331
-0.839699 0.502352 0.000509
-0.821967 0.500225 0.011759
-0.806765 0.493395 -0.009043
-0.800150 0.505267 0.008099
-0.807577 0.504590 0.010617
-0.779461 0.503696 -0.002857
-0.754746 0.496661 0.015576
-0.746599 0.500769 -0.003647
-0.736741 0.512022 -0.019455
-0.712651 0.512114 -0.001125
-0.694416 0.507250 0.006050
-0.692434 0.505644 -0.008527
-0.676947 0.498671 -0.012303
-0.653200 0.502767 0.003071
-0.630919 0.490081 0.015964
-0.637257 0.500837 -0.005953
-0.615431 0.509398 -0.004794
-0.583805 0.513778 -0.008955
-0.576466 0.500747 -0.010330
-0.578389 0.498350 -0.024291
-0.568677 0.513037 -0.002562
-0.535641 0.511909 0.015283
-0.530329 0.510219 -0.004596
-0.514632 0.507898 0.006157
-0.491706 0.516875 -0.022393
-0.472861 0.500193 -0.025265
-0.438666 0.504680 0.012255
-0.445491 0.498193 0.027042
-0.434022 0.502243 0.019706
-0.429712 0.495585 -0.018326
-0.419822 0.489015 -0.016643
-0.413452 0.485859 0.024453
-0.385665 0.507270 0.002710
-0.362982 0.494204 0.011203
-0.353532 0.518879 0.001366
-0.358259 0.504585 0.004785
-0.308262 0.502236 -0.007867
-0.290675 0.522819 -0.004597
-0.306098 0.505615 -0.014296
-0.269519 0.481665 -0.000420
-0.260368 0.476061 -0.002429
-0.238420 0.515405 0.007133
-0.242545 0.496201 0.020604
-0.245029 0.483763 -0.005364
-0.209988 0.507955 -0.011143
-0.186601 0.485625 -0.016385
-0.188337 0.504159 0.013395
-0.195358 0.486822 -0.005866
-0.164575 0.493723 0.001401
-0.129759 0.509487 -0.004330
-0.122399 0.501614 0.002731
-0.105522 0.496582 0.011092
-0.099590 0.489420 0.005782
-0.082029 0.492447 -0.010553
-0.058587 0.513837 0.008462
-0.056740 0.500918 -0.000849
-0.028983 0.503859 -0.009350
-0.023917 0.500076 0.001057
-0.011092 0.512726 -0.026658
-0.005566 0.499816 -0.007852
0.026728 0.501781 0.001739
0.026112 0.487665 -0.007806
0.055663 0.512274 0.004137
0.071426 0.491749 0.007318
0.073038 0.518153 0.011980
0.088995 0.510236 -0.007991
0.115407 0.506078 -0.006901
0.116114 0.518386 0.018577
0.123735 0.503042 0.014052
0.139397 0.499515 0.004623
0.150402 0.493762 -0.010808
0.167496 0.502683 -0.003184
0.185888 0.503457 0.012934
0.201988 0.502067 -0.005258
0.218999 0.500931 -0.009808
0.231780 0.493484 0.006797
0.252027 0.494602 -0.012563
0.271836 0.500925 -0.005147
0.298545 0.504532 0.008292
0.305155 0.499602 0.006152
0.303581 0.498944 0.007485
0.323431 0.511025 -0.002472
0.337316 0.497426 0.019715
0.361016 0.501053 0.001307
0.350053 0.515793 0.009924
0.379609 0.514104 -0.018301
0.382559 0.510257 0.009163
0.406939 0.506552 -0.005873
0.426870 0.511280 0.015054
0.438418 0.500220 0.010404
0.438834 0.497651 -0.025486
0.470815 0.510629 0.027507
0.470238 0.501754 0.008045
0.488569 0.513101 0.005468
0.524728 0.520213 -0.003125
0.509939 0.499571 -0.000861
0.535927 0.505993 0.002906
0.561764 0.508142 0.004289
0.538735 0.504966 0.017199
0.588286 0.500432 0.003253
0.591986 0.492525 -0.005501
0.608706 0.501829 -0.008343
0.611425 0.496253 0.015849
0.640752 0.515863 0.010602
0.654643 0.501030 -0.009890
0.671892 0.505452 0.009916
0.688235 0.503921 -0.000516
0.704899 0.500556 0.013856
0.713237 0.510533 0.003175
0.723720 0.500417 -0.002616
0.734863 0.530526 0.009842
0.758668 0.512111 -0.018079
0.768071 0.505670 0.005575
0.788242 0.486293 -0.006182
0.804558 0.502424 -0.005649
0.815229 0.504309 -0.006858
0.816901 0.504840 0.004729
0.854768 0.498369 0.002246
0.847643 0.512967 0.003955
0.870396 0.503688 0.001302
0.891756 0.499054 0.005579
0.887128 0.502638 0.019913
0.921182 0.496912 0.004876
0.914549 0.487378 -0.003087
0.931670 0.499971 0.019334
0.972570 0.498350 -0.018142
0.965483 0.485616 -0.004690
0.971099 0.502175 -0.007543
0.979880 0.512576 -0.019070
-0.995932 0.521149 -0.005316
-0.998176 0.514098 -0.008016
-0.970607 0.507249 -0.005589
-0.956395 0.516432 -0.015845
-0.954070 0.515368 -0.003007
-0.919098 0.520374 -0.008277
-0.917336 0.515476 0.005483
-0.916322 0.514415 0.006471
-0.872638 0.501736 0.003268
-0.880500 0.509140 0.016887
-0.857394 0.536229 0.015598
-0.834348 0.526824 -0.018472
-0.828202 0.517472 0.006190
-0.815841 0.509475 0.003885
-0.791101 0.520596 -0.013981
-0.786048 0.523615 -0.000371
-0.758892 0.502732 0.001255
-0.756411 0.507154 0.014916
-0.750951 0.495503 0.001760
-0.728043 0.504546 -0.018088
-0.690131 0.507601 0.006302
-0.696840 0.507851 0.014370
-0.674667 0.512401 -0.001479
-0.680513 0.522561 -0.013636
-0.642965 0.523493 0.010183
-0.643805 0.513035 0.016233
-0.618759 0.510552 -0.007467
-0.601473 0.519114 0.001518
-0.608337 0.513122 0.007172
-0.581194 0.518888 -0.010505
-0.556561 0.492939 -0.010367
-0.543100 0.500182 0.004891
-0.538458 0.521183 -0.003096
-0.523325 0.519564 0.005279
-0.492941 0.518348 -0.007182
-0.515097 0.526287 0.010609
-0.481377 0.500687 -0.004604
-0.467985 0.504417 -0.000937
-0.447862 0.521922 0.011412
-0.441527 0.515903 -0.001501
-0.413676 0.520618 -0.011455
-0.409031 0.519890 -0.004844
-0.414330 0.511295 -0.012329
-0.377850 0.536512 -0.009637
-0.371106 0.529692 -0.007971
-0.342848 0.505064 0.008937
-0.354134 0.535931 -0.011706
-0.323870 0.510307 -0.008075
-0.302111 0.506697 -0.020481
-0.292136 0.517925 0.010338
-0.279282 0.519441 -0.005050
-0.245162 0.515572 -0.014733
-0.257257 0.517417 0.004622
-0.249991 0.519940 -0.004883
-0.235586 0.524018 -0.005328
-0.208161 0.541247 -0.003440
-0.185833 0.516279 -0.013789
-0.170678 0.513840 0.013261
-0.160906 0.517048 -0.008952
-0.143519 0.527356 0.012375
-0.132630 0.512349 -0.013644
-0.114222 0.521839 0.014706
-0.106520 0.499068 -0.009749
-0.094761 0.517702 -0.012428
-0.090569 0.521868 -0.004385
-0.066696 0.507846 0.002709
-0.065983 0.508976 0.002198
-0.034100 0.502669 0.013287
-0.034432 0.512660 -0.010333
-0.014795 0.514315 0.002447
0.012535 0.502902 0.009560
0.030592 0.525199 -0.013828
0.027248 0.508338 -0.010367
0.060306 0.517046 0.008100
0.051533 0.513844 0.013983
0.093260 0.517082 0.004076
0.096748 0.534169 0.008407
0.112376 0.510911 -0.013968
0.144720 0.510533 0.003926
0.156704 0.529603 -0.008136
0.171035 0.524437 0.000551
0.177913 0.526242 -0.008404
0.178084 0.494879 0.011268
0.184543 0.528718 -0.001596
0.209321 0.532853 0.003652
0.214228 0.530146 -0.010355
0.232777 0.508934 -0.024059
0.250929 0.529377 0.000310
0.270747 0.534263 -0.000781
0.282580 0.517939 0.006589
0.283041 0.511128 -0.006724
0.296798 0.536228 -0.005337
0.334787 0.531148 -0.002464
0.353277 0.512129 0.013098
0.329132 0.531770 0.004380
0.361857 0.522469 0.011220
0.380111 0.513538 0.002168
0.390971 0.527066 0.004424
0.409058 0.514171 -0.010047
0.408936 0.509816 -0.002603
0.436227 0.521107 0.008995
0.453087 0.529520 -0.000254
0.464733 0.516242 0.020874
0.486302 0.508156 -0.003219
0.510058 0.512060 -0.015834
0.522337 0.507404 0.017451
0.530633 0.524486 -0.013890
0.553427 0.540643 0.013958
0.564984 0.526367 0.025545
0.557819 0.497351 -0.008165
0.572836 0.516501 -0.011395
0.593170 0.511555 0.001406
0.611718 0.508091 -0.012787
0.646614 0.521071 -0.010237
0.647889 0.508850 -0.020493
0.653746 0.494564 0.000707
0.656577 0.514915 -0.003429
0.675468 0.510641 0.004916
0.703939 0.499621 -0.004692
0.706017 0.514676 -0.001646
0.722108 0.526601 0.013306
0.737563 0.511814 0.001928
0.765578 0.520637 0.001827
0.752092 0.513501 0.010374
0.788549 0.505477 0.000836
0.790394 0.523634 -0.011756
0.839464 0.526145 0.013975
0.825566 0.506406 0.011245
0.842901 0.509786 0.000723
0.856031 0.524920 0.008450
0.861936 0.510448 0.002713
0.884046 0.505149 -0.003192
0.894977 0.514036 -0.010204
0.921266 0.514749 0.014530
0.942912 0.516462 0.015685
0.939962 0.542361 -0.006937
0.952369 0.531878 -0.006532
0.959777 0.520759 -0.002900
0.991119 0.517313 0.003516
0.995994 0.511746 0.002487
-1.027167 0.530441 0.008358
-0.988419 0.531403 0.016343
-0.969335 0.526971 0.003137
-0.955976 0.516797 0.013849
-0.925647 0.524763 0.003443
-0.936910 0.539665 -0.008785
-0.926780 0.537358 0.016907
-0.895067 0.542733 0.013789
-0.894338 0.532446 0.005540
-0.873373 0.528599 -0.015469
-0.861618 0.516468 -0.017620
-0.836081 0.515756 -0.009275
-0.819801 0.530192 0.000303
-0.813319 0.542748 -0.019400
-0.791169 0.524995 0.002605
-0.766728 0.526933 0.008040
-0.753640 0.535347 -0.003108
-0.752373 0.533842 -0.017627
-0.739377 0.546255 0.001574
-0.722500 0.528466 -0.017107
-0.709996 0.536266 -0.003958
-0.690614 0.551175 0.021257
-0.684316 0.521098 0.011659
-0.675109 0.535642 0.009719
-0.650339 0.523275 -0.009934
-0.637043 0.545750 0.013143
-0.616854 0.529189 -0.000358
-0.614248 0.541028 0.006321
-0.589073 0.522933 0.006218
-0.572568 0.536558 0.004344
-0.563709 0.516019 -0.011212
-0.561304 0.532332 -0.000414
-0.545090 0.535514 -0.003397
-0.518949 0.529273 -0.002458
-0.510310 0.544428 0.001918
-0.482104 0.528666 -0.011068
-0.479338 0.534831 -0.012561
-0.454089 0.542665 0.009218
-0.451852 0.521325 0.003215
-0.443991 0.536310 -0.015385
-0.424401 0.523790 -0.041014
-0.409254 0.539725 0.013480
-0.396769 0.528697 -0.005612
-0.369852 0.510482 0.010756
-0.355806 0.513673 -0.027731
-0.364962 0.514914 0.017083
-0.321626 0.530988 -0.014145
-0.323474 0.536706 -0.013619
-0.317014 0.541532 0.003319
-0.301283 0.546492 -0.014153
-0.270737 0.535966 0.002685
-0.263171 0.521706 -0.007316
-0.257532 0.515663 -0.008808
-0.232711 0.516114 -0.002923
-0.208508 0.517715 0.017103
-0.217353 0.533910 0.019197
-0.218425 0.515075 -0.002800
-0.172713 0.517478 -0.009452
-0.163924 0.520708 -0.013430
-0.153038 0.538604 0.002464
-0.130171 0.528048 -0.005986
-0.120568 0.553461 -0.001883
-0.112368 0.537016 0.005443
-0.087555 0.537680 -0.001529
-0.070401 0.528219 -0.001812
-0.050853 0.519052 0.017529
-0.044552 0.540129 -0.009117
-0.047127 0.540183 0.003076
-0.023687 0.532518 -0.011856
-0.016980 0.548054 -0.005924
0.034376 0.529678 -0.016568
0.016798 0.524274 -0.000137
0.050009 0.531724 -0.000417
0.053767 0.529956 -0.013475
0.070027 0.528019 -0.014941
0.072918 0.538790 0.004532
0.097080 0.524834 0.007170
0.114725 0.539711 -0.001661
0.106132 0.541686 -0.008666
0.132259 0.526666 0.000390
0.143013 0.534016 -0.010794
0.168818 0.520003 -0.017063
0.177195 0.524288 -0.003027
0.203133 0.527668 0.015686
0.212304 0.554141 0.004307
0.229258 0.525123 -0.000623
0.233378 0.517298 0.002552
0.257018 0.532182 0.008466
0.268566 0.527487 -0.010577
0.291118 0.531300 -0.003660
0.294393 0.518623 0.004511
0.319352 0.534797 0.013159
0.333477 0.556145 -0.006271
0.347896 0.534445 -0.005634
0.355867 0.548260 0.003965
0.355188 0.531529 -0.013194
0.379533 0.537457 -0.010161
0.401702 0.517546 -0.017547
0.432109 0.518309 0.006094
0.411819 0.533484 0.011234
0.440290 0.526785 0.004087
0.451946 0.525787 -0.002898
0.464177 0.529219 0.010506
0.473850 0.532969 0.011309
0.483787 0.530149 -0.010625
0.509335 0.521114 -0.019946
0.513187 0.518545 0.017798
0.542223 0.525899 -0.004883
0.561184 0.521845 -0.005275
0.577378 0.536050 0.018258
0.585626 0.523302 -0.001000
0.593183 0.530608 -0.005869
0.611984 0.517567 0.004403
0.628261 0.531999 0.027989
0.648533 0.524574 0.007659
0.650840 0.535524 -0.004033
0.680183 0.540017 0.008313
0.686490 0.523282 0.002513
0.697016 0.504780 -0.001373
0.714342 0.529591 -0.005753
0.713089 0.508597 -0.012105
0.768269 0.525412 0.005323
0.749593 0.528416 0.009461
0.775904 0.546148 0.000858
0.784785 0.543972 0.015113
0.789328 0.545960 0.015364
0.817396 0.531216 0.001699
0.837970 0.547312 0.008410
0.825045 0.541212 -0.009442
0.863773 0.524032 0.003805
0.873827 0.516766 0.000249
0.893783 0.535842 -0.013853
0.877578 0.539090 -0.008546
0.913937 0.515007 -0.005251
0.936704 0.512025 0.014904
0.931535 0.527544 -0.001200
0.947750 0.527216 0.006325
0.971903 0.522378 0.006560
0.989408 0.532569 -0.002337
0.994059 0.532672 0.003711
-0.993108 0.554174 0.007159
-0.978834 0.549387 -0.002307
-0.973475 0.555845 -0.006842
-0.973844 0.540654 0.001445
-0.943503 0.544933 0.019150
-0.937440 0.551181 0.004800
-0.900643 0.534851 0.015742
-0.888304 0.547108 -0.008809
-0.882868 0.543305 0.008036
-0.863246 0.538122 -0.019973
-0.849768 0.535301 -0.014486
-0.836610 0.559044 0.001803
-0.831427 0.526865 -0.013252
-0.840118 0.537359 -0.004030
-0.809410 0.543729 -0.009448
-0.771526 0.553136 -0.010443
-0.778416 0.536723 0.002781
-0.755101 0.562774 0.011947
-0.731745 0.540126 -0.008712
-0.722672 0.537180 -0.004546
-0.695147 0.559460 0.004915
-0.705951 0.550964 0.006912
-0.692975 0.527112 -0.020855
-0.668160 0.542225 0.014559
-0.652975 0.539579 0.010966
-0.644572 0.544839 -0.009751
-0.617005 0.536337 0.008897
-0.627647 0.556740 0.006143
-0.597901 0.534017 -0.004786
-0.570727 0.536938 -0.000652
-0.545159 0.549216 0.012601
-0.549683 0.545053 -0.001177
-0.533676 0.550306 0.022668
-0.534136 0.534637 -0.014518
-0.510701 0.545608 0.006916
-0.509353 0.554952 -0.003353
-0.481898 0.530095 0.007461
-0.473411 0.550432 0.004491
-0.441463 0.528843 -0.002910
-0.452245 0.550880 0.002923
-0.417913 0.532298 -0.007413
-0.413903 0.562334 0.006877
-0.390398 0.550404 0.010677
-0.383345 0.551503 0.015253
-0.364368 0.540461 -0.000633
-0.334586 0.549784 0.011739
-0.350830 0.562357 0.009546
-0.302659 0.550854 0.011365
-0.304327 0.551054 0.015068
-0.309327 0.550103 0.021731
-0.290392 0.524315 -0.005180
-0.288605 0.550692 -0.003015
-0.242727 0.546430 -0.004698
-0.225407 0.551777 -0.007140
-0.233850 0.544689 -0.001276
-0.206377 0.547006 -0.002003
-0.187798 0.555997 -0.009865
-0.166749 0.532405 -0.009340
-0.166774 0.527082 0.002596
-0.152683 0.540729 -0.006910
-0.148095 0.539344 0.005227
-0.118787 0.550917 0.003063
-0.126551 0.542496 -0.013438
-0.086540 0.548146 -0.001439
-0.090839 0.529652 -0.004659
-0.072681 0.532984 -0.006762
-0.063768 0.537439 -0.006993
-0.041784 0.570565 -0.011787
-0.013618 0.548684 -0.006103
-0.025380 0.542723 0.004598
0.017934 0.540428 0.015349
0.035897 0.527772 0.000103
0.028951 0.543394 -0.000476
0.045515 0.547220 0.006782
0.068387 0.557963 -0.006421
0.068062 0.540538 -0.014605
0.087589 0.536069 0.010821
0.108072 0.536225 -0.020084
0.124248 0.549571 0.002460
0.129644 0.534272 -0.022225
0.159797 0.556521 0.001735
0.163353 0.542241 0.010553
0.176888 0.540339 0.000187
0.190564 0.544654 0.013034
0.210193 0.545250 0.011264
0.213055 0.552817 0.001872
0.232412 0.536948 0.006155
0.248371 0.552126 0.011404
0.258303 0.523332 0.005776
0.292548 0.531729 0.009600
0.298020 0.535711 0.002063
0.305798 0.524834 -0.002889
0.317785 0.523922 -0.009053
0.336027 0.557754 -0.021854
0.341872 0.535565 -0.004457
0.368707 0.545347 0.001273
0.375179 0.531659 0.016035
0.396930 0.546853 0.011639
0.413203 0.540744 -0.003471
0.432453 0.550822 0.003002
0.439148 0.545539 0.001707
0.444549 0.543381 0.003355
0.481187 0.552189 0.002249
0.471679 0.554792 0.014518
0.496154 0.530192 -0.007903
0.514404 0.547578 0.001742
0.531554 0.527406 0.001588
0.549454 0.533632 0.008758
0.555876 0.556545 -0.014943
0.565166 0.546142 0.027585
0.575768 0.540858 0.004449
0.590580 0.546423 0.007409
0.604402 0.542399 -0.013279
0.630058 0.564074 -0.005931
0.636907 0.549552 -0.022672
0.657164 0.544543 -0.003733
0.669052 0.559135 0.000957
0.691362 0.541383 0.000635
0.694236 0.528146 0.006691
0.708918 0.539682 0.002179
0.723638 0.537544 0.017725
0.734807 0.551477 0.005653
0.771067 0.543963 -0.000287
0.779037 0.547285 0.018723
0.785615 0.547559 0.004942
0.800471 0.544239 0.012586
0.801736 0.548197 -0.000758
0.812694 0.552409 0.007559
0.840566 0.550612 0.005843
0.850614 0.539273 -0.009868
0.866266 0.545361 0.023527
0.888480 0.564055 0.021383
0.900572 0.547932 -0.000999
0.913028 0.539656 -0.002856
0.913994 0.531027 0.002595
0.938712 0.534958 -0.009645
0.956014 0.558276 -0.004528
0.967098 0.566758 -0.013933
0.981432 0.519942 -0.006936
0.998690 0.558590 0.010175
-1.017224 0.550552 -0.002265
-0.979715 0.551392 0.010785
-0.965496 0.554024 -0.001885
-0.939193 0.555009 0.003904
-0.942986 0.543648 0.003402
-0.921623 0.555214 0.006533
-0.920651 0.558301 0.008111
-0.916008 0.547002 0.001745
-0.863275 0.558889 -0.028122
-0.861964 0.555402 -0.007546
-0.856028 0.553836 -0.000461
-0.845636 0.566002 -0.006536
-0.823490 0.563658 0.009564
-0.807981 0.546461 0.015784
-0.799114 0.555808 -0.014729
-0.787883 0.564658 0.004628
-0.773604 0.562395 -0.000166
-0.747742 0.560776 -0.000940
-0.736576 0.556963 -0.011539
-0.723500 0.562800 -0.004245
-0.716532 0.559116 0.006672
-0.686817 0.562283 -0.013172
-0.711417 0.558966 -0.003283
-0.662064 0.577930 -0.013984
-0.652555 0.565857 -0.009475
-0.635801 0.548947 0.019840
-0.626502 0.544789 -0.004993
-0.610550 0.543119 0.006257
-0.599608 0.553651 -0.011606
-0.570061 0.561152 -0.014999
-0.566914 0.538575 0.000300
-0.557347 0.552867 0.011343
-0.522852 0.557220 0.011349
-0.521878 0.568687 0.003438
-0.508237 0.569243 -0.004582
-0.507772 0.572001 -0.001640
-0.492996 0.572222 0.004290
-0.481583 0.545285 0.019346
-0.465823 0.556369 0.003168
-0.454764 0.555739 -0.018191
-0.437098 0.554787 0.005564
-0.400543 0.566617 0.002035
-0.394454 0.541390 -0.012022
-0.378889 0.547485 -0.011153
-0.358970 0.548693 0.001144
-0.345630 0.558596 0.006846
-0.353183 0.548034 0.001994
-0.326568 0.566287 -0.006324
-0.323346 0.566142 -0.009090
-0.305794 0.546525 -0.003816
-0.277367 0.546392 0.016891
-0.281949 0.563622 0.004131
-0.262530 0.545273 0.009469
-0.242820 0.561527 0.011596
-0.210767 0.560375 -0.009596
-0.220055 0.540900 0.005110
-0.196941 0.558300 -0.000569
-0.194552 0.539486 -0.010704
-0.155350 0.557779 0.001336
-0.163005 0.569343 0.012671
-0.130883 0.563117 0.009112
-0.115568 0.555213 0.018507
-0.096356 0.552720 -0.001187
-0.119091 0.536408 0.002963
-0.058789 0.554315 -0.008940
-0.055095 0.556746 -0.003066
-0.035904 0.546061 -0.008428
-0.032284 0.561879 0.002925
-0.019367 0.561568 0.004459
0.004153 0.566140 -0.012487
0.004839 0.565294 -0.004087
0.034112 0.537416 -0.007366
0.023047 0.553441 0.015087
0.044002 0.554027 -0.001701
0.067617 0.561302 -0.013148
0.096937 0.557387 0.002190
0.068895 0.561380 -0.014172
0.114848 0.554587 -0.007295
0.124189 0.539576 -0.012171
0.137862 0.574662 -0.007722
0.135728 0.565249 0.013530
0.171382 0.571807 0.011191
0.178169 0.552389 -0.014648
0.199148 0.574903 0.009764
0.209282 0.545421 0.013395
0.236117 0.551406 0.000081
0.250443 0.537955 0.007213
0.235416 0.579607 -0.009164
0.279211 0.577123 0.008132
0.276164 0.556836 0.007531
0.270988 0.557194 -0.000722
0.298988 0.554040 0.004471
0.330201 0.554795 0.001756
0.353338 0.546752 0.001609
0.352192 0.554416 0.010041
0.366814 0.561104 -0.016141
0.400277 0.566906 0.002406
0.392963 0.551231 -0.013474
0.417020 0.538308 0.003005
0.410840 0.566096 -0.011888
0.428476 0.567557 0.015410
0.441774 0.560330 -0.015200
0.449476 0.578890 -0.013710
0.494005 0.541409 0.015357
0.497762 0.570126 -0.000751
0.508215 0.566021 -0.009574
0.509040 0.570068 -0.005098
0.537967 0.571984 0.020435
0.540370 0.562132 -0.003729
0.555844 0.560384 0.001121
0.577147 0.537606 0.006049
0.592685 0.570696 0.001693
0.617635 0.564118 -0.007004
0.627744 0.567966 -0.006399
0.624760 0.551143 -0.001825
0.644435 0.553428 0.003181
0.655976 0.566543 -0.012408
0.681850 0.553239 -0.005187
0.704522 0.562930 0.007402
0.711179 0.572032 -0.012142
0.724846 0.560306 -0.001873
0.722417 0.547852 -0.006592
0.741784 0.563179 0.000135
0.777598 0.546160 0.009630
0.784990 0.553579 -0.011871
0.811713 0.575358 -0.002998
0.823575 0.578438 0.019221
0.837821 0.554331 -0.002674
0.831276 0.545423 0.004472
0.862746 0.558292 -0.000007
0.862183 0.576401 0.001160
0.882604 0.571548 0.004533
0.899746 0.556690 0.012909
0.925853 0.568072 0.007491
0.925857 0.563148 -0.003346
0.928616 0.550811 0.026575
0.977291 0.546870 0.020960
0.967686 0.557903 -0.000386
0.977933 0.570943 -0.019818
1.003045 0.566442 0.007243
-0.997991 0.570347 0.003534
-0.994259 0.560704 -0.002910
-0.966922 0.556388 -0.002719
-0.966535 0.581374 0.004570
-0.956165 0.567890 0.014741
-0.933511 0.553745 -0.008145
-0.919834 0.594528 -0.014393
-0.891634 0.574194 0.002702
-0.865827 0.562949 0.013247
-0.854934 0.572255 0.008581
-0.865991 0.558607 -0.002470
-0.839270 0.564458 0.017697
-0.811552 0.572134 0.011252
-0.816292 0.588903 0.000551
-0.817741 0.565636 -0.007293
-0.797259 0.587013 0.016374
-0.794929 0.580314 0.021824
-0.756780 0.563712 -0.021694
-0.748796 0.564777 0.018013
-0.725553 0.577385 -0.014280
-0.706441 0.570613 0.002210
-0.707673 0.585193 -0.013043
-0.674317 0.573643 -0.003979
-0.674444 0.593726 0.003170
-0.660639 0.581525 0.003838
-0.649096 0.577864 -0.000818
-0.620465 0.571337 0.009688
-0.615506 0.582838 0.013731
-0.591997 0.572355 0.002360
-0.595982 0.573689 -0.007546
-0.560049 0.570665 0.017824
-0.557413 0.590078 0.012653
-0.550026 0.580886 -0.012712
-0.545691 0.550240 -0.020580
-0.511348 0.571825 -0.011372
-0.483989 0.580808 -0.001447
-0.471784 0.553430 -0.006021
-0.482765 0.575558 -0.018192
-0.437614 0.575981 0.017449
-0.440818 0.576679 -0.018928
-0.428418 0.584826 -0.013587
-0.418553 0.592717 -0.006877
-0.390716 0.569008 0.005855
-0.383198 0.572506 -0.007075
-0.371226 0.565134 0.002961
-0.364522 0.573090 -0.006821
-0.347907 0.589690 0.021175
-0.323305 0.563180 -0.004002
-0.298698 0.557403 0.005979
-0.286164 0.576921 -0.016815
-0.249560 0.575923 -0.006653
-0.242689 0.571621 -0.001074
-0.265218 0.566382 -0.004837
-0.238847 0.571971 -0.012901
-0.240086 0.556277 -0.000156
-0.214671 0.570760 -0.002256
-0.197764 0.581632 0.004209
-0.178949 0.561222 0.002143
-0.164115 0.582138 -0.018026
-0.137246 0.562761 -0.002155
-0.143931 0.589815 -0.018302
-0.124654 0.565891 0.000234
-0.105605 0.570894 0.010150
-0.080500 0.587928 -0.003907
-0.063161 0.564212 0.003141
-0.067996 0.563758 -0.011547
-0.039868 0.577239 -0.020310
-0.058662 0.561732 0.007488
-0.011434 0.581792 0.000756
-0.005314 0.577384 -0.016668
-0.000413 0.575396 0.003607
0.023321 0.577875 -0.001287
0.028971 0.578032 0.009189
0.060038 0.551166 0.012575
0.065998 0.571269 -0.004682
0.079921 0.567821 0.008385
0.094599 0.576914 0.021693
0.099200 0.580294 -0.003778
0.126222 0.575345 0.010300
0.133133 0.575582 0.004647
0.141964 0.579927 0.001819
0.163930 0.573402 0.012260
0.176851 0.575127 0.014808
0.188120 0.569348 -0.007180
0.202191 0.576511 0.010491
0.205074 0.564742 -0.003318
0.247267 0.576572 0.008716
0.267588 0.573722 -0.000117
0.275732 0.576923 0.008967
0.272225 0.578747 -0.008076
0.291434 0.588545 -0.002665
0.302260 0.560975 0.006625
0.301362 0.556368 0.001000
0.334071 0.589371 0.007235
0.344983 0.564466 0.017666
0.374111 0.566842 0.016651
0.388695 0.556447 0.000760
0.413932 0.590062 -0.006324
0.415433 0.574846 0.001583
0.408866 0.590153 0.001878
0.413746 0.566036 -0.010995
0.439594 0.566357 0.001837
0.448719 0.556485 -0.016258
0.484253 0.558954 -0.006807
0.516858 0.566097 -0.004738
0.515535 0.565684 -0.009696
0.536087 0.584434 0.004312
0.548819 0.582866 -0.018222
0.556111 0.574638 -0.004369
0.563800 0.575343 -0.026585
0.569192 0.564912 0.010845
0.604407 0.592984 0.009086
0.615574 0.564857 -0.012717
0.617123 0.574443 0.009118
0.629297 0.574696 -0.001046
0.652979 0.560568 0.002026
0.662257 0.570674 -0.017484
0.701782 0.569949 0.004295
0.690644 0.564908 0.012551
0.713499 0.570455 -0.001543
0.705237 0.596862 -0.011579
0.731444 0.579444 -0.007104
0.757901 0.582175 -0.020859
0.781942 0.560362 0.000023
0.782297 0.558368 0.000296
0.785975 0.579071 -0.021513
0.807496 0.571520 0.009255
0.841533 0.568337 0.001700
0.849355 0.572631 0.000416
0.856841 0.569851 0.014468
0.903713 0.583560 0.010035
0.893093 0.562005 -0.000003
0.896759 0.568936 0.002620
0.903274 0.568480 0.009412
0.934761 0.581207 -0.001508
0.936799 0.581725 0.006017
0.955439 0.568134 -0.005134
0.965778 0.570269 -0.002039
0.991611 0.576707 0.001304
0.998579 0.589700 -0.014660
-1.002400 0.575682 -0.011715
-0.975379 0.598254 0.003469
-0.979927 0.583079 -0.020240
-0.943471 0.589571 0.007608
-0.935233 0.589172 -0.006123
-0.924022 0.593897 -0.020437
-0.927019 0.589612 0.019739
-0.877294 0.582164 -0.002352
-0.886641 0.579354 0.011293
-0.863430 0.580323 0.018620
-0.858443 0.589824 0.001012
-0.860341 0.577543 0.001636
-0.838555 0.585245 -0.018568
-0.824277 0.578557 0.000636
-0.800034 0.593092 0.014678
-0.793511 0.586281 -0.012083
-0.794220 0.592127 0.005886
-0.754777 0.587544 0.015516
-0.748836 0.589782 -0.001413
-0.739487 0.580425 -0.009552
-0.709145 0.582883 0.001513
-0.698738 0.593034 -0.002855
-0.680350 0.602991 0.007928
-0.671603 0.577813 -0.005067
-0.661036 0.585880 -0.006546
-0.624795 0.589473 -0.012129
-0.621300 0.584091 0.007016
-0.602506 0.591568 0.002611
-0.583020 0.576237 -0.007160
-0.562863 0.573792 -0.001479
-0.573000 0.569379 -0.009046
-0.558924 0.574384 -0.007895
-0.536820 0.591890 -0.011732
-0.538451 0.605089 0.006159
-0.513320 0.577156 0.002216
-0.501226 0.587049 0.010196
-0.483104 0.579725 0.008667
-0.458510 0.572501 0.003178
-0.456931 0.584748 0.010911
-0.427496 0.584253 0.007286
-0.422482 0.579191 0.003243
-0.397862 0.571272 -0.011710
-0.395541 0.575371 -0.004807
-0.368362 0.584489 0.008736
-0.344383 0.580328 -0.011457
-0.340563 0.586073 -0.005449
-0.334724 0.579296 -0.003755
-0.323320 0.585018 0.001616
-0.316193 0.577174 0.011462
-0.304801 0.583913 0.004518
-0.285610 0.588817 0.012245
-0.278649 0.597456 -0.014079
-0.251015 0.583371 0.002659
-0.239361 0.575403 -0.010247
-0.229666 0.589514 -0.008200
-0.213166 0.595225 -0.003252
-0.188597 0.589378 0.017772
-0.169044 0.575375 -0.005979
-0.172776 0.581646 0.001876
-0.139304 0.583705 0.004395
-0.150175 0.588637 -0.004719
-0.124456 0.594856 0.001627
-0.116946 0.592229 0.011787
-0.088976 0.585598 -0.006252
-0.085016 0.591233 0.013224
-0.051063 0.587182 0.008794
-0.081536 0.600952 0.011090
-0.062267 0.582989 0.004071
-0.019267 0.587622 -0.007571
-0.016515 0.586680 0.003099
0.024953 0.590180 -0.004710
0.028795 0.587024 -0.008648
0.037362 0.596221 0.008537
0.028336 0.600104 -0.009265
0.063561 0.573163 -0.007297
0.086620 0.591274 -0.002974
0.078913 0.586274 -0.002221
0.098782 0.572205 -0.001987
0.121530 0.579364 0.002849
0.134926 0.607512 0.020328
0.166723 0.582366 -0.009232
0.144206 0.581870 0.015508
0.196635 0.588515 -0.006569
0.200532 0.608964 -0.001070
0.207409 0.581461 -0.013280
0.240441 0.573371 0.028260
0.258987 0.579727 -0.008857
0.235978 0.594769 0.016104
0.285401 0.586492 0.004490
0.299335 0.582556 -0.004388
0.301408 0.595845 0.005331
0.307365 0.582922 -0.003741
0.320084 0.573237 -0.002728
0.325196 0.592348 -0.001694
0.347920 0.576946 0.004578
0.394395 0.597077 0.011961
0.373242 0.581154 -0.002052
0.385480 0.592861 -0.011769
0.415425 0.593380 0.018677
0.437481 0.600719 -0.002146
0.437427 0.592772 -0.004190
0.456342 0.595654 -0.004853
0.473081 0.601478 0.004795
0.461558 0.603740 -0.030353
0.491473 0.598137 -0.007021
0.517252 0.585991 0.008710
0.533904 0.586885 0.000598
0.521922 0.594591 -0.013976
0.568905 0.585172 -0.009992
0.569189 0.587226 0.007750
0.601230 0.589824 -0.016215
0.616216 0.596826 0.004454
0.624003 0.590762 0.001087
0.629374 0.583938 0.009894
0.646685 0.591871 0.001513
0.631524 0.590466 -0.019233
0.673574 0.587627 0.004217
0.700870 0.586412 0.019754
0.705563 0.608479 0.007023
0.702306 0.586741 -0.000433
0.734094 0.574979 0.000820
0.727469 0.581675 0.008334
0.767963 0.571681 0.001821
0.787870 0.589740 -0.010250
0.776967 0.581257 0.000616
0.792257 0.582498 0.015978
0.811070 0.590068 -0.000821
0.826025 0.567453 0.002073
0.838034 0.580204 -0.009731
0.864188 0.585792 -0.011339
0.888034 0.594996 0.014590
0.883852 0.580866 0.017297
0.908244 0.581314 0.002187
0.920601 0.585972 0.014030
0.939081 0.583938 0.002416
0.937555 0.588205 -0.021749
0.946733 0.564075 0.014566
1.007748 0.588947 0.010634
0.972418 0.601631 0.012671
0.993901 0.584364 0.000895
-0.984371 0.606798 -0.007035
-0.975003 0.597554 -0.007442
-0.971840 0.610444 -0.001961
-0.951904 0.608121 0.016241
-0.953656 0.600058 0.013807
-0.925639 0.622436 -0.000005
-0.904491 0.593088 -0.000921
-0.891560 0.598472 0.000668
-0.891162 0.608238 -0.007482
-0.879451 0.608793 0.010914
-0.851948 0.592152 0.005580
-0.856879 0.598626 -0.009185
-0.829497 0.604998 -0.008520
-0.815321 0.590342 0.002961
-0.798698 0.601788 0.015108
-0.793837 0.609172 -0.005000
-0.761725 0.597109 0.000375
-0.756024 0.600691 -0.013707
-0.748462 0.604073 0.008937
-0.740012 0.618302 0.007667
-0.742714 0.575549 -0.011708
-0.708633 0.616788 -0.000388
-0.668584 0.572612 0.005347
-0.679981 0.589294 -0.001625
-0.651342 0.595436 0.008540
-0.631362 0.595205 -0.004145
-0.605744 0.595416 -0.005390
-0.610229 0.594362 -0.011087
-0.606911 0.603395 -0.015305
-0.582295 0.612861 0.019688
-0.567519 0.589427 0.011567
-0.552463 0.614574 -0.000340
-0.557909 0.584848 -0.002574
-0.522433 0.592970 0.013720
-0.509423 0.599945 0.009188
-0.484925 0.591534 -0.001465
-0.488905 0.605367 0.014863
-0.462144 0.600947 0.011704
-0.451653 0.573796 -0.002824
-0.434699 0.596357 -0.009940
-0.421653 0.592741 0.025314
-0.401076 0.588552 -0.001357
-0.387705 0.587268 0.001388
-0.381478 0.582936 -0.010557
-0.364439 0.601363 0.001180
-0.357383 0.600760 -0.003923
-0.341434 0.612973 -0.014511
-0.333334 0.595241 -0.001151
-0.310578 0.594576 0.004460
-0.291598 0.596986 -0.007058
-0.281482 0.612380 0.016420
-0.276973 0.598484 -0.016579
-0.240725 0.617175 -0.010721
-0.246759 0.595729 -0.007038
-0.224917 0.590670 -0.002886
-0.218881 0.595135 0.006535
-0.208773 0.617463 0.002712
-0.166570 0.596267 -0.000446
-0.162517 0.586695 0.005101
-0.145325 0.610195 0.002853
-0.133774 0.599746 -0.006632
-0.119393 0.582514 -0.005491
-0.108429 0.600158 0.002663
-0.096403 0.580889 0.002463
-0.086095 0.608780 -0.001201
-0.064170 0.597935 0.012201
-0.053855 0.603294 0.012546
-0.049207 0.594692 0.003419
-0.007089 0.605123 0.006151
-0.000877 0.582497 0.009719
-0.008671 0.603317 0.000942
0.014277 0.619432 0.004409
0.037395 0.592896 -0.002385
0.037570 0.607991 0.000400
0.085475 0.594444 0.014353
0.062456 0.594058 -0.002927
0.095622 0.593506 -0.010067
0.103800 0.635217 -0.021952
0.124744 0.595891 0.017420
0.147125 0.585868 -0.004756
0.153899 0.608434 -0.008210
0.161053 0.585489 0.016694
0.190103 0.614001 0.010455
0.201390 0.610086 0.000466
0.198043 0.607505 -0.004991
0.219216 0.599844 -0.003487
0.236741 0.609535 -0.000341
0.239342 0.587373 0.005285
0.264775 0.608348 0.004890
0.266690 0.575983 -0.011388
0.306083 0.603596 -0.003251
0.310470 0.612425 0.014187
0.323209 0.584453 0.020308
0.356144 0.599274 -0.000665
0.371584 0.606402 0.003621
0.368566 0.592161 -0.007595
0.391722 0.601581 -0.013651
0.396228 0.601050 0.007082
0.404767 0.604707 -0.009729
0.412622 0.615969 -0.004500
0.451176 0.588564 0.003786
0.448515 0.610789 0.002328
0.469793 0.614280 0.001234
0.485489 0.588743 0.005165
0.497456 0.602110 -0.007243
0.511895 0.597752 -0.015219
0.526749 0.607622 0.013725
0.526251 0.612334 0.000696
0.549437 0.598253 -0.024421
0.557435 0.599923 0.017414
0.586212 0.597843 -0.002997
0.593603 0.596248 -0.008910
0.611884 0.609055 0.004056
0.617372 0.588234 -0.004703
0.640204 0.609296 0.002879
0.659359 0.603922 0.019928
0.674842 0.601522 0.004161
0.680984 0.594616 -0.009066
0.699368 0.600528 0.013658
0.728260 0.604131 0.005216
0.731717 0.595719 0.021401
0.727145 0.601557 -0.000580
0.752446 0.597375 -0.010598
0.770101 0.575313 -0.000541
0.774615 0.610062 -0.012043
0.805846 0.605509 0.004666
0.817373 0.595421 -0.002829
0.826367 0.594630 0.003644
0.845941 0.596173 -0.010160
0.843168 0.590736 0.004741
0.892221 0.608477 -0.006823
0.883545 0.616605 -0.009589
0.885627 0.600349 -0.006946
0.921901 0.600200 -0.000745
0.923971 0.607549 -0.019355
0.932854 0.602690 0.006088
0.966741 0.588940 -0.003652
0.970279 0.597654 -0.001777
0.998301 0.601871 -0.010285
0.987457 0.631955 -0.005096
-0.994864 0.625296 -0.008686
-0.995720 0.623535 0.008857
-0.977559 0.651655 -0.001052
-0.955203 0.589704 0.013700
-0.927063 0.616538 0.019541
-0.914929 0.631697 0.018716
-0.897424 0.632525 0.015368
-0.901422 0.603068 0.001856
-0.881340 0.622831 0.011843
-0.876740 0.603572 0.004512
-0.856429 0.619429 0.022439
-0.857005 0.611617 -0.016564
-0.817121 0.632513 -0.002805
-0.799138 0.621131 -0.001641
-0.795593 0.599049 0.007690
-0.779568 0.617391 0.001058
-0.761254 0.617422 -0.004803
-0.748526 0.621029 -0.015320
-0.732426 0.616659 -0.020806
-0.718904 0.611730 0.006015
-0.705032 0.599084 -0.019091
-0.708208 0.615559 -0.003922
-0.679972 0.610685 0.002663
-0.663874 0.605988 -0.012372
-0.661938 0.617602 0.004681
-0.642456 0.622168 -0.000760
-0.610219 0.630918 -0.002016
-0.595400 0.607725 -0.006514
-0.600703 0.622465 -0.005117
-0.587368 0.600722 -0.017975
-0.575981 0.606171 0.005067
-0.554572 0.613796 -0.015790
-0.527308 0.606817 -0.025200
-0.516243 0.612498 -0.009556
-0.534335 0.616312 0.000162
-0.492347 0.616279 0.006509
-0.478963 0.614817 -0.008444
-0.466002 0.619728 0.001604
-0.444555 0.608744 0.013454
-0.439408 0.610794 -0.003273
-0.415333 0.619693 -0.014645
-0.417486 0.625621 -0.004955
-0.379216 0.617891 -0.001376
-0.377817 0.619968 0.012637
-0.360955 0.633470 0.013985
-0.338359 0.617474 -0.006869
-0.332105 0.637355 -0.009919
-0.332637 0.635168 -0.005441
-0.281790 0.624969 0.001435
-0.300147 0.621135 0.003894
-0.271058 0.621852 0.020232
-0.279097 0.633235 0.010519
-0.254710 0.620996 -0.000398
-0.212826 0.632053 -0.015114
-0.229679 0.612028 -0.011969
-0.202754 0.603916 -0.014034
-0.188402 0.603958 0.007553
-0.192792 0.602241 0.016158
-0.178674 0.616241 -0.019641
-0.160026 0.599013 0.005979
-0.118071 0.629589 -0.000701
-0.127974 0.626801 0.014755
-0.115226 0.603240 -0.023327
-0.102645 0.603910 0.004354
-0.072273 0.605524 0.011181
-0.062874 0.624240 0.014387
-0.068235 0.620921 0.015882
-0.042671 0.618343 -0.007572
-0.033012 0.613845 -0.011251
0.000397 0.599432 -0.000941
0.005960 0.631300 -0.005540
0.017142 0.609737 0.017141
0.011793 0.598483 -0.000372
0.040793 0.643541 0.004386
0.051797 0.604847 0.008195
0.081064 0.602141 -0.004156
0.100213 0.604187 -0.006363
0.122990 0.608287 0.013199
0.142910 0.610624 -0.015141
0.134797 0.612018 0.001031
0.148047 0.616004 -0.004993
0.155618 0.620392 0.025750
0.176113 0.616026 0.001558
0.195501 0.627117 0.008371
0.210255 0.613983 -0.013366
0.227303 0.599653 -0.011427
0.242495 0.614633 0.000522
0.246505 0.619234 -0.006962
0.249621 0.633291 0.009528
0.275334 0.627936 -0.007741
0.291248 0.623080 -0.002783
0.309569 0.598364 -0.007719
0.327292 0.600626 0.004046
0.327395 0.608844 -0.011373
0.352216 0.614255 -0.012066
0.363183 0.617330 0.026096
0.394991 0.612578 0.013442
0.385883 0.628634 -0.002503
0.404365 0.623913 -0.003613
0.426961 0.607783 0.000963
0.440056 0.611750 -0.020967
0.459465 0.638206 0.014808
0.469793 0.616211 0.003220
0.479348 0.612360 -0.014849
0.479973 0.619745 -0.016779
0.498560 0.621433 -0.005897
0.528432 0.584542 0.000357
0.550091 0.609240 -0.005241
0.557333 0.601478 -0.022400
0.575400 0.622127 -0.000900
0.580752 0.623361 -0.000388
0.609335 0.629381 0.007061
0.616011 0.629020 -0.020278
0.630467 0.593339 0.021475
0.650820 0.607157 0.009353
0.656415 0.626682 -0.015007
0.652008 0.609134 0.012467
0.690371 0.592584 0.015485
0.696848 0.615626 0.006172
0.687508 0.600943 0.007582
0.726111 0.609497 0.004580
0.737438 0.613572 -0.010142
0.762339 0.619353 -0.005094
0.758299 0.617509 0.001234
0.770799 0.618479 0.025635
0.801472 0.618087 0.004903
0.817212 0.629618 -0.007999
0.835509 0.620075 0.001616
0.833676 0.634553 -0.002004
0.861466 0.606656 -0.004751
0.874317 0.605988 -0.013492
0.897859 0.614498 0.000870
0.906986 0.605706 0.005142
0.932358 0.646656 -0.018044
0.928599 0.610071 0.014903
0.943350 0.614733 -0.010345
0.960950 0.624611 0.005941
0.983332 0.626485 -0.013041
0.999922 0.599976 -0.007441
0.993173 0.607432 0.001562
-0.995461 0.636937 0.009607
-0.986790 0.638585 0.004826
-0.970477 0.632830 -0.019426
-0.948072 0.622863 -0.002064
-0.930568 0.619897 -0.002781
-0.918298 0.637854 -0.010932
-0.898008 0.629104 -0.021041
-0.885685 0.629501 0.003543
-0.911114 0.627927 -0.018053
-0.872135 0.623663 -0.018449
-0.863183 0.631156 -0.010985
-0.840839 0.640156 0.006706
-0.814866 0.618897 -0.003866
-0.812770 0.617728 -0.015707
-0.808313 0.635274 -0.007575
-0.792025 0.641050 -0.016112
-0.780202 0.624751 -0.016310
-0.735668 0.630463 -0.003147
-0.725815 0.636375 -0.014501
-0.734284 0.633314 -0.012944
-0.692550 0.642058 0.001880
-0.716319 0.626633 0.008191
-0.692652 0.647043 0.004401
-0.655393 0.623652 0.014245
-0.673483 0.616303 0.009195
-0.659399 0.643009 -0.004764
-0.619386 0.641469 -0.001118
-0.593738 0.629932 -0.003673
-0.592656 0.626689 -0.019064
-0.578526 0.623702 0.007358
-0.571924 0.643157 -0.005380
-0.550812 0.642398 -0.016280
-0.539603 0.615443 -0.001783
-0.525217 0.635585 0.001561
-0.508671 0.635641 -0.001527
-0.494731 0.625930 0.014394
-0.497610 0.631524 -0.017672
-0.468680 0.642256 0.000475
-0.448586 0.630655 -0.000437
-0.421779 0.637860 -0.003685
-0.431987 0.636538 -0.000599
-0.410602 0.635334 0.003663
-0.383578 0.631871 -0.004083
-0.373888 0.617897 0.022209
-0.387837 0.621006 0.000020
-0.344138 0.613551 -0.020861
-0.321898 0.627314 0.001291
-0.338242 0.627654 0.000774
-0.305368 0.637755 -0.008769
-0.286702 0.618880 -0.005639
-0.289484 0.619886 0.003485
-0.288917 0.629409 -0.000625
-0.263589 0.637077 -0.024197
-0.237860 0.630033 0.003796
-0.224851 0.625533 0.001143
-0.213551 0.650055 0.003438
-0.199789 0.630056 -0.006014
-0.170326 0.633402 0.030843
-0.153599 0.630457 0.004678
-0.148196 0.626685 0.002022
-0.141555 0.634312 -0.009936
-0.116202 0.625991 -0.008356
-0.109040 0.625182 -0.010257
-0.081080 0.644110 -0.013048
-0.101494 0.645715 0.011666
-0.065286 0.620573 0.006626
-0.055552 0.623820 0.003004
-0.037369 0.628580 -0.000659
-0.034223 0.608206 0.007362
0.002217 0.636502 0.002585
0.003942 0.626601 -0.002192
0.021524 0.619337 -0.005572
0.024720 0.623740 -0.002227
0.057035 0.645614 0.004127
0.070109 0.627296 0.007848
0.075764 0.635433 -0.023091
0.095252 0.637934 -0.028728
0.116942 0.635758 0.012043
0.129745 0.628642 -0.003987
0.159589 0.646581 0.009173
0.159526 0.630224 -0.001170
0.170061 0.618523 0.002259
0.161086 0.637916 0.002164
0.185833 0.614287 -0.020110
0.205827 0.617639 0.005582
0.236053 0.634087 0.011784
0.232694 0.621633 -0.000106
0.245676 0.623030 -0.009312
0.271711 0.634597 0.013693
0.272989 0.637423 -0.001456
0.277774 0.633726 -0.008938
0.325940 0.627363 0.005470
0.314564 0.621406 -0.004638
0.341641 0.657529 0.005576
0.350226 0.632150 -0.004078
0.377201 0.646018 0.024906
0.383450 0.635228 -0.014386
0.418500 0.629918 0.012408
0.423367 0.634021 -0.006630
0.414652 0.643555 -0.002723
0.427513 0.627947 0.006877
0.457389 0.619404 -0.007485
0.461679 0.624806 0.007124
0.466037 0.630751 0.009941
0.488758 0.620393 -0.003537
0.505846 0.628797 0.006327
0.519572 0.617139 0.005603
0.543105 0.625175 0.007598
0.563316 0.636370 -0.013725
0.573447 0.621173 -0.008143
0.592410 0.632174 -0.011717
0.590116 0.648444 0.005478
0.625878 0.632256 0.009136
0.624659 0.620333 -0.000465
0.648073 0.642611 -0.004293
0.663015 0.634344 0.001808
0.668955 0.628029 0.006448
0.666391 0.638703 -0.014494
0.700860 0.644918 0.008103
0.708740 0.635618 -0.004111
0.719737 0.625660 0.024050
0.746948 0.645782 -0.004962
0.751723 0.625930 -0.017557
0.769627 0.625485 0.011303
0.783012 0.623146 -0.003051
0.815670 0.629376 0.017306
0.815367 0.627962 -0.020246
0.815273 0.622110 0.017366
0.842447 0.636918 0.018336
0.847262 0.615503 0.001281
0.860887 0.639395 0.006669
0.872068 0.615854 0.008015
0.884412 0.617997 0.007427
0.912396 0.615320 0.006567
0.929514 0.625100 0.009762
0.939798 0.656464 0.004534
0.965654 0.630260 -0.003225
0.967934 0.627553 -0.005337
0.982303 0.631806 0.012510
0.991670 0.628188 0.008164
-1.000816 0.644290 0.002770
-0.990556 0.649055 0.004922
-0.978125 0.642094 -0.023287
-0.951874 0.626181 0.002685
-0.944271 0.644878 -0.005730
-0.912753 0.651767 -0.016030
-0.916728 0.645129 0.003720
-0.906425 0.631245 -0.005571
-0.889212 0.619865 0.001041
-0.878400 0.632119 -0.013371
-0.857610 0.654596 0.016548
-0.840080 0.638894 0.008713
-0.824531 0.636939 0.005876
-0.820035 0.624866 -0.000006
-0.794407 0.634024 -0.016121
-0.790341 0.650802 -0.013810
-0.781984 0.633289 0.010878
-0.749577 0.647086 -0.002108
-0.738713 0.640713 0.020362
-0.723125 0.638589 -0.019023
-0.712539 0.629478 -0.018325
-0.687349 0.633554 0.004384
-0.693899 0.627973 -0.018384
-0.663567 0.647020 0.001586
-0.662232 0.645575 0.010104
-0.641177 0.657891 -0.015980
-0.630267 0.665136 -0.005548
-0.598043 0.646766 0.000443
-0.593771 0.633183 0.012679
-0.583513 0.648150 0.010747
-0.576132 0.642624 -0.001879
-0.542849 0.631067 0.002196
-0.511897 0.643710 0.024505
-0.543186 0.655929 -0.010090
-0.518941 0.654040 -0.005936
-0.493793 0.643807 0.020641
-0.484094 0.649142 -0.006711
-0.471976 0.636897 0.003533
-0.455435 0.650280 0.007805
-0.450304 0.638965 -0.000811
-0.426228 0.625223 0.000895
-0.407110 0.639333 0.000959
-0.401178 0.648744 -0.012081
-0.379713 0.646683 -0.008379
-0.382883 0.655626 -0.019867
-0.355163 0.660998 0.009095
-0.329731 0.636123 0.004596
-0.314507 0.653357 0.005018
-0.306812 0.633303 -0.004168
-0.290148 0.648207 0.004695
-0.270812 0.638355 0.000374
-0.259673 0.617823 -0.003174
-0.254213 0.655934 0.001601
-0.248942 0.635490 0.012527
-0.219619 0.640435 0.003060
-0.192559 0.646516 -0.003181
-0.190933 0.633103 -0.002153
-0.178423 0.653351 -0.012814
-0.154295 0.654130 -0.002200
-0.162354 0.627571 -0.010186
-0.135386 0.630619 -0.000601
-0.118146 0.630421 -0.002564
-0.105802 0.633589 -0.002208
-0.092987 0.639703 0.017568
-0.077136 0.646617 -0.008829
-0.068065 0.638229 -0.005072
-0.062882 0.652568 -0.007867
-0.024731 0.655195 0.018044
-0.031491 0.621309 -0.017514
-0.009234 0.661249 0.004747
0.003562 0.647538 -0.005861
0.027331 0.648581 0.023891
0.020470 0.650859 -0.001134
0.050713 0.640493 0.007348
0.071569 0.655504 0.012142
0.071274 0.630775 0.005636
0.086886 0.647375 -0.003278
0.099696 0.659599 0.007583
0.113933 0.633203 0.014408
0.131813 0.647554 -0.015608
0.160533 0.621397 -0.007397
0.151342 0.649800 0.011941
0.195755 0.655195 0.002310
0.203121 0.647484 -0.004177
0.190759 0.635937 -0.019429
0.216129 0.633417 0.000100
0.240984 0.641348 -0.006359
0.255703 0.641053 -0.020895
0.261775 0.636237 0.007079
0.279384 0.659598 0.006715
0.305596 0.639272 0.009201
0.326585 0.642606 -0.006846
0.292516 0.634141 0.001089
0.324315 0.645010 -0.015302
0.346930 0.646054 0.018678
0.354313 0.626088 -0.009897
0.405107 0.638803 0.003932
0.387899 0.652806 -0.012593
0.411738 0.642602 0.005416
0.400812 0.633173 0.002253
0.435599 0.660173 -0.003371
0.447240 0.652015 -0.000713
0.476168 0.644977 -0.008120
0.497324 0.646939 0.004110
0.497756 0.630296 -0.008266
0.508678 0.636519 -0.004303
0.520554 0.633943 0.020489
0.544249 0.641840 0.003152
0.553024 0.658127 0.023254
0.583494 0.659057 0.000383
0.579537 0.652348 0.001824
0.610496 0.639456 -0.003384
0.605228 0.651288 0.013020
0.615645 0.640321 0.006782
0.646218 0.642642 -0.018764
0.658405 0.660262 -0.006981
0.670791 0.647528 -0.007592
0.689075 0.643442 0.004105
0.690914 0.645846 -0.003663
0.698416 0.651086 0.004575
0.725591 0.654547 -0.004028
0.744417 0.642163 -0.002725
0.752093 0.641724 0.005595
0.752243 0.642786 -0.014647
0.783927 0.636019 0.002502
0.799387 0.649074 0.015077
0.791301 0.651847 -0.006855
0.810559 0.662038 -0.035787
0.842913 0.639401 -0.019790
0.868517 0.649259 -0.004413
0.866898 0.648182 0.000491
0.906034 0.646698 -0.008534
0.906879 0.641512 -0.006832
0.907838 0.645344 -0.007071
0.924194 0.664675 -0.019376
0.954520 0.634486 -0.000948
0.950579 0.641360 -0.022691
0.971549 0.651280 -0.003491
0.988128 0.644122 -0.006555
0.993982 0.642138 0.014128
-1.000384 0.652011 0.006959
-0.967442 0.669638 0.010670
-0.982995 0.653583 -0.004271
-0.944010 0.644064 0.001073
-0.940895 0.651009 0.009364
-0.938743 0.674730 0.006293
-0.923364 0.667057 0.007738
-0.908289 0.653010 0.016682
-0.888888 0.661718 -0.009442
-0.876626 0.660796 0.008715
-0.881372 0.649770 -0.005667
-0.843752 0.641094 0.002361
-0.836258 0.670887 0.001641
-0.826640 0.655920 -0.011194
-0.795419 0.636742 -0.006484
-0.790861 0.645163 -0.026199
-0.775456 0.655358 0.010770
-0.761009 0.661374 -0.009706
-0.747997 0.663231 0.007607
-0.712568 0.662853 0.001334
-0.716712 0.665059 0.001567
-0.684394 0.676818 0.010514
-0.688065 0.643688 -0.009925
-0.676589 0.669827 -0.011092
-0.652601 0.665769 0.010995
-0.641182 0.676500 -0.002605
-0.622405 0.674299 0.015469
-0.611681 0.662815 0.001516
-0.593844 0.659957 -0.009283
-0.594440 0.651030 0.003395
-0.577227 0.668241 0.019767
-0.557800 0.661699 -0.006581
-0.552733 0.647275 -0.009901
-0.519798 0.661854 0.004256
-0.506271 0.659338 0.016140
-0.492321 0.659826 0.007003
-0.491622 0.655768 0.002644
-0.464887 0.678941 0.001696
-0.458261 0.650480 0.007976
-0.432953 0.652290 0.003256
-0.421537 0.665319 -0.018739
-0.411552 0.656910 -0.010392
-0.395746 0.652894 -0.002732
-0.369408 0.651090 -0.003008
-0.365732 0.639831 -0.000390
-0.361510 0.660704 -0.006117
-0.336764 0.666768 0.006136
-0.322579 0.652168 0.009317
-0.307310 0.660661 -0.003676
-0.304426 0.648085 0.016470
-0.285895 0.660832 -0.003196
-0.259457 0.655093 0.000628
-0.246706 0.671491 -0.010991
-0.250819 0.652549 -0.010903
-0.221331 0.658747 -0.025995
-0.207450 0.642443 -0.016863
-0.181927 0.650893 -0.009407
-0.177970 0.641916 0.011564
-0.161564 0.645395 0.009006
-0.144591 0.643582 -0.007767
-0.133217 0.645808 -0.014550
-0.120224 0.653100 -0.008472
-0.112460 0.659763 0.009317
-0.091923 0.651762 0.010251
-0.077207 0.642747 0.002815
-0.070841 0.652136 0.022099
-0.054507 0.669374 -0.014091
-0.044382 0.656919 0.003302
-0.032945 0.670299 0.003163
-0.024713 0.640700 0.001358
0.012792 0.661172 -0.007469
0.032805 0.663944 -0.014506
0.030672 0.656597 -0.001314
0.053338 0.661859 -0.000083
0.067327 0.649374 0.004623
0.080128 0.662324 0.000148
0.096955 0.660197 -0.004618
0.109445 0.656331 -0.015059
0.123115 0.671548 0.009034
0.133413 0.658401 0.016432
0.156116 0.658432 0.010768
0.158883 0.661340 0.008809
0.174293 0.659367 0.010800
0.194136 0.658723 0.000220
0.225973 0.652426 -0.002437
0.218083 0.678101 -0.005562
0.244109 0.657355 0.015479
0.240959 0.668547 -0.005106
0.258013 0.650942 -0.005806
0.310473 0.662863 -0.000991
0.305756 0.648763 0.004370
0.309577 0.658232 -0.008415
0.320659 0.647694 0.015885
0.332751 0.668988 -0.015249
0.333461 0.665553 0.013842
0.359331 0.648636 0.008549
0.391621 0.662668 0.012697
0.392726 0.635907 -0.008383
0.414004 0.665868 0.002132
0.430505 0.650719 0.004430
0.430750 0.658761 -0.015296
0.451360 0.652581 -0.013046
0.468299 0.644268 0.000243
0.493661 0.676496 -0.012409
0.505882 0.658616 0.012685
0.491281 0.653467 -0.007935
0.521761 0.646702 -0.000576
0.548717 0.661243 0.010050
0.546681 0.653884 0.003057
0.577636 0.643433 -0.007939
0.592906 0.675277 -0.023718
0.581035 0.670228 -0.004986
0.620520 0.670808 0.013843
0.631497 0.677046 -0.003329
0.638690 0.647019 -0.013779
0.644986 0.644763 -0.008383
0.658497 0.648687 0.017404
0.681024 0.657309 -0.013323
0.675743 0.631822 0.001996
0.713330 0.645684 -0.002851
0.706680 0.642360 -0.006228
0.734467 0.658162 -0.000261
0.758050 0.659754 0.025412
0.776684 0.659783 0.010807
0.789706 0.647200 0.012435
0.785628 0.667182 0.016854
0.813772 0.657428 -0.014019
0.841953 0.656127 0.002611
0.825065 0.661398 -0.013784
0.845352 0.647843 -0.003037
0.861651 0.663196 -0.009557
0.878866 0.658678 -0.012030
0.907641 0.664310 -0.016740
0.906408 0.646920 0.009249
0.941688 0.638666 -0.005499
0.952256 0.654976 -0.009540
0.945579 0.659186 -0.006910
0.988324 0.657440 -0.004069
0.996681 0.661931 -0.009575
1.000346 0.647794 -0.025574
-1.000742 0.662474 -0.004683
-0.974542 0.675487 0.006347
-0.973638 0.669718 0.015494
-0.958431 0.662696 0.000653
-0.953916 0.673865 0.011905
-0.913488 0.667574 -0.002669
-0.910201 0.676259 0.002362
-0.905899 0.686372 0.004035
-0.877825 0.688325 0.008350
-0.865186 0.668376 0.025595
-0.858909 0.671696 0.007175
-0.848587 0.663278 0.001260
-0.832591 0.662596 0.008070
-0.811459 0.687764 -0.001514
-0.787284 0.656714 -0.012154
-0.788305 0.658575 0.000356
-0.753913 0.675589 0.001185
-0.755256 0.656790 0.000833
-0.740205 0.682903 0.001327
-0.711738 0.684955 -0.010326
-0.708310 0.681469 -0.011626
-0.699921 0.674953 0.010956
-0.686953 0.691633 0.020801
-0.652014 0.669989 -0.007138
-0.667014 0.653081 0.009447
-0.625559 0.670658 0.016193
-0.627976 0.654694 -0.007741
-0.606992 0.664982 0.006779
-0.598326 0.679174 0.007712
-0.584067 0.681317 0.015169
-0.584906 0.679937 0.007562
-0.542166 0.666122 0.004819
-0.534643 0.683124 0.008668
-0.518765 0.661444 -0.001696
-0.524581 0.677071 -0.000909
-0.501958 0.674373 -0.001074
-0.489951 0.666000 0.006604
-0.457858 0.666003 -0.008597
-0.446743 0.669871 -0.001559
-0.439954 0.666648 -0.002988
-0.444649 0.679180 -0.013230
-0.402668 0.666096 0.008631
-0.400437 0.674037 0.001357
-0.385627 0.671481 0.003622
-0.354796 0.681855 -0.013311
-0.357857 0.676258 -0.008678
-0.332465 0.680896 0.003016
-0.317256 0.676967 0.009602
-0.307922 0.662063 0.000257
-0.308033 0.673959 -0.011645
-0.284034 0.651550 0.005138
-0.267958 0.659677 -0.022777
-0.247776 0.687097 0.002859
-0.239590 0.669721 -0.003904
-0.241717 0.689304 0.013254
-0.216486 0.664251 0.017749
-0.202453 0.682782 0.009271
-0.188764 0.666164 0.015129
-0.171834 0.666288 0.000481
-0.148892 0.656071 0.004881
-0.133180 0.676289 0.005262
-0.125230 0.660333 0.001137
-0.113709 0.676214 -0.007122
-0.119042 0.685802 0.019384
-0.069209 0.666102 -0.015054
-0.056519 0.662463 -0.021004
-0.048262 0.675980 0.004556
-0.023252 0.675672 0.005175
-0.047371 0.677942 0.008967
-0.007931 0.676609 0.015365
-0.009057 0.669199 0.007415
0.008418 0.687326 0.002229
0.053973 0.669757 0.012688
0.050963 0.671916 -0.009740
0.066872 0.659185 -0.006327
0.079726 0.679358 -0.003632
0.085985 0.667643 0.003559
0.125409 0.663809 0.013560
0.114557 0.668463 -0.001073
0.144538 0.684932 0.003877
0.147754 0.666558 -0.009809
0.149340 0.682149 0.015281
0.150645 0.666768 0.006734
0.209283 0.653391 -0.012805
0.202509 0.671360 0.005093
0.226411 0.691295 -0.003478
0.243860 0.677444 0.016243
0.264625 0.669609 -0.002467
0.264640 0.667879 -0.002674
0.272513 0.678905 -0.001456
0.285933 0.658343 0.010450
0.318411 0.675744 -0.010329
0.329810 0.667310 -0.012846
0.328217 0.669739 0.008996
0.343153 0.681666 0.009988
0.378280 0.690992 0.000655
0.378077 0.656545 0.001560
0.403062 0.677201 -0.023169
0.430674 0.690810 -0.003229
0.431540 0.674133 -0.000996
0.440545 0.672122 0.002758
0.460603 0.672528 -0.007405
0.465997 0.681117 -0.003831
0.474284 0.673683 -0.006660
0.492736 0.660447 0.003993
0.504626 0.661677 -0.009744
0.514359 0.673923 0.004229
0.537678 0.657719 0.005020
0.561718 0.653749 -0.009334
0.580948 0.686702 0.011326
0.565394 0.693436 -0.000515
0.607173 0.674282 -0.004651
0.605863 0.672115 0.009907
0.615434 0.679088 0.002034
0.649555 0.673270 0.019294
0.668280 0.660244 -0.006085
0.671787 0.678791 -0.005005
0.686232 0.670548 0.009087
0.680503 0.683886 0.002877
0.710150 0.657621 0.003414
0.715327 0.668074 0.013551
0.752567 0.681484 -0.002235
0.772384 0.677986 -0.002644
0.764227 0.673899 0.006784
0.781070 0.665796 0.005553
0.790801 0.659325 0.007368
0.796881 0.670432 0.018775
0.816799 0.649137 0.016066
0.844969 0.679517 0.001784
0.856931 0.651501 -0.008563
0.869164 0.669323 0.005556
0.889484 0.685563 0.000389
0.902978 0.689327 -0.002153
0.915035 0.677644 -0.004905
0.943672 0.672958 -0.016431
0.955931 0.666301 0.013325
0.957343 0.679085 -0.007242
0.972925 0.677170 0.009216
0.985602 0.671633 -0.004242
1.001356 0.686066 -0.002880
-1.011304 0.702507 0.014569
-0.987414 0.691088 0.007387
-0.970808 0.687389 0.001676
-0.956427 0.674078 0.019716
-0.935253 0.685882 0.004529
-0.936067 0.667986 -0.004924
-0.903705 0.699748 -0.004783
-0.883046 0.692692 0.004227
-0.879760 0.676793 -0.006982
-0.865094 0.696652 -0.011435
-0.862726 0.680802 0.007015
-0.839026 0.677367 0.017066
-0.838990 0.667837 -0.007014
-0.825066 0.694949 -0.003088
-0.811261 0.681231 0.011407
-0.785356 0.698187 -0.017923
-0.772622 0.662349 0.001331
-0.757757 0.691367 -0.006015
-0.741584 0.667002 0.020509
-0.712407 0.678772 -0.003057
-0.713975 0.681638 0.008432
-0.699306 0.685456 -0.000566
-0.681567 0.677733 -0.002780
-0.657378 0.691086 0.007796
-0.647251 0.696865 0.007984
-0.633544 0.681650 0.004901
-0.630348 0.674192 0.001367
-0.591612 0.686235 -0.010827
-0.609814 0.686577 0.009334
-0.574706 0.662833 0.005119
-0.576757 0.679354 -0.009921
-0.549078 0.670516 0.015779
-0.548417 0.707842 0.004964
-0.533178 0.689829 0.000989
-0.508133 0.697880 0.004809
-0.501286 0.707645 0.007760
-0.481642 0.676234 -0.007599
-0.476487 0.671563 -0.009507
-0.467523 0.673294 -0.013723
-0.451678 0.683303 -0.006623
-0.418989 0.681926 0.007799
-0.399899 0.692717 -0.004409
-0.390075 0.685784 -0.015409
-0.360488 0.703340 0.001696
-0.375625 0.680803 0.008310
-0.353983 0.696271 0.001350
-0.336090 0.694858 0.007302
-0.304416 0.685518 0.027461
-0.310871 0.686563 -0.006716
-0.315714 0.680270 -0.000995
-0.282399 0.678629 -0.013227
-0.274091 0.672845 0.000259
-0.252841 0.671261 0.000709
-0.224504 0.684528 0.012215
-0.232514 0.691956 -0.005340
-0.198909 0.693258 0.000049
-0.180540 0.681659 0.012771
-0.180274 0.668383 -0.010808
-0.170691 0.687968 0.004834
-0.144781 0.706785 -0.003840
-0.139916 0.680646 -0.007845
-0.117298 0.690234 -0.010558
-0.103596 0.689347 -0.023758
-0.109022 0.673157 0.000506
-0.088665 0.673181 -0.002062
-0.059533 0.662562 -0.002939
-0.046751 0.669460 -0.002676
-0.049373 0.698802 -0.011294
-0.017856 0.681498 -0.014169
-0.005345 0.690739 -0.014780
0.006914 0.690127 0.009359
0.004832 0.687702 0.002961
0.042024 0.685408 -0.007922
0.056129 0.705752 0.009035
0.064276 0.691647 0.010983
0.084822 0.674507 -0.007409
0.071420 0.684141 0.023414
0.114753 0.671821 0.002153
0.124931 0.695686 -0.021359
0.137625 0.683650 0.002901
0.135383 0.678204 0.017344
0.162719 0.684617 0.005401
0.168863 0.670639 0.007481
0.200408 0.695606 0.009142
0.210239 0.697072 -0.006594
0.218527 0.687323 -0.006057
0.235591 0.686098 -0.007267
0.250090 0.667754 0.012512
0.262359 0.681459 -0.017929
0.283498 0.683044 -0.006344
0.283299 0.685661 0.006520
0.319811 0.675800 0.001516
0.326334 0.688218 0.007435
0.353044 0.671502 0.018238
0.346168 0.681030 0.000790
0.349227 0.692752 0.011558
0.389248 0.675211 0.000400
0.378314 0.681834 -0.002512
0.412503 0.684814 0.002923
0.442199 0.690890 0.009648
0.440562 0.677121 -0.027003
0.441215 0.705076 0.007630
0.470719 0.669969 0.002024
0.478085 0.684550 0.002735
0.490517 0.696095 -0.014957
0.508294 0.684682 0.028306
0.511009 0.700611 0.010268
0.528595 0.678856 -0.005826
0.557020 0.687168 0.005069
0.573315 0.693299 -0.004442
0.586403 0.687844 -0.011389
0.588671 0.682282 -0.006494
0.616256 0.703688 -0.010133
0.607639 0.687816 -0.006744
0.641805 0.672494 -0.005132
0.660869 0.685974 -0.022868
0.665648 0.677240 -0.010262
0.683491 0.689919 0.014362
0.700031 0.693468 -0.002899
0.712125 0.694144 -0.003889
0.731164 0.679584 -0.017885
0.728310 0.680461 0.010610
0.754894 0.684313 0.002226
0.758812 0.675441 0.007064
0.771497 0.702245 0.002542
0.786308 0.691462 0.008439
0.807899 0.701612 -0.001813
0.831162 0.688987 -0.005392
0.845173 0.674353 0.012626
0.865443 0.696358 0.011070
0.862980 0.686922 -0.002365
0.895609 0.684002 0.020274
0.886061 0.698869 0.002788
0.920229 0.689358 0.013138
0.928446 0.683601 -0.007324
0.937579 0.685240 0.015099
0.954308 0.683545 -0.010546
0.961871 0.676805 -0.002485
0.984241 0.680732 0.005110
0.997060 0.696595 0.003174
-1.010066 0.702545 -0.012895
-1.004697 0.709350 -0.014735
-0.985528 0.703045 -0.005604
-0.965415 0.715958 0.018217
-0.937671 0.701245 0.004944
-0.910575 0.709795 -0.012536
-0.909976 0.689102 -0.012254
-0.903177 0.679324 -0.002795
-0.881194 0.710627 -0.003574
-0.882120 0.687174 0.014586
-0.861665 0.697175 -0.001745
-0.838083 0.720929 0.013958
-0.831257 0.715488 -0.007985
-0.823118 0.702466 0.016542
-0.779591 0.712844 -0.007908
-0.784075 0.706650 0.017121
-0.765346 0.709968 -0.019384
-0.757828 0.693056 0.001467
-0.733818 0.689372 0.022627
-0.727836 0.696632 -0.000424
-0.701688 0.711371 -0.015714
-0.682087 0.722453 -0.001134
-0.689237 0.712298 0.015754
-0.678437 0.700915 -0.003659
-0.656641 0.707410 0.009612
-0.641330 0.683541 -0.011580
-0.632978 0.708923 -0.002880
-0.623868 0.700679 0.011412
-0.616492 0.685210 0.009339
-0.589103 0.707640 0.006706
-0.558572 0.695539 0.003414
-0.557633 0.714248 0.005373
-0.567507 0.717088 -0.014093
-0.545948 0.693305 0.008099
-0.503243 0.701360 0.012251
-0.499995 0.679576 0.004218
-0.473424 0.696961 -0.010639
-0.462631 0.694787 0.006502
-0.452245 0.695402 0.003420
-0.422258 0.703924 0.010391
-0.406086 0.697652 -0.016010
-0.405848 0.709583 0.008809
-0.399066 0.696962 0.003892
-0.395921 0.708457 -0.008116
-0.367929 0.688656 0.005335
-0.364656 0.697717 0.015424
-0.356814 0.689214 0.007727
-0.311709 0.690798 0.005199
-0.306016 0.694566 -0.011207
-0.278486 0.684082 0.010240
-0.278906 0.696058 0.011411
-0.271826 0.689442 0.001462
-0.251967 0.711084 0.007926
-0.253492 0.703123 0.007685
-0.241253 0.700791 -0.004055
-0.207785 0.693742 -0.004592
-0.198045 0.698275 -0.015447
-0.176719 0.703642 0.015086
-0.158234 0.695291 -0.005455
-0.166593 0.702611 -0.002662
-0.150777 0.705287 -0.011652
-0.140769 0.697548 -0.018191
-0.115506 0.702022 0.020548
-0.104404 0.693303 0.006645
-0.072108 0.697599 -0.009891
-0.041228 0.713205 -0.001526
-0.036350 0.692687 0.008150
-0.061249 0.695772 0.002104
-0.023222 0.712702 0.006606
0.018303 0.705598 -0.010829
0.008295 0.714303 -0.005059
-0.000921 0.691202 0.005444
0.047899 0.688250 0.005465
0.056121 0.708997 0.018581
0.044202 0.720047 0.015637
0.084415 0.703383 0.007143
0.102518 0.715741 -0.001140
0.118749 0.696421 0.009598
0.108896 0.710227 0.004000
0.148704 0.678914 0.009917
0.144016 0.690093 -0.005151
0.155123 0.696449 0.004371
0.197345 0.696129 -0.008434
0.187778 0.688754 0.011999
0.205384 0.712573 -0.001310
0.219363 0.705619 -0.000767
0.228663 0.714687 -0.007601
0.254033 0.695681 -0.006602
0.252496 0.693931 0.007242
0.271662 0.718356 -0.017904
0.292738 0.700943 0.000742
0.315083 0.706032 0.001665
0.347891 0.700549 -0.003084
0.333582 0.706921 0.009137
0.348549 0.720110 -0.006946
0.374090 0.688380 -0.001568
0.387062 0.692393 0.008175
0.388329 0.708524 0.017890
0.409566 0.704964 -0.013373
0.434677 0.706006 -0.001069
0.442308 0.707554 0.004647
0.457168 0.699072 -0.001905
0.467578 0.689317 0.004092
0.490569 0.716928 0.002488
0.507990 0.704018 -0.012432
0.497349 0.711565 -0.001784
0.515779 0.691251 0.009428
0.526244 0.700915 -0.009545
0.558716 0.694269 0.016470
0.552254 0.707428 0.004496
0.597881 0.713822 -0.000072
0.601521 0.709108 -0.001361
0.610828 0.707130 -0.012595
0.617180 0.710357 0.010171
0.641321 0.703008 -0.007135
0.656630 0.717700 0.014350
0.694416 0.707075 0.004006
0.702121 0.699011 -0.008666
0.702417 0.693152 0.004272
0.706988 0.705845 0.006027
0.731736 0.694636 -0.019146
0.743296 0.722478 0.001414
0.751972 0.699456 0.000021
0.770938 0.704198 -0.004179
0.797740 0.705959 -0.012330
0.810050 0.684131 0.008173
0.800643 0.705900 0.009541
0.821441 0.697882 0.006091
0.845593 0.714466 0.001348
0.831127 0.704144 -0.012936
0.873571 0.690639 -0.007542
0.872860 0.704028 0.000349
0.902291 0.683911 0.002956
0.905770 0.680686 0.004933
0.935939 0.715964 0.012200
0.946062 0.684341 0.000833
0.967201 0.705805 -0.012918
0.970626 0.688888 0.013017
0.990335 0.705811 0.005937
1.004032 0.724264 -0.014477
-0.556402 -0.150065 1.451025
-0.425928 0.047331 -0.912927
-0.083762 -0.656034 0.468304
-0.435028 0.924362 0.573022
-0.930192 0.126106 -0.603232
0.482024 -0.614386 1.152524
0.830211 -1.172318 -0.948057
-0.041300 1.134420 0.124640
0.420086 -1.281860 1.084154
-1.330942 -1.126223 -0.433974
0.085575 1.179118 1.025416
0.920232 -0.246813 -1.007422
-0.153123 0.154177 1.266872
-0.243144 -0.921632 -0.720011
1.146854 0.388722 0.889735
0.203696 0.921815 -0.258023
0.027801 0.096108 0.734897
-0.775949 0.531416 1.101256
-1.338035 -1.052345 1.180422
-1.284464 -0.099759 -0.082532
-0.631389 0.888898 -0.856233
0.172246 0.945253 -0.363743
0.121846 -0.333821 -1.178011
1.230640 1.067969 0.467188
1.412335 -0.445450 -0.732376
1.068456 0.224411 -0.474066
0.527665 0.259335 0.555611
0.905909 0.593963 -0.764316
-0.763624 1.423113 0.308197
-0.409138 -0.091209 -1.157979
0.015798 -0.013129 -1.262164
0.743065 -1.335525 -0.109814
-0.205201 -0.122422 -0.826752
1.211769 -1.054736 1.064744
-1.222473 0.586158 1.302321
1.427719 0.079645 0.631588
1.003560 -0.896364 0.732768
1.382223 -1.376011 1.454639
1.339995 0.935253 -0.021041
0.451181 1.466955 -0.664090
-1.151892 1.434572 -0.770385
-0.715621 -1.442825 -0.821732
0.262851 1.317127 0.478976
-1.476710 1.447669 1.138273
0.641604 1.070091 0.827692
0.552479 -0.207100 0.220293
-1.082662 0.728301 -0.984897
1.017446 0.995546 -1.032266
0.206074 -0.198613 -0.665054
0.626804 0.716412 -1.218020
-1.174745 -0.489523 -1.203509
-0.245105 1.035405 -1.473471
0.836340 -0.528354 1.408337
-1.084446 1.071901 -0.883723
0.746010 -0.786730 -1.478744
1.254427 -1.390699 -1.091940
-0.644413 0.090618 -0.452394
-1.112686 -1.068884 -1.412612
-0.131564 -0.247264 0.697154
0.371283 -0.103123 1.010549
-0.205049 0.712893 1.337764
0.437064 -0.537195 0.310483
-1.051091 0.760540 1.304661
-0.903877 -0.828176 1.329785
-0.008327 -0.055738 0.423646
-0.548101 1.120368 -0.947133
1.461593 0.893174 1.085498
-0.947683 1.436597 0.610212
0.054674 -1.482437 0.711072
-1.357124 0.918417 -0.592525
0.973317 -0.075125 -0.616204
0.889361 0.854337 0.288708
0.123870 1.269320 -0.287521
1.383606 -0.934437 1.353012
0.579948 0.380504 1.476831
-0.261760 1.250113 1.252547
-1.103060 1.214842 -1.393417
1.335027 -0.107189 0.126666
0.918174 1.207031 0.421417
-1.484628 -0.254624 1.472336
-0.576847 -1.252017 -0.495004
0.124226 -0.977455 -0.779512
-0.973200 -0.574916 1.416036
1.193681 0.273961 -0.324587
0.572553 -0.334610 1.406485
1.409751 -0.914129 0.080190
1.112386 0.993560 0.740051
0.275591 -0.587439 0.956847
-0.048599 -1.343751 -0.917802
-0.494885 1.198569 0.922756
0.086628 -0.610774 -1.251397
-0.289402 -1.090868 0.308224
-0.388179 -1.025799 1.397804
-1.084253 -0.840546 0.246049
-1.359656 0.115896 -0.450435
0.854595 -0.928757 0.857249
0.911294 -1.191122 0.114107
0.491443 -1.456778 0.625354
0.503423 1.322007 1.322527
0.350426 0.532793 -0.604658
0.415191 -0.360185 0.422819
-0.431227 0.906517 -0.391649
-1.204065 0.560736 1.031349
-1.151196 -0.378318 0.554383
0.474625 0.362479 -0.375807
1.319956 0.551224 0.545732
1.308545 -1.003634 0.965138
-1.163794 1.295998 -0.063460
0.103242 -1.108827 0.211256
-1.328152 0.446068 -1.418522
0.750578 -0.352299 -0.854124
0.004964 0.429049 -0.281749
0.950560 -0.703876 1.034715
0.369828 0.148091 1.021741
0.325382 -0.109771 1.273441
1.123987 0.812414 0.652936
-0.175231 -0.916228 0.149786
0.512956 0.394885 1.134066
0.823241 0.314442 -0.054863
-0.530694 -1.468127 -0.671825
1.357676 -1.494687 -1.267618
0.434020 1.058047 -1.480172
-1.125664 0.213846 -0.477655
-0.414918 0.863052 1.352480
-1.328532 0.550090 1.003515
-0.202115 0.325932 -0.255854
0.818263 0.193825 1.136775
1.326864 0.806208 -1.247811
-1.434982 -1.061035 0.166077
-1.284245 0.226761 -0.485471
-1.291475 0.390304 0.481982
0.897152 1.178642 1.476996
-1.066526 0.352721 0.565637
-1.074384 -0.559408 -1.454145
-1.032438 -1.087125 0.316635
-0.996897 -0.537453 0.445965
1.432675 -1.101712 -0.641471
-0.283540 0.964783 -0.261595
0.112075 -0.330676 -0.923951
1.105648 -1.024056 -1.322150
-1.076999 0.062754 0.002594
0.651436 1.175025 -0.548677
-0.217400 0.271784 -0.644490
0.294831 0.708718 -0.065247
-0.739029 1.445098 -0.672348
-0.470575 0.888244 1.471654
0.319362 -0.915737 -0.385799
-0.246525 0.845153 0.457702
-1.106388 0.747734 -0.763631
-0.137810 -0.827089 0.094495
0.956761 -0.155101 1.023448
-0.871873 -0.984086 -0.613558
-0.645346 0.575210 -1.260154
-0.644698 1.356886 -1.114783
0.245108 1.320356 -0.364789
-0.106681 1.435713 -0.552086
0.698695 0.585282 -0.100949
1.158661 -1.194514 -0.621396
-0.107082 0.464125 -0.381396
-0.174581 1.046972 1.330124
0.880294 0.569184 -0.281902
0.484938 -0.094737 1.341043
-1.093967 -0.322195 -1.242235
1.068881 0.610198 0.698506
1.086149 -1.147439 -0.572792
-0.707507 1.269940 -0.061480
1.139652 1.146272 0.956622
0.175351 1.197458 -1.193307
0.256929 1.251039 -0.872284
-1.248921 1.063931 -1.256897
1.470935 -0.326629 1.027450
0.516590 -0.561150 0.001636
-0.638497 0.189609 -1.259271
-1.275540 -0.811821 -1.139264
-1.421355 -0.288700 1.018219
-1.111838 -0.543064 0.313197
1.077650 0.171574 1.374068
0.731923 -0.732480 -0.688315
0.578504 0.663269 -1.293407
-0.030628 -0.075314 0.753551
-1.313469 -1.134632 -0.436640
0.667496 0.060504 -1.447525
0.852211 -1.154357 0.327831
1.001132 0.476380 1.365652
0.039332 -0.482480 -0.959092
-1.202430 1.064956 0.273233
0.231553 0.414018 1.483334
0.531976 0.925153 0.354365
-0.091051 1.329255 1.464215
0.798551 -0.486990 0.260115
-0.461873 0.379488 0.870707
0.833258 -0.625073 0.012722
1.357913 0.128685 0.899831
-0.597988 1.135006 -1.134814
-0.008851 -0.317074 1.398232
-0.083616 0.817641 -0.300147
1.055711 0.523370 0.690221
0.942168 -0.648608 -0.836306
-0.821005 1.186946 -0.128192
-0.655605 -0.172850 -0.647050
-1.218048 0.511796 0.300453
0.132792 0.408580 1.166610
-0.002978 -0.324837 -0.394779
0.466254 0.135099 1.434344
-0.165697 0.196972 -0.492328
0.818083 -0.709435 0.591959
1.320218 -0.270556 -1.120708
-0.918332 0.101780 0.256303
-0.324095 0.666930 -1.251655
-0.231471 -0.601490 0.117595
0.340308 -0.700168 -0.833484
-0.243816 0.924625 1.384518
-0.671023 -1.453182 0.360896
0.700321 0.174310 -0.088101
1.328772 0.697565 -0.900115
0.577970 0.866037 1.075966
1.218232 -1.257242 1.246850
0.192058 0.502291 -0.275694
-1.185649 -0.645650 -0.636512
-0.396362 -0.128631 -1.480211
0.544451 1.257369 -0.550227
-0.618657 -0.717419 -0.634900
-1.139898 -0.999646 -1.015781
1.229813 -0.834318 -0.169002
-0.687653 -0.994494 -0.854798
-1.262510 1.107401 1.438010
-0.949055 -0.597861 -0.954659
0.426581 0.174285 1.496031
0.555744 0.923959 1.045751
-0.875646 0.487174 -0.255265
0.530316 -1.316865 -0.913125
0.516131 0.183592 -1.395967
0.576820 -1.477545 0.430453
-1.053137 -1.073452 0.679423
0.489440 0.286142 1.385281
0.173490 -0.339966 -1.456447
1.207217 -0.589762 -0.430126
-1.111950 1.141774 -0.458821
-0.857195 -1.192382 1.274967
-0.468472 -1.438523 1.171925
0.305104 -0.021576 -1.268882
-0.588809 -1.214081 0.473142
-0.445680 -0.851675 -1.367470
-0.387207 1.089405 0.385949
1.410242 0.902103 -1.283287
1.114942 -0.174307 -0.386908
0.530257 1.387088 1.072488
-1.083805 0.511013 1.219037
0.061381 -0.130753 -0.553509
0.147767 -1.011328 -0.948517
0.314767 0.678305 0.819718
-0.441710 0.634054 -0.353106
0.166998 -0.958658 -0.901258
0.377022 -0.913348 -1.078032
0.728130 0.034588 0.959203
-1.075998 1.017503 -1.063538
-1.467678 -1.077949 0.111661
0.815627 -1.177692 -1.416084
0.592269 0.669338 -0.557257
1.229280 1.454418 0.725323
-1.174611 1.033818 -0.713335
0.082915 -0.450290 1.113688
-0.589047 -0.647630 -1.464645
0.819141 0.124816 -0.935998
1.092770 -1.428156 1.475272
-0.970014 0.318517 -0.656158
-0.415948 -0.355341 1.287631
-0.528404 0.972432 0.925002
-0.015574 1.224215 -0.920231
0.415428 1.187650 1.142391
0.840639 -0.361221 0.514363
-0.558411 -0.752879 1.082524
-1.311881 -0.742663 -0.844510
0.008204 1.424817 0.155891
-0.218759 -0.791218 0.212759
-1.227611 0.051957 -0.387680
-0.198620 0.238036 0.151893
0.372565 -0.328043 -0.326079
0.814274 0.681218 -0.323419
-0.366934 1.024662 -1.017624
-0.470389 -0.192357 -0.267406
1.410502 1.167058 -0.840619
0.772487 -0.460649 -0.257343
0.720037 -0.586442 1.129862
0.153415 -0.370644 0.055188
1.002225 -1.422760 -0.676759
-0.897085 -0.416549 1.163351
0.338327 0.462605 0.872236
0.473496 0.004393 -0.114707
-0.614674 -0.164306 -0.173226
-0.911201 -1.032335 -0.736541
1.194810 -1.331144 1.499912
-0.908112 0.899110 0.761049
1.276029 -0.853321 -0.309960
1.424519 -0.636241 0.428809
-0.190967 -0.857499 -0.728082
-1.379455 0.791953 0.441516
0.185064 0.266997 0.743440
0.268101 1.480736 -0.618120
-0.359748 -0.498720 1.134808
-1.148725 -1.290930 0.338984
-1.453431 1.067196 0.332841
-1.467672 0.126496 -0.032829
1.296851 -1.402896 -0.595898
-1.210411 -1.470028 0.726951
-0.103431 -0.667159 -0.058902
0.137054 0.635747 -0.068670
-0.782778 -1.478648 0.458631
1.288011 0.157989 0.794023
-0.426967 -1.038356 -1.152182
0.693653 -0.864805 -0.803570
-0.597155 0.545719 -0.581386
-1.476815 0.599952 -0.086544
-1.075199 -1.212247 1.382986
-0.158165 -1.316354 0.008348
1.015786 0.870398 0.027526
-0.425151 -0.569310 -0.492701
-1.054065 0.827776 0.816393
-1.176519 -0.261468 -1.234321
-1.198118 0.810824 1.217865
-0.196546 -0.259137 1.177096
0.050140 -0.925158 -1.380283
1.302150 -0.730460 1.023119
-0.431390 -0.310042 -1.019814
-0.070746 -1.112760 0.816851
-0.909708 -0.516547 0.801925
0.059799 0.986070 -0.884028
1.181511 0.476329 0.333930
0.963049 -0.002782 -0.684091
1.298946 -1.228920 -1.441783
1.067951 1.194627 0.869792
-1.127612 1.389073 -0.243786
0.084380 0.963375 -0.388804
-1.341719 1.355974 -1.446996
0.391120 0.027040 -0.986032
-1.099507 -0.195705 1.178503
-0.684483 1.334715 -0.815841
-0.411717 0.213824 -0.490068
-0.619261 0.093200 0.525227
-0.392903 1.458201 1.139623
0.087904 -0.094846 -1.139588
-1.409255 0.879365 0.446871
-1.171307 1.305649 0.682899
1.302647 0.124302 1.080903
-1.189400 -0.855935 1.354082
0.568009 -1.056939 -1.336959
-0.527866 0.035523 -0.679947
1.144693 -0.230877 0.305219
-1.412970 -0.545962 0.546149
0.960855 -0.784947 1.247046
0.878422 0.300220 1.116333
-0.211842 -1.071959 -1.003388
-1.412111 1.145653 -0.540795
-0.861308 -1.446108 -0.215125
-0.963933 -1.461192 -0.013396
0.015411 0.775218 0.604018
-1.082523 0.978769 -1.137514
1.454151 -1.469964 -0.305481
-0.330192 0.322557 0.911742
-0.155629 -1.005231 -1.100999
0.504694 0.032180 -0.236029
1.054257 1.063024 1.265708
0.258559 0.729826 -0.389506
0.131697 -1.341096 -1.494994
-0.808675 1.269558 -0.422095
1.367674 0.872130 0.755988
-1.322588 0.176613 0.278584
-0.936704 0.616637 0.560567
0.030046 -0.205680 0.188036
-0.534912 -0.873439 -1.061893
1.230484 -0.216688 1.099638
-0.129841 0.015207 -1.301511
-0.448186 -0.023876 -1.135030
0.556845 0.486926 -1.143473
-0.177627 0.099996 1.211823
-1.167871 -1.471420 0.694218
1.455930 -0.376800 -1.344583
1.196032 -0.489463 -0.720866
1.421848 -0.348490 -0.398710
0.072780 -1.073845 0.711474
0.927188 -0.533205 -0.593296
1.038139 1.240654 0.532813
1.050845 -0.462644 0.498708
0.905817 0.477095 1.376902
-0.776898 0.686029 -0.548538
-0.980520 -0.572603 0.096689
1.045337 -0.848695 1.225521
-1.292570 -1.224881 0.279782
0.064366 1.370341 1.365679
-1.438536 0.475370 -1.287418
-0.879078 0.512967 1.448716
0.288510 0.621694 0.599168
0.058106 -1.145598 0.246750
-1.310800 -1.202637 -0.063067
1.081494 0.300571 0.976197
-0.250392 -0.813526 -1.275924
0.286875 -1.222864 -0.193367
0.309049 -0.856373 0.724489
-0.436210 -0.262590 -0.505229
-0.522283 1.191530 -0.091707
1.077852 -0.456356 0.264896
1.195210 0.627132 -1.318552
0.083098 0.891966 0.780888
-0.412683 -0.986882 -0.108281
-1.141687 -0.016762 1.079446
-1.331605 0.354046 1.347714
0.915281 -0.803845 0.600201
-0.541157 0.736561 -1.110928
0.935616 -0.677876 0.056476
-1.033590 0.680005 -1.376879
1.430242 -0.758977 0.751031
-1.379810 0.566982 0.244928
-0.410555 -1.260356 -1.252316
-0.628053 -1.388168 -1.315647
1.235819 -0.495220 1.034405
-0.100306 -0.818445 -0.569346
-0.466666 -0.986738 0.832635
1.219072 -0.280046 -1.316625
1.406914 -0.518074 -0.187293
1.078036 0.141204 0.509938
-1.385597 -0.887301 0.533965
-1.208589 0.866947 -1.412978
1.400328 -0.214112 -0.904383
-0.647364 0.049755 1.100131
0.006566 -1.139530 1.192133
0.140009 -1.476524 0.247945
0.643604 0.591278 1.296790
0.962380 0.283244 1.253617
1.443161 -0.768713 -0.467814
-0.489354 1.488403 -0.291268
0.311205 1.061144 1.144745
0.889477 0.494186 -0.436065
1.430083 0.522357 -0.909302
-0.647127 -1.302586 -0.324772
-0.572647 0.809112 -1.186741
-1.021170 0.617932 -0.174326
-0.430191 -0.035664 -0.834712
0.094440 0.192462 0.550455
1.241177 1.335944 -1.459131
-1.160135 -1.231638 -1.177207
1.135577 -0.116216 -0.085095
-0.987761 1.369577 1.042647
0.638893 0.665583 0.117331
-1.422096 -1.336386 1.066228
0.650946 0.878348 0.234502
1.376200 -0.429727 -0.204144
-1.057999 -0.463882 0.527169
0.155114 -1.243331 0.223703
-1.233416 -0.207362 -0.585327
0.780400 1.076176 0.140838
0.974832 -1.394610 1.160386
-1.131945 -0.780666 0.473867
-0.239085 -0.139600 -0.933982
1.457252 1.138938 1.400061
1.230964 0.123929 1.161634
-0.880187 0.149695 0.961202
0.670726 0.190666 -0.413667
0.087623 -0.469134 0.105748
-0.115594 1.316778 -0.883913
-0.616567 -1.160861 0.208161
1.195815 -0.370150 0.537966
0.490358 0.292566 -1.376608
-0.160044 -0.221748 0.496416
-0.554032 0.877144 1.052045
0.142467 -0.791182 0.406558
-1.163516 -0.578869 0.112360
-0.300283 0.430665 0.824298
0.230889 -0.938891 -0.094437
-0.244948 1.160861 -1.260639
0.003071 0.070419 0.007040
0.723887 0.671727 -0.806541
-0.610043 -0.470174 -0.970414
-0.115517 -1.151314 0.017140
1.294850 0.361296 -0.226533
0.546563 -0.359059 -1.366795
-0.052796 -1.015974 0.065412
0.472433 -0.077919 0.736098
-1.008572 1.370545 -0.997209
-0.877811 0.167683 -0.004117
-0.793973 -0.655319 0.699470
0.839936 -1.428327 -0.054785
0.135359 0.786812 -1.448894
-0.987795 0.119246 0.503110
0.184569 0.248512 -0.728155
-1.070598 -0.359538 -0.025163
-0.623136 1.498315 0.209214
-0.182031 0.496156 1.128066
-0.907674 0.620940 -0.823629
0.476947 -0.281845 -0.991708
1.135686 -0.470787 0.869435
-1.167461 0.049994 -1.429522
-0.552636 -0.373435 1.042176
-1.056973 -0.676704 -1.153986
0.925413 1.490452 0.853719
0.646049 -0.091714 0.467294
0.072236 1.116567 -0.766726
1.179237 0.975205 -1.103900
-1.322211 -0.325494 0.860953
0.039109 0.642646 -1.450193
-0.845286 -0.602345 0.656070
0.303290 -0.476338 -0.402409
-0.559986 0.427555 0.556641
-0.611694 -0.567570 1.410281
1.086604 0.292711 1.497256
-0.976804 0.973814 1.148286
0.176415 1.154078 0.520214
0.898717 1.005188 0.713285
0.299352 -0.853852 0.213331
0.815017 0.075435 0.851290
-0.802401 -0.826585 1.149189
0.875796 0.876584 -0.910334
0.495181 -0.376116 -0.618163
0.541986 -0.547775 -0.440069
-0.953831 0.120204 -1.496327
0.491098 1.306187 0.118628
0.953687 -0.000094 0.916136
-1.019292 -0.298456 -0.701001
-1.063289 0.178469 -0.065567
-0.501775 1.326305 -1.048473
-0.646753 1.414983 0.370032
1.035739 -1.444840 1.172835
1.038419 1.213732 -0.171108
-1.347578 1.386161 -0.704091
-0.242064 0.116425 -0.734515
-0.991147 -1.441570 1.275614
-0.181045 0.576527 -0.859210
-1.008826 1.350719 -1.490217
1.161132 -0.863914 -0.438822
-1.076409 -0.379164 1.001994
0.956934 -1.115423 1.222869
-0.417579 -1.035554 -1.359419
1.233142 -0.095610 0.927845
-0.713984 0.879817 1.291586
0.812925 -1.432783 0.094491
0.594691 1.035350 -0.106564
1.218774 -0.074946 0.270121
-0.743070 0.359274 0.109091
0.608288 -0.055300 -0.566794
-0.034754 1.314385 0.854012
0.373612 -0.166641 0.850123
-0.856796 -1.072767 -0.620217
0.480511 0.943896 0.167534
-0.881560 -0.962526 0.315741
0.585129 -0.689297 1.294463
0.866164 0.655549 -1.246098
-0.339217 -1.128746 0.430222
0.859229 -0.410581 -0.491875
0.680042 1.009007 -0.176518
-0.231850 0.201563 -0.617201
-0.253573 -1.435088 -1.221943
-0.757933 -1.005949 0.439017
-1.021775 -0.879490 0.639313
-0.492542 0.694957 -0.169538
-0.623014 -0.331132 -0.780322
1.213670 -1.450390 -0.347734
-0.558780 1.015440 0.969847
-1.378328 -1.341197 -0.321208
1.479977 1.359837 0.630454
-0.879590 -0.025998 -0.586735
-0.109528 -0.373290 1.444136
-1.151603 0.092680 -0.154522
-0.494566 -0.830574 1.239223
0.975785 -0.765434 0.021172
0.565399 0.903867 1.323759
0.588588 1.179444 1.407944
1.170264 1.342803 1.029816
-0.649543 -0.625816 -0.622721
-0.551348 -0.026764 -1.422876
-0.063110 0.416090 -0.328016
-0.845601 0.489874 0.328909
1.132669 -1.439410 -0.733860
1.385381 1.150161 0.796547
0.515042 0.086690 -1.222535
-1.175751 -0.682261 -0.145084
1.424015 -0.564003 -0.735159
1.441979 0.131572 0.381736
-0.393170 0.874863 -0.250130
0.722070 -0.044677 1.212923
1.273534 0.100542 -0.637185
-1.160718 0.281643 0.718404
1.267927 -0.547890 -0.585080
-0.683576 -0.248773 0.311263
1.227114 0.578388 0.058031
-0.599223 1.147695 -0.049706
0.286908 0.585225 -1.482014
1.395041 1.046036 -1.130328
1.457088 -0.225349 0.297871
-0.753128 0.931294 0.280498
0.832360 -1.079390 0.193431
0.934554 -0.478321 0.964770
-0.903768 0.263507 -1.490808
-0.247528 -0.304367 -0.531717
-1.448832 0.317441 0.831664
-0.327940 0.268815 0.288030
-0.485351 0.175826 0.578355
-0.255229 1.016960 1.454755
0.128890 0.516761 -0.124039
0.314418 -0.671849 -0.742072
0.779255 -1.177617 -0.016723
0.612385 1.233142 1.273162
0.726656 -1.299038 -0.504889
0.671084 0.213656 1.457945
1.363929 -0.357905 -0.438541
0.899665 -0.438727 0.904778
0.176363 -0.107338 -0.469762
-0.441198 0.117832 -0.480371
-1.235000 0.356939 1.217963
1.314238 -1.389369 -0.027392
-1.222416 0.696962 -1.178362
0.232996 -1.079240 1.472747
1.397600 1.416304 0.795237
-0.543659 -1.287660 1.200593
-0.869550 -0.741271 -0.423795
0.736840 0.276970 -0.889666
-1.479666 -0.050115 -0.261721
0.508633 1.486413 1.377222
0.001087 1.005420 1.291697
1.053750 -0.354521 -0.059584
-0.205973 -1.458733 0.609851
-0.816675 1.470124 1.031119
0.751107 -0.164991 1.350626
0.752593 -0.680227 0.631284
-1.128305 -0.051493 0.778477
0.739284 -0.634979 0.751497
0.622622 0.370293 0.457989
1.112020 0.127840 -0.604264
0.790645 -0.587700 0.387705
-1.311717 -0.822515 1.276581
0.776732 -0.248941 -0.844555
-1.289582 0.682741 -1.277193
0.589510 0.853297 0.117312
-1.387916 0.720623 1.380904
0.145709 -0.453157 0.738771
-0.546317 -1.210688 -1.012851
0.838383 1.303357 0.521052
0.314657 -0.062634 0.588705
-1.072684 -0.740023 0.601196
-1.037249 0.512957 -0.007648
-0.707735 -0.267610 -0.262968
0.849354 -0.805035 -0.175419
0.633754 -1.138833 -0.535062
-0.082799 0.374128 1.439746
-0.125834 0.140399 -1.291265
-1.191892 0.446805 1.211780
-0.102913 -0.193159 1.250015
-0.905809 -0.526167 1.257328
1.004375 0.711552 -0.091981
-1.435177 -0.132039 0.920416
1.358643 0.418277 0.691017
1.155411 1.071458 -0.642318
0.300885 -1.432310 0.899731
0.544337 -1.055120 -0.735592
1.053845 0.131840 0.020239
1.270911 0.440342 -1.142772
0.463354 0.660313 -1.001116
0.754189 -0.036357 0.234821
-0.771004 -0.397328 -0.288216
0.914122 0.475241 1.251896
0.514791 -0.717105 1.176357
-1.188723 -1.098149 0.532016
1.028980 0.132427 1.394115
-0.301483 -0.547121 -1.383597
0.107188 -0.301051 0.766049
1.407253 1.170763 1.234985
-0.486289 1.318566 0.084136
0.505367 1.020686 1.174116
1.217914 0.067373 -0.617590
0.615686 1.042688 -0.745482
0.147958 0.215639 -1.481650
-0.986610 0.759315 -0.288462
-0.741203 -0.076897 0.691322
0.586281 -1.358978 0.066485
-0.409429 1.350346 0.808865
-1.451265 1.181268 -0.593276
0.573016 0.987947 1.414775
0.650084 -0.356785 -0.445958
-0.620677 0.038137 0.985234
0.995597 1.283911 -0.940080
1.380456 0.390411 0.740144
0.239640 0.020444 0.401836
0.052358 -0.728785 0.648632
1.156548 0.714012 -1.442197
-1.313823 0.727427 0.018861
0.055631 0.485278 -0.492891
0.216190 -1.264663 -0.670081
-1.213777 -1.429184 -0.465426
-0.025388 1.291991 -0.840086
0.536537 -1.455369 0.507909
-1.338691 1.037783 -1.235225
-1.399214 1.004483 -1.483784
-1.389056 -1.343266 1.239553
0.091003 -0.974661 0.103369
0.030241 0.712468 1.018997
1.000909 0.647461 -0.487348
1.264338 1.043155 -0.949250
0.405428 1.398094 -0.330821
0.331692 -1.339994 0.407867
1.041521 -0.707658 -0.828128
-0.023519 1.153219 0.371987
0.913080 0.997834 -0.988754
-0.729171 0.951523 -1.390966
-0.162264 1.470895 -0.529949
1.332555 1.408864 -0.656740
1.360816 0.249079 0.171983
-0.084759 -0.478130 -0.139292
0.282264 -0.451187 1.281629
0.342919 -1.061026 1.116792
-0.315969 -1.469078 0.444631
-0.319248 1.459267 1.328950
0.946057 -1.007336 1.458784
0.833622 -0.264454 -0.397637
0.164240 0.757868 0.528748
0.633673 1.065330 1.036202
0.105361 -0.529109 1.239582
1.437501 1.046671 -0.155100
0.644573 -0.460639 -1.148049
-0.419465 0.279681 -1.063457
-1.223100 -0.590316 1.279572
-1.282601 0.603176 -1.185540
-0.533074 0.771032 -0.896213
0.886775 0.767011 -0.025114
0.204915 -1.322394 0.132693
-0.565294 0.628075 1.333695
-1.121487 1.081423 0.657628
1.310656 0.426300 -1.456982
-0.194158 1.017679 -0.820143
-1.438484 0.106353 1.393324
0.568603 -1.409840 -0.867863
1.130147 -1.486680 -0.092481
-0.010779 0.960829 1.117437
-0.060918 -0.172167 0.215676
1.255771 0.629995 -1.299729
-0.274409 -0.881936 0.791109
-0.371778 0.485530 -0.336429
-1.093246 -0.763369 0.889026
-0.938282 -0.444952 0.982426
0.365256 0.260629 0.357139
0.557294 1.310766 0.819647
1.338419 0.334467 -1.332447
1.192012 0.809349 0.447217
-1.038284 1.094730 -0.078203
1.233694 -0.347636 -0.539631
1.032850 -1.084782 -0.458285
0.273362 -0.203841 -0.738507
0.237762 0.209253 -0.066433
0.763987 0.005018 -1.491812
1.194950 0.939179 0.560431
-0.579219 1.375507 0.528608
-0.676413 0.810710 -1.087371
1.151620 1.046825 -0.446239
-0.647427 -0.661614 -0.305594
-0.769526 -0.147019 -0.435850
0.738315 1.057821 -0.631532
0.867724 0.275792 -1.414675
0.084678 -0.714882 -1.423163
-0.647109 0.734373 0.757833
-1.143002 0.645896 0.813094
-1.277448 0.995022 -0.714367
-0.181710 -1.382817 -0.696681
-1.052781 0.890460 0.412512
-0.846479 -0.407257 -0.012810
1.046613 1.455700 0.454073
-0.633173 0.105652 -0.024330
0.159118 -0.571714 1.094930
0.632636 -0.916781 0.519148
-0.528570 0.880638 0.230861
0.231382 -0.030293 0.175910
1.065483 0.995943 1.277648
-0.008326 0.149030 0.690864
-0.387328 -0.508329 -0.803865
-1.325739 -0.690689 -0.896106
-0.916981 -0.207791 -0.506635
0.932768 -0.378812 -0.540239
-0.667918 -0.686281 -1.267966
-0.594892 1.091294 1.087393
-0.284218 0.200149 -1.141877
0.993173 1.447098 0.441720
-0.521093 0.917825 -1.380043
0.586601 -0.578091 -0.291491
0.771573 -1.465046 0.173859
-0.551301 0.149801 1.423732
-0.803120 0.330021 -0.212479
-1.274489 -1.228006 0.726942
0.240661 -0.234640 0.102175
1.085715 -1.124082 -0.632908
-0.669217 -1.435851 -1.203402
-0.141155 -0.138935 1.181747
-0.013860 1.465145 0.293989
-0.020459 -0.866356 -0.320315
-0.375515 0.260144 0.842977
0.690138 0.506417 0.110665
-1.020891 1.365729 -1.093689
1.284561 1.114272 0.665602
-1.269029 -0.695450 0.443720
-0.358626 0.964191 -0.154097
-0.921351 1.204361 -0.502782
-0.866754 -1.485285 -0.446703
-0.989996 0.381285 -0.959779
0.306222 0.450334 0.474644
0.813677 -0.924264 -1.400623
-0.822041 -1.217660 -0.179495
1.068364 -1.001821 1.322204
-1.435258 -0.142466 0.801113
0.566383 1.401107 -0.522094
-1.434597 -1.140578 0.228963
-0.240061 -0.472574 -0.131049
0.333384 -0.707915 1.397702
-0.577088 0.592332 -0.619472
-0.771800 -0.322229 1.082750
1.426958 -0.120426 1.156119
0.505979 0.067839 -1.225290
-0.709397 -0.870139 0.947128
-0.442510 -1.459807 -1.190618
0.782356 -0.084478 -1.276577
0.350480 1.440938 0.524030
0.824013 -0.012896 0.862633
-0.812254 1.301754 -0.732985
1.207606 -1.136988 -0.823883
-0.991201 -0.536739 -1.088599
0.035831 0.862346 -0.275264
1.077214 -0.535575 -0.324760
-0.869705 -1.413152 1.388616
-0.676811 -1.366249 1.384128
-0.716592 -0.071513 -0.275898
-0.644891 0.994829 1.045715
-1.239657 0.314604 -0.637301
0.112240 -0.258676 0.350236
-0.520785 -0.404082 0.365455
-0.030835 -0.915801 0.082913
-0.820786 -1.239621 -0.828723
0.673290 -0.183902 -1.298834
-0.395195 0.842627 -0.266251
0.652602 0.506023 -0.039498
0.160935 -1.354072 -0.991625
-0.511990 0.411453 -1.030122
-0.811504 0.407877 -0.346750
-0.065795 -0.999195 1.315073
0.938444 -0.086176 -1.303944
-1.410713 1.149383 -1.243383
-0.673888 -0.341140 0.661228
0.996770 0.404916 1.021656
-0.483401 0.218892 -0.397783
-0.765020 -0.741183 -1.187479
1.156131 -0.337942 0.546218
-1.082356 -0.633760 -0.914198
1.349394 1.053181 1.320128
1.301200 0.434449 0.083969
0.515472 0.920641 -1.118142
0.545274 -0.446925 1.253147
0.003556 0.175026 0.982340
-0.723161 -1.162551 0.257618
-1.350941 1.484884 -0.767418
-0.108902 0.451568 0.773185
-0.478470 -1.409320 -0.221882
-0.573155 1.240895 0.490894
-1.387335 0.973354 -0.941131
1.012478 -0.412956 1.262852
-0.073162 1.102794 -1.431727
-0.212060 -1.308616 -0.006631
0.397876 0.746838 0.047923
-0.659786 -1.365681 -0.543611
-1.479113 -0.622209 -1.301766
-1.487008 -0.630270 1.207054
-0.193812 -0.169460 -1.455867
0.264465 -0.279410 -0.615271
1.285804 0.914364 0.004756
1.151607 1.382386 -0.965218
1.295024 0.784789 1.497010
0.166664 -0.627124 -0.070373
-1.077974 0.633821 1.114641
-0.470928 0.511649 -0.165636
0.101719 0.020647 1.147085
0.313965 0.183481 1.413489
0.031121 1.012028 -0.455939
-0.972729 -1.246965 -0.151104
0.789571 0.023745 0.721530
-0.897231 -0.875406 -0.975714
0.206420 1.169571 1.272926
-0.081204 0.920740 -0.711813
-0.000062 -0.592533 -1.310077
-1.116000 -1.384857 0.393816
0.450878 0.120537 -0.834562
1.369043 -1.425786 -0.640695
1.256909 -0.672783 0.099983
1.327418 -0.057974 -0.443623
0.402900 -0.526439 0.127188
1.261256 -0.458560 0.821633
0.159921 -0.308454 -0.474159
0.352899 0.686788 1.223626
-0.835191 1.493046 -1.284817
0.622418 1.038335 0.310677
-0.859426 0.804244 -1.265013
-0.549307 -0.944388 -1.018167
0.671893 -0.169652 -0.602260
0.829435 -1.153257 0.074303
0.666383 -0.423553 0.458356
-1.417646 -0.644938 0.172637
0.202732 -1.341695 0.535298
-0.530828 -0.772589 -1.100699
1.044363 -1.208737 0.115720
0.446253 1.095048 -1.233879
0.392446 0.458561 1.056522
-0.194609 1.278710 1.287773
0.573198 0.274441 0.770688
0.507430 1.393371 -0.619664
1.038976 -1.140125 0.443371
-0.214733 -0.944948 -0.360503
-0.868639 -0.625810 0.796832
0.824338 0.064074 -0.489882
0.217790 -1.493110 0.524932
0.368801 -0.613028 -0.611219
-0.676226 1.353534 1.060412
0.199794 -0.513997 -1.382663
-1.298087 -0.153293 0.994066
0.481812 1.253410 -0.234783
-0.878588 0.022336 -0.520694
-1.421521 -0.983869 -1.357288
-1.466493 0.848972 -1.108552
-1.479703 0.293012 -0.960989
-0.323654 0.575522 0.933117
-0.383685 -0.610333 -1.297532
0.350046 0.096736 -1.110320
0.129161 1.113517 -0.741327
-1.013669 0.964893 -1.251469
0.952826 -1.032005 0.266946
1.133541 -1.284117 -0.913382
-0.893037 -1.420151 -0.202245
0.912282 -0.841275 -0.350333
-1.077565 -0.715942 0.804841
0.537962 0.326177 0.251149
-0.343937 0.527312 0.546604
-1.179642 0.116082 0.212109
1.007028 -0.808587 1.420307
0.041568 1.129609 0.299284
-1.035677 0.867091 -0.892956
1.377183 -1.125293 -0.433795
-0.996514 0.370305 1.436041
1.058348 -0.389666 -0.769533
0.149509 -0.857679 -0.408271
-0.915936 1.139810 -0.089699
-0.154689 -0.028352 -1.046063
-0.236571 0.604947 1.442014
-1.135254 0.177444 -0.060668
0.806525 1.086236 -0.392982
-1.448307 0.056119 1.463455
0.474603 0.509192 0.603746
0.767557 -1.023666 -0.323386
-0.491756 -0.130498 0.163511
0.738468 0.482598 1.218076
-1.020263 -1.247739 -0.118350
-1.474648 0.206190 -0.667283
1.450445 0.515194 0.185848
-1.095270 1.072983 0.553868
0.122808 -1.175060 0.775814
-0.228846 -0.595470 0.346514
0.409187 0.162227 -0.570410
0.898930 1.282643 -1.177892
-0.908861 -0.087786 0.632394
-1.466420 0.719947 0.307160
-0.321988 -0.710463 0.387467
-0.380846 -0.806553 0.685264
0.444904 1.227209 0.378970
1.049776 -1.125946 1.450339
-1.462196 -0.187668 -0.417653
0.158247 -0.029268 0.884284
-0.002883 1.100446 1.470413
0.364695 -0.436186 -0.703622
-0.029491 -0.813874 -0.837677
0.827543 -0.683208 -1.249159
-0.279332 -1.410763 1.464723
-0.317806 0.667403 -0.961644
1.307615 0.840624 0.843701
-1.000170 -1.022149 0.706014
-1.209662 0.103044 0.406814
0.470238 -1.394019 1.250249
1.340732 0.536674 -0.934299
-0.912338 0.612842 1.131946
-1.159235 -0.686823 -1.121105
0.394600 0.696935 1.180204
0.608760 -1.493953 1.060723
-1.012770 0.572789 -1.270723
-0.664907 -0.979465 0.987208
0.086678 -0.702340 -0.716555
0.796979 0.226800 0.179123
1.232984 0.392969 -1.287682
0.852867 -0.665118 1.127406
0.130087 0.646810 0.552165
1.349251 1.022965 0.151644
0.376622 1.301953 -0.696983
0.182944 0.207079 -0.298659
-0.988818 -0.247156 1.125669
0.128068 0.810957 1.363494
0.758051 0.585229 -1.298328
0.925088 -0.664958 -0.778330
-0.048856 0.432956 0.453810
0.496413 -0.784554 0.293882
0.861214 -0.536734 1.407666
0.543961 -1.014341 1.021698
0.614171 0.319560 -0.874084
-0.327980 -0.771012 -0.767016
-1.194079 -1.189410 0.890986
-0.513774 0.787489 0.710977
1.165797 1.084624 0.059836
0.888399 0.726728 -0.117249
0.323018 1.083968 -0.484382
0.095511 -0.059655 0.428081
-0.210329 1.413430 -0.681106
-0.807796 -1.444561 0.085868
-1.165610 0.012462 -1.147597
-1.079877 -0.432636 -0.017094
-0.841913 1.400483 -0.523016
-0.148159 0.316305 0.909569
1.288633 -1.437373 -0.282258
-1.453968 1.172924 1.437215
1.324303 0.535839 -1.459394
1.001298 0.425274 -0.505795
1.361935 -0.006722 0.208827
-1.419036 1.421959 0.513108
-1.043367 -0.175370 -1.184451
-0.774461 1.486476 0.932971
-0.366998 0.600266 1.466237
0.582667 0.081250 0.995443
0.765160 -0.508890 -0.749312
-0.608577 0.373116 0.289515
1.165146 0.781755 -0.318575
0.285202 1.217283 -0.171666
-1.278815 0.625102 -1.462078
-1.210226 0.068602 1.083806
-0.773174 -1.355120 0.132066
0.641615 0.214086 -0.789657
1.325172 1.040486 1.499645
-0.695883 -1.325454 0.994887
-0.466486 1.436947 -0.459648
1.148328 -0.278216 0.445256
0.025241 0.841440 0.437128
0.158462 -0.641149 0.813430
0.832289 0.646287 0.623034
-1.275241 1.217382 -0.623835
1.442578 1.129076 -0.475175
0.283524 -1.170018 -1.492270
-1.153430 1.496025 0.642921
0.678392 -0.060919 0.608250
0.816027 1.005477 -0.942670
-0.792770 -0.291128 0.986062
1.294853 0.622321 0.468438
0.264121 -0.814634 0.019403
1.457674 0.020566 0.154868
-1.163526 1.445622 -0.685954
-1.132684 1.283071 -1.453232
-1.152301 -0.311095 -0.326330
0.864802 -0.103823 -0.983696
-0.438617 1.214256 1.398372
-0.778060 -0.521297 -1.340209
0.794008 -1.198668 -0.656784
1.103413 -1.303881 -1.012653
-1.117173 -0.861095 0.823148
1.275485 0.274464 -1.401065
-0.731133 -0.218207 -1.237623
0.373843 -0.235662 1.384304
-1.264133 1.454292 -0.468740
-0.114519 -1.095800 -1.277840
1.179043 0.608205 0.871151
-0.889160 0.088900 0.064857
-0.244985 -0.421705 -1.098165
0.247775 -1.036015 1.205270
0.791661 -0.240411 -0.358888
-0.509916 0.871755 -1.206165
0.106751 0.139517 0.238819
-0.360860 0.090775 1.445492
-1.486200 0.962840 -0.714416
0.482057 0.181440 1.451729
0.602258 -0.981715 -1.256115
0.000274 -0.283672 1.102942
0.454213 -0.177005 -0.358112
-0.903134 -0.869379 1.267663
1.124492 1.089148 0.868457
-0.512994 -0.916630 0.691888
-0.965578 0.938802 0.973754
0.153483 0.760932 0.028683
-0.526498 -0.973335 0.741020
0.726549 1.481207 1.348919
-1.365197 1.437011 1.408951
-1.231676 -0.817080 0.913918
-0.382316 -0.216846 0.986040
-1.158836 0.407096 -1.145101
-1.297906 -0.728870 -0.667915
-0.213120 -0.436519 -0.655020
-0.892008 -1.113096 -0.068627
0.792237 1.072279 0.316444
-0.220549 1.166453 -0.276549
0.983461 -0.722823 0.895880
-0.781471 0.258834 -0.342113
-0.217505 0.744328 0.087369
-0.172660 0.849942 -0.806043
-1.330453 0.832810 -0.900121
-0.748885 1.447149 -1.160244
-1.127030 -1.471258 -1.482077
-0.735372 -0.941879 0.920518
-0.177254 0.573034 -0.161840
0.574900 -0.704148 1.186856
1.278363 1.257694 1.457781
0.436548 -1.135083 -0.463657
1.321184 -1.074285 -0.629692
0.943009 1.020959 0.997315
-0.868482 1.296880 -0.612346
-0.581650 -0.492767 0.197063
0.677703 1.218086 0.866136
-1.473635 0.092770 -0.751425
0.236569 0.198947 -0.314512
-1.034980 -0.496690 1.378226
-0.025826 -0.248845 0.782264
-0.436481 1.471963 -0.130968
-1.499056 -1.429091 -0.292819
-0.327418 1.356447 -1.425968
1.217930 -1.013991 0.914228
0.588230 -1.186877 1.304786
1.304250 -0.281975 1.251367
-0.601741 -0.722735 1.186993
0.508250 -1.397279 0.821956
0.251716 1.185540 0.816218
-0.819750 1.103093 -1.213367
0.941481 -1.170481 -0.262654
1.364736 -0.015824 -0.104048
-0.795885 -1.041857 1.250703
-1.186226 -1.079953 -1.187490
0.737444 0.003770 -0.925047
0.460104 -1.436661 1.444409
-0.208010 0.247054 0.128742
0.349429 -0.165857 -1.411695
-1.430878 0.015107 1.421543
-1.325085 0.937910 0.290319
-1.275157 -0.488008 0.029654
-0.815447 0.464552 1.228428
-1.381292 0.148174 0.916671
1.258809 -1.053782 1.426318
0.078503 -1.346751 -1.423549
0.963151 0.372724 0.722105
-1.177925 -1.271362 -0.882093
-0.020956 -1.113713 -0.025362
1.058346 1.161918 0.278656
1.140089 -1.281054 -1.483431
0.025954 -1.392643 0.788274
-1.164046 -1.216671 -0.860083
-0.511696 0.962468 0.309981
-0.890660 0.393949 -1.394618
-0.045761 1.046502 -0.986617
-1.250102 -1.453633 -0.240182
0.371067 0.673973 -0.439125
-1.236665 0.844043 -0.889361
-0.312593 0.016733 -0.390033
0.697741 -0.366104 -1.256392
0.599480 -0.101898 0.247376
0.190691 -0.662910 0.500030
-0.247844 -1.137004 -0.525678
-1.169741 -0.169654 -0.759869
1.402716 -0.219738 1.219363
-1.052690 0.048493 -1.468513
-0.026551 1.212584 -0.567250
-0.873362 -0.056118 0.906731
-0.588316 -0.934201 0.892223
-1.092947 -0.921331 0.792036
0.166542 -0.348129 0.489593
-1.366508 1.312743 1.379497
0.110838 -0.636989 -1.257464
-0.119863 1.444562 -0.062050
0.406876 1.442582 0.789595
0.631777 1.166455 -1.175914
0.147120 1.015987 -0.782957
-1.439734 0.387119 0.654776
1.272924 0.598960 0.112672
0.821503 0.554907 0.393773
1.392776 1.129641 0.918224
1.091250 -0.883101 1.398177
0.263288 -0.571346 1.107758
0.922465 1.430269 -1.443559
0.107364 -1.003047 -1.374342
-1.172353 -0.502503 1.177604
0.490839 1.060224 0.057376
1.074632 1.217646 1.054208
0.857326 0.503107 -1.289779
1.246295 1.435750 -0.807685
-0.489324 0.309061 -0.418532
1.248654 -0.437055 -0.406091
0.892215 0.708723 -0.256190
1.258193 1.034557 0.825072
-0.545394 0.855128 0.643740
-0.531119 0.624939 -0.926772
1.009374 0.083050 0.882902
-0.840709 1.206002 1.423481
0.959154 -0.300452 -0.272789
-0.140562 1.357297 -0.887937
1.239241 -0.678968 0.731799
0.172505 0.697349 0.858659
-0.079932 -0.956118 0.022603
-0.204078 0.164345 0.628779
-1.455407 0.778289 0.469894
0.205457 -0.497771 1.210864
0.342724 0.052170 0.756201
0.570146 0.089589 -0.266766
1.102026 0.987005 -1.357344
-0.379776 0.467062 -1.285092
0.136901 -0.550667 0.330129
1.001919 0.791733 -0.811135
-0.183059 0.666416 0.937598
0.054054 0.282891 -0.644398
-0.099634 -1.385563 -0.547684
0.701008 0.609940 -0.366394
-0.657432 0.578569 0.115944
0.700980 1.423636 0.834414
-1.254299 -1.413816 1.493501
0.000905 -0.008795 -1.329917
-1.065025 0.655865 0.197138
-0.888243 1.097071 -1.371170
-1.450533 -0.413620 0.687086
0.385553 0.635767 -0.876799
0.913406 -1.242939 1.430715
0.166832 1.421899 0.928610
-1.229269 -0.095512 0.710209
1.319029 0.608672 1.321549
-1.265033 1.006833 -0.778083
0.787878 0.430073 -0.356967
0.981862 0.597861 -0.319027
0.768193 1.159541 0.334611
-0.179714 0.652755 -0.520910
0.982096 0.484910 0.576899
0.090239 0.411471 0.145019
0.610795 -0.306099 -0.338995
0.259132 -1.108968 -1.391098
1.235515 0.312814 -1.385585
0.778267 -1.321528 -1.408260
-1.272842 -0.755255 -0.876701
0.496445 1.176262 0.242515
-0.847591 0.176104 0.512524
-1.143205 -1.014800 -0.469325
-1.344114 0.285576 1.412507
-1.013983 -0.728622 -1.278105
1.366787 0.758446 0.071281
-0.138787 -1.059878 -1.126860
-0.688153 0.984620 1.358521
-1.347044 0.368046 1.424718
0.624128 -0.225983 1.321803
0.033094 -1.211335 1.085076
-0.847488 -0.878688 1.496034
1.113550 -1.436628 1.201622
-0.725334 0.179858 -0.193555
-0.554658 0.144793 0.034034
0.696025 -0.707904 0.058152
-1.078114 1.101393 1.393296
0.841891 1.116223 0.036915
1.340236 1.339238 0.015210
-0.755426 0.121274 -0.308877
0.159471 -0.775305 0.254788
1.217772 -0.785518 0.862812
0.831662 -0.808667 0.861874
0.806018 1.210687 0.814421
1.004121 -1.160977 -1.159053
0.925743 -0.552064 0.669587
1.071251 -0.292644 0.372707
-1.088569 0.764399 0.308152
-1.376300 1.337457 -0.623699
1.120775 0.867970 -0.528032
1.407015 -1.290054 1.035393
-1.308504 0.543971 -0.173556
0.295803 -1.018175 1.311853
0.564113 -1.113163 0.372565
-1.471675 0.547268 -0.837090
1.259478 1.176566 -1.348052
-0.504150 -0.881501 0.207332
1.154856 -0.830311 -0.435499
-0.321998 0.362801 0.744368
-1.411089 0.609849 -0.687508
0.814469 0.084339 0.732325
-0.703698 -0.501748 1.470321
0.280227 -1.174428 -1.144509
-0.265155 -0.702961 0.805486
0.698803 -0.991686 -0.567821
0.399581 1.077543 0.194133
-0.674848 0.902987 -0.621208
-0.157770 0.394142 0.813927
0.721096 1.163317 1.282248
-1.335114 1.014921 -0.163892
-0.304554 -0.694880 -1.108058
0.235570 -0.138622 -0.405793
0.873470 -1.048069 -1.058768
-1.207807 1.312944 0.907699
0.049314 0.389818 0.301893
1.131274 -0.995935 -1.248417
-0.006456 0.179988 -0.653565
-0.299051 1.010548 1.229611
0.780434 -1.196969 -1.200108
0.308279 -0.145913 -0.661673
0.180524 0.819543 -1.309478
1.361966 -0.371791 0.844011
0.630788 0.746917 -0.696481
-1.399735 -1.216313 -0.316554
0.852692 0.582962 -1.062415
1.453504 0.268385 0.313985
-0.780087 -1.400081 0.080657
1.050954 -1.092948 1.105993
-0.532271 0.859118 0.930580
-1.069096 -0.380569 -1.256152
0.497129 1.498970 1.030951
-0.803391 0.846176 0.335930
1.320379 0.279524 -0.229902
1.225659 1.416730 0.221867
0.505415 1.200701 1.223527
0.791398 0.748121 1.150790
-0.790624 -0.693879 -0.092239
1.388748 -1.483897 1.329725
-1.394352 -1.013078 0.628440
1.140905 1.445995 1.068733
-0.969037 1.353909 -1.438745
-1.081843 -0.226958 0.148749
0.110982 0.236426 -1.438596
1.273415 -0.650453 -0.102654
1.115270 0.627777 -0.724822
1.230249 0.571216 1.025471
-0.125004 -1.391449 1.394236
-1.407831 -0.600036 -0.607545
-1.214182 -0.358059 -0.663727
-0.271104 -0.303237 -1.363147
0.022786 1.433384 1.436313
1.278656 -0.734593 -0.511769
-0.535587 -1.139480 -0.910759
-0.512389 -1.180473 1.041770
-0.987701 0.198704 -0.896273
-0.541657 0.630507 1.384370
-0.108645 0.067170 0.712173
0.704049 -0.171941 0.576650
1.217528 -0.954035 0.291970
-0.047952 -1.021620 -0.692115
0.571711 -1.031706 1.343830
-0.852693 0.361907 0.875606
0.277129 1.253252 0.774054
-1.247070 -0.026745 -0.872326
-0.432809 0.942658 0.598400
-0.904242 0.046420 -0.012200
-0.092680 0.098257 0.895749
-0.520170 0.764564 1.096713
-0.162340 -0.644622 0.694655
1.035768 1.411804 -0.589542
1.029837 -0.105065 -0.071262
0.894050 -0.641195 -0.223658
-0.313353 0.796793 0.836662
0.413941 1.263093 1.195933
-0.125502 -0.975699 -0.570153
-0.251527 -0.464649 1.464362
-0.122997 0.204067 -0.038094
-0.302680 0.756527 -0.290775
0.954431 -0.931216 -1.467242
-0.503676 0.289698 0.114736
-0.776066 0.104668 -0.061715
0.490985 -0.016921 -0.270758
-1.281926 0.861906 0.215871
0.794050 1.217881 -0.260412
-0.529349 -0.263060 -1.120508
-0.716470 1.171449 0.430268
0.932236 -1.060586 0.134676
-0.104456 -1.358005 1.358050
-1.290102 1.435306 0.735390
1.222666 -0.479732 0.894637
0.461521 -0.301974 1.484950
0.630418 -1.328718 -0.248359
1.117922 0.700894 -0.919450
-1.267619 0.085818 1.359452
0.923041 0.848076 -0.512472
1.100549 -0.841508 -0.706674
-1.216884 -0.312745 -0.964578
-1.367874 0.473259 0.575147
-1.080321 -0.474164 -0.787639
0.897175 -1.176421 0.790744
0.501088 0.384650 -1.337937
-1.062359 0.540198 -1.382974
-1.338010 1.419301 -1.217765
-1.476537 -0.449165 0.684460
0.167668 0.678110 0.923696
1.294249 -1.494152 0.104743
1.095262 1.127410 0.926997
-0.369808 -1.177829 -0.447687
-0.721474 -0.997462 -0.345480
-0.073642 -0.075557 -0.566234
0.279607 -1.150786 0.599589
-0.854509 1.165376 0.511648
-1.379440 0.627878 0.278632
-0.740342 1.416360 1.129816
1.294140 0.082395 1.277529
0.221594 -0.459224 -1.280721
0.755512 -1.203473 -0.732930
-0.388251 1.177566 -0.032341
0.291057 -0.334076 -0.724452
0.189150 -0.222186 0.372578
0.571316 -0.734275 -0.817144
-0.737068 -1.181133 0.632095
-0.802042 -0.862163 -1.075592
-0.603818 1.314404 1.005933
-0.846846 0.597383 -0.956179
-1.454406 -0.695365 -0.962360
-1.448914 -0.681348 1.116881
-0.455866 -0.063365 1.396953
-0.718353 0.619518 -0.169857
-0.358724 0.589667 0.338758
1.281434 1.434851 1.119293
1.108817 -1.394243 -0.884809
1.437102 -0.825020 -0.472732
0.815267 -0.605504 0.265388
-0.963973 -0.030669 0.282624
0.606870 0.160719 0.038566
0.863372 -0.343756 0.571139
0.993493 0.716288 -1.458542
-0.253582 -1.104127 0.361000
-0.243538 -1.020416 -0.459439
-0.497436 1.342951 1.052197
-1.196397 1.023979 1.308375
0.696251 -0.574210 -1.111651
1.217855 0.966137 0.231807
-0.449638 -0.343120 1.064472
-0.107379 -1.420790 -0.279015
-0.689613 0.329565 0.360622
0.355721 0.787483 0.929401
0.660028 -0.120050 0.871284
0.774880 0.928141 -0.532718
1.361374 1.311602 -0.961190
-0.814284 0.047626 -0.833932
-0.797349 -0.932005 0.785505
0.656728 -1.387401 0.458429
-0.812822 0.571096 1.454698
0.669512 0.860688 -1.332302
1.235147 -1.027808 0.553766
-0.772588 0.599347 0.033489
0.258165 -1.270599 0.064762
0.388995 -0.113285 0.221300
-0.816138 -1.303118 0.331375
-1.331976 1.365486 1.296713
-0.533110 -1.121955 1.339159
0.617812 0.154504 0.004433
-0.975025 1.071487 -0.729896
-0.197102 0.277586 -0.915214
-0.094245 0.513779 -1.409156
-0.515980 -0.849333 0.916938
0.086455 -0.785592 -0.920771
-0.682674 0.231067 -0.028746
-0.377263 -0.395525 -0.847188
-0.579250 -0.558890 0.718765
-0.704387 1.346333 0.163399
-1.375306 -0.027650 0.595284
-0.891047 -0.535132 -0.892136
0.206635 -0.476958 -0.120470
-1.207021 -0.159758 1.493456
0.715304 -0.108927 -0.957064
0.240599 -0.879756 -0.628209
1.408554 0.324858 -0.334511
-0.306007 1.085740 -0.624521
-0.343138 -0.124836 -0.980566
-0.096862 0.620204 -0.026742
1.410345 -1.367601 -1.223193
-0.684227 1.419618 0.707106
-1.049401 -0.317877 -0.603927
-0.785433 -1.474841 -0.609767
0.516222 -0.234543 -0.617461
-0.829291 0.782450 -0.872917
0.574108 0.957259 -0.931735
1.408183 1.364945 -1.346382
-0.192767 1.021778 0.208907
-0.214786 -0.612088 1.318710
-0.992989 0.957613 -0.172649
0.110632 -0.942380 -0.564878
1.026620 0.688737 0.873977
-0.975757 1.256072 0.740079
1.016802 1.103745 -1.191305
-0.733435 0.731068 -0.459096
0.133496 0.479851 -0.129503
-0.924097 -1.206284 -0.780681
-0.765990 -0.368131 -0.579630
1.015497 -0.809073 1.383781
1.183257 1.091498 0.639886
-0.854921 0.478939 0.008293
-0.888729 0.997457 0.738336
0.304428 1.081038 1.243570
-0.924220 0.805420 -1.245320
0.409028 1.430020 -0.589799
-1.458423 1.231936 1.349531
-1.364532 1.432480 -0.053486
0.252253 -1.144095 -1.105466
-0.011407 0.633547 0.420320
1.257709 -0.655251 -0.205524
0.178007 1.379807 0.918875
0.890390 1.171734 -0.872201
-0.796051 1.000754 1.296575
0.429382 -1.326315 -0.076442
0.012464 0.290335 -1.008210
-0.159139 1.132331 1.469280
-0.976215 1.206590 -0.491027
-0.043811 -1.436966 -0.019471
0.582630 1.439020 0.049476
-0.674813 -1.398273 0.169130
0.343677 1.069271 -0.391378
-1.437834 1.329871 0.836518
0.639507 0.284089 -0.799637
-0.869965 0.532969 -0.124004
-0.495148 0.074757 -0.439924
0.977951 0.442139 -0.699760
-0.739170 1.050743 -0.781913
-1.397661 -0.705757 0.170055
-0.022102 -0.779582 -1.465218
-1.153410 0.704683 -0.758679
0.582369 -0.670771 -0.351927
0.629985 1.000509 -1.217883
-1.023008 1.488390 -0.580921
-0.979086 -0.659726 -1.245553
1.051843 0.890593 -1.337982
-0.923477 -0.834090 1.459808
0.170448 1.058612 -0.232108
1.053467 -0.972750 1.085412
-0.470468 0.496651 0.797966
-0.878075 -0.579554 -0.263433
-0.732157 -0.278278 -0.454347
-0.080363 0.236258 0.010213
-0.829920 1.464572 -1.221709
0.673986 -1.224554 -0.827375
0.357845 1.477333 -1.395064
1.014397 -0.388213 0.273531
-0.260736 0.682838 0.070132
1.241832 -0.898894 -1.392648
-1.207180 -0.587828 -0.668770
-1.163488 -0.369031 -0.777666
-0.443006 0.789793 -1.471781
-0.109442 -0.811101 -0.457638
-0.092457 -0.754709 0.075246
0.664523 1.143261 -0.967738
-0.494210 -1.478557 -0.656458
-0.084564 -0.399334 -0.906820
-0.564765 0.754290 -0.806646
0.025808 1.426407 -1.213888
1.378503 -1.220603 0.334055
1.395783 0.460623 0.495488
-1.093641 0.030249 0.404736
0.014260 0.228597 1.480669
0.515363 -0.689753 0.695266
-0.156594 0.780627 -0.417927
1.143245 -0.241216 0.986143
1.358717 -0.868512 1.150505
-0.564708 1.386952 -0.975314
0.810657 0.069758 1.272853
-1.394163 -1.021573 0.311246
-1.238234 0.021349 -1.367613
0.057012 -1.166139 -1.031051
-1.220013 0.847060 -0.469213
0.337860 -1.073685 1.358857
-0.990964 -0.213256 -0.516507
-0.161469 0.928367 0.910062
-1.004279 -0.692668 -1.245311
-0.874379 -0.569191 -0.522203
-1.445626 -0.353833 0.555646
-0.148373 -0.210072 -1.343120
-0.865842 1.477544 -1.417171
-0.987300 -0.106850 0.717777
0.362373 1.100525 0.566220
-0.197134 1.323686 1.083641
0.100553 -1.115915 -0.611151
-0.750822 1.086559 0.198929
-0.248551 0.833426 -1.196857
-0.997315 -0.455548 0.580720
1.345431 -0.965921 0.665977
0.898558 -0.420971 1.358114
-0.504111 -0.510104 1.401297
0.949938 -1.446896 0.204810
0.324823 1.172330 -1.080890
-1.432076 -0.835488 -0.858386
-1.458722 -0.778083 0.043205
-0.972657 1.222656 -0.190084
-0.279730 -1.362546 -0.620153
1.302866 -1.073975 -1.173854
-0.316580 1.196454 -0.626642
-0.203625 -1.226677 -1.384636
0.654513 1.237744 -0.173092
-0.040751 -0.315427 -0.840543
1.261172 -0.071200 -0.520358
0.604324 -0.816380 -1.240004
-0.947895 -0.149880 -0.521706
0.035103 1.246833 0.321087
-0.756270 0.725604 0.518841
-0.197728 -1.378006 -1.049668
-0.630242 -0.291931 -0.050062
1.310639 1.255484 -1.229161
0.462162 -0.778832 -0.510309
1.069743 -0.835546 -1.179801
-1.330298 1.079172 -0.641084
0.697353 0.722698 -0.951350
-0.524967 -1.237095 0.593159
0.354688 -0.286699 -0.032397
0.928222 -0.679383 1.212971
0.035641 0.311446 -0.495446
0.254670 -0.377153 1.090713
1.328784 1.126999 -0.702097
-1.082454 0.301862 1.038962
1.095001 -0.984894 1.088047
0.172942 0.204263 -0.366349
-0.643589 -1.212447 1.461773
-1.497421 1.193749 -1.090282
-0.045670 0.716700 -1.254922
-0.494567 0.669157 1.385162
1.205437 1.193532 -0.581605
0.594883 0.266938 0.628102
1.370705 -0.123284 0.147409
1.381821 0.603800 -1.018987
-0.729922 -0.219703 0.774504
0.865683 1.390785 1.187473
-0.120909 -0.114035 -1.440960
-0.802528 0.454083 0.095215
0.145801 0.445236 0.907110
-0.087019 1.185312 -0.019994
1.217783 1.009506 -1.162398
-1.292982 -1.176864 -0.828781
0.765470 -1.373282 -1.309733
1.428893 0.997573 0.624228
1.440792 0.253345 0.088771
0.489922 0.856721 0.981891
1.219826 -0.093295 0.028606
-0.916800 -0.589313 1.422381
0.225519 -0.366358 0.664054
0.404227 -0.951135 -1.140361
0.382548 1.233254 1.406653
0.707780 -0.805512 0.130075
-0.638445 1.137479 -0.529413
0.646932 -0.973892 0.808460
-1.285594 -0.883559 0.994349
0.330916 0.716889 0.799173
-0.484241 -1.430061 1.340608
1.134198 -1.357221 0.518039
1.478522 -0.856370 1.227103
-0.917986 1.255201 -0.165199
0.238253 -0.533418 -1.108416
-0.334071 1.364477 0.682126
-0.829829 0.197251 -1.145118
0.646341 -1.273775 -0.431132
0.423019 -0.831194 1.448024
-0.651960 1.014307 0.331551
-0.876288 1.153322 0.603150
-0.198800 -0.754576 0.605522
1.092253 0.581712 1.205114
1.035368 0.723063 -0.134044
-1.271741 0.541728 1.075414
-1.158983 -0.813520 0.476807
-0.044663 -0.539953 -0.694558
-1.378720 1.239416 0.893994
0.237004 -1.268707 1.383626
0.041760 0.855367 -0.136592
-0.925259 1.302611 -1.175662
-0.645951 0.557917 0.986181
-1.004242 -0.446270 1.196621
-1.286982 -1.230339 -1.425600
-0.540304 -1.089881 -0.673179
0.957108 0.649532 0.810762
0.185919 -0.214676 -0.773750
-0.335924 -1.006898 0.031544
0.750445 0.373115 1.243741
0.976184 0.742439 -0.668052
-0.185637 -0.846221 0.975098
1.081152 -1.194750 1.288012
0.893687 -0.834843 0.511190
0.997798 0.860838 1.268003
-0.601821 -0.719891 0.330051
1.028444 0.552488 -1.264472
-0.297298 0.980891 -0.557995
1.206976 0.725215 0.859576
-0.314574 0.796082 1.055170
-0.888167 -1.452968 -0.132039
0.948203 0.041226 -1.135984
1.010749 1.341400 -0.117723
0.112977 -0.743008 -0.539379
0.075658 0.694387 0.770010
0.326197 0.531858 -0.726542
0.029363 -1.318523 -1.302206
1.352651 0.419295 1.067074
1.454403 1.433264 -0.258647
1.200204 -0.992564 0.853841
-0.788442 1.485988 0.638115
0.481892 -0.051679 -1.394995
-0.425777 0.565768 1.227389
-0.882404 -0.155274 -1.009254
0.223980 0.731194 0.647098
-1.300363 0.865473 0.338510
1.333154 -0.369008 0.078490
-0.497226 1.156172 0.001733
0.625167 1.377562 0.234972
1.066795 -1.058487 0.973854
-0.623148 0.088792 0.985192
0.211972 -0.420274 -0.307339
-0.046392 -0.068942 0.831866
-1.056861 -1.242987 0.120461
1.176815 0.267850 -1.189120
1.225967 0.490287 -0.250753
-0.013307 1.341139 0.775631
-0.671940 1.298512 0.936882
-0.401334 1.392226 0.070750
-1.447370 -0.087030 1.105685
-1.222612 1.311038 0.056129
-0.478422 1.184010 0.907497
0.143254 -0.102868 0.215360
-1.480433 -0.883838 -0.460169
1.164059 0.446842 1.040042
-0.488576 0.650060 -0.901976
-1.360197 0.530377 0.092325
1.206563 0.631510 -0.798989
0.702583 -0.313133 0.182847
0.188976 0.337075 -1.049339
0.839306 0.848173 0.375790
1.491413 -1.236306 -1.412318
-0.110311 0.454776 0.772688
0.626884 1.452554 -0.044251
-1.166312 -0.125462 -0.267306
-0.515856 -0.493374 -0.056158
-0.495761 -0.499389 -0.558029
0.872889 -0.010759 -1.231728
1.425132 -0.286857 0.984132
-0.627750 1.481137 -1.248323
0.144486 -0.256428 -0.235563
-0.013261 1.249822 1.469245
-1.460544 0.824822 -0.733600
1.232667 0.544610 -0.509159
0.691123 0.882159 1.494824
0.067990 0.881029 1.362913
-1.483377 -0.748452 0.178547
-0.456028 -1.034466 -0.563027
0.243330 -0.268260 -0.395993
-0.786929 -1.150878 -0.265024
1.103780 -1.400586 -0.102462
0.040198 -0.509277 1.437961
-0.732268 1.400430 -1.288247
1.116121 0.274409 -0.802852
0.008230 -1.238220 0.866960
0.826890 0.124682 -0.265154
1.017645 -0.916954 0.422322
0.537205 -0.851228 0.225996
-0.277057 0.449111 0.750421
0.698647 -0.788289 -1.302352
0.048178 -0.900970 -0.120794
-1.184990 -0.933211 -0.498429
0.790734 -1.423364 -1.496428
-0.086348 0.418497 -0.328212
1.088016 1.496817 1.168364
-0.054477 0.688795 1.002435
1.496305 -0.946950 -0.552798
0.825382 -0.005300 0.473124
0.302405 0.692554 1.253851
0.212298 -0.626151 0.432461
-0.084256 -0.789040 1.332322
-0.448514 0.004509 0.675373
-1.413898 0.880635 1.306429
-0.885336 -0.292771 0.550301
-0.062538 -0.602727 -0.420699
0.934478 -0.639140 -0.786828
-0.046298 0.326732 0.574529
-0.830894 0.478190 0.093462
0.157958 -1.055870 -1.321167
-0.672018 0.390190 0.735316
0.474558 0.655620 -0.277805
-0.430886 0.500055 -1.391380
0.958022 0.259087 0.088105
0.682334 -0.170782 -1.443433
1.454707 -0.500030 1.296160
-0.330115 1.390934 -1.443132
-1.342273 0.455423 -0.357137
0.858246 -0.513033 -0.852653
0.782882 0.671642 0.105218
0.771309 -0.025909 -1.000901
0.384098 -0.049147 -0.809529
-0.617038 -0.773906 -0.920366
0.861369 1.182186 -1.309788
-0.152755 0.105695 -1.482370
-0.530525 0.043934 -0.878006
0.026943 -0.965027 -0.516460
0.821705 0.844328 -0.528131
-0.109648 1.216142 0.686328
-1.243563 -1.236461 0.184360
-1.471523 0.257713 1.008842
-1.164406 -0.435957 -0.301892
1.057446 0.098527 -0.178099
-1.151298 -0.838588 0.752139
-1.140469 1.243416 -0.533212
-1.028118 -0.268520 1.376339
-0.911608 -0.523544 -1.048469
-0.550482 0.330841 0.506475
1.083026 0.138726 1.305928
-0.049085 0.653750 -0.072213
-1.176257 0.157739 0.561430
0.623461 1.489069 -1.245747
1.131977 1.025863 1.054623
-0.176056 -0.353146 0.956162
1.276862 0.109950 -1.137038
-0.192998 0.709723 -0.464457
0.760355 -0.479482 0.668267
1.318196 0.492210 0.202817
0.397330 0.700702 0.000954
-1.132439 -0.019323 -0.903991
0.855927 0.047703 0.079375
-0.991643 0.820498 0.188188
0.122408 -0.847062 -1.467754
0.560924 -0.943177 0.439784
0.587115 0.751931 -0.499340
0.948239 -0.967306 -0.957999
1.356559 -1.360181 1.034442
0.299666 0.477325 -0.657579
-0.695891 -1.403940 -0.467332
-0.291173 0.203903 0.769602
-0.800090 -0.021753 0.948709
-1.160233 -0.864957 1.066951
-0.986321 0.846469 0.126039
-1.091781 -0.438778 0.107046
0.942457 -1.088277 -1.040562
0.111557 0.805365 0.468979
1.480217 1.139515 1.378643
-1.487852 -0.226301 1.003027
-0.717266 0.927808 -0.811106
0.789073 -0.585870 -0.070594
0.236280 1.311243 -1.274808
-0.356667 0.111649 1.216039
0.184040 1.296078 0.528755
-0.594169 1.098017 -1.353418
1.207994 -0.627322 0.191663
0.244702 -0.023290 1.456308
-1.337650 0.278964 -0.994981
1.163936 -0.274122 -1.465016
0.379551 1.253908 0.996309
0.110138 -0.274627 -0.398762
0.202105 -0.088475 -0.390055
1.238653 1.171306 -0.550178
-1.485858 1.281868 -1.244586
0.394341 -1.331593 0.267681
-0.778556 -0.503529 0.055048
-1.099314 0.002859 1.484645
0.841925 0.742417 1.193708
-0.015089 -1.235422 0.331901
1.205826 -0.919115 -0.163417
0.045932 -0.934433 -0.664978
0.885596 0.947964 -1.398989
0.177612 -1.487468 1.195809
-1.410457 -1.082274 1.391438
-0.534249 -0.515993 1.076115
-1.476858 -0.490388 1.375477
-1.212809 0.716953 0.278663
1.082745 -1.396120 1.391290
0.353074 -0.024175 1.198175
0.876520 -0.271467 1.026548
-0.527104 -0.259274 0.993389
-0.290841 -1.257059 0.857824
-1.255316 -0.486019 0.463210
0.474457 -0.797652 1.044562
0.243713 -1.109095 1.499325
-1.207995 0.723437 1.036715
0.556467 -0.344664 1.401166
-0.552836 1.139304 1.046024
0.615382 -0.149920 -0.950948
-0.793898 -0.369749 1.453271
1.145545 0.783199 -0.087958
0.632809 -0.396364 1.318265
-0.066973 -0.507274 -0.736100
0.680315 0.251773 -0.952452
1.492353 1.164552 -0.792353
-1.479976 -0.842508 -0.372153
0.499854 -0.517907 0.857444
-0.542338 -0.981565 1.306403
1.104882 -0.241021 0.930680
0.660536 1.239955 -0.180329
1.405479 -0.861643 0.607763
0.609463 -0.068033 1.447783
1.213588 -1.493407 1.172028
-1.340527 -0.269822 0.356345
0.947555 0.463929 -1.120553
-1.118328 -1.126133 -0.463502
-0.024340 -1.433047 0.593379
1.462312 1.169262 -1.089142
-0.134796 -0.311689 -0.666905
0.316747 0.182576 0.614810
0.014340 -0.152586 -0.722569
0.215771 -0.820937 0.070522
-0.078410 0.855229 0.094492
-1.259007 -0.928787 -0.905101
0.358925 0.937160 0.118713
0.394008 -0.835385 -0.961066
-0.963936 -0.814568 0.380515
1.380254 0.980849 0.627997
0.701002 -0.547500 -1.220474
0.538178 -0.000988 0.874295
-0.756323 0.006025 -1.193349
-1.226521 -0.487954 0.526215
-0.118308 -0.122850 -1.012694
0.823775 -0.360586 -0.209522
-0.323853 1.482246 -0.585969
1.410906 -0.007163 0.694054
1.314555 0.272999 -1.198352
0.160672 0.152421 0.141959
-0.284149 -1.179201 -0.018137
-1.481320 0.451414 -0.985295
-1.170568 -1.178534 -1.443259
0.307190 0.175684 -0.468864
1.002627 0.137730 -0.468375
0.175584 1.011020 -0.447463
0.277074 -0.647393 -1.172942
0.369107 1.133225 0.859777
-1.200527 0.352692 0.993934
-0.601768 -0.599493 0.161929
-1.084906 0.998176 0.703371
0.643130 0.368740 -0.367259
-1.286387 -1.469551 -1.123266
-0.059708 1.161160 -1.162655
-0.147336 -0.341124 0.489736
1.139493 0.728562 -1.000065
-1.489069 -0.913433 -0.377118
0.513885 -0.256262 0.211390
-0.892291 -0.760645 0.871963
-1.120740 1.329521 0.148822
1.312826 0.094602 1.417567
-0.980305 -0.422452 -1.278749
1.275087 0.052614 -1.265336
0.380980 1.098896 0.483271
0.464710 -0.328871 1.182811
-0.901216 0.987556 0.498707
0.635870 -0.023479 -0.180774
0.662877 -1.135723 -0.547469
-0.600417 -0.013666 0.447481
-0.378524 0.140039 0.505909
-0.389465 -0.586545 0.852395
-0.140355 1.367842 0.258438
0.408865 0.256056 -0.265748
-0.005281 1.267119 -0.710210
0.840726 0.220733 0.444521
1.156171 1.372376 -1.472239
1.376340 -0.146973 -0.925035
-0.933625 0.289819 1.471841
-0.929208 -0.187337 -1.129341
0.790138 -0.221154 -0.161668
-1.489228 0.553301 -0.477161
1.408124 -1.397401 -1.204166
-0.747837 0.763806 -0.920003
1.151462 0.636207 -1.446243
-0.777118 0.674448 -0.176219
-1.294424 -1.226798 -0.734366
-1.392552 -1.136296 1.243268
-0.171390 0.310430 -0.150274
-0.385703 1.035560 1.471044
0.581134 1.493202 -0.516269
1.435127 0.882905 0.647123
0.379070 -1.282040 0.706474
-0.035346 -0.517378 1.385328
0.643614 -0.278902 -1.409448
0.859881 -0.215952 -1.090773
-0.136948 0.726630 -0.239671
-0.538077 0.605304 0.856846
-1.287932 1.479896 0.474316
0.277435 -0.116213 -1.280205
0.864726 -1.305346 0.927713
1.298346 0.893949 1.229440
-0.540531 0.960899 0.335018
-0.280543 0.919865 1.262969
0.222946 1.394015 0.133000
0.705470 -1.470071 0.257215
0.838405 0.359715 -1.437034
1.318956 -1.199332 -0.367771
-1.342881 -0.681270 1.226123
0.979179 1.225466 0.926891
-0.448614 1.270268 1.268409
1.136679 -0.868211 -0.224419
-0.169723 0.053513 0.717398
-0.037601 0.484036 -0.741278
-1.334947 0.497597 1.197267
-0.134124 -0.897896 1.276293
0.662998 1.191445 1.456558
-0.906452 -0.539291 0.944964
-1.404090 1.370675 0.318872
0.124502 -0.397644 -1.473133
-1.303395 0.567036 -1.489058
1.033773 -0.202990 -1.251812
-1.146620 -0.393369 0.853212
-1.492323 -1.404828 -0.837981
-1.070106 0.401141 1.462320
-0.050557 1.133588 1.118446
0.764906 0.001656 0.376836
1.479288 -1.154493 1.105698
-1.181905 -0.137595 0.638448
-0.058192 0.644818 0.262377
-0.031113 1.046817 -1.289965
1.368690 -0.523175 0.015626
-1.270491 0.463943 0.097786
0.047378 -1.190404 0.608184
-0.227802 -1.285214 -0.883588
0.748702 -1.017688 0.405609
0.885529 0.986556 -0.521635
-1.361885 -1.078356 0.994224
-0.054680 0.690219 -0.992893
-0.009730 -1.478205 -0.486257
-0.366869 -1.010638 0.206315
0.876025 -1.206729 0.100159
1.430673 -0.496496 0.263578
-0.184750 -0.099614 -0.944358
-0.768096 0.571313 -1.258045
1.458233 0.038155 1.004367
-1.318717 0.452157 1.126646
1.329463 0.598258 0.599641
0.972542 -1.098828 -1.336822
1.376982 -0.954206 -1.043997
-0.543146 1.386154 0.498564
1.268532 1.081622 1.457508
1.404227 -0.642963 1.304502
0.040930 1.455068 -0.148203
-0.163159 1.250350 0.349376
0.841897 0.986356 -0.681403
-0.246883 0.831715 -0.079702
-0.514798 1.367477 0.988033
0.440355 0.038191 0.663558
0.921905 1.249552 0.266626
-1.009471 -1.252936 -1.003780
-1.115356 0.385060 0.648893
-0.676356 -0.072949 -0.511827
0.447358 -0.506767 0.505144
-0.531700 -0.621258 1.363573
1.378799 -0.998884 -1.274841
1.464214 -1.027162 0.819463
1.020132 0.305515 0.646330
0.648138 -1.326352 1.098575
-1.188576 -0.819865 -1.424858
-1.258208 -0.510773 -0.049394
1.314595 0.609164 1.491386
0.602314 0.456421 -1.268275
1.092217 0.591784 -0.982561
-0.721578 0.139743 0.009383
-0.366331 -0.835277 0.307223
1.094399 0.061080 1.491565
0.661984 0.106464 -0.600356
0.419916 -1.011593 -0.367307
-0.988390 1.212221 0.854062
0.263918 0.912200 -1.224438
-0.206074 -1.265688 -0.865352
-0.155815 -0.731446 -0.631206
-0.746814 0.431663 0.123108
1.166130 0.695982 1.067118
0.185830 0.833623 1.459447
-0.629700 0.715640 1.310459
-0.109846 0.807868 -0.428463
0.211088 0.713857 0.367088
0.725204 -1.094372 0.326774
-0.009996 -0.783128 0.379828
-0.276629 -0.152611 1.221297
0.603846 1.456639 0.797285
-0.186725 -1.325085 0.061468
-0.616884 -1.159440 0.174135
0.908069 0.319273 0.074816
-0.957143 0.680249 1.151900
1.369706 0.275939 1.345582
-0.427498 1.032252 -0.835591
0.010014 1.016170 -0.211653
1.332046 0.224969 -0.661272
1.035599 -0.547150 0.213548
-0.746870 1.016675 -0.501836
0.566148 0.548492 -0.397450
-0.331321 0.603077 0.393968
-1.353118 -0.255992 1.136903
0.755307 -1.024026 -0.666515
1.022579 0.342620 0.059580
0.903680 -0.868220 0.400874
-0.516673 -1.187526 0.874233
0.981835 -0.315743 1.453908
0.099825 -1.316025 -0.561567
1.492511 1.387641 -0.037304
0.232559 -1.328206 0.523118
-1.293586 1.287293 0.199273
-0.574433 -1.410959 -0.157317
-0.943369 -0.712823 -0.733236
-0.816729 -0.268973 0.361648
-0.101120 0.331827 1.337094
-0.937519 -1.218421 -1.459678
0.991029 0.696410 1.093873
0.822812 -0.493093 -1.115307
-0.602309 1.372038 -0.272933
0.057171 -0.312412 -0.879600
0.711616 -0.910231 -0.782683
1.103406 -1.171607 1.088645
-1.205677 0.310877 0.575390
1.295165 -0.026004 1.224044
0.272772 0.310959 0.506388
0.276042 1.141931 -0.827179
-0.894656 0.945706 0.363923
0.460876 -1.230934 0.536421
1.218008 -0.906508 -0.830703
-0.460926 0.059023 0.123116
0.119204 -0.834802 -0.764087
-0.136762 -1.228502 1.097736
-0.367523 1.456748 1.277314
-0.653771 -0.370083 0.674262
-0.126502 0.527111 1.203738
-1.061718 0.676202 -0.539168
0.392055 0.864887 1.478367
-1.486028 0.287782 -1.337711
-0.870883 -0.170250 -0.851424
-0.158409 -0.979480 1.454128
1.296797 0.071462 0.933449
0.214563 0.528451 -1.319566
-1.271973 -0.855019 1.153834
-0.073219 0.774668 0.013420
-0.654055 -0.618595 -0.441925
-1.287691 -1.118416 -0.449999
-1.397526 1.122073 -1.220797
0.550203 -0.401392 1.085608
0.738327 0.610191 -1.461307
-0.634763 0.277802 0.939893
0.169068 -0.117996 -0.056824
-1.336990 1.183478 -1.481721
-1.465438 0.445777 1.149207
-0.005294 -0.520813 1.179032
0.247482 -0.104104 -0.693367
-0.502961 0.557915 -1.018809
-0.149924 -0.747922 0.556332
-1.283995 -1.043824 -1.193016
1.015905 -1.377524 0.710678
0.485785 0.436496 0.117666
-0.230544 -1.394171 -1.481376
1.405373 -0.203056 -0.029464
-0.179948 1.396273 -0.423427
-1.201883 1.203170 0.151549
0.499462 -1.495466 -0.137185
1.399980 0.301190 -0.815653
-1.412190 0.435119 -0.872131
-0.205310 -0.996776 -1.286164
0.402373 1.105106 -0.722412
-0.669484 -0.596300 1.240042
-1.449961 0.106009 0.309834
-1.499649 -0.854383 0.015931
-0.462213 -0.071148 0.408939
0.777328 0.187986 -1.087849
0.996336 -0.330125 -0.168230
-0.171663 0.887354 0.539938
0.971777 1.498599 0.808993
-1.370413 -0.213854 1.288595
-0.633695 -0.939809 -0.439554
-0.667607 -0.172779 0.190261
1.304195 1.045127 0.944334
1.179276 -0.998609 1.186042
-0.101067 -1.223324 0.916518
0.117266 0.713819 -0.249414
1.379394 -0.321016 1.086994
-0.455584 0.315409 1.464772
-1.479085 -0.026370 -0.969953
0.879210 -0.054767 -0.263633
-0.247436 -0.894531 -0.475691
0.932691 -1.405750 -1.204021
-0.119435 -1.187745 -0.762322
-1.208087 0.351350 0.811966
-1.473740 0.076039 -1.308554
1.423554 -1.440761 0.558686
0.726309 -0.651017 0.594717
1.437552 -0.050457 0.473523
-1.339910 0.194807 0.939452
-0.232316 0.982120 1.325574
-1.326159 -0.523103 0.516303
0.059316 -0.161421 1.303759
-0.369122 0.391948 0.760840
-1.285825 -0.699076 -0.559523
-1.027127 1.491138 0.006650
-0.643566 0.152842 -0.208397
0.565917 1.463008 -0.825011
0.556131 0.961553 -1.196350
-0.796841 0.933646 0.904729
0.655306 1.167507 1.315722
0.849496 1.060194 0.828442
0.657619 1.410957 1.298557
-0.115000 -0.374151 0.306295
0.457217 1.250358 1.439040
-0.567741 -0.686711 1.403291
-1.476545 0.474102 -0.149327
-0.109221 -1.259576 1.066343
0.082450 1.381002 -0.937476
-0.901431 -0.760390 -0.842245
0.239862 -0.023079 1.091916
0.072772 -1.154598 -1.229761
0.783813 0.028743 0.168084
1.268606 0.728857 1.324325
0.400368 -0.742542 -0.494540
-1.041320 0.198853 0.429390
0.259718 -1.028096 -0.427247
0.369965 -1.178324 1.228775
-1.064488 -0.134898 -1.282180
-1.228734 0.616639 -1.252537
-0.433122 -1.090528 -0.734811
-0.452567 0.623057 1.478992
-1.449127 -0.455164 -0.161589
-0.831800 1.291723 1.222751
-1.269420 -0.513115 0.588262
-1.308443 0.196095 -0.730199
1.270166 -1.174000 -0.197826
-1.269811 -0.908902 0.954721
-0.954912 -0.319447 -1.343270
1.486477 0.604771 -0.694183
0.230751 -1.109575 0.313723
-1.339077 1.046418 0.027225
-0.809780 -0.123016 -0.990420
0.866593 -0.621437 -0.317931
0.427284 -1.094798 -0.883221
-0.105655 0.836851 -1.061166
0.631892 0.659595 -0.317841
-1.262213 -1.391216 -1.218913
0.130070 0.621799 0.632218
0.507451 1.295896 -1.075599
0.274037 0.995010 1.486215
-0.673373 0.238945 0.061735
0.035608 -1.475020 0.361490
-0.374604 -1.460962 -0.612907
-0.180177 -0.863063 0.539005
-0.596562 1.485318 -0.593441
0.277376 -0.245656 1.308765
0.868336 -0.251424 -0.001185
1.067708 0.870013 0.124255
-1.337366 -1.272780 1.243021
1.259108 -1.435177 0.302421
0.574629 0.035256 0.840571
0.575551 -0.894373 0.777909
1.123932 1.421881 -0.755883
-0.336743 -0.004650 -1.254191
-1.125035 1.329884 -0.917689
-0.270599 -0.821629 -0.877253
1.067451 -0.789496 -1.009260
1.399620 -0.611479 0.807758
-0.574867 -0.566896 -0.631631
-0.152147 -0.268956 0.995818
-1.015930 0.748003 1.117722
1.205324 -0.258731 0.463630
-0.752848 -0.729494 0.417312
1.436578 -1.248931 -0.763648
-0.959335 -1.477309 1.071388
1.232255 -0.592892 -0.394646
-0.146961 1.092132 -1.014616
-0.400501 0.975836 0.456755
0.039964 -1.144653 -1.093662
0.676444 -1.059808 -0.348419
1.343278 -1.226710 -1.325020
1.021186 0.259337 -0.874300
0.233619 -0.216654 -1.116396
0.119923 0.291594 1.097023
-0.054225 -1.218741 0.791880
0.251291 0.009336 0.352654
0.092771 -0.473224 -1.453258
-0.007048 0.525453 0.411136
-0.351835 0.788819 -0.997843
0.124814 -0.405389 0.214125
1.469643 1.332592 1.246282
1.237375 0.256007 -1.480757
0.232717 -0.729894 -0.470819
-1.488882 -0.858292 1.178470
-1.400344 -0.591641 0.022411
-0.071810 0.383428 1.396020
0.778866 1.280792 0.424589
-1.388818 0.361026 1.099804
0.527442 0.841163 -1.029409
-0.550724 -0.274194 -0.865094
-1.025263 1.004077 0.072420
0.461414 0.924915 1.446151
-0.211795 -1.032921 1.258742
-0.815851 -0.200709 -0.221674
0.614598 0.557836 -0.120243
0.659741 1.474099 -1.050021
1.284509 1.482322 0.520130
-1.152280 -1.192047 -1.414061
-1.045463 0.336282 1.182911
-0.032483 -1.472519 0.887536
1.147298 -0.618333 0.074673
0.419679 -0.365125 -1.426258
-0.946651 0.114488 -0.651799
-0.182295 -1.095121 -0.900617
-1.228462 -0.821236 1.279168
-0.835787 0.430163 -0.750430
1.165196 -0.764690 -0.462677
-0.522614 0.823705 -0.490910
-0.668526 0.603587 1.104752
1.413932 1.299829 -1.188930
0.260150 -1.387200 -1.306216
0.989699 1.130693 -0.941278
-1.401368 -1.325272 -0.194764
-1.434345 -0.934892 -1.353990
-1.243189 0.032616 1.298336
-0.136144 1.013956 0.199391
-0.426011 0.609689 0.780913
-0.958630 0.896914 -1.439590
-0.948112 -1.131813 1.261618
-0.263877 0.837606 0.924814
1.391047 0.447543 -0.965960
-0.066663 -0.689191 0.858326
0.080196 -0.584613 -0.329804
-0.096867 0.167616 0.220619
0.689810 0.267538 0.213084
1.037766 0.707027 -1.361655
-1.375872 1.388002 -1.378676
0.968301 -0.583815 0.451668
-0.482630 0.112912 -1.063347
-1.473489 -0.219111 1.018274
-1.032352 1.438381 -0.514896
-0.061335 0.875688 1.030762
1.356806 -1.137274 0.487673
0.507176 -0.877796 -0.008196
1.041777 0.882108 1.382121
-1.337416 -1.127602 -0.256403
-1.357122 0.102384 -0.555824
0.098574 0.354548 -1.250312
-1.491107 0.799004 1.116696
0.109016 -0.555319 1.343746
-1.156302 -0.683081 0.555784
0.146158 0.058712 0.261644
1.253006 0.198294 -0.403924
-0.640858 0.141275 1.329274
0.962432 -0.832428 -0.401645
-0.057515 0.233238 0.104802
0.220511 -1.155517 0.122025
-0.571522 -1.290506 -0.736017
0.613014 -0.882414 0.185750
0.491311 -1.293127 0.906023
-0.987420 1.346514 0.390913
-0.848267 0.338245 -0.242333
-1.093958 -0.785328 1.022573
1.320364 0.486280 -1.488967
0.808659 -0.335071 -0.062356
-0.884487 -1.031038 -1.086623
0.085905 -0.278177 0.204218
1.222985 1.025891 -0.014497
-1.120898 -0.311482 0.426519
-0.909984 -1.060632 0.490613
1.189404 -1.362631 -0.823110
-0.536984 -1.127807 -1.182433
-0.515468 -1.421014 -1.123374
-0.924237 -0.323224 -0.772122
-0.643373 -0.446919 -0.694555
-0.610906 -0.973659 0.389600
-1.435819 -1.416756 -0.708962
-0.489113 -0.668595 0.287001
1.243833 -1.174245 -0.191252
0.110844 -0.052671 1.488831
0.032393 1.081644 1.070022
-0.446988 0.620317 -0.618356
-0.263450 -0.929827 0.770215
-1.020464 0.608211 -1.207129
1.227570 -0.028048 -0.280744
0.597465 1.447934 -1.458708
-0.056929 0.578360 -0.238563
0.513761 -1.224699 0.711617
0.915216 -0.433039 -0.546614
-1.050359 -0.010568 0.940121
0.210249 -0.028820 -0.762279
0.413615 -0.511594 -1.396892
-1.382937 0.127484 0.057592
0.266393 -0.374570 0.770529
-1.457646 1.167061 -1.044966
-0.220512 -0.718817 -1.440624
0.800051 -0.783105 0.593235
-0.608033 -1.099456 -0.811782
0.109438 0.626505 -0.665613
-0.882553 -0.008797 -0.025972
-0.236276 1.365540 -0.505313
-0.730540 -0.267138 0.480742
0.362782 1.005547 -0.652865
1.268987 0.376358 0.714903
0.093126 0.577313 0.743353
-0.422091 -1.336123 0.492367
-0.974939 0.915509 -1.127941
1.170353 -1.123926 0.163060
1.337814 0.419382 0.443546
1.185112 0.775147 -0.216638
0.190782 0.127172 -0.263153
0.182960 -1.375457 0.588453
0.596684 0.146136 0.810096
1.288209 -0.678225 0.144576
-0.928340 -0.296397 -1.385190
1.488697 -1.295862 -0.651363
1.443640 1.234384 -1.457518
0.979665 1.173537 0.422054
1.151578 0.082082 -1.011135
-0.642109 0.968896 -0.317201
-1.033887 0.744803 1.222287
-0.817852 -0.037887 -0.166862
-1.296180 -0.370420 -0.720771
0.866903 -1.108146 -0.452360
-1.275184 -0.555608 1.251031
1.306584 1.130801 0.539359
1.423185 -0.401836 -0.723223
0.306231 -1.466327 -1.037622
-0.303171 1.418223 -1.420280
0.122205 -0.587666 0.007128
0.780048 0.028979 0.237235
-0.617286 0.435163 1.382972
-1.056662 0.097983 0.816428
1.295055 1.113874 -1.416374
-1.086046 0.556824 0.270087
-0.144267 0.112442 0.528189
-0.882453 0.724215 0.879099
0.706766 -1.496609 -1.281304
0.805444 -0.130789 -0.410311
-0.708302 1.201892 -1.399885
0.975489 -1.423480 -1.446919
-1.085938 -0.487943 -0.595906
0.207382 0.294183 -1.348839
-1.192651 0.021109 1.404683
-0.778668 -0.944009 -1.284442
-1.194084 -0.048761 0.066622
-0.769029 0.132387 -0.634859
0.737593 0.159504 -0.103343
0.105599 0.554855 0.148179
0.050984 -0.580863 0.602140
-0.896046 -1.433645 0.383122
-0.937068 -0.202738 0.952370
-0.057049 -0.848595 -1.484340
0.547643 -0.628232 0.456361
0.578100 0.885048 -0.666155
1.414507 -0.266798 0.947360
0.859628 -1.172514 -0.208067
-1.481694 -1.483021 -0.969708
-0.122959 0.334407 1.246750
-1.250689 -0.643139 -0.394295
-0.289421 -0.529099 0.791090
-1.250591 0.414201 0.442033
-0.311596 0.287552 0.492100
-0.592118 -0.079094 1.391816
-1.163708 -0.606453 0.706545
0.069325 -1.180654 0.588539
-0.373873 -0.528906 -0.774600
-0.545536 1.292531 -1.239809
-0.386268 1.340685 0.280012
-1.159806 -1.424564 -0.994342
0.539845 -0.804679 -1.475020
1.239294 -0.392514 1.070441
-0.172695 -1.368753 -0.636536
-0.024382 -1.493083 0.260871
0.738195 -0.856480 -1.346850
1.326308 -0.870743 1.048414
0.470964 1.006682 -0.625060
-0.523399 -0.058471 0.310947
0.235223 1.369160 -1.170998
-0.602109 -1.182226 1.434001
0.247851 1.158729 -1.056428
0.380100 -0.643551 -1.143164
0.114211 -0.989411 0.301423
0.609022 0.710813 0.210600
1.387456 -0.001840 -0.694009
-1.490896 1.301900 -1.307780
0.271072 -1.213453 -0.636753
1.157285 -1.053194 -1.165742
1.184265 -0.902045 1.309894
-0.688836 0.108702 -1.135319
-1.254818 0.256971 -0.288719
-0.856783 0.678685 -1.226317
-1.470589 -0.631521 0.559753
-0.728952 0.611003 0.189342
1.033608 -1.190999 -1.426797
-0.486773 -0.529248 0.220838
0.347248 1.396476 -0.096563
-0.709634 0.683671 -1.062070
-0.232637 -0.646682 0.368028
0.310842 0.800765 -1.400652
-0.456306 1.470753 0.177139
0.701441 -0.264244 0.075425
1.489583 0.442837 0.381028
-0.203728 0.640760 -1.159088
-0.272919 0.241492 -0.477592
0.614259 0.919100 0.614248
1.283733 -1.215838 0.196793
-0.522977 1.329850 -0.159032
1.368207 -0.940860 1.062770
0.232631 -1.346047 1.228972
-0.203962 0.642785 -0.037127
0.084256 0.651191 -0.307488
-1.391667 -0.617269 -0.038499
-0.387560 1.087286 -1.095683
0.634305 1.149782 0.227377
-0.189258 -0.525889 -0.560798
-1.061622 -0.232220 -0.831172
-1.096003 0.748993 0.332166
0.812199 -0.468237 0.068816
0.196259 1.328175 1.316004
-0.060160 0.092289 -0.272455
0.027689 -0.127862 -0.424256
-0.853369 0.289241 -0.137902
-0.540556 1.330020 0.708689
-0.779014 -1.171474 -0.591310
0.910292 -1.078988 0.554514
0.604958 0.386266 0.337116
0.406946 0.922626 0.278005
0.651629 0.427099 -0.803465
0.309067 0.848081 1.371959
0.432064 -0.162698 -1.431020
-1.209571 -0.960782 -1.124273
1.042592 0.979305 -0.365291
0.575517 -0.354533 -1.179622
-1.396515 -1.040359 1.481504
-0.205768 -1.195538 0.203172
0.165530 -1.250128 0.004116
-0.921534 -0.147043 0.625112
1.284044 0.336950 -0.474709
0.031646 -1.438131 1.287251
0.054502 1.220142 -0.488388
-1.177730 -0.756886 -0.984945
-0.462660 1.093131 -0.088928
-1.141472 -0.431412 -0.792437
-1.394150 0.964595 1.060919
0.411644 0.779995 1.157890
-0.653735 -0.149867 -0.970908
