ply
format ascii 1.0
element vertex 14000
property float x
property float y
property float z
end_header
-0.999176 -0.699371 -0.003173
-0.984650 -0.700397 0.001052
-0.971713 -0.700066 -0.001236
-0.957937 -0.700126 0.000296
-0.941972 -0.700785 0.000199
-0.926353 -0.700439 0.001309
-0.911722 -0.700033 -0.000378
-0.898853 -0.697930 0.000640
-0.883947 -0.700537 0.000253
-0.870810 -0.701035 0.000241
-0.856268 -0.700735 -0.000670
-0.843585 -0.700527 0.001762
-0.825948 -0.698173 0.000352
-0.814437 -0.698870 -0.000910
-0.798244 -0.699944 0.000288
-0.785337 -0.698349 0.000308
-0.771339 -0.702899 -0.000243
-0.752241 -0.700096 -0.001656
-0.739922 -0.701275 0.000745
-0.726390 -0.700829 0.001500
-0.712466 -0.699019 -0.001354
-0.696810 -0.700087 -0.000502
-0.685947 -0.698641 0.000182
-0.669414 -0.699436 0.001403
-0.654349 -0.700055 0.000455
-0.639088 -0.699419 -0.000501
-0.625305 -0.700163 0.001043
-0.612907 -0.699955 0.003385
-0.597725 -0.700542 -0.000612
-0.583434 -0.700494 0.000131
-0.568740 -0.699484 0.001867
-0.553163 -0.700019 0.001124
-0.538607 -0.699169 -0.000814
-0.525776 -0.698331 -0.001141
-0.510700 -0.698320 0.000175
-0.493738 -0.699975 0.000910
-0.481530 -0.701279 -0.001790
-0.467735 -0.699842 -0.001374
-0.453689 -0.699856 0.000007
-0.438056 -0.702116 -0.001096
-0.426146 -0.701204 0.001571
-0.410499 -0.700521 -0.000054
-0.396272 -0.701545 0.000604
-0.381368 -0.700201 0.000815
-0.365726 -0.700181 0.000377
-0.351391 -0.699360 -0.000841
-0.338388 -0.699990 -0.000289
-0.325216 -0.700065 0.001637
-0.311202 -0.700142 0.000439
-0.294701 -0.700249 -0.000490
-0.280170 -0.699356 -0.000039
-0.268454 -0.699309 0.000126
-0.251785 -0.699950 0.001262
-0.237489 -0.698718 -0.001103
-0.223123 -0.699986 -0.000623
-0.207470 -0.698634 -0.000238
-0.195059 -0.699181 0.001003
-0.180491 -0.699116 -0.000047
-0.164664 -0.700517 0.000177
-0.150337 -0.701503 0.000019
-0.136799 -0.698946 0.000127
-0.122386 -0.699004 -0.000855
-0.107581 -0.699379 -0.000222
-0.092312 -0.699021 -0.001703
-0.079773 -0.699928 -0.000436
-0.065923 -0.701156 0.001377
-0.052128 -0.699230 0.001640
-0.037289 -0.700277 0.000398
-0.022131 -0.701068 0.000121
-0.008180 -0.697983 0.000926
0.006830 -0.699567 -0.000675
0.021379 -0.698941 0.000766
0.035139 -0.700619 -0.001170
0.051352 -0.699788 -0.002169
0.065499 -0.699932 0.000490
0.078005 -0.699474 -0.002177
0.092058 -0.699054 0.000427
0.107503 -0.698996 -0.001629
0.122137 -0.699511 0.000349
0.137573 -0.701038 -0.001537
0.151458 -0.700470 0.001612
0.165139 -0.699841 -0.000442
0.179150 -0.700191 0.001909
0.194127 -0.699576 0.000106
0.207034 -0.699896 0.002478
0.223476 -0.699111 -0.000547
0.238710 -0.699829 -0.001260
0.251680 -0.700528 0.001197
0.267454 -0.699507 -0.000532
0.279284 -0.699004 0.000476
0.293891 -0.699997 -0.000114
0.309536 -0.701585 -0.000604
0.325323 -0.701183 -0.000416
0.337580 -0.700243 -0.000164
0.353208 -0.700727 0.000026
0.367500 -0.699877 0.000263
0.381970 -0.700123 0.001335
0.395514 -0.700256 0.000172
0.411070 -0.701016 0.000073
0.423440 -0.699248 -0.000451
0.440071 -0.700799 0.000067
0.451740 -0.699853 0.001386
0.469013 -0.699526 0.001132
0.481179 -0.700557 -0.000797
0.496865 -0.699797 0.000757
0.510977 -0.700714 0.001475
0.523902 -0.702811 -0.000314
0.540432 -0.699873 0.002250
0.552826 -0.700134 -0.000149
0.569525 -0.700150 0.001382
0.582763 -0.699969 0.000573
0.597696 -0.698942 0.000460
0.612940 -0.698614 -0.000836
0.626905 -0.698968 -0.000535
0.640378 -0.698515 0.001239
0.654012 -0.699068 0.000218
0.667257 -0.699300 0.001229
0.684009 -0.700104 0.000586
0.697999 -0.699944 -0.002269
0.711659 -0.698937 0.002272
0.727245 -0.699687 -0.000755
0.738506 -0.700667 -0.000310
0.755516 -0.699479 0.000027
0.769125 -0.700782 -0.001031
0.784277 -0.698605 0.000477
0.796614 -0.699648 0.000387
0.811821 -0.701416 -0.002456
0.827005 -0.700597 -0.000147
0.842527 -0.699665 -0.001421
0.855199 -0.699586 -0.001257
0.871287 -0.699359 -0.000145
0.885234 -0.701265 -0.000849
0.899169 -0.700193 -0.001815
0.915045 -0.700849 -0.002917
0.928269 -0.700828 0.000114
0.943760 -0.699505 -0.000061
0.957508 -0.699459 0.000518
0.970242 -0.699570 -0.001587
0.986089 -0.700273 -0.000307
0.999045 -0.699684 -0.001056
-1.002049 -0.685606 0.000150
-0.983163 -0.684507 -0.000891
-0.973762 -0.688636 0.000266
-0.955690 -0.687357 0.000267
-0.943892 -0.686427 0.000651
-0.927946 -0.685088 0.000018
-0.913504 -0.685408 0.000249
-0.899507 -0.685084 0.000189
-0.886199 -0.685070 0.001053
-0.868949 -0.685464 0.000106
-0.856274 -0.685338 0.000259
-0.841604 -0.685845 -0.001367
-0.826112 -0.685502 0.001045
-0.813111 -0.688101 -0.001007
-0.797762 -0.688745 0.000124
-0.785402 -0.684216 -0.001071
-0.770191 -0.685627 0.001186
-0.755197 -0.684696 0.000342
-0.741309 -0.686089 -0.000155
-0.725217 -0.685084 -0.000787
-0.713509 -0.685278 -0.000128
-0.698134 -0.685951 -0.000224
-0.683280 -0.687711 -0.000311
-0.669316 -0.685978 -0.000085
-0.654830 -0.687401 -0.001496
-0.639562 -0.685791 0.001116
-0.625439 -0.685446 -0.000169
-0.611349 -0.685797 -0.001520
-0.595847 -0.687590 -0.000531
-0.581903 -0.684786 -0.000361
-0.566890 -0.686226 -0.001676
-0.554307 -0.684105 -0.000705
-0.540402 -0.686715 0.001742
-0.524016 -0.685768 0.000857
-0.512391 -0.686526 -0.000099
-0.497757 -0.685349 -0.000394
-0.481865 -0.685600 0.001066
-0.467728 -0.685007 0.000593
-0.454278 -0.686562 -0.000483
-0.439008 -0.685661 0.001594
-0.424911 -0.685196 0.000829
-0.409374 -0.685430 -0.000357
-0.396831 -0.686951 -0.000740
-0.381268 -0.687200 0.001385
-0.365505 -0.686045 0.001348
-0.351996 -0.685930 -0.000855
-0.336702 -0.683583 0.000982
-0.323237 -0.685038 0.000134
-0.309710 -0.686407 -0.000964
-0.293733 -0.686670 -0.000313
-0.280414 -0.687357 0.000093
-0.265206 -0.687094 0.001307
-0.252176 -0.685727 0.000028
-0.239149 -0.686226 -0.001023
-0.221574 -0.685234 -0.001344
-0.208437 -0.685876 0.000249
-0.193575 -0.686550 0.000001
-0.180912 -0.684920 -0.001696
-0.163202 -0.685529 0.000317
-0.151623 -0.685392 -0.001614
-0.136533 -0.685070 -0.000525
-0.122556 -0.687465 0.000477
-0.105352 -0.685881 0.000788
-0.092797 -0.683789 0.000956
-0.079777 -0.686720 0.000805
-0.063339 -0.685019 0.000303
-0.050716 -0.685083 -0.000386
-0.035714 -0.683641 0.000601
-0.022947 -0.685609 0.001298
-0.007909 -0.684754 0.001351
0.008319 -0.686317 -0.000434
0.021391 -0.686043 0.000874
0.033929 -0.685280 0.001240
0.051451 -0.684747 -0.000279
0.063401 -0.685316 -0.001032
0.080006 -0.686731 0.001871
0.093184 -0.686668 0.001406
0.107495 -0.686472 0.000144
0.121001 -0.685526 0.000356
0.136556 -0.686165 -0.000983
0.151569 -0.686074 -0.000155
0.165653 -0.687089 0.000041
0.180167 -0.685377 -0.001167
0.195707 -0.685483 0.000861
0.209224 -0.685158 0.002464
0.223590 -0.684859 -0.001486
0.236121 -0.686812 -0.000653
0.250640 -0.686650 -0.000907
0.265370 -0.686905 0.000311
0.280628 -0.687686 0.002133
0.296119 -0.688099 0.000956
0.310219 -0.685771 -0.001074
0.324477 -0.686145 0.000239
0.338126 -0.686872 0.000368
0.352132 -0.685275 -0.000403
0.365522 -0.685929 -0.001276
0.381227 -0.686414 0.000117
0.396180 -0.684522 0.000005
0.410551 -0.686870 0.000541
0.424347 -0.686739 -0.000731
0.439615 -0.688270 -0.000815
0.453314 -0.683184 -0.000091
0.466318 -0.686184 -0.001288
0.482036 -0.686043 -0.002688
0.497031 -0.687052 -0.000810
0.509637 -0.684065 -0.000817
0.525866 -0.686944 0.002161
0.541408 -0.684866 -0.001335
0.553491 -0.685386 0.001287
0.567673 -0.687172 -0.000182
0.583319 -0.684581 0.000679
0.598469 -0.684577 -0.000900
0.611511 -0.685104 -0.000073
0.622844 -0.686930 -0.000890
0.639783 -0.685243 -0.000288
0.654773 -0.684826 -0.000059
0.670598 -0.688059 -0.000294
0.683096 -0.686794 0.000964
0.699359 -0.686604 0.001307
0.711173 -0.684863 -0.000717
0.726181 -0.686750 -0.001460
0.740745 -0.684985 0.000676
0.755808 -0.684914 -0.000174
0.769092 -0.684143 -0.000931
0.785229 -0.684058 -0.002864
0.796859 -0.685628 0.000736
0.813430 -0.686437 -0.000538
0.828399 -0.686437 0.000507
0.840652 -0.685900 0.000302
0.855488 -0.685201 -0.000220
0.871340 -0.684650 -0.001319
0.885686 -0.686591 0.000090
0.898732 -0.686527 -0.001760
0.913784 -0.684761 -0.000526
0.928483 -0.685223 0.000279
0.943747 -0.684465 -0.001325
0.956925 -0.685500 -0.001291
0.970931 -0.687322 -0.000391
0.986214 -0.684672 -0.001671
0.999880 -0.684807 -0.000886
-0.999491 -0.672111 -0.001331
-0.985387 -0.672303 -0.000366
-0.970507 -0.672898 -0.000323
-0.956931 -0.671886 0.000349
-0.943104 -0.670983 -0.000053
-0.928962 -0.672688 -0.001013
-0.912807 -0.671649 -0.000783
-0.899208 -0.672498 0.000760
-0.886268 -0.670318 -0.001619
-0.868928 -0.672226 -0.000909
-0.853901 -0.671596 0.000821
-0.842246 -0.672629 -0.001238
-0.827936 -0.671160 0.000686
-0.811527 -0.672277 -0.001220
-0.797442 -0.670105 0.000418
-0.784151 -0.672405 0.000892
-0.770019 -0.671596 0.000027
-0.755053 -0.671063 0.001885
-0.741154 -0.671987 -0.000968
-0.727779 -0.672997 0.000755
-0.711939 -0.672230 -0.000471
-0.698178 -0.671313 0.000205
-0.683464 -0.671820 0.000239
-0.668645 -0.672036 -0.000131
-0.654520 -0.674114 0.001113
-0.639797 -0.670535 0.001079
-0.624183 -0.672766 0.001355
-0.611543 -0.671225 -0.000210
-0.598090 -0.670661 0.000902
-0.580431 -0.673635 0.001107
-0.568850 -0.671506 0.000544
-0.553352 -0.672233 -0.001738
-0.539534 -0.671981 -0.000501
-0.527350 -0.671398 0.001767
-0.509610 -0.673323 -0.000348
-0.496513 -0.671031 0.001070
-0.481978 -0.672466 0.000421
-0.468711 -0.671212 -0.001024
-0.452993 -0.671807 -0.000628
-0.437707 -0.670780 -0.000134
-0.424947 -0.672038 -0.000175
-0.409794 -0.671836 -0.000443
-0.395450 -0.671906 -0.000559
-0.380542 -0.672130 0.001275
-0.366557 -0.674139 -0.000041
-0.354028 -0.670920 0.000015
-0.338943 -0.671820 0.000095
-0.323832 -0.671022 0.000340
-0.309791 -0.671958 -0.001355
-0.296307 -0.670355 0.000355
-0.281298 -0.670660 0.000059
-0.266765 -0.670236 0.001159
-0.252526 -0.671247 0.000061
-0.237365 -0.672184 -0.000931
-0.222320 -0.671626 0.001983
-0.208883 -0.671601 -0.000685
-0.194177 -0.673202 -0.000023
-0.177781 -0.670526 0.001116
-0.165028 -0.672644 -0.000166
-0.150949 -0.671078 -0.001014
-0.137464 -0.669780 0.002076
-0.121976 -0.670269 -0.001206
-0.107228 -0.670354 -0.000023
-0.094127 -0.672203 -0.001562
-0.079093 -0.671359 0.000669
-0.064943 -0.673707 0.000804
-0.050195 -0.673664 -0.000154
-0.034197 -0.671507 -0.000994
-0.021452 -0.673654 0.000193
-0.008962 -0.670854 -0.000338
0.007031 -0.672721 -0.002713
0.021265 -0.672829 -0.000548
0.038441 -0.672217 0.000181
0.052594 -0.671965 0.000424
0.064756 -0.671532 -0.001068
0.079793 -0.673171 0.000413
0.092291 -0.671555 0.000736
0.109765 -0.671705 -0.001910
0.122379 -0.671742 0.000315
0.136208 -0.670764 -0.000182
0.150552 -0.671338 0.001228
0.164673 -0.672209 -0.001499
0.180378 -0.671682 0.001320
0.194620 -0.674032 -0.000006
0.208944 -0.671664 -0.000212
0.223429 -0.672671 0.001135
0.236730 -0.670922 -0.001424
0.251103 -0.672610 -0.000727
0.266934 -0.673005 -0.001350
0.280199 -0.671867 0.000282
0.293988 -0.672770 -0.000138
0.309953 -0.670599 -0.000853
0.323429 -0.671250 -0.000524
0.335884 -0.672559 0.001502
0.352670 -0.670422 0.000031
0.365309 -0.671115 0.001629
0.381207 -0.671968 -0.001546
0.395262 -0.673679 -0.000010
0.409321 -0.672052 -0.003047
0.424178 -0.671106 -0.000295
0.437253 -0.670624 0.000491
0.452772 -0.669851 -0.001226
0.465925 -0.671217 0.001017
0.481715 -0.670938 -0.000834
0.497839 -0.670641 0.001458
0.510584 -0.671515 0.000289
0.525964 -0.672681 0.001890
0.539143 -0.671616 -0.000127
0.554655 -0.672138 -0.000456
0.570349 -0.671411 0.000922
0.583184 -0.670977 0.002744
0.595534 -0.670181 0.000200
0.610015 -0.671073 -0.001150
0.625349 -0.670550 -0.001100
0.639864 -0.672076 -0.000599
0.656410 -0.671921 0.000556
0.669371 -0.672672 0.001667
0.684752 -0.671551 0.000658
0.696857 -0.671211 -0.000732
0.712539 -0.673486 0.001399
0.726763 -0.672854 0.000835
0.741236 -0.670995 -0.000745
0.754420 -0.671431 -0.000583
0.770577 -0.672317 0.000259
0.784351 -0.670728 -0.000707
0.799349 -0.671682 -0.000265
0.814362 -0.672588 0.001640
0.826315 -0.671525 -0.000195
0.841707 -0.672498 0.000304
0.855396 -0.672951 -0.000169
0.869313 -0.671122 0.000516
0.885111 -0.670575 0.000532
0.899373 -0.670626 -0.000923
0.913478 -0.672501 -0.001132
0.927457 -0.674376 0.000216
0.940923 -0.671085 0.001069
0.955884 -0.671622 0.000974
0.969723 -0.672304 -0.000052
0.985419 -0.672477 -0.000213
0.999516 -0.671752 0.001978
-0.997672 -0.659305 -0.000838
-0.984789 -0.656530 -0.000282
-0.971211 -0.656645 0.000342
-0.958306 -0.656767 0.000627
-0.944014 -0.655240 -0.001563
-0.928177 -0.657265 0.000784
-0.912632 -0.655427 0.000670
-0.900349 -0.657975 0.000838
-0.885069 -0.657428 -0.000824
-0.868675 -0.657752 -0.000689
-0.855804 -0.659813 -0.000552
-0.841334 -0.658517 -0.000544
-0.826651 -0.657369 0.001440
-0.813908 -0.656613 -0.000579
-0.798580 -0.656372 -0.000662
-0.785464 -0.656449 0.000865
-0.770792 -0.657002 0.000050
-0.756350 -0.656547 -0.000565
-0.742315 -0.659074 0.000398
-0.726005 -0.657909 -0.000481
-0.711928 -0.657089 -0.000672
-0.697437 -0.657988 -0.000088
-0.682364 -0.657745 0.000162
-0.668604 -0.660293 0.000017
-0.652299 -0.657901 -0.001141
-0.641257 -0.657644 -0.002157
-0.625256 -0.656941 -0.000477
-0.610884 -0.657612 0.001884
-0.597820 -0.657108 0.000054
-0.582001 -0.656637 -0.000732
-0.569660 -0.658881 -0.000294
-0.553529 -0.658406 0.002171
-0.539774 -0.656975 -0.000664
-0.526362 -0.657978 -0.002953
-0.512147 -0.658198 -0.000529
-0.496288 -0.657318 0.000794
-0.481660 -0.656571 -0.000327
-0.467536 -0.656898 0.000040
-0.454084 -0.658064 -0.000122
-0.438074 -0.658225 0.000263
-0.424855 -0.658599 -0.001784
-0.410345 -0.657922 -0.000655
-0.394697 -0.657718 0.000344
-0.382979 -0.657820 -0.000284
-0.364981 -0.660064 -0.000153
-0.352439 -0.657833 -0.002174
-0.338573 -0.657445 -0.000494
-0.323425 -0.657905 0.000455
-0.308972 -0.657045 -0.001221
-0.295519 -0.656110 -0.001001
-0.280764 -0.657351 0.000750
-0.267148 -0.660043 -0.000376
-0.251608 -0.658779 -0.000801
-0.237228 -0.657395 0.000423
-0.223727 -0.656880 -0.000600
-0.208618 -0.657501 -0.000303
-0.193600 -0.656846 -0.001642
-0.180956 -0.657452 0.000074
-0.166869 -0.657760 0.000344
-0.151011 -0.656975 -0.001168
-0.136368 -0.656287 -0.000969
-0.122578 -0.659477 0.000294
-0.105600 -0.658010 0.001584
-0.092916 -0.658926 0.001991
-0.076607 -0.656579 0.001198
-0.068153 -0.656395 0.002473
-0.050131 -0.656867 0.000058
-0.036087 -0.657673 -0.000800
-0.021971 -0.657508 0.000269
-0.006179 -0.657342 0.000038
0.006662 -0.657710 0.002172
0.022132 -0.657735 -0.001465
0.036884 -0.657545 -0.001019
0.048843 -0.657628 -0.000791
0.065474 -0.657574 0.000804
0.079005 -0.657077 0.001248
0.092884 -0.658184 -0.001089
0.107386 -0.657979 -0.000106
0.122625 -0.657956 0.000861
0.138297 -0.658356 0.000920
0.152713 -0.659080 0.000695
0.166121 -0.658946 0.000443
0.179464 -0.657741 -0.000324
0.194134 -0.658346 0.002486
0.208552 -0.657856 -0.001028
0.224818 -0.658275 0.000682
0.237688 -0.656816 -0.000487
0.252080 -0.657226 0.000512
0.265932 -0.656073 0.000162
0.281331 -0.658650 -0.000917
0.293052 -0.658725 -0.000234
0.308205 -0.655224 0.001006
0.323872 -0.658524 -0.000026
0.338226 -0.658147 -0.000618
0.351925 -0.657151 0.000961
0.366552 -0.656467 0.000928
0.383358 -0.657287 0.000125
0.395452 -0.657286 -0.000374
0.410871 -0.658486 0.002469
0.424217 -0.656795 -0.001257
0.438967 -0.657315 -0.000340
0.452116 -0.657614 -0.000821
0.467384 -0.656531 0.000224
0.478988 -0.657418 -0.000990
0.498308 -0.656811 0.000809
0.512445 -0.656847 -0.000049
0.525220 -0.657643 0.000807
0.538972 -0.656775 0.000468
0.552127 -0.658501 -0.000320
0.568324 -0.660174 -0.000497
0.582185 -0.658005 -0.000883
0.598013 -0.657481 -0.001304
0.611801 -0.657988 -0.000657
0.626180 -0.655033 -0.001074
0.639176 -0.656962 -0.001635
0.655239 -0.658329 -0.000783
0.668805 -0.658538 -0.000058
0.683530 -0.656718 0.002052
0.698865 -0.658314 0.000077
0.712601 -0.657875 0.000178
0.727684 -0.658940 -0.001558
0.741298 -0.657620 -0.000679
0.753935 -0.657229 0.000577
0.769470 -0.657710 0.001233
0.785685 -0.657139 0.000055
0.798836 -0.657547 0.000352
0.815268 -0.657999 -0.000117
0.827390 -0.655813 0.002355
0.843761 -0.656025 -0.000852
0.857818 -0.658986 0.001657
0.871608 -0.657932 -0.001070
0.886991 -0.657410 0.000236
0.897570 -0.658565 -0.001418
0.911756 -0.658902 -0.000220
0.927505 -0.656650 -0.001489
0.943355 -0.658675 -0.001039
0.957173 -0.658124 0.000450
0.970164 -0.657370 0.000525
0.987015 -0.655897 -0.001106
1.001292 -0.658892 0.001076
-1.000701 -0.641868 0.000816
-0.984278 -0.642752 0.001130
-0.970596 -0.642960 -0.003507
-0.955705 -0.643374 -0.002618
-0.944992 -0.644549 -0.000456
-0.927213 -0.642356 0.000466
-0.912002 -0.642202 0.001248
-0.900034 -0.644754 -0.000116
-0.885179 -0.643414 0.000958
-0.869826 -0.641548 -0.000573
-0.856177 -0.642992 -0.000174
-0.841755 -0.644688 -0.001195
-0.825901 -0.641742 -0.001247
-0.812582 -0.644906 0.000770
-0.798114 -0.641726 0.000128
-0.783498 -0.644448 -0.000155
-0.769048 -0.641818 0.001453
-0.755456 -0.644627 0.002079
-0.741749 -0.644628 -0.001536
-0.726836 -0.645695 -0.000341
-0.712422 -0.643259 0.000011
-0.697755 -0.643496 0.000360
-0.681249 -0.642694 0.000664
-0.668966 -0.643945 0.000205
-0.656014 -0.644021 0.000488
-0.640099 -0.644564 -0.001958
-0.626905 -0.642937 -0.001374
-0.611678 -0.643621 0.001363
-0.597149 -0.643682 -0.001461
-0.583712 -0.641137 0.001220
-0.568545 -0.643768 -0.000663
-0.555301 -0.643039 -0.000360
-0.539046 -0.642504 -0.000701
-0.525138 -0.643005 -0.000477
-0.511254 -0.645193 -0.000034
-0.497080 -0.644657 0.001270
-0.481760 -0.642800 -0.000006
-0.466170 -0.644063 0.000891
-0.453114 -0.643466 -0.000873
-0.438633 -0.642810 -0.000293
-0.424622 -0.643278 0.002673
-0.409763 -0.643275 -0.000300
-0.395543 -0.642411 0.000381
-0.379167 -0.643600 -0.001032
-0.367292 -0.644362 0.001983
-0.351344 -0.642619 -0.001282
-0.338136 -0.645334 -0.000993
-0.323665 -0.644118 0.000166
-0.309600 -0.643100 0.001253
-0.294433 -0.643437 0.000696
-0.281370 -0.643209 -0.001272
-0.267557 -0.643719 -0.001235
-0.252039 -0.644117 -0.000538
-0.238211 -0.642978 -0.000560
-0.222645 -0.644314 -0.000571
-0.207641 -0.640630 -0.002434
-0.194484 -0.643234 0.000230
-0.181355 -0.642473 -0.001775
-0.163817 -0.643020 0.000607
-0.151118 -0.641354 0.000785
-0.137594 -0.643357 0.000670
-0.120056 -0.643515 0.001088
-0.107938 -0.644961 0.001191
-0.093438 -0.642079 -0.000063
-0.080588 -0.643124 -0.000172
-0.064269 -0.646209 -0.000423
-0.051264 -0.643054 -0.000807
-0.035184 -0.644051 -0.000959
-0.021431 -0.644306 0.000253
-0.007690 -0.643293 0.000621
0.006902 -0.642986 0.000835
0.023046 -0.641938 -0.000205
0.035749 -0.645797 0.001298
0.051108 -0.642678 0.000948
0.065227 -0.643923 0.000030
0.079538 -0.643412 0.000088
0.092894 -0.643945 -0.001333
0.108608 -0.643304 0.000057
0.122922 -0.644334 0.000083
0.135939 -0.644632 0.000141
0.150496 -0.644641 -0.000611
0.165704 -0.644160 0.000489
0.179650 -0.644632 -0.000457
0.193569 -0.642224 -0.000605
0.209010 -0.644981 -0.001250
0.222958 -0.642998 0.000398
0.237983 -0.641948 0.001140
0.251892 -0.643349 0.000257
0.266293 -0.643680 -0.000346
0.281530 -0.643592 -0.000682
0.293984 -0.643192 -0.000624
0.308002 -0.643881 -0.000800
0.323894 -0.644396 0.000867
0.337514 -0.644190 -0.000569
0.351463 -0.643766 0.000741
0.365765 -0.643193 0.001040
0.379700 -0.642496 -0.000471
0.396120 -0.643580 0.000085
0.410093 -0.643346 -0.002117
0.423832 -0.642194 0.000461
0.437900 -0.643918 0.000574
0.452743 -0.642175 0.000489
0.468216 -0.641157 -0.000583
0.481940 -0.643330 -0.000566
0.496086 -0.642382 -0.000892
0.510812 -0.645497 -0.000445
0.525820 -0.643410 -0.001138
0.540476 -0.641166 -0.000267
0.553819 -0.643186 -0.000641
0.568374 -0.644200 -0.000413
0.583644 -0.643256 -0.000912
0.597793 -0.644797 0.001571
0.611000 -0.644012 -0.000357
0.626961 -0.641819 -0.000050
0.641139 -0.643817 0.000125
0.656068 -0.644460 0.000463
0.668997 -0.644178 -0.001559
0.684666 -0.644553 0.000355
0.698426 -0.644195 -0.000437
0.714538 -0.643580 0.000237
0.726599 -0.642364 -0.001440
0.740291 -0.644112 -0.000722
0.755504 -0.644484 0.000887
0.769590 -0.643819 0.000260
0.785253 -0.644244 0.000489
0.797959 -0.643704 -0.001134
0.813188 -0.644077 -0.000606
0.827069 -0.644264 0.001000
0.842637 -0.642151 -0.000081
0.856415 -0.642401 -0.000523
0.872218 -0.643599 -0.001103
0.884658 -0.643818 -0.000723
0.900865 -0.644565 -0.000886
0.913150 -0.644050 -0.000444
0.928903 -0.643287 -0.000297
0.942776 -0.641623 -0.001508
0.957748 -0.644551 0.001160
0.970975 -0.643756 0.001047
0.985697 -0.644239 -0.000218
1.000755 -0.642279 0.000518
-0.998815 -0.629809 -0.000590
-0.984003 -0.629089 0.000104
-0.970905 -0.629574 -0.000344
-0.957442 -0.629925 -0.000597
-0.941966 -0.628360 -0.001225
-0.928668 -0.628031 0.001127
-0.913235 -0.628684 0.000099
-0.900114 -0.629415 -0.001824
-0.885976 -0.630247 -0.001011
-0.870194 -0.629103 -0.001312
-0.858140 -0.627862 -0.000289
-0.840759 -0.629075 0.000711
-0.828586 -0.628428 -0.000095
-0.813301 -0.627617 0.001015
-0.798978 -0.629357 -0.000331
-0.783838 -0.629592 0.000538
-0.769193 -0.628149 -0.000107
-0.756102 -0.629814 0.000094
-0.740112 -0.630548 0.000554
-0.727247 -0.630436 0.000170
-0.711971 -0.630858 -0.000118
-0.697593 -0.628748 0.000145
-0.683057 -0.629740 0.000093
-0.671625 -0.629577 -0.001499
-0.654065 -0.627626 0.000903
-0.640615 -0.628352 -0.002354
-0.626055 -0.630034 -0.000610
-0.611868 -0.629430 -0.000305
-0.596720 -0.629832 -0.000511
-0.583252 -0.630055 0.000736
-0.568688 -0.628419 -0.000859
-0.552946 -0.627270 -0.001457
-0.541264 -0.630432 -0.000613
-0.525145 -0.630408 0.000311
-0.510684 -0.627912 -0.000561
-0.496911 -0.628349 -0.001107
-0.483498 -0.632415 0.000108
-0.467822 -0.629683 -0.000296
-0.453869 -0.629689 -0.003120
-0.437807 -0.629767 0.000059
-0.425495 -0.628004 -0.000487
-0.409475 -0.631228 0.000054
-0.394833 -0.628553 -0.000529
-0.379468 -0.630260 -0.000993
-0.367409 -0.629022 0.000105
-0.351400 -0.628817 -0.000643
-0.338676 -0.629250 -0.000345
-0.323324 -0.630184 -0.001349
-0.310087 -0.628586 0.001084
-0.296158 -0.628719 0.000778
-0.281566 -0.629150 -0.000539
-0.265959 -0.629158 0.001411
-0.252095 -0.629802 -0.000046
-0.237877 -0.629004 -0.000547
-0.223468 -0.629883 0.000184
-0.207956 -0.629716 -0.000147
-0.194189 -0.629570 0.000420
-0.178830 -0.628538 0.001817
-0.164149 -0.629339 -0.001778
-0.150568 -0.626698 0.000451
-0.135777 -0.629243 0.000139
-0.121988 -0.629681 -0.000671
-0.107503 -0.630350 0.000979
-0.092512 -0.629305 -0.000624
-0.077900 -0.627518 0.001008
-0.063698 -0.627697 -0.000275
-0.052094 -0.627752 -0.000059
-0.035729 -0.628799 -0.000130
-0.022350 -0.629307 -0.000381
-0.006469 -0.629497 0.000411
0.004955 -0.630898 -0.000760
0.020163 -0.628985 0.001676
0.037604 -0.629200 0.000227
0.051019 -0.628637 -0.000333
0.065846 -0.630626 0.001998
0.080504 -0.628800 0.000649
0.092867 -0.629886 0.000372
0.109324 -0.628847 0.001281
0.122298 -0.629030 -0.000222
0.135911 -0.631030 -0.000897
0.150713 -0.629602 -0.000693
0.165242 -0.629707 -0.001290
0.179736 -0.629362 -0.000065
0.195946 -0.628563 0.001082
0.209431 -0.630211 0.001546
0.223074 -0.628660 0.002057
0.237402 -0.629338 0.000273
0.252610 -0.629817 -0.001689
0.266200 -0.629403 0.000077
0.281824 -0.629725 -0.000330
0.295587 -0.628689 -0.000253
0.308452 -0.628951 0.001204
0.323870 -0.628874 0.000621
0.337977 -0.629794 0.001332
0.351429 -0.629777 -0.000441
0.367174 -0.629917 -0.000994
0.379748 -0.630859 0.000186
0.396459 -0.629901 -0.000487
0.409565 -0.629864 -0.000283
0.424275 -0.629157 0.002364
0.438466 -0.629503 -0.000392
0.452586 -0.628366 0.001494
0.469050 -0.628886 -0.000455
0.481981 -0.627983 -0.000109
0.494664 -0.629795 0.000955
0.509422 -0.629913 0.000086
0.524162 -0.627259 0.000311
0.540104 -0.628795 0.000271
0.553833 -0.628404 -0.001511
0.567350 -0.629770 0.000442
0.582899 -0.628208 -0.001182
0.596013 -0.628837 0.001106
0.610841 -0.628807 0.000156
0.624307 -0.629755 0.000819
0.640320 -0.631975 0.000360
0.654501 -0.629401 0.000325
0.669964 -0.629177 0.000064
0.684528 -0.629667 -0.000420
0.697821 -0.630177 -0.000181
0.712808 -0.628839 0.001010
0.726164 -0.629451 -0.000469
0.741539 -0.631334 0.000799
0.755354 -0.628551 -0.001274
0.771084 -0.628813 0.000116
0.785045 -0.628674 -0.000703
0.799184 -0.628170 0.002262
0.814469 -0.628335 0.000930
0.826725 -0.628740 0.000060
0.841201 -0.628509 -0.000416
0.856802 -0.629468 -0.000306
0.869623 -0.627854 0.000654
0.885198 -0.629999 0.000946
0.899160 -0.629472 0.000990
0.911141 -0.628517 -0.000990
0.929886 -0.628738 0.000242
0.942878 -0.629781 0.001641
0.958986 -0.628987 0.000442
0.972045 -0.630281 0.000443
0.986355 -0.629570 0.000074
1.001264 -0.628851 0.000342
-0.999260 -0.615651 -0.000077
-0.985639 -0.615872 -0.000472
-0.971515 -0.614242 0.001285
-0.955314 -0.615274 -0.001258
-0.942023 -0.616108 -0.000223
-0.928019 -0.615096 -0.001347
-0.914059 -0.615956 0.000346
-0.898957 -0.615636 -0.000089
-0.884254 -0.614615 -0.000425
-0.870893 -0.615394 0.000602
-0.855083 -0.614065 0.000997
-0.841156 -0.614731 0.000479
-0.827825 -0.616430 -0.000791
-0.813065 -0.614334 -0.000700
-0.797681 -0.615127 -0.000365
-0.782598 -0.614899 0.001551
-0.771074 -0.615435 0.000109
-0.756861 -0.614214 0.001040
-0.741176 -0.615024 0.001675
-0.726740 -0.616603 -0.001344
-0.711484 -0.616679 0.000671
-0.699730 -0.614387 -0.001562
-0.683830 -0.616509 0.000048
-0.669278 -0.614058 0.000764
-0.652700 -0.616776 -0.001420
-0.640063 -0.614992 -0.000574
-0.623037 -0.617168 -0.001199
-0.612961 -0.615473 -0.000393
-0.598365 -0.615674 -0.001045
-0.582583 -0.617084 0.000938
-0.569037 -0.614180 -0.000760
-0.553651 -0.614387 0.000006
-0.538856 -0.616979 0.000370
-0.525361 -0.614321 0.000408
-0.511110 -0.616076 -0.001493
-0.498721 -0.614696 0.001163
-0.482340 -0.614382 -0.000924
-0.467025 -0.614429 0.000328
-0.453903 -0.615752 0.000043
-0.439811 -0.617588 0.000513
-0.424708 -0.615402 -0.000200
-0.409986 -0.614366 0.001658
-0.394678 -0.615821 -0.000129
-0.380434 -0.616264 -0.001344
-0.365240 -0.616203 0.000276
-0.353468 -0.613758 0.001038
-0.339027 -0.615398 -0.001317
-0.324347 -0.614211 -0.001822
-0.309392 -0.614805 -0.001022
-0.296056 -0.616173 0.000996
-0.281360 -0.616961 -0.000033
-0.266030 -0.613480 0.000127
-0.252069 -0.615907 -0.000198
-0.237435 -0.612870 0.001109
-0.223199 -0.614808 -0.000435
-0.209010 -0.613961 0.000208
-0.194877 -0.613873 -0.000824
-0.179137 -0.614942 0.000348
-0.165542 -0.616169 0.000164
-0.147857 -0.614125 0.000097
-0.137222 -0.614100 0.001088
-0.123796 -0.615369 0.000918
-0.106939 -0.616177 0.001892
-0.094622 -0.615345 -0.001698
-0.079002 -0.614828 -0.000046
-0.064204 -0.616083 0.000772
-0.051293 -0.615519 0.000912
-0.036004 -0.616541 0.000691
-0.022502 -0.612840 0.001650
-0.008702 -0.615977 0.001375
0.008876 -0.614295 -0.000514
0.019389 -0.613397 0.000055
0.035246 -0.615270 0.000580
0.050828 -0.616123 0.001002
0.065889 -0.614025 -0.001018
0.080330 -0.615239 0.002056
0.092937 -0.615872 -0.000944
0.108267 -0.615991 -0.000216
0.122718 -0.616342 0.000206
0.137999 -0.615013 -0.000169
0.151458 -0.615133 -0.001065
0.164128 -0.616911 -0.000331
0.180024 -0.614457 0.000804
0.194120 -0.615354 0.000736
0.209533 -0.615468 0.000705
0.224027 -0.614208 -0.001057
0.238437 -0.614355 -0.002310
0.251708 -0.615169 0.000529
0.265988 -0.614343 0.000169
0.280062 -0.614327 0.000761
0.294177 -0.616225 0.001725
0.308786 -0.614766 0.000816
0.326236 -0.615271 0.000535
0.336415 -0.615476 -0.000471
0.353236 -0.614598 0.000355
0.365671 -0.614109 0.001472
0.381828 -0.615428 0.000871
0.394036 -0.614915 -0.000623
0.408187 -0.614935 0.000623
0.425483 -0.615169 -0.000126
0.439168 -0.617393 0.000433
0.452237 -0.615917 -0.000074
0.467943 -0.615422 -0.000498
0.482063 -0.616283 -0.001131
0.497213 -0.613877 -0.000596
0.512705 -0.615547 0.000855
0.523915 -0.615050 -0.000637
0.538689 -0.614837 -0.001206
0.553076 -0.614996 -0.000245
0.568102 -0.614921 -0.001373
0.582194 -0.614156 0.000722
0.596292 -0.615654 0.000176
0.610599 -0.614805 0.000690
0.626250 -0.614804 -0.001121
0.641869 -0.614711 0.001740
0.655084 -0.614717 -0.000680
0.667442 -0.615603 0.000854
0.683627 -0.615181 0.001114
0.696734 -0.615336 -0.000489
0.712790 -0.616255 0.001298
0.726936 -0.614636 0.001796
0.741658 -0.613617 -0.000971
0.755260 -0.616862 -0.000424
0.769153 -0.618389 -0.000703
0.784860 -0.616022 0.001313
0.799279 -0.614002 -0.000747
0.814687 -0.614902 -0.001603
0.827639 -0.613410 0.001476
0.842686 -0.616721 0.000696
0.856091 -0.614998 -0.001537
0.869685 -0.615084 0.000104
0.886391 -0.615053 0.000712
0.902574 -0.614086 -0.000838
0.912951 -0.614656 -0.000985
0.928348 -0.613578 -0.000582
0.942650 -0.614590 0.000510
0.955816 -0.616032 0.000241
0.971371 -0.613858 -0.000884
0.987301 -0.614581 -0.000946
0.999859 -0.614554 -0.000992
-1.000149 -0.601516 0.001579
-0.984078 -0.601192 0.001287
-0.969302 -0.600971 -0.000666
-0.957988 -0.602398 -0.002919
-0.942258 -0.602846 -0.000434
-0.928548 -0.602608 -0.000233
-0.912806 -0.601606 -0.002142
-0.899523 -0.601173 0.000626
-0.885396 -0.601830 -0.001819
-0.869912 -0.600548 0.002050
-0.856141 -0.601525 -0.002332
-0.840724 -0.600689 0.000981
-0.826647 -0.600275 -0.000483
-0.812672 -0.599347 0.000369
-0.798487 -0.600545 -0.000895
-0.785096 -0.600119 0.000811
-0.768840 -0.600581 -0.000438
-0.753866 -0.602320 0.000144
-0.742134 -0.601073 0.000016
-0.727440 -0.601179 -0.000889
-0.712483 -0.601309 -0.000200
-0.697722 -0.599348 -0.001884
-0.682161 -0.598596 0.000400
-0.668923 -0.600210 -0.000685
-0.655588 -0.600802 -0.000851
-0.638936 -0.600077 0.001094
-0.625601 -0.601558 0.001230
-0.613083 -0.600059 -0.000870
-0.598032 -0.599752 -0.000507
-0.582853 -0.599833 0.000162
-0.567069 -0.602250 -0.000689
-0.553444 -0.601847 -0.000387
-0.541256 -0.601305 0.001589
-0.523822 -0.601328 0.000562
-0.511043 -0.602057 0.000017
-0.494669 -0.601943 0.000920
-0.481656 -0.600693 0.001494
-0.465805 -0.600721 -0.000387
-0.455591 -0.601914 -0.000331
-0.440637 -0.600763 -0.000023
-0.426167 -0.601714 -0.001198
-0.409924 -0.602652 -0.000049
-0.394955 -0.600674 0.000463
-0.381377 -0.601032 -0.000282
-0.366159 -0.603558 -0.001044
-0.353244 -0.601259 -0.000322
-0.337598 -0.600853 -0.001165
-0.323144 -0.601822 0.002036
-0.308577 -0.602266 -0.001747
-0.293545 -0.601726 0.000924
-0.279696 -0.600827 0.000247
-0.266350 -0.602213 0.000906
-0.251681 -0.601438 -0.001504
-0.237796 -0.599133 -0.000845
-0.221612 -0.599584 -0.000189
-0.210001 -0.601263 0.000131
-0.194645 -0.602551 0.001869
-0.179583 -0.601474 0.000535
-0.164913 -0.600980 0.001041
-0.148708 -0.599861 0.001301
-0.136721 -0.602559 0.000499
-0.123190 -0.600295 0.001201
-0.109327 -0.600266 0.000054
-0.094553 -0.600268 -0.000217
-0.078621 -0.600762 -0.000586
-0.064113 -0.600076 0.000412
-0.049116 -0.600415 0.001142
-0.035844 -0.598085 -0.000553
-0.020999 -0.603315 -0.001715
-0.005755 -0.599662 -0.001429
0.007092 -0.601055 -0.000289
0.022420 -0.601626 0.001968
0.036961 -0.600863 0.000460
0.050657 -0.599676 -0.000520
0.066036 -0.600837 -0.000444
0.079823 -0.600278 -0.000283
0.094268 -0.600970 -0.000574
0.109848 -0.601109 0.000486
0.122559 -0.601687 -0.002259
0.137682 -0.602667 0.000583
0.150888 -0.601074 0.000715
0.164228 -0.599827 0.001296
0.178666 -0.599291 -0.002319
0.195038 -0.599939 0.000818
0.208646 -0.601177 0.000667
0.225492 -0.601291 0.000107
0.236863 -0.601139 0.000266
0.251880 -0.600700 -0.001279
0.265368 -0.602061 0.000449
0.281357 -0.601387 0.000438
0.295745 -0.601898 0.000491
0.309693 -0.601955 0.000030
0.321318 -0.600608 0.001413
0.338018 -0.601248 -0.000784
0.352369 -0.601071 0.000480
0.367008 -0.600292 -0.000212
0.381945 -0.601549 -0.000199
0.395912 -0.599543 0.000407
0.408275 -0.601686 -0.000115
0.423280 -0.601948 0.001309
0.439681 -0.599795 -0.000688
0.454374 -0.600807 -0.000856
0.467764 -0.601715 0.000152
0.482495 -0.601826 0.000424
0.496819 -0.600153 0.001106
0.509110 -0.601255 0.000052
0.524156 -0.601619 0.000353
0.540190 -0.600871 -0.001305
0.554490 -0.600790 0.000085
0.567746 -0.601124 -0.000361
0.581102 -0.601526 0.001743
0.598540 -0.600541 0.000930
0.612741 -0.599506 0.000586
0.625574 -0.599461 0.000332
0.637172 -0.599784 -0.000530
0.655057 -0.601986 0.000433
0.668958 -0.600834 -0.001860
0.683061 -0.600842 -0.000176
0.697147 -0.599543 0.002338
0.711939 -0.599285 -0.000321
0.727315 -0.600523 -0.000638
0.741578 -0.599938 -0.000060
0.756764 -0.599156 0.000176
0.769016 -0.600081 0.001445
0.784465 -0.601894 0.000623
0.797102 -0.599112 -0.000884
0.813166 -0.602095 -0.001272
0.826549 -0.600941 -0.000521
0.840784 -0.600702 0.000237
0.856045 -0.599364 -0.000318
0.869205 -0.601817 0.000495
0.885296 -0.600986 -0.000784
0.899046 -0.601499 0.000025
0.913421 -0.602447 0.000788
0.927096 -0.601186 -0.000165
0.942569 -0.601824 -0.001747
0.956682 -0.602561 -0.000057
0.970797 -0.601793 -0.002203
0.986783 -0.601393 0.000009
0.998698 -0.601107 0.000698
-0.999803 -0.588066 0.000443
-0.986145 -0.586760 0.000035
-0.971228 -0.587318 -0.002598
-0.953833 -0.587587 0.001272
-0.941791 -0.587026 -0.000156
-0.928416 -0.586534 -0.001357
-0.916066 -0.586403 0.000711
-0.898090 -0.584527 0.000338
-0.883521 -0.588207 0.000770
-0.872061 -0.586611 0.001852
-0.855121 -0.587281 0.000356
-0.842534 -0.587003 -0.001314
-0.828558 -0.586189 -0.000468
-0.813232 -0.588600 -0.001862
-0.798771 -0.587682 -0.000799
-0.782713 -0.585273 0.000213
-0.770665 -0.587537 -0.000119
-0.755314 -0.586512 -0.001111
-0.741431 -0.588185 0.000038
-0.727038 -0.586458 0.001780
-0.711588 -0.586180 0.000016
-0.697801 -0.586694 0.000043
-0.683789 -0.586509 0.000289
-0.671118 -0.587797 0.000182
-0.654497 -0.586819 -0.000032
-0.640539 -0.586783 -0.001032
-0.625443 -0.585673 -0.002171
-0.610743 -0.587061 -0.001735
-0.596404 -0.586419 0.000297
-0.583526 -0.587078 0.000410
-0.571650 -0.586861 -0.000336
-0.553026 -0.586216 0.001180
-0.538915 -0.589285 0.000534
-0.524650 -0.587743 0.000858
-0.511430 -0.588040 -0.000231
-0.496118 -0.585470 0.000210
-0.482468 -0.585606 0.001341
-0.465753 -0.587391 -0.001654
-0.452997 -0.587907 0.001138
-0.440203 -0.586278 -0.000249
-0.424828 -0.586110 0.001629
-0.410389 -0.589172 -0.000611
-0.396113 -0.588955 0.001063
-0.380874 -0.586786 0.001471
-0.365404 -0.586633 0.001132
-0.352656 -0.587514 -0.001028
-0.337907 -0.585423 0.000845
-0.322763 -0.587791 0.001785
-0.308578 -0.585547 -0.001039
-0.295340 -0.588125 -0.001045
-0.279955 -0.587047 -0.000283
-0.265234 -0.586352 -0.001491
-0.250941 -0.587440 0.002180
-0.239293 -0.587598 0.000184
-0.222983 -0.586049 -0.000426
-0.209266 -0.586494 0.001607
-0.192630 -0.587837 0.000525
-0.182085 -0.586126 0.001763
-0.164935 -0.587633 0.000151
-0.151667 -0.585529 -0.000664
-0.136836 -0.586446 -0.001875
-0.123039 -0.586027 -0.000272
-0.108333 -0.586871 -0.000481
-0.092939 -0.587422 0.000835
-0.079954 -0.586349 0.000079
-0.064125 -0.587769 0.000030
-0.050231 -0.585688 0.001272
-0.035487 -0.586784 0.001312
-0.020324 -0.586476 0.000284
-0.005863 -0.586910 0.000497
0.007938 -0.587581 -0.000668
0.021538 -0.589418 0.000622
0.036394 -0.587907 0.000863
0.050475 -0.587033 0.000507
0.063822 -0.586231 0.000137
0.079228 -0.587888 0.001268
0.093444 -0.585934 0.000626
0.105775 -0.587084 0.000551
0.121523 -0.588397 -0.001963
0.137776 -0.585959 0.000337
0.151372 -0.588982 0.000588
0.166544 -0.586456 0.000628
0.181119 -0.586505 -0.001419
0.192678 -0.585543 -0.000889
0.210359 -0.587223 -0.001951
0.224405 -0.586652 0.000173
0.237532 -0.586000 0.001643
0.251519 -0.586202 0.000003
0.267072 -0.587800 -0.000726
0.278132 -0.586591 -0.001973
0.296647 -0.586012 0.000010
0.308063 -0.586156 -0.000145
0.323530 -0.586531 -0.000779
0.336757 -0.587552 -0.001360
0.351847 -0.586363 0.002829
0.367076 -0.586324 0.000607
0.379719 -0.588893 0.000089
0.396602 -0.585127 -0.000419
0.411333 -0.587651 0.000399
0.425347 -0.586498 0.000726
0.437412 -0.588117 -0.001608
0.453026 -0.587241 0.000531
0.467058 -0.588196 0.001002
0.479282 -0.588217 0.000049
0.496400 -0.586193 -0.000784
0.509627 -0.586659 0.000323
0.526409 -0.587662 0.000091
0.538905 -0.586197 -0.000603
0.553852 -0.589136 -0.000109
0.568291 -0.586428 0.001935
0.581429 -0.584790 -0.000354
0.597393 -0.585968 0.002196
0.614000 -0.587993 0.000586
0.625262 -0.587208 0.000342
0.640964 -0.588398 -0.000940
0.656662 -0.587482 -0.001618
0.670405 -0.586732 -0.000699
0.685511 -0.586656 0.000019
0.697955 -0.587405 0.000426
0.712323 -0.587721 -0.001314
0.727622 -0.586787 0.000191
0.743209 -0.587213 -0.000092
0.755470 -0.587354 -0.000238
0.769446 -0.587254 -0.000649
0.785596 -0.586888 -0.001457
0.799485 -0.585644 -0.001415
0.812060 -0.587563 -0.000313
0.825627 -0.586212 -0.001483
0.841600 -0.585152 -0.001631
0.857045 -0.588525 0.000451
0.870951 -0.586360 -0.000461
0.883775 -0.586403 -0.000485
0.899574 -0.589501 0.000530
0.915215 -0.586978 0.000849
0.927868 -0.586612 0.001723
0.940422 -0.588751 -0.000894
0.957935 -0.587818 0.000483
0.971910 -0.587854 -0.001421
0.984167 -0.587698 -0.000486
1.000083 -0.587191 -0.000172
-1.000664 -0.571870 -0.000323
-0.984084 -0.571924 0.001792
-0.970389 -0.573527 -0.000267
-0.959119 -0.572236 -0.000243
-0.942488 -0.572372 -0.000493
-0.928225 -0.571996 0.003362
-0.913576 -0.571532 -0.001218
-0.900859 -0.572423 0.001180
-0.884302 -0.572298 0.001506
-0.869540 -0.571511 -0.001428
-0.858216 -0.572348 -0.001342
-0.840130 -0.573935 -0.000053
-0.829023 -0.571330 0.000582
-0.812866 -0.572291 0.001132
-0.797871 -0.572655 0.000268
-0.783676 -0.573594 0.000981
-0.770214 -0.573072 -0.001706
-0.755019 -0.572650 -0.000255
-0.741973 -0.573419 0.000712
-0.725831 -0.573722 -0.000367
-0.711939 -0.573203 0.000095
-0.699922 -0.570107 -0.002134
-0.683934 -0.572648 0.001381
-0.670333 -0.571671 -0.000517
-0.653572 -0.574603 0.002148
-0.641194 -0.574001 0.001606
-0.626450 -0.574790 0.000406
-0.609962 -0.574728 0.002913
-0.597153 -0.572317 0.000628
-0.582628 -0.573353 0.001227
-0.569594 -0.572484 0.000639
-0.553164 -0.573390 -0.000023
-0.539300 -0.570159 0.001912
-0.523667 -0.572956 0.000463
-0.510760 -0.572014 -0.001185
-0.496245 -0.572889 0.000518
-0.480732 -0.570873 0.000960
-0.468331 -0.572174 0.001022
-0.453876 -0.573310 0.001232
-0.439117 -0.573669 0.001304
-0.424585 -0.570994 -0.000924
-0.410117 -0.573383 0.000990
-0.394642 -0.574005 -0.000397
-0.380911 -0.574835 -0.000477
-0.366768 -0.573452 -0.000946
-0.351584 -0.573535 -0.000968
-0.337739 -0.573354 0.000215
-0.324522 -0.571512 0.002931
-0.309761 -0.571069 0.000519
-0.292721 -0.574551 0.001377
-0.283188 -0.573309 0.000935
-0.266664 -0.571148 0.000942
-0.251782 -0.572658 -0.000468
-0.238197 -0.573139 0.000267
-0.223563 -0.575126 0.000513
-0.208509 -0.573673 -0.000817
-0.195328 -0.572468 0.000220
-0.179117 -0.574126 0.000981
-0.165401 -0.573207 -0.000774
-0.150476 -0.572826 -0.001490
-0.136211 -0.571616 0.000148
-0.123151 -0.571023 0.000349
-0.108267 -0.572842 -0.000699
-0.094668 -0.570934 -0.001852
-0.077687 -0.573396 -0.000535
-0.065714 -0.572009 0.001011
-0.050584 -0.574611 -0.002272
-0.035520 -0.574321 -0.000976
-0.023026 -0.572112 -0.000412
-0.006563 -0.571411 0.000145
0.006750 -0.571110 -0.001466
0.021535 -0.571941 0.000030
0.035951 -0.572445 0.000272
0.048408 -0.573463 0.001839
0.064941 -0.572401 -0.000552
0.078360 -0.574106 0.001525
0.092469 -0.574429 -0.000105
0.108866 -0.574716 0.000141
0.122430 -0.572162 0.000273
0.136939 -0.572288 0.000695
0.150441 -0.572800 -0.000112
0.165627 -0.572090 -0.000054
0.180072 -0.571320 0.001073
0.194914 -0.572474 -0.000206
0.208247 -0.572197 -0.000998
0.221615 -0.571923 -0.000544
0.237881 -0.570997 0.000401
0.250919 -0.571836 -0.000699
0.268012 -0.572982 -0.001660
0.281217 -0.573692 -0.001357
0.293733 -0.571544 -0.000219
0.307880 -0.573398 -0.000707
0.325144 -0.572474 -0.001146
0.337724 -0.571934 -0.000062
0.352078 -0.573330 -0.000348
0.366827 -0.573591 0.001243
0.381336 -0.572660 -0.001350
0.395004 -0.572376 0.000255
0.411438 -0.572576 -0.000737
0.424059 -0.572025 -0.000705
0.438377 -0.571252 0.000635
0.454972 -0.572837 0.000572
0.468977 -0.571418 0.002508
0.482470 -0.573929 -0.000089
0.496038 -0.573947 -0.000614
0.510533 -0.573192 -0.000222
0.523638 -0.571599 -0.000636
0.539652 -0.572938 -0.000961
0.554999 -0.573169 0.000001
0.569199 -0.572698 -0.000578
0.582565 -0.573292 0.001417
0.595229 -0.572893 0.001280
0.611987 -0.574325 0.001724
0.625508 -0.572717 -0.000435
0.639867 -0.572850 0.000305
0.655843 -0.572808 0.000123
0.667440 -0.572262 -0.001136
0.682984 -0.573379 0.000817
0.696351 -0.572570 0.000519
0.712004 -0.574281 0.002728
0.726229 -0.571758 0.000696
0.740175 -0.573722 0.000675
0.753096 -0.572133 -0.001089
0.769809 -0.571753 0.000047
0.783972 -0.571112 0.001167
0.799225 -0.573245 0.000679
0.812975 -0.571836 0.001319
0.827483 -0.574095 0.001719
0.842109 -0.571567 0.000163
0.854795 -0.572152 0.001124
0.869846 -0.573377 -0.000108
0.886277 -0.573048 0.000683
0.897689 -0.572838 0.001166
0.913928 -0.574126 -0.000760
0.927039 -0.573943 -0.000070
0.941174 -0.571689 -0.000731
0.958023 -0.574331 -0.000892
0.970310 -0.571611 0.000857
0.985925 -0.573285 -0.000277
1.001309 -0.571939 -0.001610
-0.998478 -0.557894 -0.001182
-0.985368 -0.560051 0.001675
-0.970680 -0.558902 -0.000400
-0.957185 -0.557330 -0.001891
-0.943014 -0.558525 -0.000378
-0.927423 -0.559389 -0.001572
-0.914138 -0.559720 -0.000539
-0.899193 -0.558704 -0.000182
-0.885302 -0.559442 0.000109
-0.870497 -0.557329 0.000788
-0.855207 -0.559784 -0.000954
-0.841414 -0.558408 0.000548
-0.826597 -0.557682 -0.000335
-0.812258 -0.558100 0.000015
-0.798244 -0.558732 -0.001996
-0.783387 -0.557335 -0.000160
-0.767828 -0.559071 0.000453
-0.754943 -0.559535 0.000754
-0.742044 -0.558680 -0.000905
-0.728143 -0.558111 0.000462
-0.712128 -0.557351 -0.000495
-0.698734 -0.558305 0.001130
-0.682540 -0.558747 -0.000204
-0.668683 -0.557231 -0.000089
-0.655261 -0.558143 0.000081
-0.642005 -0.559673 0.000327
-0.625339 -0.557843 -0.000325
-0.611042 -0.558081 0.000509
-0.595432 -0.557410 0.000471
-0.581000 -0.558912 -0.000348
-0.566585 -0.557604 0.000434
-0.553904 -0.557870 -0.000554
-0.540458 -0.559884 0.000519
-0.523443 -0.560464 -0.000857
-0.509906 -0.558931 0.000649
-0.496139 -0.557814 0.000726
-0.478353 -0.556793 -0.001452
-0.467205 -0.558938 -0.000546
-0.452101 -0.557881 0.001016
-0.439327 -0.558058 0.001112
-0.426458 -0.560102 -0.001036
-0.410270 -0.559271 -0.001781
-0.394708 -0.558595 0.000058
-0.382182 -0.557852 0.001118
-0.367034 -0.557300 0.001168
-0.352338 -0.557544 0.000530
-0.338143 -0.557832 -0.000226
-0.323797 -0.557970 -0.000374
-0.308708 -0.559762 -0.000682
-0.294411 -0.557941 0.001208
-0.278960 -0.557058 -0.000947
-0.267575 -0.559185 0.000152
-0.250614 -0.560361 0.000719
-0.238126 -0.558319 -0.000008
-0.222723 -0.559109 0.000350
-0.209668 -0.558759 -0.000778
-0.194205 -0.561563 0.000675
-0.178443 -0.558651 -0.001706
-0.164823 -0.558437 0.000049
-0.150536 -0.558609 -0.000746
-0.135493 -0.558327 -0.000186
-0.122502 -0.556732 0.001039
-0.108544 -0.557113 0.000159
-0.093465 -0.559184 0.001556
-0.079976 -0.558482 0.002108
-0.064245 -0.556799 -0.002329
-0.050312 -0.559798 -0.000164
-0.037258 -0.558239 -0.000310
-0.020288 -0.559635 -0.000138
-0.008457 -0.560044 -0.000807
0.007859 -0.558338 -0.000929
0.021740 -0.559025 0.001629
0.034206 -0.558302 -0.001532
0.050841 -0.558269 0.000487
0.064462 -0.558426 -0.000353
0.077805 -0.558324 0.000864
0.092800 -0.558724 -0.002111
0.108682 -0.559136 -0.000085
0.122931 -0.557153 0.000278
0.136275 -0.558763 -0.001193
0.151403 -0.558255 -0.000751
0.165192 -0.558066 0.000807
0.178757 -0.559174 -0.001092
0.195052 -0.555585 0.000487
0.208622 -0.558784 0.000430
0.223974 -0.558627 -0.000678
0.238177 -0.557395 -0.000286
0.253407 -0.559417 0.000340
0.266412 -0.556806 0.000588
0.280597 -0.559597 0.000254
0.294822 -0.561523 0.000504
0.310873 -0.556620 -0.000262
0.323598 -0.557107 -0.000146
0.337203 -0.559257 0.000043
0.353368 -0.559009 -0.000431
0.368306 -0.559907 0.000381
0.381033 -0.558926 -0.000324
0.397026 -0.557963 -0.000491
0.409737 -0.558073 0.000847
0.423663 -0.558099 0.000827
0.439537 -0.557475 -0.001518
0.452218 -0.556436 0.002274
0.467668 -0.558283 -0.000012
0.482184 -0.557193 -0.000195
0.496108 -0.556879 0.000884
0.512612 -0.557793 0.000487
0.524397 -0.559462 -0.001275
0.540535 -0.558635 0.000461
0.554425 -0.558637 0.001735
0.567780 -0.558956 0.000132
0.582601 -0.559303 0.001144
0.597734 -0.557948 0.000469
0.611226 -0.560535 0.000342
0.627106 -0.559309 -0.000804
0.637198 -0.558113 0.000916
0.652980 -0.559502 -0.000421
0.668553 -0.557360 0.000795
0.684259 -0.557506 -0.000068
0.698295 -0.560128 -0.001302
0.711664 -0.557492 -0.002158
0.727649 -0.559356 -0.000583
0.740334 -0.557005 -0.001312
0.754711 -0.560293 0.000050
0.770228 -0.557916 0.000601
0.785296 -0.559122 0.000687
0.798271 -0.558869 0.000256
0.813249 -0.557670 -0.000909
0.825442 -0.556768 -0.000395
0.841487 -0.557993 -0.000879
0.855028 -0.558709 0.001117
0.871338 -0.557781 0.000655
0.883447 -0.560063 0.001124
0.900845 -0.557471 -0.000112
0.915014 -0.557412 0.000523
0.927970 -0.559734 -0.000343
0.941867 -0.559023 0.000197
0.956630 -0.559008 -0.000853
0.972112 -0.558036 0.000203
0.985632 -0.557792 -0.000235
0.998553 -0.558641 0.001026
-0.999810 -0.543524 -0.000593
-0.985863 -0.543508 0.001599
-0.973700 -0.545411 -0.000785
-0.956805 -0.543925 -0.000152
-0.941893 -0.543846 -0.000008
-0.927275 -0.545056 -0.001469
-0.912990 -0.544439 -0.001343
-0.899768 -0.543412 0.000128
-0.883796 -0.544447 0.000407
-0.870978 -0.541865 0.000305
-0.856790 -0.544908 -0.000347
-0.842869 -0.543040 -0.000532
-0.828517 -0.545788 0.001525
-0.814388 -0.543549 0.000179
-0.797755 -0.543565 -0.001025
-0.783574 -0.543276 -0.001547
-0.769032 -0.544030 -0.000166
-0.756674 -0.545258 -0.000063
-0.742019 -0.546741 0.001198
-0.724451 -0.545149 -0.000098
-0.712578 -0.544964 0.000616
-0.696656 -0.543493 -0.001320
-0.682348 -0.542299 0.000832
-0.670172 -0.544278 -0.000021
-0.655145 -0.544424 -0.001982
-0.641073 -0.544343 -0.000350
-0.627924 -0.545567 -0.000218
-0.610443 -0.544204 -0.000170
-0.598179 -0.545125 -0.003288
-0.584307 -0.545663 -0.000288
-0.568590 -0.544533 0.000246
-0.553391 -0.544765 0.000096
-0.538139 -0.544333 0.000301
-0.523061 -0.544361 0.001813
-0.510356 -0.544006 -0.000122
-0.495691 -0.544269 0.001377
-0.481795 -0.544031 -0.000424
-0.469579 -0.544205 -0.002195
-0.453057 -0.544344 -0.000396
-0.438505 -0.544567 -0.000631
-0.424918 -0.544899 0.000564
-0.410526 -0.544724 -0.001012
-0.397217 -0.546876 0.001575
-0.381845 -0.545995 -0.000153
-0.366495 -0.543442 0.001255
-0.352903 -0.545853 0.000554
-0.338797 -0.544236 0.001671
-0.322719 -0.544635 0.002085
-0.308711 -0.543177 -0.001144
-0.295904 -0.545199 0.000494
-0.279819 -0.545728 -0.001413
-0.265881 -0.544253 0.000914
-0.250904 -0.544263 -0.001349
-0.238097 -0.544009 0.001533
-0.223696 -0.545344 -0.001218
-0.209383 -0.544014 -0.001083
-0.194554 -0.544942 0.000371
-0.178006 -0.543603 -0.000105
-0.165217 -0.543023 -0.000401
-0.150949 -0.544121 -0.000610
-0.137165 -0.544013 0.000538
-0.122805 -0.545885 -0.001263
-0.106994 -0.542094 0.001440
-0.093425 -0.544920 -0.000554
-0.079681 -0.544323 -0.000291
-0.062220 -0.546070 0.001385
-0.050876 -0.544761 -0.000020
-0.035997 -0.544988 0.000902
-0.023961 -0.545432 -0.001633
-0.008098 -0.547064 -0.000268
0.006428 -0.542901 0.000601
0.021256 -0.544399 0.002405
0.036406 -0.544567 0.000027
0.048938 -0.545619 0.002074
0.065173 -0.543561 -0.000559
0.079945 -0.545151 0.000151
0.092932 -0.545411 0.000172
0.107548 -0.544634 -0.000116
0.122506 -0.545207 -0.000753
0.138923 -0.543586 -0.001449
0.149887 -0.545461 -0.002304
0.166463 -0.545516 0.002150
0.179069 -0.544687 -0.001582
0.193747 -0.545478 -0.000071
0.209590 -0.543352 0.001123
0.222876 -0.544196 -0.000281
0.237371 -0.544652 0.001208
0.251439 -0.543674 -0.001004
0.264769 -0.542912 0.001365
0.280605 -0.545429 -0.001128
0.294969 -0.544302 -0.001247
0.309510 -0.544829 0.000492
0.323949 -0.544148 -0.000108
0.336489 -0.543080 0.000139
0.352114 -0.544149 0.001136
0.366085 -0.544116 0.001095
0.381236 -0.546604 -0.000622
0.397147 -0.542760 0.001599
0.407612 -0.543264 0.001660
0.425515 -0.544453 0.000652
0.439862 -0.546550 0.000852
0.453699 -0.544759 0.001093
0.467273 -0.543713 -0.001860
0.483662 -0.544836 -0.001605
0.493222 -0.543725 -0.002257
0.511304 -0.546220 -0.000357
0.527279 -0.543202 0.001598
0.539014 -0.545157 0.001690
0.555446 -0.544769 0.000500
0.567644 -0.545593 0.001409
0.581896 -0.543637 -0.001269
0.596011 -0.544131 -0.001128
0.611954 -0.544186 -0.001474
0.626398 -0.544479 0.000196
0.641504 -0.544392 0.001002
0.655830 -0.545449 -0.001505
0.668833 -0.545242 -0.000549
0.683351 -0.543986 -0.000601
0.697735 -0.544553 -0.000597
0.712776 -0.543525 -0.001154
0.728010 -0.542568 -0.000288
0.739134 -0.545515 0.000332
0.754198 -0.543067 -0.000254
0.769239 -0.544233 0.000651
0.784111 -0.544531 0.000460
0.799333 -0.543581 0.000380
0.812625 -0.545664 0.000984
0.827245 -0.543705 0.000686
0.840702 -0.545247 0.001382
0.856267 -0.546049 -0.000001
0.870688 -0.545429 -0.000332
0.885989 -0.544604 0.001162
0.901066 -0.543773 -0.000657
0.913944 -0.545399 0.000201
0.929733 -0.546142 0.000572
0.942506 -0.541718 -0.001392
0.956488 -0.543331 0.001149
0.970049 -0.545939 0.000307
0.986492 -0.545089 0.001099
1.000212 -0.543049 0.000296
-1.000491 -0.530438 0.000293
-0.987154 -0.529848 0.000879
-0.973270 -0.530293 0.001396
-0.957206 -0.531109 0.000842
-0.943901 -0.531441 -0.000699
-0.929428 -0.529775 -0.000343
-0.912886 -0.530007 -0.000516
-0.899895 -0.529769 0.001311
-0.886468 -0.529705 -0.000229
-0.870860 -0.530071 0.000015
-0.856935 -0.530986 0.001112
-0.840885 -0.530836 0.001936
-0.826183 -0.529388 0.001013
-0.813636 -0.531073 0.000099
-0.799688 -0.529092 -0.000051
-0.784110 -0.531234 -0.001688
-0.769436 -0.531133 0.001366
-0.755366 -0.529628 -0.001279
-0.740544 -0.530792 -0.001214
-0.723867 -0.531491 -0.000837
-0.711408 -0.530758 0.000843
-0.697073 -0.531632 -0.001731
-0.683232 -0.529278 0.000337
-0.668768 -0.531590 -0.002078
-0.654820 -0.528912 0.000920
-0.641684 -0.530170 0.001309
-0.624873 -0.529640 0.000770
-0.611314 -0.530742 -0.000259
-0.596998 -0.530691 0.000158
-0.581669 -0.531016 0.001792
-0.569252 -0.528824 0.000230
-0.553726 -0.531502 -0.000488
-0.541129 -0.530120 -0.001118
-0.527297 -0.532357 -0.000968
-0.510359 -0.529655 0.000655
-0.494072 -0.527473 -0.000084
-0.480096 -0.529426 -0.001692
-0.469817 -0.528841 -0.001051
-0.452573 -0.529001 0.001585
-0.439202 -0.529179 0.000254
-0.426082 -0.530367 -0.000049
-0.411118 -0.529104 0.000821
-0.394063 -0.531674 -0.001059
-0.383337 -0.529992 -0.001037
-0.367719 -0.530950 0.002660
-0.353293 -0.530126 0.000746
-0.336814 -0.529965 -0.001446
-0.324608 -0.531652 -0.000986
-0.308676 -0.530334 -0.000077
-0.294849 -0.528043 0.001697
-0.279869 -0.529953 -0.000898
-0.265415 -0.530769 0.000769
-0.251918 -0.530280 0.000575
-0.238471 -0.530967 0.000570
-0.222078 -0.527371 -0.000018
-0.210417 -0.529830 -0.001027
-0.194001 -0.530976 -0.000137
-0.181630 -0.529393 0.000056
-0.165928 -0.527836 0.000871
-0.150901 -0.530757 -0.000519
-0.136056 -0.531168 0.000418
-0.122081 -0.529874 0.000969
-0.109578 -0.530311 0.000855
-0.093790 -0.530021 -0.000866
-0.079358 -0.530931 0.002507
-0.065820 -0.529380 -0.000930
-0.051521 -0.528531 -0.000766
-0.036851 -0.530325 0.000481
-0.021603 -0.529765 -0.000382
-0.005309 -0.530058 -0.000806
0.006019 -0.529151 -0.000331
0.021124 -0.531809 -0.000674
0.035880 -0.532190 -0.000439
0.050011 -0.529752 -0.000110
0.063627 -0.531604 0.001324
0.079101 -0.528458 0.001738
0.092768 -0.529698 0.000255
0.106867 -0.531270 -0.000734
0.123628 -0.531627 -0.000747
0.136845 -0.529525 0.000556
0.151430 -0.529623 0.000059
0.166317 -0.530135 0.000542
0.179118 -0.529882 0.000319
0.194947 -0.531229 -0.000517
0.209497 -0.531887 0.000952
0.224012 -0.529331 0.000850
0.236988 -0.529154 0.000539
0.250965 -0.528640 -0.000155
0.265902 -0.530603 -0.000858
0.280317 -0.528700 -0.000264
0.294484 -0.532872 -0.000072
0.309964 -0.529729 0.001550
0.323308 -0.531161 0.001021
0.337883 -0.530383 -0.001521
0.350916 -0.530136 0.000368
0.366487 -0.529833 -0.000018
0.382560 -0.529337 0.000506
0.395500 -0.530265 -0.002300
0.409404 -0.529571 -0.000235
0.424734 -0.530499 0.002587
0.440789 -0.528903 0.001152
0.450709 -0.530282 0.000456
0.467271 -0.531314 0.000008
0.480561 -0.530214 -0.001623
0.496487 -0.530426 0.000875
0.508981 -0.530057 0.002074
0.523691 -0.530350 -0.000513
0.539626 -0.529995 -0.000174
0.554600 -0.530237 0.000366
0.567671 -0.529899 0.001006
0.581585 -0.529815 0.000120
0.596514 -0.528678 0.001559
0.608430 -0.530294 -0.000882
0.626601 -0.530733 0.000568
0.638613 -0.529611 0.001282
0.655197 -0.530710 -0.000554
0.668897 -0.531938 -0.000687
0.684383 -0.529694 0.001111
0.697589 -0.531470 -0.000638
0.710598 -0.529226 -0.001013
0.724832 -0.529223 0.000074
0.741254 -0.529959 0.001629
0.755140 -0.529649 -0.000127
0.770360 -0.527961 -0.000418
0.783023 -0.531464 -0.000407
0.798964 -0.530015 0.002609
0.810657 -0.530094 0.000817
0.826652 -0.529959 -0.000196
0.841436 -0.530394 0.000286
0.856744 -0.529261 0.000242
0.868792 -0.529882 0.000574
0.885002 -0.528691 0.000292
0.899115 -0.530707 0.001227
0.914542 -0.529600 -0.000293
0.927413 -0.529942 -0.001259
0.943127 -0.530587 0.001038
0.957300 -0.531985 0.000748
0.968963 -0.527657 -0.000090
0.985596 -0.531818 -0.000613
0.998771 -0.531326 -0.000985
-1.000012 -0.516446 0.000876
-0.984451 -0.515700 -0.000741
-0.973085 -0.516562 0.000437
-0.956783 -0.515436 -0.000528
-0.942520 -0.515408 -0.000322
-0.929426 -0.516726 0.000816
-0.913251 -0.516035 -0.000696
-0.898819 -0.516398 -0.000011
-0.885593 -0.515122 0.001057
-0.869662 -0.513750 0.000478
-0.856632 -0.516919 0.001195
-0.840741 -0.516942 -0.000710
-0.826454 -0.515520 0.000728
-0.810026 -0.514555 -0.000998
-0.797452 -0.517514 0.000969
-0.782965 -0.515758 -0.001091
-0.770718 -0.514019 -0.000511
-0.754703 -0.515599 0.000152
-0.740031 -0.516002 0.000088
-0.726212 -0.515037 0.000931
-0.711535 -0.516179 0.002374
-0.697831 -0.515717 0.000062
-0.684146 -0.516166 -0.000058
-0.669501 -0.517324 -0.000053
-0.655316 -0.516594 -0.000407
-0.640138 -0.516518 -0.000526
-0.626729 -0.516963 0.000498
-0.611455 -0.516333 -0.000606
-0.596307 -0.516967 -0.001016
-0.582214 -0.517563 -0.000051
-0.566634 -0.517500 0.000154
-0.552983 -0.516650 -0.000052
-0.538641 -0.515381 0.000843
-0.524135 -0.516801 -0.000096
-0.511620 -0.515293 -0.000646
-0.496916 -0.516955 0.000411
-0.480129 -0.516841 0.000967
-0.465973 -0.514435 0.000863
-0.453555 -0.516791 0.000211
-0.438391 -0.517015 0.001896
-0.424151 -0.517377 -0.000911
-0.408335 -0.515791 0.000632
-0.395960 -0.516622 -0.000822
-0.380941 -0.516312 -0.000341
-0.366469 -0.517337 -0.000602
-0.354048 -0.514703 -0.000984
-0.337957 -0.516111 -0.000139
-0.325346 -0.518871 0.000359
-0.310209 -0.516156 -0.000116
-0.294797 -0.513482 0.000072
-0.280099 -0.515571 0.000422
-0.265797 -0.516340 0.001667
-0.253002 -0.514771 0.000078
-0.239246 -0.516223 0.001191
-0.223274 -0.515205 -0.001370
-0.208944 -0.516632 -0.000107
-0.195394 -0.516933 0.000458
-0.181637 -0.515190 -0.001369
-0.165724 -0.517714 -0.000361
-0.150102 -0.516766 0.000178
-0.135845 -0.516117 -0.002008
-0.122461 -0.515153 -0.000796
-0.108911 -0.516809 0.000042
-0.093559 -0.517156 0.000436
-0.079158 -0.516017 -0.000052
-0.065621 -0.515397 -0.001607
-0.051891 -0.516181 -0.000530
-0.036222 -0.517452 0.000474
-0.020595 -0.514999 -0.000903
-0.007999 -0.515980 -0.001017
0.005669 -0.515205 0.000541
0.022253 -0.516605 0.000388
0.035598 -0.515000 0.000397
0.050599 -0.517293 -0.000531
0.064202 -0.513927 -0.000656
0.079877 -0.515563 0.002086
0.093056 -0.516548 -0.000160
0.108060 -0.514720 -0.000234
0.123775 -0.514381 0.000845
0.137067 -0.515512 -0.000194
0.150941 -0.516202 -0.002033
0.164237 -0.517525 0.000090
0.179588 -0.516130 0.000819
0.195647 -0.515828 -0.000633
0.208946 -0.517334 0.000461
0.223088 -0.517191 -0.000926
0.237574 -0.515701 -0.002325
0.252089 -0.516204 0.000660
0.265604 -0.515288 0.002085
0.278539 -0.514312 -0.000055
0.294595 -0.515416 0.000433
0.309078 -0.517020 0.002481
0.323879 -0.515815 -0.002504
0.337563 -0.517785 0.000046
0.352708 -0.516084 0.000457
0.365549 -0.516686 0.000078
0.380372 -0.514729 0.000349
0.396216 -0.516362 -0.000201
0.410432 -0.517021 -0.000856
0.423267 -0.516849 -0.001214
0.439661 -0.518539 -0.000520
0.453189 -0.516251 -0.001107
0.467355 -0.516289 0.001102
0.483258 -0.513758 -0.000260
0.497957 -0.516321 -0.000755
0.509772 -0.514178 0.001015
0.522835 -0.516491 -0.000891
0.539660 -0.515432 0.001539
0.552571 -0.516612 0.000862
0.568024 -0.517336 0.000382
0.581762 -0.515209 0.000055
0.597662 -0.516614 -0.000407
0.610862 -0.516330 -0.000532
0.625258 -0.516445 0.000564
0.642076 -0.512281 0.000630
0.651651 -0.516512 -0.000389
0.669518 -0.516047 0.000193
0.684892 -0.517050 0.002057
0.698075 -0.517149 0.001213
0.710846 -0.517732 -0.000053
0.727204 -0.516732 -0.000711
0.742373 -0.515383 -0.001876
0.755185 -0.516430 -0.002083
0.769757 -0.517910 0.000685
0.785031 -0.516194 -0.000900
0.798795 -0.516177 0.000862
0.814162 -0.515587 0.000466
0.829020 -0.514089 -0.000733
0.841665 -0.514501 0.000309
0.855858 -0.516238 0.000173
0.868109 -0.516362 0.001243
0.886122 -0.514584 -0.000160
0.897946 -0.515717 0.000077
0.914315 -0.516909 -0.000411
0.925596 -0.515687 -0.001075
0.942161 -0.515564 0.000257
0.957037 -0.515446 0.002255
0.972255 -0.516752 0.000905
0.985034 -0.516729 -0.000850
0.999293 -0.514665 0.000033
-0.997984 -0.503244 0.001125
-0.985402 -0.502281 -0.001032
-0.972435 -0.502745 -0.000137
-0.957065 -0.501647 0.000084
-0.942673 -0.500837 -0.001964
-0.927823 -0.501450 0.000689
-0.913066 -0.500476 0.000303
-0.899058 -0.502274 0.000489
-0.883608 -0.502491 -0.001153
-0.871570 -0.501936 -0.000675
-0.857200 -0.501480 0.001184
-0.841741 -0.501450 0.000910
-0.827110 -0.499935 0.000608
-0.812660 -0.500415 0.000582
-0.796872 -0.502157 -0.001343
-0.783084 -0.502026 -0.001957
-0.769643 -0.501476 -0.000957
-0.755888 -0.504462 -0.000438
-0.741168 -0.503039 -0.001755
-0.727016 -0.501562 0.001022
-0.712140 -0.502698 -0.000453
-0.698599 -0.501429 -0.000387
-0.682619 -0.501456 0.000511
-0.668040 -0.500772 -0.000549
-0.655291 -0.502291 -0.001214
-0.640774 -0.501709 0.000378
-0.626076 -0.503002 -0.000472
-0.612034 -0.502028 -0.000326
-0.598133 -0.502607 -0.000963
-0.583996 -0.501168 -0.000043
-0.567935 -0.502013 -0.000830
-0.552886 -0.501167 -0.000098
-0.540190 -0.503429 0.001929
-0.527101 -0.501802 -0.000300
-0.510393 -0.501699 0.001905
-0.495799 -0.503204 0.000001
-0.483762 -0.501614 0.000119
-0.467108 -0.503233 -0.000922
-0.452980 -0.501428 0.000522
-0.440664 -0.500515 -0.001086
-0.425028 -0.500692 0.002405
-0.409465 -0.501762 -0.000289
-0.397808 -0.503004 0.001054
-0.379973 -0.502461 0.000137
-0.367627 -0.502029 -0.000332
-0.351644 -0.501727 -0.000317
-0.336584 -0.502973 0.002752
-0.324595 -0.502951 0.000725
-0.311040 -0.500933 0.001187
-0.294564 -0.501919 -0.001357
-0.282821 -0.501585 -0.000219
-0.265119 -0.501919 -0.000623
-0.252883 -0.501822 -0.000568
-0.236115 -0.502249 0.001219
-0.223199 -0.502306 -0.000598
-0.206819 -0.502677 0.000054
-0.194288 -0.501202 -0.000373
-0.179334 -0.502380 -0.000078
-0.164515 -0.502107 0.001396
-0.151585 -0.502678 -0.000766
-0.136003 -0.503217 0.001197
-0.121249 -0.501847 0.001064
-0.105959 -0.502528 0.000416
-0.094288 -0.500929 -0.000608
-0.080881 -0.501967 -0.001029
-0.063804 -0.498893 -0.000820
-0.049097 -0.500874 -0.000011
-0.036482 -0.501839 0.000957
-0.021309 -0.502002 -0.000548
-0.006601 -0.501962 -0.000771
0.006353 -0.501122 -0.000841
0.021164 -0.502801 -0.000400
0.035545 -0.501726 -0.000317
0.050524 -0.502398 -0.001077
0.064221 -0.502072 -0.000649
0.078235 -0.502735 -0.001556
0.094090 -0.504114 -0.000146
0.108908 -0.503810 0.001449
0.121485 -0.500842 -0.000006
0.138244 -0.502909 0.000321
0.152083 -0.500047 0.000805
0.166286 -0.503684 -0.000036
0.178890 -0.502916 -0.000137
0.195413 -0.502159 -0.000116
0.206130 -0.502211 0.001392
0.223525 -0.502722 -0.000022
0.238815 -0.503421 -0.000600
0.251224 -0.500767 0.000777
0.266089 -0.502171 0.000828
0.279641 -0.499502 -0.000772
0.293597 -0.502095 -0.000549
0.306615 -0.502953 -0.002004
0.323452 -0.503103 0.000315
0.337087 -0.500975 -0.000215
0.353248 -0.502067 -0.000316
0.367744 -0.502194 0.000169
0.380925 -0.502978 0.002100
0.397691 -0.499721 0.000292
0.409882 -0.503844 -0.000935
0.424666 -0.503927 0.000166
0.437744 -0.499523 -0.000003
0.453158 -0.503482 0.000609
0.467570 -0.502916 0.000307
0.482922 -0.503036 0.000268
0.495885 -0.501414 0.001045
0.511895 -0.500381 0.001784
0.525779 -0.502633 0.000753
0.540983 -0.501077 -0.000276
0.553660 -0.502906 0.000525
0.569845 -0.501929 0.000266
0.581593 -0.500423 -0.001030
0.595170 -0.500990 0.000319
0.610403 -0.501367 -0.001125
0.625661 -0.501998 -0.000062
0.639948 -0.502071 -0.000108
0.654924 -0.501724 -0.001604
0.668340 -0.504129 0.000833
0.682593 -0.502045 0.000551
0.698643 -0.502959 -0.000667
0.711973 -0.501029 -0.000746
0.729768 -0.503009 -0.001127
0.741826 -0.501192 0.000265
0.754813 -0.501189 -0.000540
0.768427 -0.501615 0.000904
0.784733 -0.501444 0.000583
0.798952 -0.501540 0.000502
0.810234 -0.503275 -0.001624
0.827404 -0.502452 0.000905
0.841916 -0.504107 -0.001127
0.854599 -0.503061 0.001069
0.870293 -0.502896 -0.001216
0.883790 -0.501866 -0.000468
0.900886 -0.502460 0.000008
0.914000 -0.502064 0.000218
0.927270 -0.501268 -0.000626
0.941672 -0.502129 -0.000320
0.958681 -0.502221 -0.001245
0.971834 -0.503186 0.000458
0.986720 -0.502000 0.001016
1.001059 -0.502042 -0.000098
-1.000611 -0.489055 -0.000252
-0.984782 -0.487118 0.000494
-0.970186 -0.488098 0.000229
-0.959024 -0.486240 0.001121
-0.943168 -0.487713 -0.000843
-0.929531 -0.488804 0.000174
-0.914577 -0.488064 0.001571
-0.900952 -0.488610 -0.000947
-0.883992 -0.487599 -0.000559
-0.869839 -0.488542 -0.000026
-0.855711 -0.487924 -0.000452
-0.841047 -0.487091 0.000883
-0.826307 -0.488366 -0.000373
-0.813679 -0.488551 0.000337
-0.797573 -0.489178 0.000195
-0.783146 -0.487433 0.001132
-0.768508 -0.487851 0.000657
-0.756345 -0.486331 -0.000182
-0.740607 -0.487539 -0.000547
-0.726599 -0.487501 0.000177
-0.713705 -0.488082 -0.000868
-0.698409 -0.488512 -0.000490
-0.684073 -0.486459 0.001476
-0.667680 -0.488136 -0.000435
-0.655572 -0.488246 -0.001228
-0.640350 -0.489092 -0.000503
-0.625426 -0.486696 -0.000778
-0.611117 -0.485844 -0.000609
-0.597187 -0.487661 -0.000522
-0.583258 -0.486636 0.000927
-0.568898 -0.486927 -0.000028
-0.554688 -0.486867 0.000457
-0.539087 -0.487087 -0.001284
-0.527014 -0.488272 -0.000093
-0.512366 -0.488850 -0.000959
-0.495315 -0.488663 0.000171
-0.483792 -0.487962 0.000120
-0.466941 -0.486220 0.000089
-0.452983 -0.486688 -0.000469
-0.439198 -0.488759 0.000441
-0.427322 -0.486577 -0.001475
-0.411193 -0.490327 -0.000717
-0.395427 -0.488178 -0.001071
-0.380968 -0.486984 0.000529
-0.366363 -0.488807 -0.001039
-0.351343 -0.486864 0.000645
-0.336696 -0.487188 -0.000728
-0.323392 -0.488969 0.000544
-0.308196 -0.486882 0.000731
-0.294488 -0.486847 -0.000894
-0.280511 -0.489486 0.001399
-0.267644 -0.489030 0.000456
-0.251696 -0.489033 0.001518
-0.236773 -0.490066 -0.000313
-0.222041 -0.487438 -0.002242
-0.208657 -0.487424 -0.000461
-0.193821 -0.488953 0.001338
-0.180237 -0.488153 0.001874
-0.163818 -0.486781 0.000021
-0.151657 -0.487392 -0.000054
-0.136587 -0.487305 0.001150
-0.122583 -0.488234 0.001108
-0.108522 -0.487660 0.000309
-0.094091 -0.486959 0.000856
-0.080134 -0.487650 -0.002147
-0.063601 -0.488319 0.001047
-0.050926 -0.488389 0.000270
-0.036525 -0.488180 0.000653
-0.022568 -0.487513 -0.000109
-0.008203 -0.487743 0.002307
0.007566 -0.488326 0.000564
0.022027 -0.491087 -0.000073
0.034542 -0.488108 -0.000142
0.050236 -0.488364 -0.000697
0.065685 -0.487572 0.001985
0.077338 -0.488970 0.000522
0.093047 -0.488789 0.000556
0.108787 -0.488997 0.000566
0.122095 -0.487466 0.000072
0.138128 -0.485519 0.000067
0.150100 -0.488460 -0.000931
0.167178 -0.488091 -0.001347
0.180313 -0.487199 -0.000232
0.193284 -0.489929 0.000312
0.206589 -0.486961 -0.000384
0.223661 -0.489229 0.001282
0.236960 -0.486300 -0.000288
0.251243 -0.486790 -0.000609
0.266552 -0.487581 -0.001255
0.281385 -0.486720 -0.001450
0.293908 -0.487154 0.000778
0.307272 -0.486795 0.001159
0.323854 -0.488188 -0.001112
0.337281 -0.487158 0.000679
0.353681 -0.487522 -0.000688
0.367352 -0.488007 0.000316
0.382174 -0.488285 -0.000925
0.395830 -0.489374 -0.000380
0.409389 -0.489577 -0.000498
0.424263 -0.488478 0.000464
0.438487 -0.486346 -0.001537
0.452672 -0.486592 0.000531
0.466849 -0.487880 0.000467
0.484214 -0.487482 -0.000217
0.497624 -0.486820 -0.002018
0.510684 -0.487746 0.002587
0.525199 -0.485851 -0.001936
0.538551 -0.487330 0.000135
0.555331 -0.486801 -0.000351
0.569897 -0.489140 0.001314
0.582243 -0.485467 -0.000138
0.596076 -0.487632 -0.000372
0.612268 -0.487441 -0.000680
0.627312 -0.487841 0.000667
0.642342 -0.488005 0.000199
0.654401 -0.486727 0.000599
0.668047 -0.488771 0.001967
0.681583 -0.488368 0.000238
0.697908 -0.487290 0.001151
0.712387 -0.490423 0.000784
0.725357 -0.487812 0.000364
0.743588 -0.487024 0.000165
0.754188 -0.489161 -0.002970
0.769780 -0.488552 -0.001773
0.784610 -0.488890 0.000715
0.798670 -0.488888 0.000300
0.812745 -0.488713 -0.001488
0.829598 -0.488737 0.001779
0.839557 -0.486983 0.000104
0.857183 -0.487244 0.000479
0.868972 -0.487753 -0.000975
0.883657 -0.489315 0.000845
0.898212 -0.488093 0.000910
0.910947 -0.488482 -0.000100
0.928826 -0.485810 0.000125
0.942467 -0.487617 0.000405
0.957312 -0.486939 0.000723
0.970167 -0.486130 -0.001280
0.984220 -0.487357 0.000720
1.001163 -0.488194 -0.000347
-1.000774 -0.473485 -0.002421
-0.986922 -0.473294 0.000369
-0.971606 -0.473190 -0.000504
-0.955754 -0.474366 -0.001390
-0.942373 -0.475322 -0.000511
-0.927700 -0.472865 -0.000529
-0.913349 -0.474223 -0.000574
-0.898198 -0.476508 0.000341
-0.884891 -0.474463 -0.001649
-0.869951 -0.474319 0.000826
-0.854704 -0.473719 -0.000360
-0.840793 -0.474726 -0.001343
-0.824105 -0.472811 -0.000477
-0.812211 -0.473869 -0.000436
-0.798882 -0.473820 0.000864
-0.783895 -0.474158 -0.000735
-0.767563 -0.474502 -0.000117
-0.755545 -0.473713 0.001044
-0.740731 -0.474689 -0.000837
-0.724499 -0.473776 0.000611
-0.712681 -0.475460 0.000159
-0.699182 -0.474386 -0.001585
-0.684145 -0.473917 0.000114
-0.668708 -0.472609 -0.000807
-0.655915 -0.474005 0.001137
-0.639635 -0.473477 0.002442
-0.624990 -0.473747 -0.000226
-0.610046 -0.474011 -0.000355
-0.598096 -0.474408 0.000410
-0.583274 -0.474097 -0.002087
-0.567368 -0.473557 -0.000848
-0.553151 -0.472076 -0.000072
-0.541074 -0.474044 0.000190
-0.524827 -0.474977 0.000234
-0.511728 -0.473339 -0.002307
-0.495237 -0.474711 -0.000322
-0.481001 -0.473048 0.000482
-0.468589 -0.474424 0.001020
-0.451931 -0.473124 -0.001408
-0.440228 -0.474214 0.000504
-0.424129 -0.473604 -0.001945
-0.410631 -0.474473 -0.000980
-0.393390 -0.472847 -0.000850
-0.379847 -0.474008 -0.000188
-0.365973 -0.474245 -0.000148
-0.350110 -0.474714 -0.001476
-0.336769 -0.473713 0.000701
-0.324141 -0.473928 -0.001610
-0.308252 -0.474459 0.000975
-0.293816 -0.475003 -0.000478
-0.280314 -0.473058 0.000168
-0.265472 -0.473923 -0.000432
-0.252857 -0.474223 0.000138
-0.237888 -0.473704 -0.000792
-0.223346 -0.473436 -0.001091
-0.210027 -0.475153 -0.001434
-0.192990 -0.474090 -0.000564
-0.179524 -0.474727 -0.000402
-0.165249 -0.472636 -0.001463
-0.152298 -0.473739 0.000108
-0.137846 -0.474602 0.000316
-0.122135 -0.474459 0.000518
-0.107576 -0.472727 0.001597
-0.093537 -0.472701 0.002296
-0.078938 -0.471874 -0.000102
-0.064410 -0.473645 -0.002220
-0.052524 -0.474398 0.000059
-0.034430 -0.472900 0.001908
-0.021465 -0.474439 -0.000374
-0.008494 -0.473738 0.000828
0.007427 -0.474467 0.001008
0.021681 -0.474918 0.000328
0.035866 -0.472324 -0.001583
0.050864 -0.474584 -0.001145
0.067527 -0.473419 -0.000574
0.078775 -0.472884 -0.001608
0.093522 -0.474960 0.000408
0.108885 -0.471471 -0.000178
0.122398 -0.473364 0.001437
0.137506 -0.473894 0.000017
0.151547 -0.473103 0.000526
0.164859 -0.475186 -0.000224
0.179482 -0.474579 0.001083
0.194443 -0.474923 -0.000199
0.209171 -0.472419 -0.000526
0.223948 -0.475880 0.000076
0.238076 -0.471722 0.000977
0.250924 -0.474776 0.000960
0.265223 -0.473518 -0.001387
0.280409 -0.474358 0.000714
0.295460 -0.472039 -0.000192
0.308887 -0.474486 -0.000920
0.324397 -0.473974 -0.000493
0.337328 -0.473875 0.001392
0.352664 -0.474291 0.001232
0.366120 -0.475905 0.000198
0.380043 -0.472402 -0.002430
0.397054 -0.473735 -0.000917
0.410526 -0.472840 -0.001736
0.424111 -0.472495 0.000508
0.439223 -0.474756 0.000872
0.454317 -0.474354 0.001819
0.468182 -0.473681 -0.000674
0.482644 -0.473647 -0.001529
0.497321 -0.472384 -0.000211
0.510542 -0.475461 -0.001183
0.525226 -0.473943 -0.000290
0.537786 -0.472872 -0.000664
0.552967 -0.473314 -0.000192
0.568485 -0.474885 -0.000196
0.583085 -0.473840 0.000077
0.596096 -0.475494 0.001316
0.610841 -0.471796 -0.001386
0.626327 -0.473809 -0.000001
0.640626 -0.473519 -0.001533
0.653236 -0.472409 0.000853
0.669801 -0.474681 0.000222
0.681802 -0.473210 0.000865
0.698308 -0.472399 0.000919
0.712157 -0.473925 -0.000424
0.726750 -0.472586 -0.000995
0.741183 -0.472314 -0.000525
0.755754 -0.474694 0.000188
0.768724 -0.470702 0.001078
0.783136 -0.475930 0.000021
0.798554 -0.474802 0.000036
0.811985 -0.475662 -0.002346
0.828900 -0.473131 -0.000136
0.842484 -0.473631 -0.000057
0.857792 -0.473614 -0.000380
0.868780 -0.472807 -0.001474
0.884447 -0.474408 0.000240
0.899389 -0.474486 0.000636
0.914005 -0.474467 0.002194
0.927235 -0.473903 0.001081
0.942619 -0.475051 -0.001245
0.958563 -0.472903 -0.000228
0.973102 -0.474613 -0.000752
0.986040 -0.475374 -0.001643
0.998859 -0.472524 -0.000553
-1.000140 -0.461124 0.000102
-0.983944 -0.459795 -0.000170
-0.972313 -0.459106 -0.000478
-0.956468 -0.460422 -0.000259
-0.944698 -0.459918 -0.001317
-0.927989 -0.459865 -0.000487
-0.912013 -0.459684 0.000961
-0.898360 -0.458715 0.000855
-0.885117 -0.458043 -0.000038
-0.868950 -0.459530 0.000447
-0.856383 -0.460291 -0.000631
-0.841288 -0.458349 0.000480
-0.827294 -0.459867 0.000016
-0.815478 -0.458888 0.000568
-0.797860 -0.460457 0.001277
-0.784246 -0.458873 -0.000850
-0.771071 -0.460343 0.000303
-0.754417 -0.458977 -0.000237
-0.741157 -0.460804 -0.000366
-0.724571 -0.460113 0.001415
-0.711393 -0.461593 0.000243
-0.700147 -0.461211 -0.000220
-0.684471 -0.460017 -0.000047
-0.668522 -0.458936 0.000569
-0.654082 -0.460163 -0.001060
-0.639059 -0.459291 0.000411
-0.626354 -0.459672 -0.000345
-0.612268 -0.458427 -0.000912
-0.595488 -0.458061 0.000338
-0.584475 -0.458954 0.001055
-0.567510 -0.458061 0.000194
-0.553352 -0.458363 -0.001528
-0.540122 -0.459552 -0.000475
-0.524705 -0.460294 0.000437
-0.511941 -0.461112 0.000376
-0.496812 -0.458840 -0.001319
-0.484087 -0.459866 -0.000761
-0.465825 -0.460565 -0.001866
-0.452825 -0.458561 0.001104
-0.438721 -0.459434 0.000670
-0.425666 -0.462042 0.000487
-0.411987 -0.459771 -0.000086
-0.394749 -0.460766 0.000177
-0.381644 -0.460607 0.000909
-0.367727 -0.460178 0.001101
-0.352544 -0.460824 0.000374
-0.337498 -0.458823 -0.000270
-0.325411 -0.457737 -0.000105
-0.309742 -0.458982 -0.000105
-0.296015 -0.459329 0.000555
-0.279895 -0.458224 0.000131
-0.266971 -0.460084 0.001899
-0.252404 -0.461306 -0.000826
-0.238444 -0.458076 0.000443
-0.224028 -0.459537 -0.001298
-0.207624 -0.459188 0.001306
-0.195105 -0.461310 0.001143
-0.179227 -0.459964 0.002155
-0.164728 -0.459877 0.000823
-0.151192 -0.460547 -0.001444
-0.135376 -0.460689 -0.001686
-0.123492 -0.458393 0.000419
-0.107753 -0.460022 -0.000349
-0.093413 -0.459483 -0.000002
-0.080734 -0.458741 0.000733
-0.065754 -0.460539 0.001309
-0.050197 -0.460403 0.001306
-0.036222 -0.460508 0.000637
-0.022483 -0.460313 0.001104
-0.008112 -0.461111 -0.001638
0.008430 -0.458165 -0.000557
0.020339 -0.458955 -0.000371
0.036358 -0.458203 -0.002218
0.051443 -0.460134 0.001168
0.064965 -0.458214 -0.000627
0.077995 -0.458533 -0.001742
0.095148 -0.458787 0.000912
0.108489 -0.459366 -0.001128
0.121979 -0.459101 -0.000659
0.137008 -0.458203 0.001316
0.150586 -0.459674 -0.001139
0.165410 -0.458656 0.001786
0.177838 -0.458728 0.000032
0.194334 -0.460007 0.000779
0.208010 -0.459232 0.002328
0.221724 -0.458901 -0.000979
0.238002 -0.458971 -0.001105
0.253989 -0.457918 0.000594
0.265021 -0.458617 -0.000758
0.279457 -0.459714 -0.001843
0.294845 -0.460043 -0.000194
0.310287 -0.457069 0.000419
0.324905 -0.458192 0.001502
0.337979 -0.460974 -0.001375
0.354079 -0.460040 -0.000201
0.366360 -0.460332 0.001084
0.381088 -0.459780 0.000588
0.394906 -0.458744 0.000615
0.412136 -0.459655 -0.000232
0.425757 -0.458708 0.001007
0.437906 -0.460623 0.000256
0.451465 -0.460470 -0.000518
0.467557 -0.459517 -0.000970
0.480263 -0.459516 -0.000347
0.495934 -0.459724 -0.000890
0.510449 -0.460437 0.001102
0.522900 -0.460623 0.000585
0.538391 -0.459394 0.000162
0.553743 -0.458494 0.000650
0.568896 -0.461078 0.000491
0.581392 -0.460463 -0.000490
0.596619 -0.458365 0.000967
0.610525 -0.461652 -0.001026
0.626090 -0.458844 -0.000281
0.639597 -0.461318 0.001117
0.654592 -0.459005 0.000489
0.668995 -0.458250 0.000712
0.683285 -0.459111 0.002273
0.700616 -0.460661 0.000501
0.711774 -0.458850 -0.000544
0.726067 -0.459149 -0.001400
0.739979 -0.461187 -0.000498
0.755049 -0.459707 -0.001565
0.769198 -0.459836 0.000290
0.783464 -0.460438 0.000745
0.798868 -0.461301 0.000297
0.813218 -0.459267 0.000511
0.825750 -0.460537 0.001658
0.840232 -0.460481 0.000558
0.856871 -0.459331 -0.000280
0.869802 -0.460696 -0.000032
0.885149 -0.460513 -0.000410
0.899986 -0.459870 -0.000428
0.914209 -0.461325 0.000744
0.926215 -0.458865 0.001047
0.940523 -0.458147 0.001923
0.957373 -0.459812 0.000821
0.970500 -0.459108 -0.000774
0.984844 -0.458545 -0.002177
1.001528 -0.458027 -0.000299
-1.001235 -0.445630 0.000640
-0.985516 -0.444187 0.001247
-0.971428 -0.445093 -0.000892
-0.957197 -0.444468 0.000076
-0.943582 -0.446746 0.000245
-0.926822 -0.444415 -0.000611
-0.915229 -0.445879 -0.000400
-0.899196 -0.444103 -0.000822
-0.886425 -0.443957 -0.001319
-0.871328 -0.445545 0.000457
-0.856149 -0.446123 0.000760
-0.840716 -0.445455 -0.000528
-0.827859 -0.444588 -0.000423
-0.812710 -0.444933 -0.000072
-0.799760 -0.444445 -0.000722
-0.783507 -0.444733 -0.000012
-0.769682 -0.446784 -0.000828
-0.755456 -0.443925 -0.000207
-0.741050 -0.445330 -0.000288
-0.726643 -0.444814 -0.001283
-0.712106 -0.444305 0.001179
-0.699874 -0.445432 -0.000390
-0.682125 -0.446864 0.000189
-0.667163 -0.444713 -0.000811
-0.653251 -0.445341 0.000194
-0.638778 -0.446763 0.000217
-0.627563 -0.444492 0.001128
-0.611142 -0.445447 0.000066
-0.598045 -0.446018 0.000081
-0.582276 -0.444438 0.000180
-0.567661 -0.445539 0.000104
-0.554933 -0.446934 0.000283
-0.539250 -0.445175 0.000866
-0.524872 -0.445148 -0.001098
-0.510290 -0.444283 -0.000561
-0.497070 -0.445385 0.001276
-0.483392 -0.446540 -0.001602
-0.469426 -0.444935 -0.001528
-0.452257 -0.445242 0.000747
-0.439827 -0.445967 0.001344
-0.422749 -0.445490 -0.001504
-0.409976 -0.445931 -0.001461
-0.395846 -0.445193 0.000606
-0.379795 -0.445541 -0.000501
-0.366539 -0.443822 0.000356
-0.352553 -0.442982 0.001014
-0.338979 -0.444903 0.001392
-0.322844 -0.445834 -0.000512
-0.308858 -0.444171 -0.001255
-0.295777 -0.442707 -0.001332
-0.281167 -0.446410 -0.001106
-0.267802 -0.446463 -0.000570
-0.251450 -0.445857 0.000029
-0.237460 -0.446917 -0.001281
-0.223135 -0.445720 -0.000438
-0.208395 -0.444007 0.000787
-0.195433 -0.445700 -0.001111
-0.180556 -0.446221 -0.000187
-0.166285 -0.447091 0.000956
-0.150943 -0.444113 -0.001562
-0.135486 -0.446375 -0.000120
-0.121651 -0.445741 -0.000359
-0.107551 -0.445709 -0.000298
-0.093599 -0.442526 -0.002245
-0.077888 -0.445468 0.000325
-0.063577 -0.445440 -0.000892
-0.051039 -0.445885 0.000875
-0.035596 -0.444358 -0.000902
-0.021887 -0.445464 0.000381
-0.007970 -0.445079 0.001349
0.008197 -0.444845 0.001018
0.021964 -0.445756 0.000283
0.037273 -0.445602 0.000128
0.050174 -0.446126 -0.001530
0.066233 -0.444230 -0.000488
0.080763 -0.443709 0.000177
0.093673 -0.445965 -0.000284
0.107132 -0.446322 0.002770
0.123240 -0.444111 0.000429
0.139168 -0.445869 -0.000295
0.151442 -0.446342 0.000760
0.164698 -0.445843 -0.000158
0.179695 -0.444586 0.000374
0.198605 -0.444633 0.000625
0.210094 -0.444509 0.000949
0.224332 -0.445595 -0.000330
0.238323 -0.445453 0.000359
0.251727 -0.445005 0.000596
0.266124 -0.445319 -0.000769
0.282023 -0.446509 -0.000246
0.294652 -0.445039 -0.000915
0.310396 -0.446391 0.001672
0.323735 -0.443769 -0.000212
0.337813 -0.444425 0.001030
0.353668 -0.445465 -0.000934
0.366800 -0.445299 0.000347
0.381213 -0.445439 0.001112
0.395052 -0.445547 0.000521
0.410948 -0.443738 0.000885
0.425408 -0.444454 -0.000378
0.439833 -0.444512 -0.000302
0.453613 -0.446694 0.001248
0.465018 -0.445964 0.001009
0.480971 -0.442981 0.000225
0.497947 -0.447603 0.000671
0.510900 -0.445078 0.000452
0.526848 -0.445978 -0.001435
0.539912 -0.444613 -0.001574
0.554842 -0.444846 -0.000518
0.569040 -0.444535 0.000306
0.581646 -0.444670 0.000345
0.594597 -0.448109 0.000623
0.611557 -0.446518 0.001096
0.627192 -0.445821 0.000837
0.639078 -0.445808 0.000709
0.653384 -0.446162 0.002434
0.669555 -0.446963 -0.000751
0.683882 -0.444517 -0.001997
0.698705 -0.445750 -0.000437
0.713423 -0.445815 0.000079
0.724342 -0.445468 0.001574
0.740916 -0.444669 -0.000848
0.756780 -0.445187 -0.000781
0.770372 -0.445379 -0.000663
0.783699 -0.444382 0.000761
0.797445 -0.445050 0.003136
0.812796 -0.445058 -0.000505
0.828665 -0.446582 0.000152
0.840044 -0.444731 0.001712
0.855479 -0.446238 -0.001620
0.870181 -0.443378 -0.000436
0.884640 -0.445438 -0.001023
0.898977 -0.445928 0.001807
0.914557 -0.445076 -0.000672
0.926065 -0.444654 0.000310
0.943019 -0.445710 0.000106
0.959288 -0.446089 0.000352
0.972156 -0.443973 -0.000795
0.985976 -0.444721 -0.000752
1.000521 -0.443995 0.000104
-1.000106 -0.431485 0.000133
-0.987451 -0.431302 0.000051
-0.971286 -0.433419 -0.000615
-0.958508 -0.429521 0.000748
-0.941113 -0.432321 0.000681
-0.928884 -0.432729 -0.000175
-0.915101 -0.432748 0.001119
-0.899728 -0.430756 -0.000584
-0.884433 -0.431256 0.000946
-0.870703 -0.431426 0.000750
-0.855074 -0.430522 0.000870
-0.843184 -0.431208 0.001152
-0.827964 -0.430700 0.001590
-0.813593 -0.432537 0.000858
-0.798093 -0.431127 0.000688
-0.783184 -0.431599 0.000091
-0.770943 -0.430432 0.000526
-0.755855 -0.431349 0.000023
-0.740904 -0.432529 0.002746
-0.725691 -0.431147 -0.000292
-0.713332 -0.431884 -0.000484
-0.697221 -0.431557 0.000892
-0.683757 -0.428437 -0.000899
-0.668111 -0.431405 0.000183
-0.654663 -0.431786 -0.000150
-0.640283 -0.430536 0.002103
-0.626737 -0.428763 0.001181
-0.609530 -0.431905 0.000295
-0.596909 -0.430537 0.000755
-0.582399 -0.431446 -0.000705
-0.568026 -0.432118 0.001021
-0.553060 -0.431910 0.001338
-0.540817 -0.430446 0.000011
-0.523442 -0.431991 0.000947
-0.509985 -0.431766 -0.000307
-0.495732 -0.430182 0.000323
-0.480674 -0.431659 -0.000086
-0.467822 -0.432176 0.000887
-0.453383 -0.432459 0.000258
-0.439095 -0.431287 0.002503
-0.423961 -0.430146 -0.000186
-0.411739 -0.431087 -0.000255
-0.395715 -0.430957 -0.000095
-0.380680 -0.430689 -0.001296
-0.366347 -0.430042 -0.000574
-0.351848 -0.430394 0.001657
-0.338329 -0.430587 -0.000852
-0.324305 -0.432913 -0.000449
-0.310907 -0.431834 -0.001327
-0.294025 -0.431418 0.000785
-0.281015 -0.431556 -0.000589
-0.265265 -0.431982 0.001314
-0.252363 -0.430564 -0.000789
-0.235805 -0.432237 0.000305
-0.222928 -0.431673 0.000454
-0.208346 -0.431879 0.001130
-0.194897 -0.431666 -0.000644
-0.178535 -0.430631 0.001994
-0.164482 -0.430678 -0.002287
-0.152370 -0.430337 -0.000502
-0.136312 -0.431448 0.001397
-0.122620 -0.430780 0.000286
-0.107323 -0.431722 -0.000376
-0.093776 -0.430923 0.001061
-0.078908 -0.431667 -0.000245
-0.064278 -0.431210 -0.000339
-0.049581 -0.430634 -0.000452
-0.035138 -0.433337 -0.000689
-0.020851 -0.429703 -0.001493
-0.006188 -0.431347 -0.000614
0.005870 -0.430896 0.000044
0.022734 -0.432531 0.000251
0.036109 -0.431392 0.000642
0.048763 -0.429569 0.000138
0.063129 -0.430774 0.001320
0.079702 -0.431875 0.000661
0.093378 -0.432084 0.001577
0.107286 -0.431078 0.001869
0.122565 -0.432910 -0.001885
0.136027 -0.431303 -0.000022
0.151916 -0.432682 0.001304
0.166158 -0.430225 0.001297
0.178664 -0.430155 -0.001106
0.194940 -0.432160 0.000117
0.209189 -0.432382 -0.002132
0.223701 -0.429662 -0.001417
0.238043 -0.431501 -0.000180
0.252157 -0.431335 0.001130
0.266382 -0.431143 -0.000640
0.280608 -0.431941 0.001428
0.294538 -0.431240 0.000984
0.311230 -0.430387 -0.000015
0.323221 -0.430658 -0.001216
0.338377 -0.431052 -0.000087
0.353527 -0.430757 0.000434
0.367046 -0.430064 -0.000992
0.381917 -0.431448 -0.001259
0.395037 -0.430915 0.000280
0.410372 -0.431320 0.000897
0.424950 -0.430789 0.000310
0.440469 -0.431154 -0.000264
0.453063 -0.430984 0.000564
0.467619 -0.432039 -0.000626
0.482540 -0.431648 0.000160
0.495851 -0.431936 -0.000478
0.510932 -0.430364 -0.000543
0.526650 -0.430436 -0.000924
0.539455 -0.431423 -0.000555
0.553691 -0.430976 0.000317
0.566714 -0.430962 0.000701
0.583341 -0.432653 0.000809
0.597043 -0.431360 0.001058
0.612715 -0.431614 0.001266
0.626491 -0.432302 -0.000298
0.639336 -0.431956 -0.000747
0.653183 -0.430307 -0.001697
0.669104 -0.431528 0.001087
0.682506 -0.432700 -0.001364
0.696981 -0.431709 0.000606
0.712997 -0.430477 0.000394
0.727572 -0.431579 -0.000090
0.739931 -0.431245 0.001255
0.757247 -0.431727 -0.001701
0.768123 -0.431089 0.002005
0.782804 -0.431400 0.000389
0.797562 -0.430425 0.000045
0.813894 -0.432292 0.002078
0.826726 -0.430877 0.000772
0.841245 -0.430165 -0.001048
0.855396 -0.430801 0.000153
0.868546 -0.430856 -0.000021
0.884741 -0.430411 0.001805
0.899577 -0.431162 -0.000961
0.915281 -0.431626 0.000602
0.926879 -0.431683 -0.001509
0.943112 -0.429213 0.000085
0.956032 -0.431349 0.001043
0.970280 -0.432349 -0.000360
0.984457 -0.432441 -0.000573
1.001507 -0.430503 -0.000577
-1.000487 -0.417679 0.000262
-0.985123 -0.415612 0.001083
-0.971807 -0.416237 0.000542
-0.956036 -0.419364 -0.000412
-0.942498 -0.417402 0.001039
-0.928758 -0.416738 0.000035
-0.914043 -0.417287 0.000568
-0.899924 -0.417764 -0.000210
-0.884356 -0.416960 -0.000105
-0.868781 -0.417625 -0.002485
-0.857108 -0.417746 0.000700
-0.842059 -0.418810 0.000764
-0.828087 -0.417231 -0.000029
-0.812321 -0.417713 -0.002069
-0.798471 -0.416789 -0.001998
-0.783871 -0.414962 -0.000743
-0.768748 -0.419036 -0.000680
-0.754138 -0.418226 -0.001014
-0.741000 -0.417499 -0.001213
-0.726385 -0.417460 0.001082
-0.711073 -0.418264 0.000578
-0.698805 -0.417398 0.000754
-0.684205 -0.417254 0.002309
-0.668240 -0.415076 -0.000165
-0.653873 -0.416792 0.000512
-0.640308 -0.416005 0.000469
-0.624908 -0.416872 0.001184
-0.612088 -0.416580 -0.000719
-0.596710 -0.417478 0.000873
-0.583513 -0.416181 0.000666
-0.569214 -0.417671 -0.000304
-0.552253 -0.418188 0.001093
-0.539543 -0.419491 -0.000205
-0.522341 -0.418991 -0.001016
-0.509263 -0.415895 -0.000107
-0.497247 -0.416717 -0.000138
-0.482629 -0.416987 0.002175
-0.467490 -0.416684 0.001099
-0.453864 -0.418381 0.000856
-0.439764 -0.417342 0.000126
-0.424720 -0.418006 0.000032
-0.412152 -0.417556 0.000781
-0.395808 -0.416182 0.000431
-0.380393 -0.417728 0.001125
-0.365694 -0.417135 0.000403
-0.353764 -0.416192 -0.000868
-0.339235 -0.416641 -0.000515
-0.324261 -0.417501 0.000484
-0.309907 -0.417194 0.000349
-0.294597 -0.417535 0.000748
-0.279491 -0.417061 -0.000593
-0.265503 -0.416330 0.000123
-0.252837 -0.417559 0.000010
-0.237637 -0.417510 -0.000902
-0.222881 -0.418552 0.000045
-0.207863 -0.417204 0.001240
-0.195324 -0.416790 -0.000375
-0.181594 -0.414988 0.000358
-0.165409 -0.416697 0.000202
-0.149415 -0.417634 -0.001424
-0.136390 -0.417624 -0.000184
-0.122656 -0.416949 0.000799
-0.107819 -0.418010 -0.000260
-0.095038 -0.416386 0.000184
-0.079222 -0.417926 0.000854
-0.066459 -0.417818 -0.000269
-0.050681 -0.416370 -0.000093
-0.036421 -0.416951 0.000097
-0.022020 -0.417189 0.000022
-0.007009 -0.418510 0.001222
0.009074 -0.418065 -0.000199
0.021765 -0.416457 0.000162
0.035226 -0.416516 0.001445
0.049208 -0.416383 0.001120
0.065153 -0.417462 0.001277
0.079016 -0.417792 0.000656
0.094301 -0.415910 0.001243
0.107382 -0.416793 -0.000495
0.123905 -0.417423 0.001517
0.137150 -0.417631 -0.001163
0.149886 -0.417050 -0.000346
0.165165 -0.415911 -0.001309
0.180124 -0.416856 0.001765
0.192856 -0.415921 0.000218
0.209201 -0.416833 -0.000216
0.224179 -0.417102 0.000752
0.235879 -0.416203 -0.000178
0.250628 -0.416177 -0.000400
0.266188 -0.416246 -0.000014
0.280266 -0.416838 -0.000480
0.295986 -0.414353 0.000501
0.309803 -0.418064 -0.000716
0.324627 -0.416267 0.001041
0.338762 -0.416255 0.000263
0.354491 -0.418849 0.000189
0.365470 -0.416275 -0.000065
0.380489 -0.416517 -0.000931
0.396078 -0.416792 0.000598
0.410592 -0.418090 -0.002222
0.424693 -0.417824 -0.002202
0.439674 -0.416366 0.000440
0.452856 -0.417508 0.002725
0.467864 -0.416867 -0.000729
0.481031 -0.417341 0.001331
0.495732 -0.417146 0.000319
0.508282 -0.417418 -0.001729
0.524886 -0.418051 -0.000401
0.538636 -0.418644 0.000570
0.553256 -0.417366 -0.000013
0.570095 -0.419396 -0.000034
0.580388 -0.417736 0.000204
0.597694 -0.417954 0.001576
0.611924 -0.418126 -0.000004
0.627696 -0.415067 0.001135
0.641529 -0.418024 -0.002008
0.656175 -0.418055 -0.000279
0.669674 -0.416527 -0.000340
0.682594 -0.418622 -0.001103
0.699949 -0.416848 -0.001237
0.712005 -0.418534 -0.001185
0.729023 -0.417443 0.000617
0.741147 -0.415982 0.000240
0.756610 -0.418793 -0.001597
0.769097 -0.417540 0.000606
0.783198 -0.417684 -0.000467
0.796602 -0.418013 -0.000545
0.815734 -0.417138 -0.000248
0.827846 -0.416651 0.001653
0.840135 -0.417187 -0.000112
0.857990 -0.416432 0.001137
0.871841 -0.417099 0.000505
0.887220 -0.417687 -0.000424
0.900757 -0.416551 0.000668
0.912396 -0.418084 0.000962
0.929971 -0.416828 0.000913
0.942971 -0.419832 -0.001263
0.955582 -0.417454 -0.000258
0.971504 -0.418520 0.000809
0.985650 -0.417473 -0.000758
1.000394 -0.417956 -0.001933
-1.001393 -0.403519 0.000432
-0.984566 -0.404560 0.000076
-0.970887 -0.403108 0.000192
-0.957868 -0.402154 0.000509
-0.941964 -0.401347 0.000320
-0.927907 -0.402446 0.000906
-0.913567 -0.403806 -0.001139
-0.899152 -0.402566 0.000768
-0.885189 -0.402942 0.001012
-0.870939 -0.404087 -0.000223
-0.858692 -0.403434 0.000861
-0.840415 -0.404562 -0.000218
-0.826489 -0.401824 0.000012
-0.812926 -0.403419 0.001107
-0.799439 -0.402389 0.001371
-0.784238 -0.403194 -0.000023
-0.770152 -0.403759 0.000083
-0.756679 -0.404570 -0.000243
-0.739917 -0.402287 -0.000689
-0.726349 -0.400513 0.000556
-0.712008 -0.403128 0.000630
-0.698078 -0.402538 -0.000275
-0.683398 -0.402916 -0.000536
-0.668088 -0.402636 -0.001022
-0.654724 -0.403610 0.000273
-0.639347 -0.402070 0.001525
-0.625757 -0.404232 0.000694
-0.611030 -0.403106 -0.000794
-0.597895 -0.405406 0.002056
-0.583621 -0.402878 0.001718
-0.569504 -0.403401 -0.002281
-0.554010 -0.403873 -0.000868
-0.538975 -0.404715 0.000767
-0.525821 -0.402431 0.000038
-0.510643 -0.403388 -0.000086
-0.496144 -0.403505 -0.001033
-0.480180 -0.404803 0.000654
-0.466392 -0.402864 0.000288
-0.453857 -0.403375 0.000838
-0.437425 -0.404287 0.002141
-0.426520 -0.402853 -0.000879
-0.409740 -0.403473 -0.000356
-0.395059 -0.404295 0.000553
-0.382594 -0.402590 0.001405
-0.367560 -0.402423 -0.000162
-0.351500 -0.403559 -0.000498
-0.336554 -0.403555 -0.000254
-0.322996 -0.403702 0.000820
-0.311095 -0.404127 -0.001016
-0.295908 -0.401866 0.000484
-0.279828 -0.403149 0.001143
-0.266266 -0.403259 -0.000933
-0.253570 -0.402266 0.000264
-0.237767 -0.404623 -0.002040
-0.223866 -0.404299 0.000607
-0.209038 -0.402885 -0.000740
-0.193706 -0.401045 0.000552
-0.178783 -0.403978 0.002854
-0.165633 -0.402733 0.000845
-0.150246 -0.402839 0.000606
-0.137491 -0.403984 -0.000158
-0.123632 -0.403966 -0.001025
-0.108920 -0.401973 -0.000945
-0.093435 -0.402351 0.000237
-0.080078 -0.403311 0.000844
-0.064799 -0.403694 -0.000103
-0.050710 -0.403234 0.000474
-0.036499 -0.402593 0.000422
-0.021679 -0.403947 -0.000234
-0.007111 -0.402400 0.001518
0.006570 -0.405345 0.001065
0.022964 -0.403751 -0.000012
0.034697 -0.404529 0.000190
0.050055 -0.403642 -0.000092
0.065521 -0.403083 -0.000062
0.079909 -0.402671 -0.000091
0.092460 -0.403128 0.001078
0.106343 -0.403111 -0.001130
0.121600 -0.403257 0.000508
0.137262 -0.403888 0.001014
0.150467 -0.404097 -0.002010
0.166211 -0.403859 -0.001508
0.181449 -0.403082 -0.001273
0.193952 -0.402774 0.000490
0.207224 -0.402493 0.000875
0.223525 -0.401705 0.001046
0.238224 -0.401695 -0.001991
0.250749 -0.402187 -0.000793
0.266101 -0.402542 0.000424
0.281330 -0.401815 -0.001280
0.297305 -0.401917 -0.001238
0.310579 -0.404411 0.001693
0.323859 -0.406928 -0.001051
0.340028 -0.404391 0.002634
0.352053 -0.402543 -0.001773
0.368089 -0.402998 -0.001321
0.381490 -0.400949 0.000471
0.396183 -0.403334 -0.000291
0.409290 -0.404450 -0.000354
0.423552 -0.403258 0.000069
0.440424 -0.401343 0.000093
0.453394 -0.403120 0.001289
0.468033 -0.404851 0.000777
0.481972 -0.402970 -0.001750
0.497084 -0.403906 -0.001880
0.511203 -0.401690 -0.000354
0.523985 -0.402810 -0.002833
0.538243 -0.402027 0.000251
0.553420 -0.403114 0.000212
0.565847 -0.402326 -0.000598
0.581533 -0.404271 -0.000025
0.596401 -0.403533 -0.001612
0.611833 -0.402126 0.000837
0.626446 -0.401546 0.000108
0.641734 -0.402996 -0.000294
0.653452 -0.403937 -0.000985
0.667525 -0.404467 -0.000415
0.683340 -0.401170 0.000568
0.696740 -0.404119 0.000225
0.711202 -0.402287 -0.001361
0.726379 -0.403125 -0.001248
0.742436 -0.404041 0.002450
0.756335 -0.402269 0.001326
0.769175 -0.403056 -0.001952
0.784019 -0.401965 0.000392
0.799361 -0.403341 0.001584
0.812734 -0.402588 0.000241
0.827509 -0.402681 -0.000843
0.843154 -0.402640 0.000484
0.854918 -0.403376 0.000634
0.870761 -0.402441 0.000593
0.885698 -0.403938 0.000038
0.899375 -0.403602 -0.001048
0.912324 -0.405227 -0.002384
0.928170 -0.403169 -0.000942
0.941863 -0.402872 -0.000404
0.955421 -0.403365 -0.000266
0.971910 -0.404088 -0.001429
0.986288 -0.401688 -0.000982
0.999970 -0.402107 -0.001267
-1.000972 -0.388003 0.001079
-0.984781 -0.389628 0.002560
-0.971134 -0.388017 0.001026
-0.956230 -0.389730 0.000111
-0.942193 -0.388031 -0.000357
-0.928304 -0.387164 0.001020
-0.912269 -0.388968 0.001149
-0.899784 -0.389180 -0.000258
-0.886517 -0.387746 -0.000492
-0.870700 -0.387557 -0.000612
-0.854894 -0.389412 -0.000644
-0.841559 -0.388652 -0.000832
-0.828097 -0.388138 0.002177
-0.812463 -0.388006 0.000087
-0.799405 -0.388499 0.000055
-0.784140 -0.389474 0.000541
-0.771067 -0.388663 -0.000396
-0.756082 -0.388215 0.000893
-0.739799 -0.389823 0.000822
-0.727034 -0.390318 -0.000167
-0.713309 -0.388534 -0.000327
-0.697672 -0.388101 0.000108
-0.683419 -0.389854 0.000172
-0.670230 -0.389889 0.001243
-0.654455 -0.390191 -0.001191
-0.641585 -0.388555 -0.000401
-0.625100 -0.390172 -0.000467
-0.612066 -0.386951 0.000489
-0.598977 -0.388508 -0.001248
-0.582526 -0.389388 0.000102
-0.567993 -0.389162 0.000086
-0.555256 -0.388231 0.000560
-0.539083 -0.388591 0.000550
-0.525558 -0.388457 0.000974
-0.510437 -0.389477 -0.001339
-0.495890 -0.388760 0.001682
-0.483863 -0.389140 -0.000397
-0.467830 -0.389288 -0.000625
-0.452647 -0.388759 0.000107
-0.437833 -0.390146 0.000598
-0.427043 -0.387426 -0.001115
-0.410610 -0.386907 0.001165
-0.396532 -0.389046 0.000709
-0.383692 -0.389499 0.000401
-0.367187 -0.390309 -0.000475
-0.353845 -0.390252 -0.000098
-0.338562 -0.388919 -0.000445
-0.324345 -0.387647 0.001468
-0.310398 -0.388291 0.000319
-0.295123 -0.388731 -0.000768
-0.282326 -0.389396 0.000314
-0.267050 -0.389433 -0.000418
-0.250583 -0.388535 -0.000141
-0.236701 -0.387210 -0.001235
-0.222961 -0.390430 -0.000678
-0.208578 -0.389062 0.000911
-0.194057 -0.391102 0.002141
-0.179398 -0.387802 -0.000055
-0.165028 -0.389014 0.000263
-0.151256 -0.388649 0.000438
-0.133912 -0.389417 0.000878
-0.122367 -0.388255 -0.000633
-0.107154 -0.391189 0.001143
-0.093006 -0.388410 0.001314
-0.079093 -0.389108 -0.000041
-0.063098 -0.389172 0.000501
-0.051661 -0.389500 -0.001201
-0.036397 -0.389729 -0.002257
-0.021559 -0.387670 -0.001130
-0.003834 -0.389251 -0.001596
0.009315 -0.386470 0.000051
0.021188 -0.389725 0.002098
0.036800 -0.388378 0.000363
0.050441 -0.389143 0.001411
0.064341 -0.386138 -0.001062
0.080100 -0.390019 -0.002767
0.093151 -0.389488 0.000274
0.106827 -0.390163 0.000365
0.121443 -0.389822 0.001274
0.137153 -0.387028 0.000300
0.150580 -0.388848 -0.000010
0.165156 -0.388566 0.000390
0.179259 -0.388743 0.000895
0.192559 -0.388992 -0.000713
0.211257 -0.389623 -0.000670
0.222327 -0.389336 0.000083
0.235448 -0.387633 -0.000169
0.252805 -0.389370 0.002493
0.266437 -0.388434 -0.000106
0.280718 -0.389699 -0.000961
0.295842 -0.389000 0.000953
0.311227 -0.388782 0.000449
0.324761 -0.388602 0.001460
0.337070 -0.388435 0.001252
0.352021 -0.389210 -0.000289
0.366596 -0.390217 0.001286
0.382292 -0.389548 -0.000415
0.396358 -0.388585 -0.001043
0.409554 -0.387707 -0.002307
0.425650 -0.387173 -0.000409
0.438356 -0.388462 0.000420
0.452760 -0.389739 -0.001189
0.467895 -0.389615 -0.000115
0.482153 -0.388898 0.001042
0.495364 -0.388484 -0.000923
0.510366 -0.389423 -0.002338
0.526505 -0.388238 0.001344
0.538026 -0.390339 -0.000108
0.553928 -0.388706 -0.001152
0.568920 -0.387993 0.000509
0.582178 -0.388376 0.001123
0.596121 -0.388197 -0.000129
0.609855 -0.388358 -0.001764
0.626801 -0.390639 0.001068
0.638994 -0.390229 -0.001937
0.654537 -0.389389 0.000462
0.668053 -0.389476 0.001189
0.681440 -0.389980 0.000772
0.696438 -0.389006 0.002084
0.713211 -0.390317 0.000423
0.728317 -0.388168 0.000708
0.741495 -0.390035 -0.001494
0.756062 -0.389727 -0.000195
0.769829 -0.387855 -0.000548
0.783608 -0.389502 -0.000273
0.797318 -0.389949 -0.000812
0.812310 -0.388139 -0.000636
0.827856 -0.390404 0.000680
0.840536 -0.390688 -0.000053
0.855043 -0.389765 -0.000034
0.870031 -0.387831 0.000253
0.885021 -0.390010 -0.000135
0.899037 -0.388830 -0.002003
0.915148 -0.388084 0.001213
0.928496 -0.387220 -0.001697
0.941189 -0.388984 0.001715
0.956411 -0.388814 0.001128
0.971371 -0.389088 -0.000695
0.985455 -0.389664 0.001590
0.999985 -0.389482 0.000243
-1.001924 -0.376286 -0.001443
-0.986025 -0.374764 -0.000829
-0.971004 -0.376187 -0.002236
-0.956777 -0.375527 0.001696
-0.941799 -0.375822 0.001225
-0.928630 -0.375575 0.000629
-0.914406 -0.375380 -0.000675
-0.899290 -0.373382 0.000146
-0.884035 -0.374908 -0.000697
-0.869519 -0.376068 0.000321
-0.854875 -0.375955 0.000879
-0.843964 -0.374546 -0.001667
-0.826358 -0.372943 -0.000237
-0.814480 -0.374214 -0.000223
-0.798377 -0.375107 0.001210
-0.784318 -0.374860 -0.003123
-0.767096 -0.374927 0.000821
-0.755200 -0.374688 0.002758
-0.740141 -0.373178 0.001249
-0.726874 -0.374478 0.000144
-0.711629 -0.374538 0.000691
-0.697744 -0.374693 0.000058
-0.683532 -0.373028 0.001488
-0.670529 -0.373160 0.000134
-0.655729 -0.376354 -0.000531
-0.640980 -0.374402 -0.001308
-0.624570 -0.375388 0.000799
-0.610719 -0.375443 -0.001818
-0.597303 -0.374242 -0.000126
-0.581931 -0.375768 -0.000549
-0.569979 -0.374473 0.000828
-0.555232 -0.374134 -0.000290
-0.537909 -0.375746 -0.000281
-0.526645 -0.374846 0.000761
-0.510263 -0.373861 -0.002907
-0.495537 -0.374642 -0.001238
-0.482330 -0.374976 0.000208
-0.466930 -0.374528 -0.000866
-0.453019 -0.375470 -0.000371
-0.437386 -0.373986 -0.000822
-0.424442 -0.374984 -0.000976
-0.411032 -0.374066 -0.000733
-0.395894 -0.373897 -0.000570
-0.381675 -0.374542 0.000125
-0.368644 -0.375578 0.000347
-0.353419 -0.374688 -0.000010
-0.339073 -0.374531 0.001094
-0.325487 -0.375021 -0.000783
-0.310041 -0.376021 -0.000118
-0.295533 -0.375481 -0.000109
-0.280242 -0.373750 -0.000772
-0.265830 -0.373597 0.001071
-0.252065 -0.375035 -0.000600
-0.237277 -0.374267 0.000837
-0.223509 -0.373188 -0.000948
-0.208218 -0.374442 -0.000415
-0.194576 -0.374003 -0.000703
-0.177329 -0.374495 0.001764
-0.165514 -0.375959 0.000865
-0.150386 -0.376033 0.001523
-0.137578 -0.377256 -0.001333
-0.124338 -0.375290 0.000182
-0.109088 -0.374104 0.001202
-0.092199 -0.375753 0.000056
-0.081218 -0.376274 0.000059
-0.064267 -0.375667 -0.000066
-0.050864 -0.375040 -0.000172
-0.035344 -0.374922 0.000333
-0.021038 -0.375224 -0.002539
-0.007617 -0.374662 0.000065
0.009396 -0.374784 -0.000349
0.022554 -0.375222 0.000743
0.034226 -0.375435 0.001267
0.050197 -0.374650 -0.000762
0.064620 -0.375703 -0.000631
0.078021 -0.375041 -0.001016
0.092496 -0.373840 0.002043
0.108580 -0.374302 0.000824
0.122388 -0.375367 -0.000719
0.135388 -0.374115 0.000471
0.150309 -0.374717 0.000087
0.165840 -0.375228 0.000068
0.177901 -0.377302 0.000883
0.195450 -0.375035 0.000565
0.208442 -0.374258 0.001172
0.222853 -0.375520 0.000519
0.237444 -0.375636 0.001242
0.252576 -0.375631 -0.001464
0.266724 -0.374274 -0.000426
0.281882 -0.375436 0.000066
0.295091 -0.375033 0.002090
0.308864 -0.375147 -0.000238
0.323124 -0.374523 -0.000944
0.338951 -0.373729 0.001179
0.353572 -0.373886 -0.001613
0.366274 -0.375148 0.000920
0.381315 -0.375313 0.000049
0.395436 -0.376021 0.001107
0.411260 -0.373322 -0.000669
0.424929 -0.373308 0.000223
0.440107 -0.373439 -0.000087
0.453164 -0.374668 0.000948
0.466962 -0.374347 0.000796
0.482095 -0.374466 0.000126
0.496645 -0.373103 -0.001039
0.511770 -0.375329 -0.000068
0.524665 -0.375251 -0.000237
0.539638 -0.374690 -0.000451
0.552360 -0.374616 -0.000070
0.567458 -0.375804 0.000373
0.582295 -0.373588 -0.000593
0.597626 -0.374527 -0.000808
0.612144 -0.375526 -0.001076
0.625876 -0.373780 -0.001151
0.640535 -0.373410 0.001193
0.654510 -0.374392 0.000798
0.667296 -0.375182 -0.000957
0.684206 -0.374706 0.001455
0.698294 -0.376665 -0.000541
0.710925 -0.374073 0.000692
0.724699 -0.376087 0.000011
0.741776 -0.376141 0.000462
0.755239 -0.374374 0.000141
0.770534 -0.375185 -0.000888
0.786009 -0.374786 0.000105
0.798089 -0.374408 0.000522
0.814132 -0.374139 -0.000540
0.829050 -0.376266 0.002106
0.840582 -0.374289 0.001421
0.854831 -0.373466 -0.000070
0.870167 -0.375694 -0.000136
0.886033 -0.375580 -0.001056
0.899600 -0.374026 0.000133
0.914538 -0.374545 0.000554
0.927539 -0.374101 -0.001291
0.942167 -0.375154 0.001290
0.956373 -0.373488 0.001979
0.971634 -0.375144 -0.000130
0.984242 -0.374566 0.000284
0.999977 -0.374551 0.000113
-1.000690 -0.360793 0.001271
-0.983905 -0.360607 -0.000146
-0.972033 -0.359760 -0.000709
-0.957514 -0.360069 -0.001314
-0.942662 -0.359706 0.000466
-0.928552 -0.362376 0.000415
-0.914940 -0.360687 -0.000144
-0.898965 -0.360038 -0.001366
-0.883045 -0.360155 -0.001169
-0.868909 -0.361161 -0.000397
-0.857651 -0.360652 -0.000965
-0.842491 -0.360240 0.001428
-0.828462 -0.359027 0.000791
-0.814348 -0.358796 -0.001220
-0.799549 -0.358784 0.000702
-0.783766 -0.359955 -0.000016
-0.769478 -0.362286 0.000398
-0.754281 -0.360844 0.000405
-0.741614 -0.361122 0.001709
-0.726501 -0.358674 0.000108
-0.710573 -0.359886 -0.000063
-0.698160 -0.363373 -0.000845
-0.683965 -0.361477 0.000038
-0.669639 -0.359458 0.000527
-0.655448 -0.359790 0.000211
-0.640499 -0.361257 0.001521
-0.625535 -0.358920 0.001579
-0.611319 -0.360382 0.000180
-0.597408 -0.360950 0.000659
-0.584032 -0.361551 -0.000995
-0.567159 -0.361559 0.000143
-0.553497 -0.360623 -0.000732
-0.542191 -0.361493 0.000212
-0.525222 -0.361477 0.001900
-0.510294 -0.359077 -0.000327
-0.497815 -0.360204 0.000438
-0.482486 -0.359247 0.000626
-0.466520 -0.359543 0.000272
-0.453285 -0.361294 -0.000578
-0.438167 -0.360635 -0.000001
-0.423747 -0.361087 0.000458
-0.409149 -0.361698 -0.001421
-0.395884 -0.360599 -0.000431
-0.381382 -0.359858 -0.000032
-0.368044 -0.360265 -0.000248
-0.351724 -0.360445 -0.000295
-0.338541 -0.361237 -0.000770
-0.323721 -0.361797 0.000300
-0.309065 -0.361722 0.000244
-0.296171 -0.360563 -0.001817
-0.280344 -0.360899 0.000478
-0.265336 -0.359842 0.000758
-0.250865 -0.361452 -0.000131
-0.236091 -0.361071 -0.000560
-0.224384 -0.361318 -0.000832
-0.208697 -0.361098 -0.000913
-0.195382 -0.361162 -0.000796
-0.180361 -0.360621 0.001005
-0.165534 -0.359624 0.000149
-0.152095 -0.361578 -0.001271
-0.137188 -0.359957 -0.000849
-0.120605 -0.360681 -0.000936
-0.108093 -0.361189 0.000372
-0.093605 -0.359290 0.000279
-0.079356 -0.360330 0.001395
-0.064367 -0.360250 0.000261
-0.050876 -0.360050 -0.000210
-0.035760 -0.361732 -0.000323
-0.020891 -0.360310 0.001102
-0.007269 -0.360143 -0.000024
0.007110 -0.360368 -0.000621
0.022240 -0.358737 -0.000302
0.035163 -0.361241 -0.000403
0.050348 -0.360272 -0.000319
0.063750 -0.358968 0.000029
0.078672 -0.361265 0.000483
0.095015 -0.361015 -0.000703
0.109158 -0.359904 -0.000030
0.122433 -0.361809 -0.001421
0.134930 -0.361280 -0.000660
0.153171 -0.360104 0.000070
0.166247 -0.360371 0.000229
0.179281 -0.359742 -0.000603
0.193894 -0.360683 0.000124
0.210008 -0.360905 -0.001786
0.222378 -0.360040 0.000287
0.237643 -0.358827 0.000251
0.251804 -0.360684 -0.000225
0.266959 -0.360229 -0.000386
0.282007 -0.361354 0.000923
0.293222 -0.359766 -0.000955
0.308249 -0.360445 0.000492
0.324611 -0.360329 0.001355
0.339649 -0.364077 -0.001917
0.352086 -0.360723 0.000860
0.367977 -0.360236 -0.000385
0.380628 -0.361130 0.001118
0.395749 -0.360836 0.000817
0.411836 -0.358940 0.001489
0.424746 -0.360271 0.001600
0.440745 -0.359657 -0.000232
0.453117 -0.360799 0.002615
0.465433 -0.362014 -0.000252
0.481432 -0.361292 -0.001223
0.495309 -0.361780 0.000196
0.510611 -0.357930 0.001043
0.524088 -0.360317 0.000882
0.538846 -0.360777 -0.001085
0.554751 -0.360275 0.001665
0.569389 -0.360394 0.001637
0.582005 -0.358884 -0.000683
0.596083 -0.363695 0.000985
0.611802 -0.359910 0.001591
0.623846 -0.359993 0.000846
0.641078 -0.362640 -0.001001
0.654051 -0.360987 -0.000228
0.667831 -0.360799 -0.000472
0.683250 -0.360704 -0.000085
0.696809 -0.361747 -0.000915
0.712597 -0.361263 0.001088
0.724064 -0.360704 -0.001970
0.739605 -0.358308 0.000017
0.754728 -0.361174 -0.000665
0.769807 -0.360936 0.000407
0.784308 -0.360232 0.001206
0.798778 -0.360326 0.001010
0.813279 -0.360400 0.000650
0.826867 -0.359177 -0.000672
0.840812 -0.360496 0.001412
0.856653 -0.361608 -0.000309
0.870824 -0.359495 0.000507
0.884993 -0.361555 0.001782
0.899417 -0.361652 -0.000557
0.914308 -0.361330 -0.003306
0.927195 -0.360968 0.002068
0.943491 -0.360499 0.001317
0.955069 -0.360579 0.000330
0.970649 -0.361556 0.000120
0.984341 -0.357786 -0.000818
1.000941 -0.361399 -0.001243
-1.001165 -0.346726 0.000602
-0.986565 -0.346449 0.000994
-0.969730 -0.344959 0.001066
-0.957968 -0.347127 0.001962
-0.941589 -0.347346 0.001341
-0.926568 -0.345526 0.000481
-0.914149 -0.346614 -0.000447
-0.899107 -0.344554 -0.002004
-0.883346 -0.345315 -0.000875
-0.870443 -0.345242 0.000448
-0.857024 -0.345994 -0.000116
-0.842226 -0.347477 -0.002456
-0.826822 -0.346065 -0.000031
-0.815351 -0.345465 0.001222
-0.798105 -0.345316 -0.000143
-0.785338 -0.346663 -0.000684
-0.769121 -0.345949 -0.001432
-0.755829 -0.346902 -0.000562
-0.740501 -0.346015 -0.001383
-0.726864 -0.344480 0.000673
-0.711404 -0.346791 0.000415
-0.696745 -0.346767 0.000571
-0.683055 -0.345425 0.000788
-0.668853 -0.347216 -0.000865
-0.654646 -0.347631 0.000920
-0.639705 -0.346640 -0.000523
-0.624880 -0.346059 0.000127
-0.610494 -0.347029 -0.001138
-0.596888 -0.347244 -0.000632
-0.583993 -0.345389 0.000423
-0.567308 -0.346817 -0.001562
-0.555321 -0.345602 -0.000454
-0.538912 -0.347024 -0.001605
-0.524952 -0.346896 -0.000481
-0.510707 -0.346537 -0.000955
-0.496666 -0.346360 -0.000329
-0.482484 -0.346266 -0.000533
-0.466113 -0.347416 0.000772
-0.453259 -0.345665 -0.001628
-0.438792 -0.346278 -0.000019
-0.426084 -0.346848 0.000736
-0.409060 -0.347739 -0.000177
-0.395921 -0.346407 -0.001291
-0.380964 -0.347515 0.002225
-0.368507 -0.345556 0.000262
-0.351455 -0.346726 -0.000639
-0.338399 -0.345069 0.001610
-0.325056 -0.346751 -0.001727
-0.310267 -0.346493 -0.001027
-0.295267 -0.346810 -0.000217
-0.279498 -0.346093 -0.000251
-0.265624 -0.346888 -0.001098
-0.252126 -0.345843 -0.001299
-0.236806 -0.348036 0.000336
-0.223681 -0.347599 -0.000575
-0.207460 -0.347887 0.001859
-0.193649 -0.346570 -0.000009
-0.180593 -0.346599 -0.000054
-0.166024 -0.345398 0.000215
-0.152319 -0.345507 -0.000447
-0.137937 -0.346039 0.001386
-0.122934 -0.346322 0.001453
-0.107154 -0.344001 -0.000813
-0.093100 -0.347656 0.000346
-0.079661 -0.346031 0.000293
-0.064646 -0.346189 0.001508
-0.051852 -0.346592 -0.000303
-0.035517 -0.345551 0.000478
-0.021698 -0.346709 -0.000743
-0.006949 -0.345879 -0.001257
0.008749 -0.345373 -0.000198
0.021118 -0.345548 0.000573
0.037288 -0.346341 0.000514
0.051009 -0.345447 0.000282
0.063986 -0.344933 -0.000475
0.080428 -0.346297 0.000799
0.094440 -0.345977 0.002444
0.107796 -0.346233 -0.000093
0.122243 -0.345621 0.000805
0.135754 -0.344806 -0.000346
0.151005 -0.348259 0.000777
0.166091 -0.346428 -0.000413
0.178828 -0.346460 -0.000449
0.194937 -0.347038 0.000753
0.208909 -0.347583 0.002186
0.221817 -0.345374 -0.000421
0.238121 -0.347279 0.000381
0.250859 -0.344883 -0.000093
0.265207 -0.346043 0.001382
0.280012 -0.345971 0.001960
0.292858 -0.344794 0.000437
0.310068 -0.346135 0.000278
0.322312 -0.347216 -0.001023
0.338406 -0.345260 -0.002100
0.352766 -0.347167 0.000300
0.365761 -0.347250 -0.001229
0.383291 -0.347754 0.002110
0.395420 -0.344861 0.000402
0.410110 -0.346961 -0.000220
0.424350 -0.347564 0.000655
0.438415 -0.347229 -0.000757
0.455730 -0.345825 -0.000952
0.467661 -0.346383 -0.000935
0.483444 -0.344818 -0.000426
0.494999 -0.346362 0.000590
0.510944 -0.348131 0.000271
0.524951 -0.347590 -0.002050
0.539025 -0.347113 -0.000061
0.553389 -0.345321 -0.001410
0.567813 -0.347091 0.001260
0.583351 -0.345149 0.000004
0.595968 -0.346593 -0.000944
0.612321 -0.348409 0.000214
0.626291 -0.347414 -0.000455
0.641012 -0.345417 0.000738
0.654169 -0.346362 0.000069
0.668375 -0.346125 0.001799
0.683069 -0.347021 -0.000250
0.697888 -0.346668 -0.000985
0.712073 -0.347191 -0.000926
0.726453 -0.347241 0.000171
0.740357 -0.344445 0.000138
0.755856 -0.348184 -0.000005
0.768539 -0.345395 0.000423
0.784037 -0.346232 0.001113
0.798955 -0.345357 -0.000282
0.814478 -0.347486 0.002125
0.827324 -0.347678 -0.000907
0.842048 -0.348018 0.001333
0.856287 -0.345452 0.000171
0.871090 -0.347201 -0.000917
0.884847 -0.345061 -0.000635
0.898492 -0.347676 -0.000184
0.914796 -0.346129 0.000207
0.926974 -0.345875 -0.000884
0.941996 -0.348520 0.001623
0.956026 -0.346594 0.001133
0.971574 -0.347206 -0.001623
0.984140 -0.347518 0.000804
1.000787 -0.345759 0.001035
-0.999571 -0.331640 0.000134
-0.986674 -0.332983 0.000470
-0.972607 -0.333551 -0.000031
-0.957241 -0.330073 -0.000418
-0.942620 -0.332698 0.000292
-0.929459 -0.331026 -0.000180
-0.913615 -0.333238 0.001465
-0.899991 -0.331071 0.000839
-0.886259 -0.334229 -0.000315
-0.872177 -0.331826 -0.000523
-0.857957 -0.333001 -0.001842
-0.841224 -0.333108 -0.001801
-0.826854 -0.332258 0.002313
-0.811649 -0.333207 -0.000421
-0.798869 -0.331095 -0.000571
-0.784957 -0.331345 -0.001474
-0.769346 -0.330477 0.001223
-0.754875 -0.334526 0.001760
-0.742185 -0.331459 -0.001656
-0.727915 -0.332007 0.000408
-0.713317 -0.333052 -0.000358
-0.697256 -0.330698 -0.000078
-0.683035 -0.331583 0.000177
-0.668853 -0.330787 -0.000257
-0.652982 -0.332963 0.000080
-0.640542 -0.331783 0.000911
-0.623858 -0.331836 0.001212
-0.612211 -0.332703 -0.000680
-0.597599 -0.334036 -0.000286
-0.581286 -0.331278 0.000788
-0.568533 -0.332391 -0.000278
-0.553245 -0.333548 -0.000318
-0.539502 -0.331766 -0.001320
-0.523878 -0.332016 0.000621
-0.510356 -0.332112 0.002210
-0.496725 -0.332528 -0.000071
-0.482005 -0.333143 -0.000139
-0.468502 -0.332886 -0.000021
-0.452094 -0.331885 0.000559
-0.439007 -0.332229 -0.000058
-0.425176 -0.331986 0.000010
-0.411895 -0.330469 -0.001919
-0.395164 -0.332885 0.002078
-0.381339 -0.333812 0.002378
-0.367514 -0.333439 0.000777
-0.352186 -0.332601 -0.000533
-0.337545 -0.332345 0.000980
-0.324792 -0.332831 0.000164
-0.310093 -0.332590 0.001079
-0.295533 -0.333669 0.000084
-0.280959 -0.333313 -0.000476
-0.265965 -0.333073 0.000089
-0.250031 -0.331948 -0.001235
-0.238575 -0.332598 -0.001385
-0.222037 -0.332744 0.000564
-0.208827 -0.333432 0.001515
-0.195005 -0.332994 0.001836
-0.181484 -0.331111 -0.000890
-0.164893 -0.332026 0.000480
-0.151245 -0.332394 -0.001644
-0.135113 -0.331479 -0.001279
-0.122859 -0.331588 -0.000057
-0.107434 -0.331674 0.000058
-0.093588 -0.330961 0.000891
-0.078389 -0.334160 -0.000188
-0.065129 -0.331651 -0.001674
-0.049808 -0.333780 -0.000471
-0.036934 -0.334574 0.000758
-0.020300 -0.331840 0.000589
-0.005531 -0.333288 0.001198
0.006779 -0.330890 -0.000928
0.022066 -0.333170 0.001815
0.034231 -0.332250 -0.001205
0.049629 -0.332971 0.001384
0.063751 -0.331814 -0.000700
0.076960 -0.332695 -0.001079
0.093638 -0.332790 0.001217
0.108715 -0.332045 -0.002529
0.122503 -0.332069 0.000517
0.136348 -0.331869 0.002656
0.150068 -0.332951 0.000869
0.164469 -0.331957 -0.000032
0.181646 -0.331234 -0.001513
0.193103 -0.331916 0.001337
0.209935 -0.332365 0.001303
0.225037 -0.332134 0.000171
0.239868 -0.331777 0.001595
0.251112 -0.331994 -0.001267
0.266980 -0.333353 0.000669
0.280927 -0.333516 -0.001646
0.295007 -0.332376 0.000631
0.309862 -0.332620 0.000751
0.324084 -0.332375 0.001556
0.338300 -0.333366 -0.000990
0.353200 -0.330885 0.000255
0.366703 -0.332657 -0.000952
0.381476 -0.332089 0.001021
0.394128 -0.332624 -0.000259
0.409607 -0.331487 -0.000639
0.424115 -0.332646 -0.000957
0.440438 -0.331196 -0.002303
0.454587 -0.333196 0.000224
0.468236 -0.331292 0.000901
0.481534 -0.333035 -0.000270
0.495693 -0.331756 -0.001112
0.510529 -0.333395 -0.000135
0.526341 -0.331521 -0.000356
0.538444 -0.332793 -0.001475
0.553378 -0.332716 -0.000354
0.568372 -0.333312 0.000492
0.579502 -0.333615 -0.000305
0.597273 -0.332723 -0.000769
0.611780 -0.332819 -0.000727
0.625455 -0.331755 0.000809
0.640708 -0.331207 0.000761
0.653368 -0.333568 0.001252
0.669366 -0.332414 0.001456
0.683457 -0.332574 -0.000132
0.698792 -0.334046 0.001658
0.712720 -0.330289 0.000624
0.723964 -0.331928 0.001994
0.741073 -0.332086 0.001114
0.754119 -0.332648 0.001773
0.767563 -0.334053 0.002414
0.781758 -0.332268 -0.000343
0.794889 -0.331696 0.001101
0.813436 -0.332193 0.000584
0.827853 -0.332409 -0.000483
0.840456 -0.332882 -0.000154
0.858213 -0.331430 -0.001041
0.870967 -0.332732 0.001194
0.886250 -0.333285 0.000843
0.899487 -0.332636 -0.000385
0.912834 -0.332001 0.000922
0.928569 -0.331826 -0.000161
0.943037 -0.332746 -0.003208
0.957350 -0.333056 -0.000997
0.972023 -0.334390 0.000982
0.984985 -0.332101 -0.000698
1.000837 -0.331403 0.001907
-0.999572 -0.318648 -0.000593
-0.987007 -0.316818 -0.000984
-0.972200 -0.316023 -0.000019
-0.957333 -0.317731 0.000288
-0.941557 -0.316793 -0.001358
-0.928008 -0.317570 0.000461
-0.913299 -0.318230 0.000619
-0.898957 -0.316066 -0.002235
-0.884815 -0.320153 -0.000753
-0.871509 -0.317289 0.000064
-0.856325 -0.318025 0.001619
-0.841687 -0.319068 0.000291
-0.827223 -0.317274 -0.000637
-0.812708 -0.318124 -0.001289
-0.797421 -0.318844 -0.000723
-0.784896 -0.317881 0.000356
-0.769452 -0.317269 -0.000639
-0.754309 -0.318525 -0.002584
-0.742158 -0.318264 0.000675
-0.725521 -0.318557 -0.000599
-0.712392 -0.317383 0.000440
-0.699121 -0.316981 0.000555
-0.681660 -0.315851 0.000124
-0.667862 -0.317071 -0.001317
-0.654564 -0.316352 0.000086
-0.641051 -0.318076 0.001247
-0.627230 -0.318869 0.000137
-0.611131 -0.317882 0.000912
-0.596557 -0.317804 -0.000415
-0.582898 -0.317831 0.000274
-0.566020 -0.318918 -0.001465
-0.553097 -0.317634 -0.001650
-0.537874 -0.316949 -0.000388
-0.524879 -0.320102 0.000766
-0.511672 -0.318136 -0.001534
-0.495896 -0.318535 -0.000015
-0.482512 -0.317652 -0.000493
-0.467101 -0.318788 0.001051
-0.453790 -0.319835 -0.000372
-0.437581 -0.317053 -0.000244
-0.423427 -0.316683 0.000661
-0.411323 -0.318416 -0.000564
-0.396053 -0.318917 0.001381
-0.380003 -0.317191 -0.001399
-0.366993 -0.319124 0.001780
-0.351580 -0.319145 -0.001617
-0.338350 -0.316931 0.000412
-0.324640 -0.320593 0.000559
-0.308286 -0.317437 0.000527
-0.294014 -0.316911 -0.000434
-0.282031 -0.318092 0.001424
-0.265142 -0.317627 0.000841
-0.252876 -0.318494 0.000973
-0.236623 -0.318554 -0.000268
-0.222567 -0.318042 -0.000303
-0.208193 -0.317377 0.000619
-0.195506 -0.319179 -0.000802
-0.178471 -0.319702 -0.001217
-0.167573 -0.316435 -0.001075
-0.151756 -0.318078 0.000817
-0.136973 -0.318029 -0.000151
-0.121816 -0.317143 0.000004
-0.108829 -0.317902 0.000884
-0.093557 -0.316932 -0.000134
-0.079602 -0.318617 -0.000665
-0.064972 -0.319331 -0.000698
-0.051171 -0.318521 0.000741
-0.036178 -0.317812 0.000194
-0.021482 -0.317878 -0.001675
-0.005885 -0.318931 0.001667
0.007431 -0.318373 0.001355
0.022211 -0.318660 -0.000284
0.035866 -0.319994 -0.002293
0.049871 -0.318461 0.001366
0.064891 -0.318341 0.001506
0.078078 -0.319154 0.001645
0.093474 -0.318949 0.000569
0.106384 -0.319664 -0.000147
0.119953 -0.317681 -0.001152
0.137377 -0.317140 -0.000227
0.150767 -0.318859 0.001277
0.164977 -0.318779 -0.000195
0.180755 -0.318912 -0.000346
0.193001 -0.318434 0.001060
0.206981 -0.318570 0.000270
0.220864 -0.318200 -0.000506
0.238253 -0.318999 0.000433
0.252087 -0.318870 0.000305
0.265745 -0.320755 0.000968
0.280904 -0.317622 -0.001110
0.296439 -0.319337 0.001145
0.308973 -0.318613 -0.000326
0.323555 -0.317588 -0.000006
0.338530 -0.317682 -0.000294
0.353271 -0.318212 0.000391
0.367711 -0.319130 -0.000728
0.381610 -0.316939 -0.000017
0.394667 -0.318360 0.000965
0.410131 -0.318565 -0.001517
0.424702 -0.317287 0.000904
0.439568 -0.316722 -0.000169
0.453724 -0.318628 0.001082
0.467924 -0.318622 0.000341
0.481633 -0.318328 -0.002558
0.495791 -0.317248 0.000260
0.509670 -0.318604 0.001009
0.526027 -0.319171 -0.000295
0.539764 -0.318763 -0.000994
0.552442 -0.317617 0.001048
0.568318 -0.318035 -0.000210
0.583115 -0.318029 -0.000134
0.597274 -0.316924 -0.000923
0.610822 -0.316542 -0.000859
0.625756 -0.318482 0.000625
0.640475 -0.318618 -0.000498
0.654460 -0.317656 -0.001795
0.669993 -0.317426 0.000567
0.683801 -0.318184 0.000250
0.694879 -0.319117 -0.000046
0.712677 -0.318352 -0.001096
0.727130 -0.317783 0.000676
0.741043 -0.321135 -0.001830
0.755373 -0.318580 0.000582
0.769742 -0.317867 0.000143
0.784880 -0.318065 0.000823
0.798608 -0.317892 0.000082
0.811542 -0.317050 0.000942
0.826788 -0.318685 0.001547
0.840102 -0.319471 -0.000702
0.855844 -0.317217 0.000822
0.870445 -0.318356 0.001339
0.886678 -0.318754 0.002405
0.898801 -0.318859 0.001557
0.913427 -0.317329 -0.000727
0.928421 -0.318873 -0.000196
0.942352 -0.318773 -0.000035
0.957213 -0.317506 -0.000914
0.971166 -0.317323 -0.002098
0.984877 -0.319370 0.000199
1.001621 -0.316940 -0.000508
-1.000443 -0.303495 0.000602
-0.984911 -0.304106 -0.001001
-0.971750 -0.304817 -0.001353
-0.957689 -0.302817 -0.002970
-0.941838 -0.303770 -0.000017
-0.928850 -0.303637 0.000537
-0.911845 -0.304424 0.000823
-0.899210 -0.304821 0.001091
-0.884192 -0.304972 -0.000616
-0.871004 -0.303912 0.001801
-0.855997 -0.305127 0.000085
-0.843254 -0.303256 0.000059
-0.825785 -0.304299 -0.000840
-0.814056 -0.303602 0.000582
-0.801043 -0.302772 -0.000674
-0.784432 -0.305050 0.000031
-0.769160 -0.302406 -0.001598
-0.756021 -0.303575 -0.000460
-0.741818 -0.302127 0.001990
-0.726799 -0.303276 -0.000584
-0.711779 -0.305736 -0.000110
-0.698932 -0.304758 0.000135
-0.683168 -0.303190 -0.000058
-0.669125 -0.304933 0.000508
-0.653943 -0.303160 0.000922
-0.641276 -0.303642 0.000786
-0.623719 -0.304907 -0.000233
-0.611011 -0.303794 0.000349
-0.597865 -0.304951 -0.000118
-0.583013 -0.304138 -0.000337
-0.568684 -0.303441 -0.002432
-0.555260 -0.303962 -0.001115
-0.539154 -0.304426 -0.000882
-0.525713 -0.303231 0.001488
-0.510775 -0.304316 0.001344
-0.495967 -0.302924 -0.001750
-0.481341 -0.302535 0.000783
-0.467167 -0.301916 0.000151
-0.452192 -0.303179 0.001006
-0.437610 -0.304104 -0.000415
-0.424484 -0.305871 0.000611
-0.411802 -0.303036 -0.001276
-0.396722 -0.304864 0.001743
-0.381307 -0.303951 -0.001067
-0.367379 -0.303544 -0.001284
-0.351429 -0.303418 -0.000706
-0.337575 -0.303706 -0.001230
-0.323400 -0.304503 0.001328
-0.308876 -0.302880 0.001028
-0.294397 -0.303831 -0.000843
-0.281816 -0.304378 0.000663
-0.265435 -0.302786 -0.000018
-0.250916 -0.303532 -0.001580
-0.235719 -0.304659 -0.001050
-0.223157 -0.302869 -0.000587
-0.208636 -0.304640 -0.000390
-0.192785 -0.303890 -0.000607
-0.178654 -0.305131 0.000313
-0.166404 -0.304941 0.000018
-0.150401 -0.302602 -0.001097
-0.135288 -0.304396 -0.001345
-0.121392 -0.303021 -0.000805
-0.107238 -0.303969 -0.001616
-0.094622 -0.305940 -0.000090
-0.081018 -0.303472 0.000136
-0.066672 -0.304989 0.001052
-0.051726 -0.303722 -0.000048
-0.035171 -0.305230 0.000574
-0.020954 -0.304566 0.000343
-0.007617 -0.305309 0.000696
0.006749 -0.304486 0.000311
0.021652 -0.305069 -0.000699
0.037125 -0.303602 0.001342
0.051569 -0.302458 -0.000300
0.063545 -0.304301 0.000275
0.078691 -0.302243 0.000316
0.092700 -0.304626 0.000588
0.109338 -0.304944 0.001797
0.122106 -0.304988 -0.001165
0.137987 -0.304094 -0.000539
0.152183 -0.305192 -0.000322
0.164986 -0.303119 -0.000596
0.181172 -0.304704 -0.000722
0.193679 -0.304495 -0.000135
0.208652 -0.304043 0.000273
0.222343 -0.306027 -0.001717
0.235508 -0.304588 0.001972
0.250736 -0.304303 -0.001333
0.266643 -0.303224 0.000360
0.279975 -0.304670 0.000859
0.294369 -0.304541 0.000400
0.308941 -0.304048 -0.000801
0.322885 -0.304044 0.000757
0.336351 -0.303040 -0.000260
0.350918 -0.304224 -0.000487
0.365191 -0.303243 -0.000002
0.380253 -0.303408 -0.000696
0.395307 -0.302195 0.001171
0.409998 -0.303701 0.000323
0.423282 -0.303225 0.002361
0.438280 -0.304066 -0.001093
0.453847 -0.304143 -0.000402
0.468309 -0.303976 0.001234
0.481116 -0.302735 0.001710
0.495532 -0.305472 0.000549
0.511046 -0.304395 0.000113
0.523351 -0.301955 0.000088
0.540380 -0.303444 -0.001033
0.553882 -0.303428 0.000480
0.568392 -0.304955 -0.001387
0.582687 -0.303313 0.002246
0.595458 -0.305231 0.001247
0.610786 -0.304205 -0.000802
0.624970 -0.304133 -0.000758
0.640353 -0.304782 -0.001296
0.654386 -0.302752 0.001024
0.670899 -0.302609 0.000938
0.683489 -0.304202 0.000758
0.697656 -0.303216 0.000083
0.711996 -0.302922 -0.001851
0.726671 -0.304175 0.000495
0.739910 -0.304652 0.000408
0.755885 -0.303499 0.001441
0.771028 -0.302884 0.000307
0.783881 -0.302041 -0.001007
0.798747 -0.304119 0.001227
0.814147 -0.305012 0.000486
0.827467 -0.303667 -0.001172
0.844037 -0.304110 -0.000247
0.858463 -0.302474 -0.000371
0.870331 -0.302112 -0.000059
0.885339 -0.304197 -0.000130
0.900519 -0.303817 -0.000061
0.914433 -0.306044 -0.000843
0.928323 -0.303291 -0.000279
0.944249 -0.305219 -0.000037
0.955033 -0.303289 -0.000065
0.968835 -0.304902 -0.001315
0.987675 -0.302281 -0.000593
1.000554 -0.304595 0.000381
-0.998873 -0.289987 0.000161
-0.985629 -0.289039 0.000301
-0.969539 -0.289559 0.001016
-0.956326 -0.289357 0.000514
-0.943407 -0.289989 -0.001275
-0.927953 -0.290813 -0.000950
-0.913856 -0.290381 0.000397
-0.900033 -0.289702 -0.001586
-0.883324 -0.289845 0.000307
-0.868263 -0.288643 0.000164
-0.856809 -0.289398 -0.000222
-0.841060 -0.289300 -0.001530
-0.827737 -0.290247 0.001200
-0.813891 -0.289670 0.000948
-0.798161 -0.290479 -0.000807
-0.784190 -0.288784 0.001539
-0.771246 -0.291083 -0.001379
-0.754849 -0.289642 -0.001324
-0.741141 -0.290804 0.000692
-0.726002 -0.289918 0.000433
-0.712453 -0.290017 -0.000429
-0.701565 -0.289423 -0.001531
-0.683991 -0.288922 0.001425
-0.667202 -0.287911 -0.000479
-0.655185 -0.290066 0.001851
-0.641241 -0.289775 0.000406
-0.624870 -0.289895 0.000111
-0.611229 -0.289466 0.000035
-0.596945 -0.289606 0.000921
-0.580984 -0.289951 -0.000350
-0.569278 -0.288209 -0.000420
-0.554712 -0.289236 -0.000710
-0.538190 -0.289931 -0.001610
-0.524114 -0.289989 -0.000261
-0.511350 -0.289147 0.001083
-0.495074 -0.288294 -0.000114
-0.482436 -0.292359 0.000649
-0.464784 -0.290586 -0.001586
-0.451131 -0.289913 -0.000917
-0.437601 -0.288291 -0.000856
-0.422548 -0.289001 0.000390
-0.411265 -0.289433 -0.001793
-0.396722 -0.290160 -0.000834
-0.382393 -0.289588 -0.000493
-0.365757 -0.290317 -0.001218
-0.350414 -0.288408 -0.001224
-0.337522 -0.290541 -0.000520
-0.324889 -0.290629 0.002263
-0.310597 -0.289081 -0.000615
-0.296202 -0.287744 0.000209
-0.280851 -0.289654 -0.000693
-0.267503 -0.290248 -0.000112
-0.251397 -0.289359 -0.000145
-0.239573 -0.291609 0.000943
-0.223365 -0.288781 0.000664
-0.208334 -0.289697 0.000435
-0.194079 -0.289321 -0.000176
-0.180912 -0.290203 0.000531
-0.165234 -0.289264 0.000351
-0.151872 -0.289038 -0.000071
-0.137489 -0.289304 0.000809
-0.120485 -0.288709 0.001268
-0.109070 -0.289611 -0.001430
-0.094611 -0.289768 0.000176
-0.079675 -0.290241 0.001755
-0.062503 -0.289649 -0.000163
-0.050761 -0.290395 -0.000986
-0.035190 -0.291260 0.001238
-0.021809 -0.290529 -0.001758
-0.006060 -0.290680 0.000585
0.006428 -0.288870 0.000220
0.022749 -0.291407 -0.001231
0.036835 -0.289650 -0.000153
0.049753 -0.290571 0.001476
0.064852 -0.290899 -0.000062
0.080111 -0.291082 -0.000634
0.094359 -0.288391 -0.000605
0.108050 -0.289775 -0.000900
0.122713 -0.290045 0.001382
0.135523 -0.290861 0.002704
0.151103 -0.290624 0.001529
0.165093 -0.291082 0.000068
0.177634 -0.289158 -0.000966
0.193792 -0.288904 0.000876
0.205708 -0.289871 0.000588
0.224455 -0.288907 0.001196
0.239087 -0.289657 0.001944
0.253079 -0.289050 0.000496
0.267371 -0.289319 -0.000039
0.281299 -0.290057 -0.000294
0.294988 -0.288872 -0.001440
0.307374 -0.289004 -0.000330
0.323140 -0.290674 0.000242
0.338559 -0.289481 -0.000295
0.352613 -0.288172 -0.001189
0.368102 -0.288931 -0.000895
0.382318 -0.291720 0.001244
0.395589 -0.290794 0.001239
0.407797 -0.289807 -0.000178
0.423278 -0.289388 -0.001216
0.437237 -0.291639 0.000551
0.453802 -0.290852 -0.000258
0.468307 -0.289454 0.000163
0.479769 -0.291721 -0.000018
0.497109 -0.288868 -0.001058
0.511342 -0.289502 0.000044
0.527128 -0.290837 -0.000836
0.540229 -0.289742 -0.000185
0.552627 -0.290489 -0.000735
0.568895 -0.288814 0.000308
0.582654 -0.288133 0.000122
0.596276 -0.291377 0.001343
0.610732 -0.290196 0.000424
0.626448 -0.291147 0.001549
0.638732 -0.290895 0.000683
0.655319 -0.288579 0.000352
0.668348 -0.289290 0.000409
0.680690 -0.289254 -0.000403
0.697701 -0.290893 0.001311
0.710475 -0.288921 -0.000810
0.727130 -0.291480 0.001196
0.741972 -0.289855 -0.000663
0.755341 -0.290391 0.001248
0.769239 -0.290546 0.000428
0.784757 -0.290026 -0.000468
0.798886 -0.289053 -0.002232
0.811836 -0.289060 -0.000143
0.825961 -0.290928 0.000076
0.842416 -0.292032 0.000091
0.852601 -0.288578 0.001155
0.869894 -0.291073 -0.001534
0.884664 -0.291216 0.000907
0.898302 -0.291180 -0.001447
0.913766 -0.289874 -0.000982
0.927886 -0.287999 -0.000836
0.939965 -0.290542 0.000581
0.958490 -0.290248 -0.000199
0.972389 -0.290436 -0.000425
0.987522 -0.289470 0.000778
1.000912 -0.290533 0.001343
-1.002331 -0.277379 0.001312
-0.985387 -0.278149 0.000874
-0.970014 -0.275701 0.001935
-0.956544 -0.276283 0.000561
-0.940454 -0.275668 0.000387
-0.928025 -0.275839 -0.000527
-0.913544 -0.276034 -0.000725
-0.897948 -0.273548 -0.000530
-0.883661 -0.276489 -0.000923
-0.870785 -0.277066 -0.000257
-0.856239 -0.277151 -0.000552
-0.840612 -0.275849 -0.001464
-0.826519 -0.275060 -0.001458
-0.811737 -0.274688 0.000963
-0.798881 -0.273152 0.000648
-0.783793 -0.274575 0.000308
-0.768505 -0.275023 -0.000401
-0.753914 -0.274182 -0.000311
-0.742802 -0.275773 -0.002095
-0.726228 -0.276157 -0.001061
-0.710150 -0.275742 -0.000431
-0.695939 -0.275042 0.000736
-0.682646 -0.275403 0.000223
-0.669091 -0.275690 0.000396
-0.654982 -0.274926 -0.000655
-0.639512 -0.275557 -0.000634
-0.625612 -0.275244 -0.000070
-0.611869 -0.274649 0.001046
-0.598136 -0.276445 0.001156
-0.583259 -0.276433 -0.000186
-0.567138 -0.276781 0.001634
-0.553329 -0.276011 0.001265
-0.540406 -0.276663 0.000027
-0.525369 -0.274656 0.001320
-0.511111 -0.275980 -0.000133
-0.498074 -0.275823 0.001708
-0.482521 -0.277049 -0.000127
-0.466363 -0.275030 -0.000021
-0.451908 -0.274527 -0.001060
-0.438591 -0.274231 -0.001983
-0.425051 -0.274529 0.001316
-0.411253 -0.276234 0.000505
-0.395019 -0.277772 -0.000564
-0.381474 -0.274606 -0.002041
-0.366563 -0.276466 0.002198
-0.353510 -0.275493 -0.001653
-0.338060 -0.275199 -0.002180
-0.323914 -0.275084 0.000034
-0.307979 -0.275329 0.000414
-0.293320 -0.275300 0.001447
-0.280554 -0.275738 0.000002
-0.265424 -0.275459 0.000593
-0.253333 -0.276209 0.001465
-0.236389 -0.276270 0.000088
-0.222140 -0.276923 -0.000349
-0.209965 -0.276546 -0.001103
-0.195278 -0.274571 0.000401
-0.179949 -0.274286 -0.001985
-0.165773 -0.276665 0.000048
-0.152455 -0.275422 0.000026
-0.136248 -0.274602 -0.001654
-0.120668 -0.276527 0.000468
-0.108011 -0.276928 -0.000883
-0.093852 -0.275962 0.000321
-0.080151 -0.275044 -0.000007
-0.065898 -0.276140 0.000836
-0.049907 -0.275504 0.000271
-0.035659 -0.278481 0.000951
-0.021925 -0.275823 -0.000960
-0.006829 -0.274630 -0.000914
0.007457 -0.275347 -0.000922
0.021323 -0.275728 -0.000489
0.034461 -0.275912 0.000080
0.050498 -0.275929 0.000791
0.065262 -0.274422 0.000622
0.078518 -0.276173 -0.000877
0.092585 -0.275755 0.001960
0.107572 -0.272983 -0.000968
0.122774 -0.275367 -0.000214
0.136967 -0.275301 -0.000016
0.152804 -0.275617 0.000024
0.166632 -0.276375 -0.001586
0.179485 -0.276142 -0.001503
0.193320 -0.276751 -0.001763
0.208455 -0.275405 -0.000557
0.223834 -0.274580 0.000141
0.237054 -0.276060 -0.001310
0.252271 -0.276365 -0.001282
0.264923 -0.277576 -0.000080
0.279275 -0.276766 0.002017
0.296367 -0.275990 0.000990
0.310502 -0.275715 0.000092
0.323937 -0.276655 -0.000202
0.337641 -0.275513 -0.000372
0.353084 -0.276406 0.000402
0.366391 -0.276557 -0.000434
0.381359 -0.275757 0.001170
0.396474 -0.275869 -0.001195
0.410047 -0.277034 -0.001458
0.423328 -0.275917 -0.000134
0.437569 -0.275623 0.000415
0.453859 -0.276815 0.000634
0.468339 -0.276640 0.000647
0.482732 -0.275615 0.000487
0.495828 -0.276886 0.000232
0.510116 -0.275152 0.000779
0.524179 -0.275764 -0.000709
0.539003 -0.277106 0.001146
0.554071 -0.274735 0.002630
0.569020 -0.274387 -0.000606
0.582811 -0.275121 -0.002436
0.597405 -0.275957 -0.001185
0.611998 -0.274380 0.001828
0.623799 -0.277159 0.000570
0.640308 -0.277078 -0.000360
0.656524 -0.276073 0.002003
0.670255 -0.276178 0.000392
0.683856 -0.274958 0.000652
0.696775 -0.275351 -0.000857
0.711600 -0.275570 -0.001858
0.726168 -0.274743 -0.001129
0.740288 -0.275367 -0.000564
0.756012 -0.276231 -0.000278
0.771104 -0.275066 0.001100
0.784167 -0.276757 0.000075
0.799098 -0.276593 -0.000114
0.813672 -0.276642 -0.000457
0.827139 -0.276915 0.002133
0.841605 -0.275042 0.000173
0.855393 -0.274560 -0.000168
0.870956 -0.276113 -0.001749
0.885470 -0.275667 -0.000574
0.900668 -0.274654 0.000688
0.913607 -0.276663 -0.000020
0.929382 -0.276335 -0.000209
0.943528 -0.275804 -0.000722
0.956670 -0.274984 -0.000731
0.971153 -0.275570 0.001617
0.986845 -0.275951 0.002101
1.000483 -0.274746 -0.000023
-0.997544 -0.260816 -0.000073
-0.986289 -0.264682 0.000092
-0.970737 -0.263123 0.001923
-0.957545 -0.261989 -0.000795
-0.943490 -0.262432 0.000282
-0.926822 -0.260359 0.000731
-0.914222 -0.262924 0.000489
-0.899379 -0.262060 0.000139
-0.884439 -0.262245 0.001888
-0.870851 -0.261886 0.000281
-0.857728 -0.261005 -0.001539
-0.841645 -0.261045 0.001129
-0.825892 -0.261001 -0.000794
-0.813447 -0.262111 -0.001510
-0.797647 -0.261226 0.001384
-0.784187 -0.260455 0.001395
-0.769617 -0.263269 -0.000717
-0.753712 -0.260372 0.000498
-0.739549 -0.262837 0.001000
-0.728649 -0.262982 -0.000017
-0.712088 -0.261315 0.000172
-0.699856 -0.262106 -0.000897
-0.685462 -0.261374 0.000350
-0.667880 -0.263307 -0.000782
-0.654137 -0.261460 0.000333
-0.639437 -0.260216 0.001868
-0.625214 -0.261888 -0.001222
-0.613785 -0.261107 -0.001035
-0.596025 -0.262769 0.000897
-0.583544 -0.262972 -0.000227
-0.568393 -0.262216 -0.000605
-0.553500 -0.261095 -0.001062
-0.539955 -0.263676 0.000395
-0.526142 -0.259994 0.000882
-0.510058 -0.262981 0.000410
-0.495178 -0.261097 0.000509
-0.482324 -0.261585 -0.000917
-0.466852 -0.261332 -0.000513
-0.451379 -0.258979 -0.000548
-0.439202 -0.263211 -0.000462
-0.424391 -0.261624 -0.000899
-0.410619 -0.261486 0.001564
-0.396013 -0.263149 0.000344
-0.379735 -0.262960 -0.001700
-0.368284 -0.262631 -0.000044
-0.351613 -0.261785 0.000099
-0.337468 -0.260942 -0.000486
-0.324714 -0.262069 -0.000336
-0.309361 -0.260037 0.000921
-0.292447 -0.262585 -0.001213
-0.281042 -0.262191 0.000273
-0.265282 -0.262365 -0.000100
-0.250976 -0.261006 -0.000229
-0.237402 -0.261187 -0.001396
-0.223776 -0.262033 0.002050
-0.208567 -0.262587 0.001074
-0.195041 -0.263192 0.000355
-0.180708 -0.262184 0.000894
-0.164290 -0.262368 0.000467
-0.150326 -0.261711 -0.000030
-0.136101 -0.260433 -0.000251
-0.122064 -0.262412 0.001096
-0.108416 -0.263349 -0.000185
-0.095191 -0.262190 0.000498
-0.077394 -0.261731 -0.001317
-0.063977 -0.260915 -0.002067
-0.051599 -0.261729 -0.000005
-0.035249 -0.261869 -0.000072
-0.021891 -0.261121 0.000227
-0.006767 -0.260501 0.000983
0.007156 -0.261551 0.000063
0.021924 -0.260271 -0.000432
0.034141 -0.261037 0.001106
0.049935 -0.261060 -0.002259
0.063598 -0.262398 -0.001772
0.079300 -0.262418 -0.000259
0.092969 -0.261376 0.000765
0.108616 -0.261758 0.000554
0.123996 -0.261922 -0.000624
0.137403 -0.261158 0.000754
0.151643 -0.260599 -0.000116
0.166017 -0.261290 0.002071
0.180831 -0.262014 -0.001080
0.195067 -0.261192 -0.000598
0.207182 -0.260716 -0.000142
0.223473 -0.260409 0.000825
0.239112 -0.261879 0.000656
0.252077 -0.259565 0.000342
0.266818 -0.262940 0.001632
0.280424 -0.259869 -0.001190
0.297179 -0.261323 0.000995
0.310966 -0.259906 -0.000563
0.325582 -0.260729 0.000088
0.336672 -0.261116 0.000827
0.353065 -0.262555 0.000535
0.367511 -0.263420 -0.001184
0.380979 -0.261449 -0.001072
0.394973 -0.260428 -0.000728
0.410385 -0.260138 0.000741
0.425053 -0.261801 0.000337
0.438124 -0.261011 0.000281
0.452926 -0.262271 0.001545
0.465859 -0.261371 0.000954
0.483287 -0.260932 -0.001190
0.497810 -0.260921 -0.000892
0.511115 -0.260424 0.000341
0.524331 -0.262134 0.001039
0.541181 -0.262085 -0.001012
0.553248 -0.263142 -0.000755
0.568199 -0.263022 -0.001389
0.583868 -0.260105 0.000471
0.596760 -0.261174 -0.000348
0.610405 -0.259995 -0.000330
0.625593 -0.260294 0.000610
0.638137 -0.262950 0.001714
0.655539 -0.262409 0.001322
0.668694 -0.262474 -0.000452
0.684688 -0.259605 0.000686
0.697884 -0.260560 0.001828
0.712449 -0.261084 -0.000262
0.726337 -0.261288 -0.000515
0.740939 -0.261224 0.001798
0.754094 -0.262649 -0.000370
0.769838 -0.261663 -0.000033
0.783074 -0.259079 0.001088
0.798119 -0.261814 -0.000018
0.813065 -0.261781 -0.000311
0.828122 -0.260452 0.000367
0.842010 -0.263153 -0.001275
0.855741 -0.259237 0.000029
0.869907 -0.258607 -0.000512
0.886332 -0.262256 -0.000132
0.898658 -0.261134 -0.000081
0.914236 -0.264108 0.000437
0.928099 -0.260314 -0.002067
0.943375 -0.262017 -0.000160
0.955817 -0.262015 -0.001277
0.970593 -0.260354 -0.000612
0.987285 -0.260964 -0.000853
1.000105 -0.262617 0.000500
-0.999265 -0.246647 0.000143
-0.985115 -0.247594 -0.000949
-0.971109 -0.248235 -0.000091
-0.956213 -0.247507 -0.000504
-0.942989 -0.246374 -0.000337
-0.927976 -0.246270 0.001448
-0.913087 -0.247781 -0.000191
-0.898633 -0.247645 -0.000381
-0.883885 -0.245684 -0.000997
-0.871075 -0.247617 -0.001148
-0.855663 -0.247798 0.000116
-0.842591 -0.247305 -0.000317
-0.826405 -0.248294 -0.000154
-0.813115 -0.246235 -0.000739
-0.798764 -0.246691 -0.001267
-0.783442 -0.247565 -0.001083
-0.768921 -0.247832 0.002200
-0.756271 -0.246420 0.002136
-0.740601 -0.246039 -0.000885
-0.727063 -0.249000 -0.000310
-0.711717 -0.248890 -0.001057
-0.697334 -0.246249 -0.000588
-0.683059 -0.249104 0.000105
-0.667853 -0.247181 0.000430
-0.655439 -0.248872 -0.001095
-0.639931 -0.246538 0.000085
-0.627763 -0.247269 0.000804
-0.611199 -0.249407 0.000151
-0.596964 -0.246468 -0.000015
-0.582570 -0.248482 -0.001141
-0.567774 -0.246000 0.000040
-0.554132 -0.246856 0.000375
-0.539170 -0.247235 -0.001438
-0.526994 -0.247279 0.000871
-0.510728 -0.246871 0.000039
-0.496057 -0.249014 -0.000961
-0.481457 -0.248054 0.001391
-0.467177 -0.248152 -0.001110
-0.452614 -0.246134 0.000667
-0.439616 -0.247760 0.000545
-0.425250 -0.247998 0.002687
-0.408668 -0.245934 -0.000347
-0.395379 -0.247092 -0.001248
-0.381646 -0.247927 -0.000929
-0.366464 -0.248129 -0.000612
-0.352168 -0.248712 0.001578
-0.336933 -0.247781 0.000298
-0.323583 -0.246810 -0.001274
-0.309273 -0.245974 0.000343
-0.294415 -0.248011 -0.001333
-0.279263 -0.247200 0.001184
-0.266231 -0.247625 -0.000710
-0.253710 -0.246791 -0.000357
-0.236322 -0.247965 -0.000652
-0.222584 -0.246926 0.000792
-0.208956 -0.248474 0.001520
-0.193770 -0.246662 -0.000078
-0.178653 -0.247316 -0.000470
-0.166692 -0.248410 0.000838
-0.149754 -0.248354 -0.001352
-0.136988 -0.248104 -0.000683
-0.120862 -0.247715 0.000611
-0.108066 -0.246615 -0.000665
-0.092720 -0.247889 0.000941
-0.079812 -0.248849 -0.001072
-0.065231 -0.247731 -0.000552
-0.051442 -0.248425 -0.000089
-0.036491 -0.247271 0.000957
-0.021722 -0.247259 0.000652
-0.006865 -0.247572 0.001215
0.005739 -0.248191 0.000732
0.022060 -0.248138 -0.000513
0.034655 -0.247931 0.001122
0.050268 -0.246420 0.000848
0.064803 -0.246905 0.001329
0.079513 -0.247342 0.000791
0.093026 -0.246117 -0.000869
0.106393 -0.247636 -0.000999
0.121903 -0.247579 -0.001828
0.136931 -0.248277 -0.000998
0.153173 -0.246767 0.001744
0.167059 -0.246262 -0.000495
0.178718 -0.247664 0.000746
0.194597 -0.248133 0.000782
0.209725 -0.247183 -0.001172
0.225080 -0.248078 0.001270
0.238243 -0.248767 0.000351
0.251077 -0.246685 0.000134
0.265264 -0.246232 0.001367
0.280462 -0.245914 -0.000019
0.294181 -0.248564 0.000520
0.309794 -0.247691 -0.000143
0.324149 -0.248486 0.000653
0.338268 -0.247509 -0.000523
0.352628 -0.249615 0.000006
0.367446 -0.247725 0.000335
0.380140 -0.246565 -0.000144
0.395804 -0.248649 -0.000988
0.409774 -0.246442 0.000974
0.423209 -0.248753 -0.001172
0.439365 -0.247286 0.000735
0.452226 -0.247189 -0.000189
0.466440 -0.246748 0.001028
0.482848 -0.246055 0.000511
0.496746 -0.246879 0.000622
0.509222 -0.247509 0.000390
0.524496 -0.246219 0.000923
0.539447 -0.248960 -0.001279
0.553324 -0.248089 0.001142
0.567295 -0.247890 0.000019
0.582633 -0.247985 0.000159
0.595160 -0.246874 0.000598
0.611571 -0.248721 -0.000201
0.625888 -0.247501 0.002593
0.640105 -0.246995 0.000430
0.653279 -0.247159 0.000020
0.668610 -0.247477 0.001196
0.683138 -0.248169 -0.000061
0.699150 -0.247087 0.000845
0.711554 -0.247174 -0.000528
0.726252 -0.247660 -0.001397
0.742787 -0.245700 0.001733
0.754976 -0.245326 0.000670
0.769839 -0.247494 -0.001125
0.784446 -0.247378 0.001883
0.799262 -0.248597 0.001009
0.813986 -0.246913 -0.001325
0.827366 -0.248989 0.000590
0.843087 -0.247876 -0.000800
0.853568 -0.249522 0.000291
0.870875 -0.248025 -0.000695
0.883650 -0.246594 0.000530
0.898604 -0.247189 0.000316
0.915306 -0.246807 0.000929
0.926066 -0.247075 0.001885
0.944083 -0.248640 0.001166
0.956400 -0.248408 0.000559
0.969291 -0.246364 0.001122
0.986323 -0.248119 0.000172
1.001211 -0.247834 -0.001046
-1.001449 -0.234840 0.001881
-0.986687 -0.232188 -0.000746
-0.969619 -0.231827 -0.000097
-0.956535 -0.232982 0.000466
-0.941812 -0.233267 0.001222
-0.926991 -0.232398 -0.000348
-0.913292 -0.233869 0.001623
-0.899859 -0.234232 0.002349
-0.886193 -0.234335 -0.000204
-0.869564 -0.234436 0.000521
-0.858573 -0.231903 0.000289
-0.840436 -0.232090 -0.000247
-0.826560 -0.235217 -0.000885
-0.812996 -0.233221 -0.000717
-0.797325 -0.233039 -0.001135
-0.783631 -0.233059 0.001422
-0.771284 -0.233148 0.001257
-0.753782 -0.233019 -0.000965
-0.742090 -0.231743 0.001166
-0.726918 -0.233227 0.000279
-0.713504 -0.234469 0.000482
-0.697316 -0.231215 -0.000104
-0.684302 -0.232667 -0.000729
-0.668776 -0.231885 0.000591
-0.653884 -0.234646 -0.000089
-0.640548 -0.233247 -0.001519
-0.626680 -0.233597 0.001488
-0.610261 -0.232483 0.000037
-0.595743 -0.234080 0.000660
-0.582715 -0.234769 -0.000927
-0.568820 -0.234156 0.000114
-0.554011 -0.232647 -0.000707
-0.541071 -0.233693 -0.000151
-0.525696 -0.233045 0.000861
-0.511070 -0.232519 -0.001057
-0.497837 -0.233101 -0.000071
-0.481938 -0.231763 -0.000737
-0.467694 -0.232430 0.000525
-0.454016 -0.234188 0.000561
-0.439253 -0.233576 0.000121
-0.424977 -0.232680 -0.000059
-0.412215 -0.233562 -0.001777
-0.396873 -0.233197 0.000361
-0.379873 -0.232413 -0.002434
-0.369495 -0.233446 -0.001895
-0.351900 -0.233412 0.000009
-0.340413 -0.233491 0.000914
-0.323010 -0.233681 -0.000457
-0.307849 -0.232527 -0.000600
-0.294260 -0.231898 -0.001100
-0.281679 -0.231813 -0.000118
-0.266730 -0.233621 -0.000407
-0.252244 -0.232703 0.000371
-0.237110 -0.233087 0.000896
-0.222845 -0.231245 0.000772
-0.206810 -0.234224 0.001033
-0.193824 -0.233752 -0.000776
-0.181072 -0.234600 0.001931
-0.166390 -0.233511 -0.000466
-0.150911 -0.231940 -0.000930
-0.137495 -0.232911 -0.000762
-0.123169 -0.232543 0.000077
-0.108304 -0.233125 -0.000102
-0.094976 -0.232968 -0.000221
-0.078183 -0.233121 0.000503
-0.064055 -0.233735 0.000799
-0.048761 -0.233929 -0.001336
-0.035615 -0.233531 0.000340
-0.019373 -0.232241 -0.001362
-0.007852 -0.234029 -0.000050
0.007559 -0.233752 0.002110
0.021570 -0.235011 -0.002083
0.034990 -0.233153 0.000405
0.050077 -0.234899 0.000060
0.065264 -0.232713 -0.001349
0.080259 -0.233110 -0.000595
0.093488 -0.233310 -0.000659
0.107946 -0.233823 -0.000427
0.123343 -0.233129 0.000532
0.136960 -0.234496 0.001669
0.152538 -0.232388 0.000276
0.166457 -0.234475 0.002337
0.180043 -0.234478 0.001077
0.194407 -0.233561 -0.000832
0.208462 -0.233119 0.000013
0.221880 -0.233328 -0.000149
0.237477 -0.234711 -0.000204
0.251491 -0.234411 -0.000502
0.265734 -0.232789 -0.000128
0.282043 -0.233810 0.000086
0.294453 -0.234537 0.001415
0.308835 -0.231781 -0.000221
0.322245 -0.232310 -0.001046
0.338126 -0.234329 0.000949
0.354616 -0.233599 -0.000736
0.366678 -0.233144 0.001427
0.382512 -0.235161 -0.001133
0.396059 -0.233998 -0.001553
0.410815 -0.231969 -0.000149
0.425260 -0.235656 -0.000050
0.439329 -0.234295 0.000096
0.452721 -0.232626 0.000321
0.467494 -0.233261 0.000125
0.483829 -0.234646 -0.001374
0.495925 -0.233525 -0.000257
0.510732 -0.232282 0.000920
0.522632 -0.232256 -0.001304
0.540730 -0.232203 0.000601
0.553411 -0.232546 0.001202
0.568838 -0.233077 0.000281
0.582159 -0.234371 -0.000465
0.596623 -0.232403 0.000015
0.610254 -0.231702 0.001006
0.626130 -0.235917 0.000457
0.640653 -0.236221 -0.000737
0.655323 -0.234256 -0.000495
0.668423 -0.236130 -0.001564
0.684362 -0.234708 -0.000261
0.697707 -0.233411 0.000277
0.710813 -0.234942 0.000858
0.727061 -0.231830 -0.003072
0.741625 -0.233156 -0.000131
0.756358 -0.232127 0.000759
0.770684 -0.232996 0.001261
0.783826 -0.232882 -0.000035
0.797232 -0.233757 0.001397
0.812510 -0.233036 -0.000807
0.827605 -0.234319 -0.000295
0.841012 -0.231705 0.000255
0.854833 -0.233123 -0.000278
0.870884 -0.232614 -0.000418
0.885727 -0.234454 0.000335
0.898250 -0.230962 0.001646
0.911998 -0.234896 -0.000060
0.926995 -0.233291 0.001168
0.945210 -0.234313 0.000516
0.959231 -0.233141 0.000741
0.969549 -0.233945 0.000394
0.987229 -0.233698 -0.001603
0.997514 -0.232295 -0.000144
-1.001416 -0.218826 -0.000142
-0.985581 -0.219941 -0.000906
-0.971489 -0.220572 0.001319
-0.957607 -0.219458 -0.000847
-0.943324 -0.219659 0.000148
-0.927658 -0.220401 -0.000483
-0.912834 -0.218303 0.001076
-0.898166 -0.218193 -0.000518
-0.886242 -0.220207 -0.000594
-0.869965 -0.218689 -0.000411
-0.856215 -0.219231 -0.001050
-0.841380 -0.218957 -0.000289
-0.827818 -0.219245 -0.001481
-0.812266 -0.217833 -0.000315
-0.796878 -0.217616 0.000184
-0.783732 -0.219106 -0.000756
-0.769598 -0.220034 0.000102
-0.753229 -0.219596 0.000854
-0.740516 -0.218693 0.000582
-0.727864 -0.220380 0.000904
-0.714954 -0.218642 0.002178
-0.696278 -0.219550 0.000800
-0.683674 -0.219253 0.000331
-0.671521 -0.219852 0.001198
-0.655286 -0.218301 -0.000311
-0.639851 -0.219428 -0.001430
-0.626079 -0.218628 -0.001283
-0.611950 -0.219735 -0.000066
-0.597145 -0.219383 0.000940
-0.583062 -0.220226 -0.001484
-0.567700 -0.218760 0.001674
-0.554870 -0.219155 0.000392
-0.539794 -0.219776 -0.000308
-0.523420 -0.218966 -0.001144
-0.509752 -0.219210 0.001664
-0.496518 -0.218754 0.000660
-0.482585 -0.220101 -0.000150
-0.467774 -0.217612 0.000472
-0.451950 -0.219525 0.002156
-0.438656 -0.219911 0.000987
-0.424276 -0.218089 -0.000830
-0.409343 -0.218878 -0.001497
-0.395665 -0.220998 -0.000003
-0.381219 -0.219375 -0.001237
-0.367583 -0.218896 -0.000424
-0.353209 -0.219183 0.000058
-0.339499 -0.219306 0.001062
-0.324731 -0.217845 -0.000800
-0.308960 -0.221115 0.000173
-0.296690 -0.220032 -0.000938
-0.280278 -0.220025 -0.000558
-0.266773 -0.219200 -0.000159
-0.251921 -0.220802 0.000628
-0.237657 -0.219480 -0.000644
-0.222508 -0.217982 0.000100
-0.207064 -0.218808 -0.001164
-0.195550 -0.219442 0.000721
-0.179590 -0.218067 0.000126
-0.166739 -0.219086 0.000306
-0.151357 -0.219217 0.001032
-0.138157 -0.218447 0.000422
-0.121240 -0.219459 0.003146
-0.109970 -0.219391 0.000617
-0.093105 -0.219610 -0.000126
-0.078333 -0.217113 0.001551
-0.063402 -0.220243 -0.001806
-0.050381 -0.220046 0.000343
-0.036241 -0.220088 0.000343
-0.022160 -0.220209 -0.001138
-0.007455 -0.220068 0.001648
0.008281 -0.220644 -0.001089
0.021806 -0.219630 0.000378
0.036082 -0.219276 0.001531
0.050944 -0.219088 -0.000351
0.066864 -0.218979 -0.000661
0.077821 -0.219893 0.000508
0.093035 -0.218312 -0.000428
0.107808 -0.218701 -0.000550
0.123030 -0.218908 0.000178
0.136098 -0.217969 -0.002588
0.151206 -0.219100 0.000019
0.165345 -0.219677 -0.001099
0.181051 -0.218901 -0.002077
0.195788 -0.218578 -0.001628
0.208144 -0.219465 0.000538
0.223656 -0.219201 0.000318
0.237410 -0.217402 -0.001262
0.252013 -0.220038 -0.001915
0.266340 -0.219709 0.001343
0.279512 -0.220342 -0.000263
0.296015 -0.220453 -0.000858
0.309453 -0.217853 -0.000583
0.323678 -0.220189 0.000607
0.336861 -0.217936 0.001614
0.353304 -0.220174 -0.001286
0.365179 -0.220598 -0.000796
0.384783 -0.218052 -0.001263
0.395071 -0.221382 0.000826
0.408955 -0.218603 -0.000711
0.425728 -0.219078 -0.000695
0.438939 -0.221406 -0.000663
0.455076 -0.218257 -0.000787
0.467704 -0.220350 -0.000721
0.481326 -0.219866 -0.000740
0.497599 -0.217835 0.000650
0.510975 -0.217503 -0.000498
0.525294 -0.220042 0.000653
0.537740 -0.218593 -0.000336
0.552427 -0.219307 -0.000790
0.566331 -0.219331 0.000215
0.583178 -0.219458 0.000517
0.597633 -0.217294 -0.000050
0.611795 -0.218058 -0.000814
0.626012 -0.219449 0.000571
0.640318 -0.219627 -0.000971
0.655559 -0.219568 -0.000407
0.669565 -0.219669 -0.001350
0.685683 -0.217973 0.003456
0.699458 -0.218722 0.000017
0.712543 -0.218148 -0.000602
0.725284 -0.219787 0.000623
0.739835 -0.219070 -0.001718
0.755627 -0.218849 0.001310
0.769564 -0.218565 -0.000199
0.784467 -0.219783 -0.001857
0.801028 -0.218030 -0.000480
0.813778 -0.218736 -0.002340
0.826518 -0.220375 0.000369
0.842191 -0.219621 -0.000503
0.856786 -0.218359 -0.000900
0.870003 -0.220052 -0.001771
0.885208 -0.218833 -0.001532
0.899350 -0.217860 0.000714
0.913611 -0.217454 0.000604
0.927138 -0.218768 -0.000964
0.942164 -0.218761 0.002635
0.956903 -0.219927 0.001106
0.972351 -0.217657 0.000344
0.983779 -0.219832 -0.000295
0.999466 -0.219442 0.000019
-1.000190 -0.206310 0.000461
-0.985682 -0.205528 -0.000488
-0.972253 -0.205317 -0.001059
-0.955483 -0.205294 -0.000933
-0.943020 -0.206259 -0.001239
-0.927450 -0.204119 -0.000223
-0.914344 -0.206009 0.000391
-0.897606 -0.204407 0.000335
-0.885125 -0.204543 0.001825
-0.870923 -0.204772 -0.000137
-0.857434 -0.205256 -0.000382
-0.842480 -0.205149 -0.000168
-0.827424 -0.204938 0.001001
-0.813537 -0.206127 -0.000253
-0.798616 -0.204014 0.000005
-0.784779 -0.206062 -0.000705
-0.769491 -0.205332 0.000233
-0.755227 -0.205685 -0.000386
-0.740556 -0.205765 -0.000983
-0.726737 -0.203451 0.000391
-0.712222 -0.206611 0.000759
-0.697603 -0.205536 -0.000714
-0.684488 -0.204727 -0.000191
-0.669312 -0.203351 0.001161
-0.654556 -0.207068 0.000405
-0.639670 -0.204092 -0.001249
-0.626055 -0.205354 0.001142
-0.609783 -0.206947 0.001587
-0.595522 -0.203959 0.001119
-0.581602 -0.206132 -0.000206
-0.567303 -0.204068 -0.001542
-0.554399 -0.204723 -0.000313
-0.539154 -0.204661 -0.000452
-0.523752 -0.202889 -0.001282
-0.509560 -0.204101 0.000232
-0.496943 -0.204804 -0.000803
-0.481844 -0.203718 -0.001654
-0.465882 -0.206285 0.001175
-0.454141 -0.205335 0.000008
-0.438577 -0.206057 -0.000525
-0.426033 -0.202940 0.000359
-0.408837 -0.205241 0.000638
-0.395685 -0.204677 0.000906
-0.381945 -0.205971 -0.000527
-0.366844 -0.204713 0.001686
-0.353568 -0.205501 -0.000598
-0.338152 -0.205560 0.000414
-0.322369 -0.207029 0.000673
-0.309490 -0.203872 0.000090
-0.293666 -0.204747 0.000277
-0.280659 -0.204915 -0.000169
-0.264996 -0.205648 0.000550
-0.250731 -0.204010 -0.001364
-0.237489 -0.205198 -0.000453
-0.222420 -0.204966 -0.001012
-0.208407 -0.204273 -0.000782
-0.194391 -0.204750 0.000081
-0.179715 -0.206210 -0.000141
-0.164815 -0.203521 0.000618
-0.150569 -0.207074 -0.000222
-0.137667 -0.203059 -0.000619
-0.123207 -0.205577 -0.000843
-0.107988 -0.206669 -0.001187
-0.092643 -0.201853 -0.000528
-0.080695 -0.205107 0.000431
-0.061844 -0.205241 -0.000266
-0.049835 -0.205853 0.000115
-0.038042 -0.205109 -0.000319
-0.022429 -0.205484 -0.001348
-0.005966 -0.205569 -0.000240
0.009640 -0.204780 -0.000190
0.021770 -0.202900 0.001450
0.036768 -0.203697 -0.000027
0.049321 -0.203973 -0.000501
0.063777 -0.207471 0.000641
0.078911 -0.205217 -0.000763
0.094380 -0.205105 -0.000352
0.109830 -0.205271 0.000420
0.123310 -0.205201 0.000915
0.136147 -0.204905 0.000577
0.149835 -0.205189 0.000942
0.166074 -0.204185 0.000316
0.180199 -0.205898 0.000083
0.194898 -0.205753 0.002162
0.209293 -0.205026 -0.000155
0.222576 -0.205148 -0.000914
0.237181 -0.205966 0.000940
0.251813 -0.203990 -0.000124
0.267820 -0.204860 0.000204
0.279954 -0.206540 0.001961
0.292852 -0.205526 -0.001198
0.309857 -0.205717 0.000938
0.322459 -0.205004 0.000198
0.340195 -0.206314 0.000066
0.351128 -0.205388 -0.000482
0.367145 -0.204715 0.000018
0.382191 -0.203347 -0.000338
0.395177 -0.207334 0.000034
0.410393 -0.204781 -0.000371
0.423468 -0.204349 0.001634
0.438033 -0.206197 -0.001162
0.452847 -0.206602 -0.000254
0.467405 -0.203729 -0.001056
0.482758 -0.206697 -0.002098
0.497479 -0.204148 -0.000146
0.509775 -0.206851 -0.000116
0.524056 -0.205002 0.000435
0.541672 -0.205135 -0.001094
0.554315 -0.207620 -0.000181
0.568092 -0.205083 -0.000419
0.582647 -0.205177 0.000344
0.596357 -0.205253 -0.002964
0.611934 -0.205626 0.000882
0.625076 -0.203831 0.000007
0.640934 -0.204812 -0.001210
0.655307 -0.202698 0.000064
0.669727 -0.205265 0.002215
0.682376 -0.206543 0.000704
0.698183 -0.206136 0.000539
0.713358 -0.205270 0.000654
0.726731 -0.206547 -0.000362
0.740556 -0.205154 -0.001014
0.755158 -0.204503 -0.000183
0.768419 -0.205682 -0.000269
0.784610 -0.204836 0.000138
0.797442 -0.205644 0.000407
0.812102 -0.206078 -0.000150
0.829449 -0.205450 -0.000737
0.843522 -0.206156 0.000643
0.855533 -0.204924 0.001419
0.870269 -0.203391 -0.000085
0.884609 -0.204722 0.000621
0.901030 -0.206646 0.001379
0.913766 -0.206326 -0.001652
0.927372 -0.205189 -0.000745
0.942993 -0.205536 0.002121
0.957413 -0.206660 -0.001557
0.971675 -0.205713 0.000506
0.983919 -0.205240 0.001014
1.000508 -0.205792 0.000228
-1.000611 -0.190438 0.000173
-0.986462 -0.189774 -0.000424
-0.973804 -0.190997 0.001257
-0.956676 -0.191242 -0.002563
-0.941815 -0.190295 -0.000274
-0.928126 -0.190355 -0.000553
-0.913624 -0.191601 0.000174
-0.898699 -0.190785 0.000519
-0.884781 -0.192088 -0.000107
-0.869415 -0.192380 0.000707
-0.856950 -0.191363 0.002129
-0.842622 -0.191507 -0.000791
-0.827931 -0.190632 0.000227
-0.813088 -0.191698 -0.000480
-0.798810 -0.188982 0.000143
-0.785325 -0.190722 -0.000764
-0.768786 -0.191507 -0.000006
-0.754254 -0.192351 0.000426
-0.740688 -0.190935 -0.000876
-0.727908 -0.189002 -0.000464
-0.711025 -0.191490 -0.000508
-0.698095 -0.191554 0.001338
-0.683847 -0.191653 -0.001027
-0.668235 -0.192652 0.000551
-0.654499 -0.190799 -0.000241
-0.640054 -0.191057 -0.000771
-0.626067 -0.189864 0.001063
-0.613579 -0.190878 -0.000070
-0.596935 -0.190916 -0.000243
-0.583163 -0.190029 0.000686
-0.567588 -0.190574 -0.000006
-0.553633 -0.190138 0.000731
-0.538846 -0.189422 0.001177
-0.526144 -0.190165 -0.000288
-0.512583 -0.190601 -0.000572
-0.495060 -0.191990 0.000262
-0.481620 -0.190448 0.000120
-0.466069 -0.191018 0.000549
-0.453063 -0.191003 0.001097
-0.439397 -0.190035 -0.000068
-0.425908 -0.190633 0.001028
-0.411143 -0.192419 0.000658
-0.395547 -0.190258 -0.001710
-0.382304 -0.191385 0.001437
-0.366714 -0.192348 0.000456
-0.353772 -0.192032 -0.000791
-0.340519 -0.189991 0.000398
-0.325748 -0.192994 -0.000157
-0.308089 -0.190670 0.002434
-0.297307 -0.192453 -0.000124
-0.282122 -0.191122 0.000149
-0.265096 -0.192700 0.000339
-0.252116 -0.193334 0.000392
-0.239290 -0.189145 -0.001938
-0.222127 -0.190925 -0.000153
-0.207584 -0.189930 0.000423
-0.193580 -0.190432 -0.001689
-0.181010 -0.189853 -0.000680
-0.165997 -0.189372 -0.002346
-0.152569 -0.190727 0.000273
-0.135962 -0.190955 0.001556
-0.124102 -0.191038 -0.000680
-0.107841 -0.190891 -0.000234
-0.093044 -0.190013 0.000657
-0.079093 -0.190073 -0.000170
-0.065503 -0.191109 0.001183
-0.051972 -0.189365 -0.001025
-0.037498 -0.190986 -0.000854
-0.021820 -0.190148 -0.001304
-0.003997 -0.189156 0.000072
0.005024 -0.191537 -0.002657
0.022792 -0.191370 0.000170
0.035241 -0.190656 0.000221
0.049611 -0.190780 -0.001256
0.063794 -0.190856 0.001007
0.080012 -0.189731 0.001927
0.092000 -0.190490 0.000827
0.108133 -0.193956 -0.001475
0.121978 -0.189877 0.000232
0.137384 -0.191604 0.002742
0.150351 -0.190547 0.000506
0.164948 -0.190696 0.000173
0.180321 -0.191141 0.000773
0.194285 -0.192797 0.001455
0.209440 -0.191436 -0.000074
0.223259 -0.191144 -0.000129
0.237119 -0.191028 0.000829
0.250667 -0.191279 0.000370
0.266996 -0.189464 -0.000075
0.280607 -0.189931 -0.000504
0.296330 -0.191263 0.000022
0.308561 -0.190038 0.000167
0.322706 -0.193949 0.000322
0.337452 -0.190010 0.001326
0.353723 -0.191825 0.000265
0.366896 -0.190202 0.000387
0.383065 -0.191839 -0.001378
0.395659 -0.191221 0.000657
0.409771 -0.190510 -0.000577
0.425877 -0.192493 -0.000298
0.438622 -0.191370 -0.001049
0.453779 -0.191778 0.001001
0.466741 -0.189468 0.000151
0.483521 -0.191540 0.000930
0.494894 -0.189550 0.001011
0.511626 -0.189775 -0.000790
0.526446 -0.191370 -0.000256
0.539424 -0.190626 -0.001142
0.552804 -0.189001 0.001397
0.568105 -0.190423 -0.001474
0.582884 -0.191146 0.000298
0.598738 -0.191160 0.000599
0.612188 -0.192459 -0.000134
0.625224 -0.188779 -0.000704
0.639475 -0.192109 -0.000112
0.654694 -0.191383 -0.000866
0.668206 -0.191101 -0.000645
0.683999 -0.190068 0.000811
0.699333 -0.190575 -0.000348
0.711592 -0.190369 0.000485
0.727830 -0.189993 0.000410
0.742585 -0.189562 0.000704
0.757434 -0.191130 0.000444
0.770090 -0.190817 -0.000302
0.785959 -0.190114 0.001207
0.799068 -0.190978 0.000664
0.811957 -0.191687 -0.000694
0.827563 -0.190609 0.000710
0.841700 -0.191392 0.001480
0.855815 -0.190567 0.000464
0.870504 -0.191764 0.001116
0.885365 -0.190919 0.000974
0.898989 -0.190662 0.000433
0.913715 -0.189507 -0.000532
0.928304 -0.191397 0.001708
0.940734 -0.190921 -0.000125
0.957797 -0.190352 -0.000487
0.968936 -0.190661 -0.001323
0.985109 -0.190995 -0.000538
1.000940 -0.191272 0.000279
-1.000303 -0.174575 -0.001025
-0.985297 -0.176280 -0.000827
-0.970831 -0.176594 0.000238
-0.955554 -0.176354 -0.000841
-0.941885 -0.177334 0.000453
-0.928551 -0.177114 0.000381
-0.914481 -0.177372 0.000269
-0.899469 -0.176261 0.000049
-0.883389 -0.175662 0.001076
-0.869980 -0.176466 0.000347
-0.856807 -0.176014 0.001353
-0.842215 -0.176956 0.000151
-0.829218 -0.176105 -0.000389
-0.814105 -0.176811 -0.000004
-0.799686 -0.177108 -0.000613
-0.784458 -0.176714 -0.000209
-0.769727 -0.175809 -0.000109
-0.754837 -0.177966 -0.001079
-0.740636 -0.176714 -0.000338
-0.726449 -0.175696 0.000806
-0.712603 -0.177710 -0.000110
-0.698420 -0.175606 0.001094
-0.683450 -0.178561 0.000260
-0.669605 -0.177548 -0.001574
-0.653595 -0.176959 -0.000516
-0.638934 -0.178319 0.000146
-0.625462 -0.176796 0.000413
-0.611007 -0.176719 -0.000089
-0.597050 -0.176663 -0.000018
-0.582351 -0.176952 -0.000425
-0.570703 -0.177697 -0.001591
-0.555393 -0.177685 0.000740
-0.538376 -0.177411 0.000578
-0.524229 -0.177099 -0.000347
-0.510206 -0.174614 -0.001702
-0.495951 -0.175507 0.000423
-0.483389 -0.177301 -0.000947
-0.467074 -0.176814 0.000516
-0.453099 -0.177979 -0.001339
-0.439511 -0.177342 0.000777
-0.425242 -0.177157 0.000505
-0.410400 -0.176137 -0.000201
-0.394496 -0.176600 0.001490
-0.381171 -0.177200 -0.000953
-0.366095 -0.177631 -0.000052
-0.353466 -0.178839 0.000411
-0.337849 -0.176074 0.000561
-0.324812 -0.177779 0.000327
-0.309914 -0.176234 -0.000385
-0.295112 -0.177065 -0.001062
-0.279754 -0.177767 0.000082
-0.265774 -0.175377 -0.000448
-0.251254 -0.176116 -0.000388
-0.236597 -0.177020 0.000610
-0.222959 -0.176015 -0.000773
-0.207633 -0.176633 -0.001502
-0.194233 -0.177446 -0.000221
-0.179685 -0.175329 -0.000873
-0.166424 -0.176250 0.000960
-0.151165 -0.175789 0.001742
-0.137677 -0.176814 -0.000904
-0.122468 -0.175750 0.000139
-0.107363 -0.179749 -0.001266
-0.093118 -0.176743 0.000104
-0.079098 -0.176220 0.000605
-0.063809 -0.178707 0.000707
-0.048959 -0.176006 -0.000456
-0.035818 -0.175967 0.000720
-0.021354 -0.176302 0.000158
-0.008758 -0.178541 0.000934
0.007176 -0.177392 -0.000568
0.021639 -0.175547 0.000791
0.034608 -0.177341 -0.000760
0.053449 -0.175368 -0.000146
0.065105 -0.177325 0.000816
0.078561 -0.177211 -0.000542
0.092445 -0.174283 -0.001112
0.107976 -0.176618 0.001346
0.121460 -0.175942 0.000768
0.136567 -0.176231 0.000319
0.150987 -0.178924 0.001817
0.164463 -0.176475 0.001178
0.179143 -0.176581 0.000599
0.194133 -0.175826 -0.000741
0.209539 -0.175468 -0.000933
0.223576 -0.176142 -0.002421
0.238314 -0.175967 0.000747
0.251042 -0.175324 0.000631
0.265760 -0.175046 -0.000157
0.281035 -0.177367 0.000749
0.296220 -0.176610 -0.001366
0.310794 -0.176215 0.000128
0.323828 -0.175979 0.002436
0.338569 -0.175840 0.000898
0.353812 -0.176571 0.000853
0.366892 -0.177145 -0.000103
0.381843 -0.175919 -0.000926
0.395593 -0.176203 0.000041
0.411792 -0.176226 0.000368
0.423080 -0.178221 -0.001295
0.439107 -0.178009 0.002050
0.451913 -0.175825 -0.000371
0.466281 -0.176727 0.001381
0.481234 -0.174485 -0.000517
0.494634 -0.177942 0.001320
0.511955 -0.177594 0.001487
0.525479 -0.177808 0.000772
0.537642 -0.176695 -0.001411
0.554074 -0.177150 -0.000640
0.568686 -0.177558 0.000339
0.583252 -0.177019 -0.000676
0.596312 -0.177218 0.001312
0.614108 -0.174908 -0.000724
0.624576 -0.176782 0.000847
0.640128 -0.177220 -0.001353
0.653959 -0.177756 -0.000731
0.669215 -0.175991 0.001054
0.684169 -0.175874 0.000055
0.697514 -0.177435 0.000381
0.712832 -0.174896 -0.000517
0.725411 -0.175707 0.001005
0.741374 -0.178107 0.001027
0.755761 -0.176528 -0.000841
0.768141 -0.177225 -0.000018
0.783069 -0.177854 -0.000803
0.797330 -0.176074 0.000683
0.812763 -0.176326 -0.001539
0.827342 -0.177169 -0.000428
0.840595 -0.177975 0.001382
0.856047 -0.174616 0.000960
0.871426 -0.177831 -0.000741
0.885019 -0.176744 -0.000694
0.899971 -0.174871 0.000894
0.912379 -0.176612 0.001290
0.927407 -0.176055 -0.001294
0.941575 -0.177199 -0.000527
0.956336 -0.175599 0.000820
0.970606 -0.176564 -0.001178
0.986808 -0.177274 0.001473
0.998616 -0.177624 -0.000141
-1.000572 -0.162013 0.002754
-0.984574 -0.162089 0.000129
-0.971340 -0.161680 -0.002904
-0.954582 -0.161477 0.001206
-0.941562 -0.162821 -0.000925
-0.929112 -0.161790 -0.000196
-0.914715 -0.162459 0.001474
-0.898209 -0.161942 -0.000206
-0.884655 -0.161899 -0.000044
-0.870147 -0.163002 -0.000173
-0.855795 -0.163617 -0.002148
-0.840539 -0.163521 -0.000617
-0.828048 -0.162600 -0.000244
-0.811946 -0.161625 0.000762
-0.800074 -0.161743 0.001668
-0.783975 -0.162756 -0.001017
-0.771107 -0.163449 0.000592
-0.756235 -0.162810 0.001747
-0.739598 -0.163088 0.000451
-0.725862 -0.162127 -0.000045
-0.710131 -0.161591 -0.001666
-0.699276 -0.163012 0.000815
-0.682939 -0.162877 -0.001221
-0.669499 -0.162208 -0.000683
-0.654688 -0.161209 0.000044
-0.639639 -0.162369 0.002271
-0.625662 -0.162063 -0.002807
-0.611774 -0.162442 -0.000472
-0.596867 -0.163213 0.000993
-0.582803 -0.163569 0.000313
-0.568106 -0.162567 0.000636
-0.555200 -0.162922 0.001095
-0.539253 -0.163062 -0.000154
-0.526718 -0.162957 -0.000297
-0.510510 -0.162594 0.000679
-0.496558 -0.162740 0.000288
-0.481712 -0.162810 0.000432
-0.466565 -0.163347 -0.000828
-0.451921 -0.161066 0.000290
-0.438976 -0.161401 -0.000794
-0.424816 -0.162722 -0.001822
-0.409518 -0.162390 -0.000171
-0.396177 -0.162423 0.000120
-0.380869 -0.164410 -0.001701
-0.367705 -0.163002 0.000550
-0.351970 -0.164121 -0.000914
-0.337284 -0.163764 -0.000403
-0.323469 -0.164480 0.000307
-0.310578 -0.161427 -0.001557
-0.295471 -0.161574 0.000157
-0.279537 -0.163682 -0.000162
-0.264907 -0.161823 -0.001403
-0.251680 -0.161743 0.000363
-0.235838 -0.163714 0.000642
-0.223110 -0.162312 0.000083
-0.208697 -0.163788 0.000294
-0.195794 -0.163013 -0.000954
-0.178890 -0.162307 0.001352
-0.163849 -0.164514 -0.000977
-0.151178 -0.162736 0.000505
-0.136605 -0.163520 -0.000247
-0.123118 -0.162091 -0.001574
-0.106477 -0.162826 -0.000491
-0.094370 -0.160723 0.000717
-0.080325 -0.161649 -0.001004
-0.064888 -0.163140 -0.001072
-0.049727 -0.162667 -0.000408
-0.035441 -0.162249 0.000772
-0.023412 -0.161529 0.000894
-0.006728 -0.163385 0.000542
0.006188 -0.162077 0.000654
0.020397 -0.160836 0.000261
0.037738 -0.162972 -0.000124
0.052044 -0.164620 -0.001754
0.063702 -0.162336 -0.000724
0.078513 -0.163349 0.000166
0.093632 -0.162856 0.002258
0.107768 -0.161352 -0.000492
0.120469 -0.163761 -0.000382
0.137283 -0.162162 -0.001036
0.151558 -0.163531 -0.001881
0.163967 -0.160901 -0.000131
0.179101 -0.161583 -0.000505
0.193791 -0.162914 0.000524
0.208041 -0.162936 -0.000592
0.224939 -0.163587 0.000598
0.237720 -0.162780 0.000480
0.254317 -0.162327 -0.000045
0.265807 -0.162239 -0.000524
0.280827 -0.164322 -0.000556
0.294948 -0.162079 0.000135
0.308329 -0.163073 0.000000
0.325396 -0.163152 0.002144
0.338260 -0.161743 -0.000583
0.352189 -0.161067 -0.001321
0.367102 -0.162483 0.000010
0.378955 -0.162116 -0.000329
0.393943 -0.163756 -0.001337
0.410743 -0.161478 -0.001531
0.425044 -0.163857 0.000313
0.438867 -0.163987 -0.000414
0.452086 -0.163618 0.000399
0.467959 -0.164084 -0.000775
0.480469 -0.161930 -0.001183
0.496250 -0.160166 -0.001442
0.511624 -0.164329 -0.000914
0.525004 -0.162867 0.000359
0.540016 -0.163027 -0.000516
0.553941 -0.163931 0.001391
0.567693 -0.161977 -0.000300
0.583681 -0.162117 0.000018
0.597374 -0.161540 0.000237
0.610394 -0.162284 -0.000765
0.627213 -0.162648 0.000612
0.639531 -0.162860 -0.000314
0.653652 -0.163087 -0.001056
0.668626 -0.163545 -0.000214
0.683606 -0.164014 0.001599
0.698339 -0.162154 0.000416
0.712110 -0.162442 -0.000519
0.725752 -0.162886 0.001174
0.740254 -0.162241 -0.000018
0.756036 -0.161303 -0.000596
0.770244 -0.162328 0.000780
0.786380 -0.162795 -0.000125
0.798722 -0.165302 0.000159
0.814245 -0.161360 0.001299
0.827660 -0.163256 -0.000137
0.841941 -0.163534 -0.001350
0.856575 -0.162027 -0.000545
0.870082 -0.162423 -0.000703
0.885864 -0.161910 0.002584
0.897086 -0.160794 -0.001426
0.912051 -0.162152 -0.000006
0.928585 -0.163133 0.000187
0.942855 -0.161717 -0.000653
0.957285 -0.162804 0.001438
0.972230 -0.162548 -0.000938
0.986734 -0.162360 -0.001072
0.999170 -0.162958 -0.000003
-0.999932 -0.148269 -0.000625
-0.983891 -0.148842 0.000443
-0.970872 -0.146829 -0.000492
-0.956730 -0.148375 0.001555
-0.941910 -0.149121 -0.001501
-0.928416 -0.147240 -0.000550
-0.913408 -0.149139 0.000577
-0.898482 -0.149495 0.000415
-0.884340 -0.149553 0.000409
-0.869845 -0.148127 0.000434
-0.855734 -0.148267 -0.000629
-0.841091 -0.149231 0.001718
-0.827889 -0.147641 0.000024
-0.813736 -0.148530 -0.000619
-0.798376 -0.147566 0.001301
-0.784380 -0.148261 0.000190
-0.769762 -0.148980 -0.000135
-0.755790 -0.148173 0.000790
-0.740893 -0.148655 -0.000543
-0.726124 -0.149514 -0.001282
-0.711519 -0.147164 0.001712
-0.697499 -0.150496 0.000633
-0.685203 -0.148552 0.001333
-0.668186 -0.148863 0.000469
-0.655199 -0.148848 -0.000148
-0.640400 -0.148668 -0.001773
-0.624607 -0.147328 0.000046
-0.609653 -0.149781 -0.000150
-0.596983 -0.148991 -0.001442
-0.582360 -0.149117 0.000405
-0.568064 -0.148747 0.000054
-0.552865 -0.149471 -0.001355
-0.538859 -0.148704 0.001036
-0.524963 -0.149142 -0.000333
-0.511192 -0.148583 0.001146
-0.497070 -0.148380 0.000678
-0.481144 -0.148842 0.000071
-0.468803 -0.150142 -0.000496
-0.453671 -0.150119 0.002064
-0.438223 -0.148906 0.001421
-0.425339 -0.148180 0.000264
-0.409660 -0.147663 0.000940
-0.396414 -0.145442 0.001120
-0.381814 -0.146638 0.000474
-0.366269 -0.147817 0.001123
-0.353923 -0.149563 0.000211
-0.338342 -0.147870 -0.001429
-0.324099 -0.149010 -0.001725
-0.307339 -0.149106 -0.001314
-0.291913 -0.148781 -0.000386
-0.281690 -0.147905 0.001188
-0.265844 -0.148938 -0.002058
-0.251519 -0.149516 0.000151
-0.236241 -0.147905 0.001970
-0.223191 -0.149095 0.001040
-0.210014 -0.148254 -0.000255
-0.194652 -0.147371 -0.001045
-0.180343 -0.148192 0.001380
-0.164822 -0.148133 -0.001264
-0.150833 -0.148228 -0.000663
-0.137773 -0.148604 -0.000407
-0.123847 -0.147240 0.001057
-0.107802 -0.148734 -0.000629
-0.094308 -0.148999 -0.002107
-0.078300 -0.148497 0.001090
-0.064272 -0.148333 0.000451
-0.049995 -0.149469 0.002193
-0.036946 -0.148784 0.000737
-0.020717 -0.149610 0.000331
-0.006296 -0.148151 -0.000429
0.010257 -0.148540 0.000044
0.020646 -0.147609 -0.000651
0.037018 -0.149169 -0.000269
0.051996 -0.148984 -0.000272
0.065263 -0.147938 0.000424
0.078132 -0.148000 -0.000452
0.093130 -0.148623 0.001641
0.106384 -0.148563 0.000635
0.122015 -0.150298 -0.000018
0.136009 -0.147938 0.000780
0.152054 -0.146381 -0.000091
0.165046 -0.149231 0.000201
0.180656 -0.148460 0.001226
0.195821 -0.146605 0.001281
0.208427 -0.149778 -0.000774
0.223255 -0.148359 0.002136
0.237413 -0.148637 0.000032
0.252263 -0.149133 0.001408
0.267122 -0.148543 0.000843
0.281321 -0.149342 -0.000048
0.293995 -0.146440 -0.000129
0.309148 -0.150210 0.001320
0.324123 -0.149905 -0.000030
0.337381 -0.149913 0.001001
0.353178 -0.148699 -0.002447
0.367857 -0.148303 0.002217
0.381640 -0.146389 0.000017
0.397476 -0.149355 0.000675
0.409877 -0.148530 0.000831
0.424660 -0.148359 -0.001515
0.437792 -0.149542 -0.000490
0.453979 -0.148227 0.000934
0.466155 -0.147845 0.000691
0.481996 -0.148885 -0.000085
0.496543 -0.149461 -0.000236
0.509738 -0.149845 0.000473
0.524786 -0.147369 -0.000397
0.538824 -0.148571 0.001512
0.554673 -0.149174 0.000118
0.568028 -0.146251 0.000031
0.582511 -0.146705 -0.000344
0.597346 -0.148736 0.000163
0.612404 -0.147575 -0.000566
0.625148 -0.148618 -0.000360
0.639050 -0.148981 0.000696
0.655481 -0.149768 -0.000302
0.668428 -0.149712 -0.000058
0.683059 -0.148854 0.000521
0.697703 -0.148719 -0.000455
0.709973 -0.147940 -0.000782
0.726135 -0.149584 -0.000771
0.740786 -0.148120 -0.000117
0.755775 -0.148346 0.000823
0.769811 -0.149183 -0.001293
0.786243 -0.148360 -0.000350
0.797803 -0.150033 0.000202
0.812943 -0.148061 0.001103
0.827702 -0.147249 0.000490
0.841192 -0.148104 0.001557
0.857117 -0.148417 0.001556
0.871958 -0.148511 -0.000357
0.885460 -0.147872 -0.000398
0.901356 -0.148280 0.000142
0.914356 -0.148526 0.000586
0.928074 -0.147389 0.000807
0.939816 -0.148777 -0.000695
0.957541 -0.148607 -0.000550
0.973355 -0.147518 0.000899
0.986255 -0.149952 -0.001457
1.000100 -0.150359 0.000156
-1.000248 -0.134983 0.000431
-0.984344 -0.133385 0.001278
-0.971818 -0.134604 -0.000807
-0.958359 -0.133489 0.001585
-0.942866 -0.133594 0.000866
-0.928344 -0.135934 -0.002004
-0.913455 -0.134594 -0.000923
-0.899522 -0.134061 -0.000102
-0.885943 -0.134728 0.001158
-0.868784 -0.134853 -0.001701
-0.855751 -0.135122 0.000881
-0.840080 -0.134258 0.000291
-0.827261 -0.134857 0.000048
-0.813149 -0.135504 -0.000177
-0.797996 -0.134164 -0.000495
-0.783716 -0.134828 -0.000810
-0.770054 -0.135296 -0.000543
-0.755536 -0.133553 -0.000397
-0.740510 -0.134030 -0.001430
-0.724786 -0.133755 -0.001721
-0.711308 -0.135023 -0.000112
-0.699165 -0.134415 -0.001620
-0.682993 -0.135076 -0.000730
-0.668046 -0.132944 -0.000341
-0.655264 -0.134468 0.000050
-0.640766 -0.134036 0.000251
-0.625050 -0.133021 -0.000785
-0.611500 -0.135621 0.000629
-0.596593 -0.134665 -0.000135
-0.581570 -0.134910 0.000876
-0.568173 -0.134240 0.000876
-0.552225 -0.134833 -0.000767
-0.540213 -0.135054 0.000415
-0.525444 -0.134774 0.000998
-0.510868 -0.133913 0.002815
-0.497346 -0.134365 -0.000647
-0.481605 -0.134231 0.002511
-0.466814 -0.134524 0.000127
-0.452732 -0.134045 -0.001681
-0.438795 -0.134537 -0.000389
-0.424423 -0.133919 0.000161
-0.409778 -0.134733 0.000911
-0.394875 -0.135145 0.000182
-0.380344 -0.135467 0.001206
-0.367514 -0.133611 0.000812
-0.352343 -0.135142 0.000056
-0.339453 -0.134434 0.000761
-0.323755 -0.133410 0.000931
-0.310983 -0.134091 -0.000043
-0.296475 -0.134151 0.000602
-0.278788 -0.135307 0.001136
-0.266396 -0.135166 -0.000717
-0.251679 -0.133262 0.001078
-0.235783 -0.136641 -0.001813
-0.223529 -0.132750 -0.000843
-0.208218 -0.134288 0.000086
-0.194223 -0.134227 0.000375
-0.181538 -0.133711 -0.000651
-0.165128 -0.134947 0.001453
-0.150985 -0.133929 0.001208
-0.136373 -0.134203 -0.000783
-0.122531 -0.135332 -0.001237
-0.106517 -0.133400 0.001663
-0.093256 -0.134275 0.002023
-0.078959 -0.135136 0.001557
-0.064635 -0.133530 -0.000339
-0.048234 -0.135007 0.000473
-0.036036 -0.133960 -0.001464
-0.021168 -0.134199 -0.001873
-0.006696 -0.134123 -0.001339
0.006183 -0.136691 0.002969
0.021493 -0.132833 -0.000042
0.035827 -0.134899 0.001177
0.049433 -0.133615 0.000461
0.064047 -0.134951 0.001518
0.079399 -0.134175 -0.001299
0.095325 -0.135410 -0.001136
0.107838 -0.133581 -0.001126
0.121335 -0.135323 0.001816
0.137131 -0.136255 0.000080
0.150700 -0.134565 0.001756
0.164002 -0.135844 0.000702
0.176845 -0.136135 -0.000748
0.195039 -0.135748 0.001487
0.209585 -0.134455 -0.001108
0.223062 -0.133761 -0.000012
0.237335 -0.134067 0.000418
0.251606 -0.133906 0.000521
0.267562 -0.135294 -0.000191
0.280763 -0.134142 -0.001474
0.295250 -0.133159 -0.002335
0.308788 -0.135030 -0.000602
0.323166 -0.133809 -0.000674
0.338702 -0.133976 0.000371
0.351042 -0.133260 -0.002309
0.364755 -0.134025 -0.001937
0.381035 -0.134355 -0.000157
0.396733 -0.135037 -0.000167
0.410331 -0.136171 -0.001134
0.425205 -0.133608 -0.000199
0.436890 -0.133854 -0.001436
0.453533 -0.134060 0.000116
0.467350 -0.135705 0.000088
0.482185 -0.133875 -0.001101
0.495819 -0.133293 0.000086
0.511894 -0.133148 0.000720
0.526920 -0.133815 0.001831
0.538600 -0.134751 0.000068
0.553693 -0.133627 -0.000842
0.568709 -0.133478 -0.001715
0.581410 -0.132631 -0.000405
0.597086 -0.134134 0.000857
0.612191 -0.135330 -0.000492
0.624409 -0.133609 -0.000376
0.640095 -0.135255 -0.000381
0.656030 -0.134098 -0.001346
0.669226 -0.133370 0.000388
0.681671 -0.132986 0.001403
0.697025 -0.133059 0.000022
0.711925 -0.133151 -0.000160
0.726266 -0.134894 -0.000324
0.741896 -0.133218 -0.001503
0.754809 -0.134415 -0.000863
0.769720 -0.134809 -0.000953
0.785148 -0.134493 -0.000845
0.797544 -0.134056 0.000214
0.811650 -0.132713 -0.001546
0.827177 -0.133345 0.000319
0.840867 -0.136483 -0.000776
0.857116 -0.134858 0.000641
0.871715 -0.132920 0.001395
0.885556 -0.134987 0.000403
0.898722 -0.134624 0.001182
0.914139 -0.134480 -0.001418
0.926546 -0.134703 0.000413
0.942167 -0.134148 0.000044
0.959083 -0.135320 -0.000286
0.970828 -0.135044 -0.001177
0.984648 -0.132640 -0.000005
0.999966 -0.134558 -0.001234
-1.000442 -0.121297 -0.000616
-0.985441 -0.119418 0.002131
-0.970844 -0.119827 -0.000092
-0.955887 -0.120022 -0.000781
-0.943574 -0.120586 -0.000555
-0.928996 -0.120589 -0.000353
-0.912927 -0.122176 0.000335
-0.898295 -0.120187 -0.000913
-0.885108 -0.117776 0.000279
-0.871935 -0.120364 0.000928
-0.855564 -0.119131 0.001549
-0.842547 -0.119227 0.000030
-0.830959 -0.121955 0.001305
-0.811126 -0.119787 0.000178
-0.798003 -0.119877 0.000792
-0.785004 -0.120626 0.000497
-0.771226 -0.120514 0.000175
-0.755452 -0.121283 0.000565
-0.740570 -0.121057 -0.000885
-0.728098 -0.120918 -0.001070
-0.712513 -0.118186 -0.000822
-0.698146 -0.118710 -0.000323
-0.684838 -0.120726 -0.002088
-0.667523 -0.119729 0.001006
-0.655845 -0.120971 -0.001145
-0.640967 -0.121033 0.001091
-0.624793 -0.121766 0.001990
-0.611468 -0.120135 0.001377
-0.595564 -0.119132 -0.000615
-0.582520 -0.119875 -0.000431
-0.567241 -0.118589 0.001224
-0.553825 -0.118747 -0.000025
-0.540463 -0.118610 0.001156
-0.526032 -0.121317 0.000096
-0.512243 -0.120674 -0.000771
-0.497153 -0.120170 -0.000218
-0.482913 -0.118790 -0.000235
-0.468776 -0.120519 0.000659
-0.452459 -0.118824 0.000529
-0.438178 -0.120866 -0.001237
-0.423125 -0.120167 -0.001217
-0.408429 -0.120474 -0.000799
-0.396510 -0.118012 -0.001683
-0.381928 -0.121187 -0.001101
-0.366565 -0.119848 -0.001038
-0.352933 -0.122556 -0.001016
-0.336989 -0.120378 0.000124
-0.323906 -0.120533 -0.000116
-0.309058 -0.118650 -0.000712
-0.295025 -0.120226 -0.000532
-0.281237 -0.119728 0.001901
-0.267136 -0.119160 -0.000033
-0.251523 -0.121745 0.000596
-0.237564 -0.119265 -0.000050
-0.222773 -0.120135 -0.001064
-0.206276 -0.120794 0.000677
-0.193693 -0.119101 0.000138
-0.180570 -0.119599 -0.000461
-0.163811 -0.118921 0.001689
-0.151242 -0.120588 -0.000282
-0.135212 -0.117631 0.000453
-0.122314 -0.120759 0.000506
-0.107851 -0.119375 0.000680
-0.092850 -0.122160 -0.002172
-0.081748 -0.120221 -0.000371
-0.064619 -0.119716 -0.001442
-0.049755 -0.119167 0.000228
-0.035246 -0.120508 0.001054
-0.020700 -0.117869 0.002179
-0.007826 -0.121031 -0.000048
0.005999 -0.119633 -0.000568
0.019788 -0.119789 0.000178
0.037430 -0.118362 0.000444
0.050707 -0.119535 0.000357
0.064702 -0.121198 0.000536
0.079336 -0.118899 0.000687
0.093258 -0.119575 0.001121
0.107420 -0.120648 -0.000418
0.122806 -0.119725 -0.001116
0.135673 -0.122371 -0.000476
0.152382 -0.118409 0.000191
0.164667 -0.122004 0.000608
0.180953 -0.120992 -0.000140
0.193675 -0.120064 0.000706
0.208730 -0.121018 -0.000512
0.223382 -0.119706 0.000687
0.236566 -0.122359 -0.000155
0.252610 -0.120463 0.000131
0.266103 -0.120407 0.001428
0.279634 -0.118435 0.001691
0.293537 -0.120535 0.000507
0.310780 -0.120052 0.000235
0.324084 -0.119630 0.000019
0.335951 -0.121293 -0.000801
0.352943 -0.117643 0.001565
0.367687 -0.118787 -0.000216
0.380565 -0.119634 0.000131
0.394666 -0.119912 -0.000958
0.409856 -0.119779 -0.001017
0.425391 -0.119811 0.000739
0.439516 -0.118513 0.000351
0.453616 -0.119162 0.001057
0.467445 -0.118458 -0.001852
0.481530 -0.119540 0.000441
0.497035 -0.119063 -0.000051
0.510244 -0.119185 -0.000726
0.525746 -0.119536 0.000646
0.538844 -0.121237 -0.000694
0.552553 -0.118638 0.000291
0.566571 -0.120909 0.000256
0.582548 -0.119660 -0.000440
0.595397 -0.119874 0.000249
0.612124 -0.122414 -0.000226
0.624527 -0.119875 0.000010
0.640981 -0.121664 -0.001049
0.655416 -0.120120 0.000787
0.669564 -0.119893 0.000262
0.684169 -0.121199 -0.000067
0.696897 -0.119988 0.001255
0.711121 -0.119205 0.000806
0.726008 -0.119786 -0.001468
0.741157 -0.121166 0.002325
0.754799 -0.119823 0.000168
0.770968 -0.120373 0.001165
0.783159 -0.120766 0.000807
0.800133 -0.121432 -0.000293
0.812229 -0.118865 0.001405
0.827942 -0.118022 -0.000454
0.839239 -0.119304 -0.001530
0.855180 -0.120947 -0.000278
0.870092 -0.120088 0.000117
0.885873 -0.120180 -0.001495
0.901114 -0.119914 0.001075
0.914158 -0.121633 -0.000152
0.927341 -0.118138 0.001248
0.941621 -0.121255 0.001565
0.955935 -0.119610 0.000852
0.970653 -0.119448 -0.000371
0.985497 -0.121123 0.000194
1.000033 -0.119934 -0.000402
-0.998701 -0.105581 0.000950
-0.985639 -0.105613 -0.000577
-0.970070 -0.106230 0.000619
-0.957202 -0.105244 0.000223
-0.942693 -0.104714 0.001679
-0.928421 -0.105547 -0.000028
-0.913076 -0.106172 -0.000202
-0.898041 -0.105720 0.000239
-0.884058 -0.106215 -0.000773
-0.870910 -0.106117 -0.002075
-0.856842 -0.104966 0.000323
-0.841750 -0.107198 0.000142
-0.827228 -0.105173 0.000559
-0.812221 -0.105036 -0.000644
-0.797536 -0.104248 0.000211
-0.782682 -0.107681 0.000988
-0.770581 -0.106013 0.000923
-0.756570 -0.106207 -0.000498
-0.740682 -0.105692 0.000593
-0.725841 -0.106002 -0.002123
-0.712000 -0.105478 0.000746
-0.699527 -0.105949 0.001047
-0.684952 -0.106770 -0.000860
-0.666632 -0.105634 -0.001532
-0.652304 -0.105699 0.000816
-0.638636 -0.103746 0.001282
-0.624700 -0.106322 0.000454
-0.612855 -0.106767 0.000441
-0.595948 -0.106317 0.000440
-0.582839 -0.106201 0.001070
-0.567238 -0.106730 -0.000294
-0.554381 -0.106335 -0.000969
-0.540772 -0.106336 0.001680
-0.524053 -0.104708 -0.001529
-0.510677 -0.105789 -0.001592
-0.496384 -0.106173 -0.001081
-0.481854 -0.105223 -0.000733
-0.468309 -0.107663 0.000472
-0.453235 -0.106294 0.000172
-0.439197 -0.106484 0.000471
-0.424839 -0.107098 -0.000586
-0.410797 -0.104908 0.000914
-0.395845 -0.105445 0.001218
-0.381896 -0.105144 -0.000572
-0.366573 -0.103753 0.000022
-0.353329 -0.107517 -0.000907
-0.338158 -0.105231 0.001187
-0.323795 -0.106869 -0.000141
-0.309468 -0.105257 0.001034
-0.294678 -0.106595 -0.001490
-0.281251 -0.106140 0.000326
-0.265767 -0.106017 -0.000030
-0.251293 -0.107253 -0.000368
-0.236192 -0.105769 -0.001425
-0.222686 -0.105861 -0.001362
-0.208099 -0.104455 -0.000725
-0.194576 -0.105027 0.001534
-0.181782 -0.105969 -0.000189
-0.165414 -0.104298 0.001114
-0.153086 -0.107128 -0.000461
-0.134461 -0.106541 -0.001382
-0.120543 -0.104775 0.000929
-0.108079 -0.103984 -0.000719
-0.092847 -0.105647 -0.000130
-0.080013 -0.105321 -0.000392
-0.068108 -0.106375 -0.000982
-0.049081 -0.105666 -0.000480
-0.034540 -0.106121 0.001621
-0.020722 -0.106003 0.000111
-0.005514 -0.106969 -0.000017
0.006118 -0.106920 -0.000563
0.022731 -0.107199 0.000029
0.037299 -0.104628 0.000775
0.052652 -0.106717 -0.000313
0.063565 -0.106736 0.000065
0.077242 -0.104973 0.000238
0.093214 -0.104290 -0.000138
0.107551 -0.107604 0.000260
0.123950 -0.106254 0.000568
0.136035 -0.105606 0.001486
0.148850 -0.107303 -0.001389
0.166300 -0.106131 0.000800
0.180001 -0.107975 -0.001254
0.193567 -0.106061 -0.000339
0.208984 -0.105295 -0.001277
0.222826 -0.106410 -0.000842
0.237719 -0.105859 -0.000954
0.251619 -0.105878 0.000092
0.267749 -0.105859 -0.001045
0.279770 -0.105904 -0.001089
0.296208 -0.107394 -0.000029
0.310623 -0.106666 -0.001540
0.323168 -0.105738 0.000079
0.338577 -0.106457 -0.000935
0.353168 -0.105263 -0.000910
0.368716 -0.106552 -0.000388
0.380961 -0.105458 -0.000111
0.393858 -0.106627 0.000174
0.411706 -0.106374 -0.000534
0.423231 -0.106047 -0.000581
0.439100 -0.105164 -0.000388
0.452087 -0.106318 -0.000154
0.468377 -0.106863 0.000288
0.483230 -0.104798 -0.000642
0.496734 -0.106132 -0.001141
0.509566 -0.105671 0.000121
0.526050 -0.105655 0.000239
0.539451 -0.106812 0.000549
0.553310 -0.105259 -0.001021
0.566797 -0.104212 0.000546
0.584282 -0.104049 -0.001130
0.597290 -0.106204 -0.001489
0.611651 -0.104742 -0.001207
0.626000 -0.106411 -0.001043
0.640349 -0.107006 0.000688
0.652913 -0.105097 0.000354
0.668861 -0.107002 -0.000297
0.682594 -0.107290 0.000417
0.696629 -0.107131 -0.000219
0.712214 -0.105904 0.001044
0.725862 -0.106403 0.000396
0.741008 -0.107833 -0.000906
0.755106 -0.106628 -0.000141
0.769812 -0.106144 0.000467
0.784330 -0.106890 -0.000372
0.799557 -0.105214 0.001163
0.811448 -0.105145 -0.001060
0.827906 -0.106602 -0.000263
0.844520 -0.105326 -0.000378
0.856569 -0.106388 -0.000909
0.869969 -0.105179 0.001539
0.886364 -0.104583 0.000444
0.900650 -0.105324 0.000701
0.910994 -0.105679 -0.000035
0.927567 -0.106999 -0.000423
0.943745 -0.104865 0.001242
0.958024 -0.106881 0.000634
0.971187 -0.106030 0.000772
0.986197 -0.105531 0.000060
1.001594 -0.105778 -0.000278
-1.000759 -0.091183 0.000416
-0.984320 -0.091241 -0.000756
-0.970764 -0.089869 0.000290
-0.958002 -0.091983 -0.000352
-0.942010 -0.090230 0.001008
-0.928581 -0.091780 0.001044
-0.912447 -0.090973 -0.001704
-0.897789 -0.092129 -0.000769
-0.883818 -0.094372 -0.000114
-0.870661 -0.092571 0.000415
-0.856226 -0.092399 -0.000130
-0.841922 -0.092203 0.000622
-0.828092 -0.092122 0.000730
-0.814273 -0.092525 -0.001312
-0.799230 -0.091267 0.002169
-0.783388 -0.091780 0.000391
-0.771458 -0.092083 -0.000573
-0.755545 -0.092252 -0.001043
-0.741774 -0.091056 0.000978
-0.723640 -0.093518 0.000972
-0.712019 -0.091950 -0.000596
-0.697711 -0.093151 0.001438
-0.682764 -0.092449 -0.001619
-0.668782 -0.091923 0.001817
-0.654344 -0.092204 -0.000893
-0.639169 -0.091762 0.000458
-0.626463 -0.091801 -0.000915
-0.611065 -0.092814 0.001029
-0.597351 -0.092210 -0.000341
-0.580179 -0.092025 0.002243
-0.567487 -0.090037 0.000029
-0.553963 -0.093224 0.000783
-0.540674 -0.091335 -0.000714
-0.526552 -0.090890 0.000714
-0.510455 -0.090908 -0.000342
-0.496282 -0.092469 0.003385
-0.480879 -0.091226 0.000402
-0.468887 -0.092186 0.000344
-0.453522 -0.093291 0.002703
-0.438787 -0.092404 -0.000902
-0.424107 -0.092536 -0.000533
-0.409152 -0.093414 -0.000358
-0.394350 -0.092764 0.000964
-0.381703 -0.089233 -0.000194
-0.367230 -0.092396 -0.001091
-0.352302 -0.093414 0.000593
-0.337308 -0.093087 0.000202
-0.323551 -0.091373 0.000563
-0.310138 -0.092178 0.002143
-0.296434 -0.090774 -0.000646
-0.281092 -0.091535 -0.001738
-0.268152 -0.092028 -0.000288
-0.252062 -0.092031 0.000223
-0.237527 -0.090934 0.001494
-0.223389 -0.092534 0.000329
-0.208725 -0.093388 -0.000521
-0.193657 -0.092838 0.000965
-0.178593 -0.091207 0.000508
-0.165202 -0.093529 -0.000197
-0.149851 -0.093511 -0.000244
-0.135743 -0.092110 -0.000662
-0.123375 -0.091288 -0.000379
-0.108516 -0.093004 -0.000554
-0.093573 -0.094253 -0.000099
-0.078493 -0.090785 0.001501
-0.065830 -0.089877 -0.001110
-0.049885 -0.089254 -0.000133
-0.036797 -0.092257 0.000663
-0.022078 -0.092184 -0.000521
-0.006333 -0.091191 0.000480
0.009157 -0.093805 -0.000003
0.020390 -0.090644 -0.000774
0.038249 -0.090882 0.001077
0.050720 -0.093029 0.000095
0.063814 -0.091566 0.000814
0.079428 -0.092160 -0.001434
0.092903 -0.089832 -0.000963
0.107760 -0.091882 -0.000204
0.122674 -0.092934 0.000100
0.136740 -0.093324 0.000127
0.150107 -0.090542 -0.000447
0.164142 -0.090729 -0.000362
0.182541 -0.090938 0.000981
0.194312 -0.092885 0.000132
0.207662 -0.092545 -0.001051
0.221402 -0.092611 0.001189
0.239275 -0.092734 0.000867
0.251901 -0.091705 0.001134
0.266591 -0.090979 0.000276
0.280565 -0.090615 0.000165
0.295042 -0.091220 0.001061
0.309648 -0.092136 0.000726
0.321982 -0.093785 -0.001011
0.340217 -0.092680 -0.001567
0.352645 -0.091353 0.000858
0.366354 -0.092962 0.000283
0.381665 -0.090611 -0.001950
0.394378 -0.093253 -0.000734
0.409503 -0.091991 -0.000399
0.423851 -0.090850 0.001379
0.437865 -0.091499 0.000895
0.452511 -0.093020 0.000380
0.467113 -0.092798 0.001332
0.484141 -0.090297 0.001008
0.497630 -0.094053 0.000662
0.509186 -0.092407 0.000911
0.523535 -0.091679 -0.000765
0.541571 -0.093169 -0.000507
0.554228 -0.091759 0.000472
0.566314 -0.091737 -0.000402
0.583346 -0.092018 0.000789
0.598400 -0.090495 0.000957
0.611314 -0.091087 -0.000200
0.625820 -0.091190 0.003103
0.638930 -0.091188 0.000630
0.654007 -0.092262 -0.000708
0.668489 -0.092331 -0.000579
0.683324 -0.092629 0.000639
0.698025 -0.091048 -0.001049
0.711305 -0.092120 0.000151
0.724531 -0.093607 -0.000145
0.740740 -0.091382 0.000890
0.754867 -0.092468 0.000282
0.769779 -0.091217 -0.000879
0.784104 -0.092541 -0.000905
0.798074 -0.090938 -0.001852
0.812440 -0.092706 -0.000444
0.829275 -0.093008 0.000097
0.842199 -0.090850 0.000728
0.856475 -0.090728 0.000306
0.870730 -0.091611 0.000622
0.887430 -0.091448 -0.000635
0.898761 -0.091562 -0.001262
0.914249 -0.091520 0.000436
0.928090 -0.092870 0.000023
0.942919 -0.091862 0.000528
0.956978 -0.092494 0.000494
0.969515 -0.092030 0.000935
0.984641 -0.092303 0.000034
1.000338 -0.092635 0.001134
-0.998801 -0.078016 -0.000084
-0.983461 -0.077737 -0.001309
-0.971746 -0.079631 -0.000668
-0.956373 -0.076763 -0.000053
-0.942736 -0.076666 0.000695
-0.927060 -0.079287 0.000415
-0.915827 -0.078113 -0.001222
-0.900919 -0.077658 -0.000181
-0.885352 -0.077722 0.000374
-0.869618 -0.078108 -0.000532
-0.855331 -0.077887 -0.000040
-0.842674 -0.079662 -0.000484
-0.826555 -0.076768 0.000095
-0.813286 -0.078644 -0.001003
-0.799245 -0.077979 0.000786
-0.783409 -0.077092 0.000548
-0.769378 -0.080034 0.002321
-0.754041 -0.077656 0.001734
-0.739436 -0.078519 -0.000121
-0.727617 -0.077309 -0.000649
-0.710849 -0.077229 0.000207
-0.697442 -0.077346 0.001167
-0.684038 -0.078208 -0.000503
-0.670534 -0.077747 -0.001192
-0.654890 -0.077586 -0.000928
-0.640589 -0.079034 -0.000661
-0.626059 -0.077977 -0.000855
-0.610983 -0.078587 -0.001299
-0.596814 -0.078663 0.001278
-0.584093 -0.077582 -0.001339
-0.567744 -0.078128 0.000587
-0.554996 -0.075947 0.000248
-0.540255 -0.076673 0.000542
-0.524644 -0.077193 0.000797
-0.511074 -0.079036 0.001337
-0.495692 -0.075252 -0.000782
-0.483862 -0.078285 0.001042
-0.466574 -0.079347 -0.001847
-0.453570 -0.077809 -0.000942
-0.438706 -0.077180 -0.001109
-0.424216 -0.077638 -0.000153
-0.409094 -0.076333 0.000402
-0.394123 -0.077720 -0.000926
-0.380209 -0.076556 0.000713
-0.366975 -0.076798 -0.000602
-0.352009 -0.078082 0.000261
-0.338084 -0.076133 -0.000155
-0.323817 -0.079041 -0.001790
-0.311287 -0.078442 -0.000730
-0.295927 -0.077876 -0.000794
-0.281131 -0.078974 -0.000057
-0.265755 -0.078584 -0.000006
-0.253527 -0.077508 0.000287
-0.238796 -0.078250 0.000834
-0.222351 -0.080014 0.001784
-0.209202 -0.076416 0.000284
-0.192787 -0.079077 -0.000811
-0.180672 -0.078808 0.000304
-0.165962 -0.077611 -0.000648
-0.151639 -0.076475 0.000208
-0.136155 -0.079740 -0.000050
-0.122474 -0.078652 -0.000293
-0.107963 -0.077704 0.000621
-0.093930 -0.075364 -0.000647
-0.079777 -0.077905 0.000050
-0.063036 -0.077600 -0.000524
-0.049104 -0.076988 -0.001225
-0.036778 -0.078764 -0.000046
-0.021814 -0.078892 -0.000184
-0.006858 -0.078124 -0.000553
0.007214 -0.078332 0.002017
0.022946 -0.077740 0.001075
0.036490 -0.074869 0.000808
0.050507 -0.077583 -0.001510
0.064422 -0.077655 0.000370
0.079143 -0.076835 -0.001018
0.093441 -0.078531 0.000571
0.108253 -0.079399 -0.001616
0.122457 -0.078887 0.000010
0.137276 -0.078081 -0.000053
0.150805 -0.078600 0.000350
0.167290 -0.076831 0.000795
0.179252 -0.078766 -0.000670
0.194041 -0.078295 -0.000786
0.209375 -0.076439 -0.001414
0.225222 -0.076480 0.001002
0.237181 -0.077596 0.000739
0.251195 -0.078119 -0.000004
0.266082 -0.077350 0.001540
0.279302 -0.078123 0.000876
0.293653 -0.077592 0.000984
0.310378 -0.077397 -0.001502
0.322498 -0.076748 -0.001885
0.338220 -0.077344 -0.001553
0.351764 -0.079295 -0.000704
0.366614 -0.077486 -0.000629
0.382265 -0.078049 -0.001101
0.395668 -0.078588 -0.000822
0.410957 -0.078174 0.000178
0.422718 -0.076248 -0.001167
0.436233 -0.077388 0.000632
0.453737 -0.078204 0.001959
0.467599 -0.076893 0.001094
0.483083 -0.077921 -0.000139
0.496704 -0.076275 0.000065
0.511304 -0.077036 0.000567
0.525794 -0.077013 0.002333
0.538498 -0.076137 -0.000153
0.552716 -0.076371 0.001092
0.567996 -0.076899 0.000508
0.583225 -0.076955 0.000462
0.594774 -0.079739 -0.001733
0.612430 -0.079179 -0.000493
0.626875 -0.077706 -0.001253
0.639905 -0.076573 -0.000299
0.654992 -0.076442 -0.001711
0.670870 -0.078193 -0.000854
0.682048 -0.076331 0.001530
0.696527 -0.077930 -0.000887
0.713285 -0.076790 0.000082
0.726281 -0.077928 -0.000500
0.742442 -0.077328 0.000907
0.754743 -0.077265 0.000741
0.768954 -0.077045 0.000724
0.781928 -0.077479 0.000634
0.799830 -0.078118 -0.001092
0.813310 -0.077028 -0.000884
0.826290 -0.077177 0.001955
0.841512 -0.079286 0.000986
0.856315 -0.078149 0.000559
0.872291 -0.077519 -0.000026
0.884375 -0.077385 -0.000205
0.897640 -0.077657 -0.000725
0.915885 -0.078130 0.000185
0.928013 -0.076684 -0.000085
0.943613 -0.077853 0.000898
0.956809 -0.078547 -0.000804
0.970318 -0.079891 0.000380
0.985393 -0.077674 0.000698
1.000239 -0.078128 0.001006
-1.000458 -0.063473 -0.000903
-0.986893 -0.063262 0.000168
-0.971318 -0.064214 0.000099
-0.958306 -0.066010 -0.000398
-0.942616 -0.065600 0.000486
-0.929031 -0.064781 0.000032
-0.912856 -0.065692 0.001347
-0.898960 -0.065005 -0.000592
-0.883857 -0.060674 0.000607
-0.869914 -0.065457 0.000873
-0.856652 -0.062043 -0.000883
-0.843494 -0.063983 -0.000013
-0.826751 -0.062898 -0.000021
-0.814016 -0.063442 0.000937
-0.798283 -0.066170 0.002491
-0.783944 -0.063569 -0.000051
-0.769306 -0.062904 0.001785
-0.756502 -0.064498 -0.000332
-0.742836 -0.062291 0.000405
-0.725078 -0.061421 -0.000127
-0.713799 -0.062301 -0.000660
-0.699613 -0.064604 -0.000639
-0.683724 -0.061478 0.001212
-0.669191 -0.062602 0.002043
-0.655996 -0.063507 -0.000692
-0.638809 -0.064502 0.000162
-0.627816 -0.063637 0.000143
-0.611829 -0.063513 0.000216
-0.596150 -0.063667 0.000398
-0.583872 -0.063576 0.000047
-0.567903 -0.063757 0.000175
-0.552172 -0.062380 0.000910
-0.540699 -0.062942 0.001127
-0.523864 -0.064459 0.001180
-0.512420 -0.062804 0.000895
-0.495621 -0.063190 0.000906
-0.482225 -0.061850 -0.000601
-0.467143 -0.064080 0.001021
-0.451474 -0.063841 -0.001814
-0.439843 -0.063407 0.000308
-0.423220 -0.063144 -0.001699
-0.409268 -0.062495 -0.001662
-0.395188 -0.063611 0.000825
-0.380506 -0.062618 -0.001561
-0.366339 -0.062685 0.000278
-0.352118 -0.063314 0.001150
-0.337779 -0.062211 0.002322
-0.322982 -0.063997 -0.000881
-0.310092 -0.062535 -0.000623
-0.294782 -0.065059 -0.000268
-0.279490 -0.061418 -0.000321
-0.265783 -0.063549 0.001065
-0.251631 -0.064350 -0.000527
-0.237503 -0.062515 -0.001225
-0.223467 -0.064823 -0.000070
-0.207708 -0.064776 -0.000707
-0.194116 -0.062403 -0.000826
-0.180651 -0.062424 -0.000685
-0.164269 -0.063163 -0.000389
-0.150699 -0.063069 -0.001167
-0.136782 -0.061432 -0.000062
-0.120927 -0.064433 -0.000281
-0.109191 -0.064168 0.001004
-0.094021 -0.064764 0.000080
-0.080111 -0.064011 -0.000814
-0.064721 -0.064543 -0.000883
-0.051490 -0.063320 -0.001632
-0.035273 -0.062963 0.000106
-0.020449 -0.063595 0.000832
-0.006935 -0.062970 -0.001674
0.007129 -0.063884 0.001854
0.021497 -0.064231 0.002207
0.035944 -0.064152 0.000199
0.049707 -0.064995 -0.000648
0.065646 -0.064214 -0.000371
0.080547 -0.064631 -0.000291
0.094033 -0.063035 -0.001428
0.109113 -0.064573 0.000664
0.121291 -0.063009 0.001295
0.136289 -0.062945 -0.000740
0.152096 -0.063636 -0.000034
0.165374 -0.064519 0.001498
0.179451 -0.064616 -0.000251
0.195409 -0.064738 0.002067
0.208327 -0.066218 -0.000520
0.223138 -0.063675 0.001456
0.238173 -0.063285 -0.000446
0.251834 -0.064598 -0.000554
0.266336 -0.060873 -0.001638
0.280219 -0.063473 -0.001165
0.296282 -0.065023 -0.001451
0.309867 -0.064679 0.000118
0.324247 -0.062989 -0.000894
0.338316 -0.064656 0.000704
0.353277 -0.066254 -0.000170
0.366265 -0.063659 0.000598
0.381913 -0.064438 0.001356
0.397050 -0.064649 0.000750
0.411068 -0.064083 0.000470
0.424715 -0.065070 0.001166
0.439837 -0.062093 0.001882
0.454775 -0.065682 0.001104
0.467218 -0.062480 0.000746
0.480863 -0.064136 -0.001231
0.495212 -0.063875 0.000321
0.511473 -0.062959 -0.001481
0.524957 -0.062413 0.000331
0.539119 -0.062992 0.000264
0.555939 -0.063737 0.000101
0.568182 -0.063742 0.000009
0.582285 -0.064760 -0.001102
0.596141 -0.064277 -0.000115
0.611660 -0.064472 -0.001153
0.624733 -0.063027 0.001645
0.639374 -0.064532 0.001018
0.654196 -0.063462 -0.000984
0.671219 -0.062217 0.000504
0.681774 -0.064136 0.001057
0.698498 -0.062727 0.000527
0.711745 -0.064988 -0.000051
0.725232 -0.063988 0.002108
0.741191 -0.063031 0.000523
0.756156 -0.064510 0.001244
0.768928 -0.063479 -0.000547
0.783854 -0.063303 0.000969
0.799175 -0.065101 -0.001247
0.812322 -0.064676 0.001208
0.826914 -0.063980 0.000016
0.841568 -0.063892 -0.000970
0.855252 -0.065456 0.000731
0.870054 -0.063885 -0.001324
0.884934 -0.062494 -0.000532
0.899675 -0.064114 0.000618
0.914925 -0.062365 -0.000193
0.926852 -0.062962 -0.000322
0.942099 -0.062665 0.000963
0.956025 -0.063435 -0.000042
0.971288 -0.064181 -0.000347
0.986098 -0.061920 0.000428
1.000538 -0.063436 -0.000128
-1.000320 -0.048990 -0.000871
-0.986065 -0.049601 0.000212
-0.969555 -0.048477 -0.000659
-0.955070 -0.049630 -0.000165
-0.942237 -0.049503 0.000048
-0.929512 -0.050693 -0.001737
-0.914432 -0.050161 -0.000809
-0.898830 -0.050813 0.001012
-0.885427 -0.049882 0.000573
-0.869986 -0.050023 -0.000658
-0.856832 -0.050319 -0.000318
-0.841835 -0.050148 0.001427
-0.827544 -0.048964 0.000090
-0.812214 -0.050085 -0.000572
-0.796578 -0.047833 0.000924
-0.784484 -0.048901 0.000742
-0.767672 -0.049133 -0.000829
-0.756025 -0.049287 -0.000842
-0.741882 -0.047682 0.000106
-0.727595 -0.050038 -0.000561
-0.712966 -0.049291 0.000156
-0.696640 -0.047512 -0.000818
-0.681885 -0.047952 0.000308
-0.670955 -0.049743 -0.000065
-0.654892 -0.049363 0.000136
-0.641121 -0.048808 -0.000878
-0.625295 -0.050391 0.000600
-0.610768 -0.048152 -0.000173
-0.597866 -0.049651 0.000853
-0.582041 -0.049515 -0.000602
-0.567923 -0.049753 -0.000770
-0.553543 -0.049637 -0.001073
-0.539851 -0.048368 0.000789
-0.526094 -0.049181 0.002107
-0.510747 -0.049563 0.003109
-0.496670 -0.049737 -0.000007
-0.482555 -0.048957 -0.001118
-0.466961 -0.047856 -0.000924
-0.451895 -0.049357 0.001288
-0.438470 -0.050848 -0.000390
-0.423686 -0.050951 0.000104
-0.409199 -0.050032 0.000786
-0.396030 -0.048551 0.001601
-0.381468 -0.048784 0.000478
-0.365864 -0.050344 0.000497
-0.352785 -0.049112 -0.000693
-0.336603 -0.051901 0.000611
-0.323427 -0.049232 0.000341
-0.309101 -0.050415 -0.000987
-0.294966 -0.049516 -0.000173
-0.279456 -0.047526 0.001183
-0.266102 -0.048626 0.000092
-0.252815 -0.050978 0.000318
-0.237474 -0.049926 -0.000607
-0.222962 -0.048440 0.000765
-0.209770 -0.050830 0.000259
-0.195109 -0.047575 -0.001021
-0.180773 -0.049117 -0.000403
-0.163771 -0.049428 -0.000478
-0.150664 -0.049694 -0.001287
-0.137234 -0.050458 0.000523
-0.122910 -0.050560 0.000180
-0.107331 -0.048352 -0.000628
-0.092066 -0.051047 0.001037
-0.079281 -0.050009 0.000568
-0.065393 -0.050705 -0.000693
-0.051583 -0.049001 -0.000974
-0.035855 -0.048007 0.001162
-0.022682 -0.049287 -0.000626
-0.007764 -0.050012 0.000523
0.006605 -0.051042 0.001113
0.019631 -0.049697 0.000274
0.035551 -0.048482 0.000595
0.051220 -0.049891 -0.000166
0.064136 -0.049304 -0.000665
0.079855 -0.048844 0.000764
0.094112 -0.048910 0.000794
0.107007 -0.049936 0.000701
0.124712 -0.049294 -0.000126
0.137123 -0.050467 -0.001048
0.151993 -0.048693 0.000159
0.163141 -0.049536 -0.000740
0.179527 -0.049819 0.001693
0.193299 -0.048709 0.000821
0.209980 -0.051860 0.000502
0.222956 -0.048962 0.000050
0.235198 -0.047949 0.001673
0.252673 -0.049730 0.000126
0.266032 -0.049305 0.001113
0.280070 -0.048773 0.000503
0.294239 -0.049810 0.000235
0.306961 -0.049888 -0.000438
0.321849 -0.049358 0.001245
0.338197 -0.048977 0.000122
0.352612 -0.049965 0.000173
0.365567 -0.049115 -0.000986
0.380932 -0.047852 -0.000975
0.397283 -0.050629 0.000585
0.410154 -0.049663 -0.000155
0.423725 -0.049983 -0.000475
0.438796 -0.049646 0.000826
0.454884 -0.049807 0.001251
0.468305 -0.048955 -0.000361
0.481129 -0.049614 0.000160
0.496515 -0.049463 -0.001592
0.512251 -0.050048 -0.000396
0.526037 -0.049291 -0.000032
0.540547 -0.049639 -0.001373
0.553816 -0.048134 -0.001960
0.568665 -0.048952 0.000196
0.581384 -0.050227 0.000861
0.595095 -0.047919 -0.000309
0.612798 -0.050771 0.000166
0.625705 -0.049554 0.000711
0.640276 -0.049600 0.001286
0.653890 -0.047770 0.000421
0.668571 -0.049757 -0.000951
0.683875 -0.049722 0.000688
0.696376 -0.049885 -0.000788
0.713536 -0.049246 0.000170
0.726052 -0.049179 -0.001764
0.741402 -0.049488 0.000249
0.756347 -0.047399 -0.000328
0.770580 -0.049783 0.001152
0.784859 -0.047418 0.000285
0.799141 -0.047275 -0.000229
0.812142 -0.049374 -0.000184
0.827278 -0.048805 0.000881
0.841555 -0.049266 -0.000228
0.857159 -0.047822 -0.000202
0.872156 -0.050236 -0.000819
0.886155 -0.050409 0.001973
0.899046 -0.049067 -0.001136
0.913481 -0.048370 -0.000621
0.930394 -0.048946 0.001043
0.942535 -0.048762 -0.000114
0.956577 -0.048566 -0.000491
0.971369 -0.049257 0.000109
0.985983 -0.050440 -0.000085
1.001441 -0.049885 0.000751
-0.999229 -0.035830 -0.002266
-0.985419 -0.035972 -0.000526
-0.971888 -0.036448 -0.002366
-0.956258 -0.034953 0.000308
-0.941593 -0.035655 0.000068
-0.927307 -0.033759 -0.001825
-0.913533 -0.034533 -0.002042
-0.898846 -0.035893 -0.000482
-0.886759 -0.036010 0.000128
-0.869671 -0.034509 0.000593
-0.854792 -0.035625 0.001036
-0.841940 -0.037791 -0.001290
-0.826387 -0.034748 -0.001059
-0.812549 -0.035750 0.001528
-0.797806 -0.034996 -0.002512
-0.785659 -0.035463 0.001240
-0.770340 -0.035442 0.000891
-0.756515 -0.034321 -0.000108
-0.741019 -0.035939 0.001348
-0.726333 -0.035760 0.001030
-0.713069 -0.034059 0.000406
-0.697894 -0.035070 0.000140
-0.684694 -0.037021 0.000014
-0.670412 -0.034648 -0.000292
-0.655943 -0.035196 0.001200
-0.640155 -0.034579 0.000340
-0.624450 -0.034617 -0.000114
-0.613989 -0.035474 0.000329
-0.596832 -0.034570 -0.001707
-0.582529 -0.036154 -0.000676
-0.570005 -0.035813 0.000968
-0.554199 -0.036974 0.000580
-0.541465 -0.034404 -0.002703
-0.525581 -0.034404 -0.001209
-0.510773 -0.035004 -0.000518
-0.495274 -0.036090 0.001816
-0.482311 -0.034526 0.000211
-0.468177 -0.034920 -0.000085
-0.453828 -0.035509 -0.000378
-0.439409 -0.034750 0.002163
-0.424841 -0.034298 -0.001110
-0.409607 -0.035633 0.001150
-0.396578 -0.035877 0.000614
-0.381299 -0.035715 0.001116
-0.368887 -0.035367 0.000004
-0.350933 -0.036393 0.001524
-0.336910 -0.036192 -0.000273
-0.323000 -0.034717 -0.000782
-0.310037 -0.034849 -0.000107
-0.294957 -0.034907 -0.000488
-0.279641 -0.035882 -0.000270
-0.265239 -0.034044 0.001574
-0.250735 -0.036219 0.000375
-0.237363 -0.034929 0.001272
-0.223120 -0.035073 -0.001289
-0.210563 -0.033975 -0.000139
-0.195127 -0.035668 0.000451
-0.179737 -0.035926 -0.000933
-0.164977 -0.034065 -0.000921
-0.149954 -0.036077 -0.000335
-0.135227 -0.036449 0.000316
-0.121585 -0.035560 0.000459
-0.109472 -0.035633 -0.001499
-0.093918 -0.035643 0.000847
-0.077434 -0.036452 0.001136
-0.065475 -0.035311 0.000425
-0.049818 -0.036084 -0.000938
-0.034716 -0.035745 -0.000166
-0.022064 -0.036386 0.000843
-0.006758 -0.036228 0.001896
0.008772 -0.035842 0.003072
0.023011 -0.034672 -0.000544
0.037177 -0.034290 -0.000006
0.050529 -0.033919 0.001317
0.066018 -0.034516 -0.001307
0.081414 -0.036012 0.000773
0.093686 -0.036001 0.000243
0.109852 -0.035702 -0.000358
0.121835 -0.036749 -0.000256
0.136487 -0.035464 0.001269
0.151192 -0.033795 0.000705
0.165375 -0.032876 -0.001495
0.180381 -0.034291 0.001435
0.194435 -0.036093 0.001288
0.208255 -0.034714 0.000602
0.223075 -0.035253 0.000656
0.236889 -0.034110 0.000683
0.251763 -0.035996 0.000971
0.266294 -0.037611 0.000382
0.282181 -0.035421 0.000796
0.294366 -0.035229 0.002435
0.310595 -0.035979 -0.000445
0.324866 -0.033999 -0.000825
0.338245 -0.035108 0.001403
0.351710 -0.034304 -0.000245
0.367201 -0.036412 0.000766
0.381258 -0.032325 -0.000773
0.395451 -0.035855 0.000884
0.410495 -0.035894 0.001609
0.425147 -0.035815 0.000011
0.438391 -0.036467 0.000697
0.453351 -0.035465 0.001354
0.466300 -0.033699 0.000853
0.479423 -0.035962 -0.000579
0.495189 -0.033196 0.001020
0.510910 -0.034490 0.000554
0.525695 -0.036771 0.000062
0.537634 -0.035555 0.000488
0.555097 -0.034664 -0.002273
0.568555 -0.035170 0.000330
0.581485 -0.036490 0.000249
0.596724 -0.036511 -0.000926
0.613256 -0.035388 0.000040
0.625944 -0.036646 -0.000880
0.640837 -0.034517 0.001632
0.654176 -0.035111 0.000363
0.669524 -0.035618 0.002318
0.683776 -0.034887 0.000209
0.697755 -0.036427 0.001283
0.710752 -0.037108 0.001903
0.725814 -0.034879 0.000418
0.741375 -0.036078 0.000636
0.756755 -0.035541 -0.001059
0.769479 -0.035310 0.000675
0.784655 -0.034785 0.000020
0.798589 -0.034237 0.000537
0.811457 -0.034146 -0.000815
0.828253 -0.034841 -0.000641
0.840923 -0.035514 -0.001580
0.857085 -0.035388 -0.001287
0.871753 -0.035516 -0.001343
0.883626 -0.034374 -0.000649
0.899204 -0.036190 -0.001131
0.911713 -0.035545 -0.000521
0.928563 -0.036810 0.001063
0.943506 -0.033908 0.000563
0.956007 -0.036615 -0.001336
0.970959 -0.036190 -0.001067
0.985340 -0.034193 0.000583
1.000398 -0.035168 0.000031
-1.000067 -0.021336 -0.000353
-0.985989 -0.021269 0.001499
-0.972527 -0.022395 0.001138
-0.957989 -0.020393 0.000307
-0.943120 -0.019276 0.000453
-0.928744 -0.020800 0.000420
-0.914592 -0.020811 0.000862
-0.900641 -0.021289 -0.000383
-0.884055 -0.020442 0.000916
-0.871473 -0.021198 0.000620
-0.856948 -0.021682 -0.000818
-0.842519 -0.021149 -0.000922
-0.825978 -0.020394 -0.000676
-0.814285 -0.019843 -0.001554
-0.797113 -0.022492 -0.000297
-0.784407 -0.020664 -0.000459
-0.769527 -0.022739 -0.000519
-0.754685 -0.020191 -0.000369
-0.739612 -0.020760 0.002536
-0.727124 -0.021561 -0.000934
-0.714191 -0.021594 -0.000848
-0.697609 -0.022613 0.001299
-0.682445 -0.020993 -0.000751
-0.668428 -0.021433 -0.000675
-0.655910 -0.022259 0.000043
-0.640860 -0.022936 0.000652
-0.625608 -0.020881 0.000831
-0.613295 -0.024368 0.000428
-0.597073 -0.021913 -0.000159
-0.582818 -0.022082 0.000410
-0.568327 -0.020529 -0.000458
-0.552647 -0.020448 -0.000043
-0.540407 -0.019805 0.000187
-0.525741 -0.021902 0.000035
-0.510013 -0.021678 -0.001879
-0.495809 -0.021456 -0.000266
-0.483379 -0.023045 0.000829
-0.468795 -0.023456 0.000311
-0.453468 -0.020868 0.000749
-0.438028 -0.020632 0.000186
-0.423640 -0.021990 -0.000208
-0.409924 -0.024188 0.001448
-0.396518 -0.022238 0.000431
-0.380111 -0.021083 0.000726
-0.365935 -0.021478 -0.000219
-0.352174 -0.019303 0.000009
-0.339762 -0.020438 -0.001375
-0.322835 -0.021294 -0.000305
-0.309931 -0.021679 -0.000062
-0.295534 -0.021504 0.001364
-0.281199 -0.021359 0.002094
-0.265654 -0.021033 0.000674
-0.250495 -0.021596 -0.000475
-0.236876 -0.020478 -0.000361
-0.223735 -0.021375 -0.001091
-0.208081 -0.019547 0.001725
-0.194029 -0.021302 -0.002364
-0.179338 -0.020269 0.000148
-0.165815 -0.019601 -0.000738
-0.152447 -0.019651 0.000376
-0.135776 -0.021269 0.000118
-0.122128 -0.020288 -0.001430
-0.109164 -0.019844 -0.000738
-0.095123 -0.020101 0.000519
-0.080082 -0.019328 -0.001400
-0.066552 -0.021598 0.000064
-0.050030 -0.021169 0.000482
-0.036145 -0.019049 -0.002043
-0.022974 -0.021407 -0.000748
-0.007635 -0.021701 -0.000670
0.007028 -0.021133 0.001421
0.020224 -0.020940 -0.001691
0.035735 -0.020434 -0.001751
0.050144 -0.019873 -0.001038
0.065922 -0.020399 0.000269
0.080352 -0.020715 0.000056
0.093552 -0.020465 0.001192
0.106878 -0.021256 -0.000135
0.123991 -0.020913 -0.000187
0.135740 -0.020792 0.001499
0.151206 -0.021587 -0.000339
0.165747 -0.022001 -0.000667
0.179531 -0.022453 0.000595
0.194311 -0.020870 -0.000852
0.208702 -0.022798 -0.000328
0.222615 -0.021642 0.000851
0.237569 -0.020803 -0.000074
0.250806 -0.020608 -0.000075
0.264921 -0.021244 -0.000817
0.280994 -0.021770 0.000675
0.295932 -0.021803 -0.000054
0.309948 -0.020084 0.000866
0.323642 -0.021988 -0.000218
0.337249 -0.021104 0.000047
0.354197 -0.021345 0.000931
0.368149 -0.020262 -0.000132
0.381379 -0.022397 -0.001537
0.394738 -0.021028 0.001220
0.409591 -0.020893 -0.000459
0.423776 -0.021875 -0.001404
0.438984 -0.020705 -0.001269
0.452259 -0.020057 -0.001684
0.467076 -0.019228 -0.002353
0.481603 -0.021153 -0.001105
0.495214 -0.020493 0.000868
0.509871 -0.020855 -0.000414
0.524685 -0.021254 0.000503
0.540113 -0.020835 0.000780
0.555981 -0.020174 0.000912
0.567799 -0.020557 0.000505
0.582335 -0.021563 0.000173
0.596889 -0.019855 0.000562
0.610823 -0.022729 0.001255
0.626673 -0.022135 0.000189
0.639320 -0.022018 0.000518
0.654822 -0.020507 0.000339
0.668604 -0.022114 0.000350
0.683892 -0.020546 0.001578
0.698874 -0.022103 -0.000671
0.711955 -0.021315 0.001124
0.727303 -0.020659 0.000733
0.741386 -0.021341 0.000038
0.755607 -0.022064 -0.000791
0.769766 -0.022350 -0.001287
0.783087 -0.023663 -0.000991
0.800309 -0.020931 0.000875
0.812311 -0.018988 0.000408
0.826359 -0.020399 -0.001599
0.841678 -0.021477 0.001390
0.856309 -0.022246 -0.001182
0.871917 -0.021842 0.001072
0.887078 -0.021739 0.000832
0.899451 -0.020539 -0.001259
0.912834 -0.021401 0.000123
0.927528 -0.020899 -0.000004
0.942382 -0.020671 -0.001116
0.958240 -0.020862 -0.000133
0.970858 -0.020807 0.001165
0.984166 -0.020486 -0.000588
0.999918 -0.020952 0.000601
-0.998563 -0.006511 -0.000322
-0.987560 -0.007136 -0.000287
-0.972071 -0.007610 -0.001704
-0.958068 -0.006339 0.000762
-0.944306 -0.007863 -0.001609
-0.928146 -0.007631 -0.000000
-0.913596 -0.006338 -0.001815
-0.898938 -0.006693 -0.000419
-0.886924 -0.006395 -0.002142
-0.871749 -0.007902 -0.000168
-0.856596 -0.004660 0.000742
-0.843122 -0.007956 0.001344
-0.827270 -0.007848 -0.000860
-0.812533 -0.006911 -0.000827
-0.800130 -0.005832 -0.000013
-0.784876 -0.006358 0.000872
-0.768329 -0.007775 -0.001008
-0.754089 -0.007144 0.000762
-0.742943 -0.005689 0.000345
-0.727364 -0.007098 -0.000631
-0.711709 -0.006154 -0.000164
-0.697717 -0.006220 -0.001503
-0.684696 -0.009211 0.002568
-0.669089 -0.006183 -0.001334
-0.655101 -0.007610 -0.000386
-0.640834 -0.007445 0.000243
-0.626351 -0.008831 0.000203
-0.612258 -0.008243 0.000063
-0.596924 -0.007262 0.000745
-0.583473 -0.006957 -0.000399
-0.567897 -0.006264 0.000683
-0.554650 -0.006040 0.000272
-0.539192 -0.008393 -0.000242
-0.525148 -0.007961 -0.000198
-0.511212 -0.006195 -0.000198
-0.496885 -0.007546 0.000932
-0.482942 -0.008394 0.001163
-0.469180 -0.007321 0.002006
-0.453721 -0.007152 0.000201
-0.437822 -0.008712 -0.000021
-0.423023 -0.006669 -0.000133
-0.410668 -0.008000 -0.001401
-0.395818 -0.008800 0.000330
-0.381838 -0.006755 -0.001358
-0.367434 -0.007555 -0.000258
-0.353986 -0.007124 0.001058
-0.338402 -0.006637 0.001306
-0.324111 -0.008150 0.001009
-0.310005 -0.007414 0.002033
-0.295439 -0.005941 -0.000846
-0.281021 -0.008345 0.000392
-0.267532 -0.007439 0.000581
-0.251498 -0.007427 -0.000060
-0.236748 -0.008697 -0.001058
-0.221833 -0.007199 0.000875
-0.208568 -0.007314 -0.000443
-0.193442 -0.009713 0.001839
-0.179619 -0.006217 -0.001019
-0.167645 -0.008360 -0.001234
-0.150786 -0.005419 -0.001394
-0.137725 -0.007804 -0.001071
-0.122436 -0.006764 0.000479
-0.109247 -0.007822 -0.000002
-0.095282 -0.007500 0.000394
-0.081644 -0.007362 0.000032
-0.062951 -0.007777 -0.000948
-0.048581 -0.006361 0.001953
-0.035820 -0.005800 -0.000265
-0.022291 -0.008075 -0.000105
-0.007995 -0.006177 0.000710
0.008603 -0.008099 -0.001141
0.021609 -0.005946 -0.000383
0.036098 -0.006642 0.000243
0.051309 -0.007297 -0.000879
0.065900 -0.008812 0.001267
0.081644 -0.007174 0.002297
0.094294 -0.008713 0.000836
0.107243 -0.006919 0.000912
0.122366 -0.007477 -0.000650
0.137160 -0.007641 0.002288
0.150757 -0.004489 -0.000818
0.166364 -0.007519 0.000790
0.181163 -0.005561 -0.000737
0.196075 -0.007073 0.001227
0.208266 -0.007738 -0.000052
0.222104 -0.006429 -0.001356
0.237010 -0.007075 0.000323
0.252837 -0.007304 0.000142
0.266505 -0.005423 -0.000141
0.280609 -0.007723 0.000460
0.296179 -0.006393 0.000459
0.309091 -0.007898 -0.000917
0.324234 -0.007797 -0.001143
0.336854 -0.008121 -0.000234
0.353175 -0.007430 -0.000475
0.367483 -0.007602 0.000320
0.381193 -0.005478 -0.000240
0.396039 -0.005708 -0.001750
0.410639 -0.006398 0.000405
0.425129 -0.007045 0.001274
0.440880 -0.007293 0.000698
0.452387 -0.007396 -0.000352
0.464812 -0.007055 -0.000627
0.480429 -0.005933 0.000359
0.496268 -0.006230 0.000359
0.511011 -0.006201 -0.000647
0.524579 -0.007426 0.000065
0.538936 -0.007310 0.000623
0.550799 -0.007536 0.000632
0.567632 -0.008122 -0.000834
0.581961 -0.007958 -0.001246
0.596611 -0.007660 -0.000380
0.612092 -0.006911 -0.000569
0.624628 -0.007771 -0.000873
0.641134 -0.005696 -0.000869
0.652387 -0.005417 -0.000505
0.668853 -0.006673 -0.000377
0.680869 -0.007397 0.000215
0.697393 -0.006534 0.000300
0.712171 -0.006980 -0.000704
0.727025 -0.007238 0.001147
0.743401 -0.008321 0.000137
0.756802 -0.006617 -0.000853
0.769387 -0.006156 -0.000037
0.783394 -0.005338 -0.001222
0.797772 -0.008422 -0.000144
0.812595 -0.006557 0.000023
0.827643 -0.006540 -0.000634
0.841048 -0.007932 0.000502
0.854901 -0.008817 -0.000068
0.870775 -0.006786 0.000436
0.886123 -0.007226 -0.001002
0.899516 -0.008021 0.001331
0.913143 -0.006532 0.001465
0.928727 -0.008120 -0.001414
0.944270 -0.006706 0.001686
0.958196 -0.007941 0.000369
0.969447 -0.008000 0.000429
0.986474 -0.007809 0.000159
0.999474 -0.007422 -0.000135
-1.000115 0.009331 -0.000753
-0.983615 0.006749 -0.001657
-0.972815 0.007455 -0.000746
-0.956707 0.007702 -0.000548
-0.943268 0.007926 0.000886
-0.930072 0.006253 0.001510
-0.912536 0.006057 0.000243
-0.899603 0.006119 -0.000107
-0.883361 0.006598 -0.000529
-0.869946 0.007461 -0.000528
-0.856750 0.007851 -0.000272
-0.842400 0.007224 -0.001114
-0.827044 0.008041 -0.001742
-0.813376 0.007485 -0.001383
-0.799346 0.005074 -0.002232
-0.783702 0.007163 0.000514
-0.770072 0.006037 0.000613
-0.755474 0.007158 0.000452
-0.740128 0.007332 0.000143
-0.727672 0.007070 -0.000009
-0.711223 0.008125 0.000797
-0.697827 0.007412 0.000398
-0.682258 0.007505 0.001261
-0.668958 0.006890 0.001382
-0.654781 0.006172 -0.001044
-0.639379 0.006734 -0.000799
-0.625571 0.006946 -0.000018
-0.610742 0.007839 -0.000213
-0.599266 0.008844 -0.001351
-0.581988 0.006562 -0.000657
-0.569593 0.006960 -0.000372
-0.553065 0.007500 0.000787
-0.538543 0.006279 0.001593
-0.525941 0.007779 0.000593
-0.511173 0.006958 -0.001291
-0.496646 0.008076 0.001972
-0.481957 0.006199 -0.000072
-0.467093 0.007284 0.000950
-0.453042 0.008799 0.001844
-0.438507 0.008394 0.000393
-0.425577 0.007253 -0.001163
-0.411030 0.006683 -0.000002
-0.395872 0.005962 -0.001130
-0.380895 0.009125 0.000496
-0.368100 0.005421 0.000074
-0.350410 0.007786 -0.001187
-0.337653 0.005590 0.001032
-0.324017 0.006418 0.001178
-0.309864 0.006690 0.000070
-0.294230 0.007688 0.000367
-0.280626 0.006933 -0.000821
-0.266795 0.007957 0.000088
-0.250288 0.007440 0.001901
-0.236548 0.007548 0.001374
-0.222416 0.006544 0.002490
-0.209087 0.005600 -0.001524
-0.192978 0.008279 -0.000170
-0.180931 0.006902 -0.000113
-0.165277 0.006789 -0.000477
-0.151457 0.007682 -0.000097
-0.137503 0.006836 -0.001427
-0.122321 0.006359 -0.000749
-0.106815 0.007277 0.000746
-0.094271 0.006503 0.000119
-0.078478 0.006525 -0.000350
-0.063521 0.009517 -0.000526
-0.049160 0.007716 -0.000318
-0.035836 0.006287 0.000241
-0.019805 0.006538 -0.001212
-0.007723 0.005918 0.000427
0.006903 0.006058 -0.001362
0.021746 0.005021 0.000224
0.036830 0.007698 0.000572
0.049688 0.006029 0.001758
0.065251 0.008569 0.001175
0.077737 0.007799 -0.000333
0.093581 0.006058 0.000591
0.106812 0.008630 -0.000126
0.123837 0.008081 -0.000318
0.137510 0.008610 0.001249
0.148998 0.006473 0.001123
0.165303 0.006854 0.000433
0.180069 0.006212 -0.000199
0.194927 0.006409 0.000497
0.207181 0.008633 0.000524
0.223685 0.006564 -0.000858
0.238378 0.007341 -0.000727
0.251977 0.007702 -0.001101
0.267187 0.007666 -0.000290
0.281885 0.006138 0.000484
0.294668 0.006531 0.000574
0.309422 0.008649 0.000190
0.325022 0.006559 -0.001534
0.336159 0.007218 0.001433
0.351971 0.006799 0.002680
0.367748 0.007292 -0.000869
0.381243 0.008079 0.001218
0.395106 0.006569 -0.000140
0.409270 0.007629 0.000175
0.422775 0.006376 0.000384
0.441258 0.007679 0.000671
0.453259 0.007758 -0.000567
0.467656 0.005986 0.000213
0.482255 0.005747 -0.000135
0.495922 0.006026 0.001878
0.510033 0.008381 -0.000730
0.523758 0.007111 -0.000765
0.540645 0.006827 -0.001445
0.555141 0.007666 -0.001496
0.567978 0.004882 0.000315
0.585041 0.007141 0.001304
0.596804 0.008314 0.002860
0.611791 0.005559 -0.000169
0.625503 0.007769 -0.000928
0.639377 0.007863 0.001006
0.653738 0.008125 -0.000465
0.667021 0.008659 0.001859
0.682102 0.007562 -0.000218
0.699462 0.007411 -0.000240
0.712846 0.007861 -0.001652
0.726798 0.005481 -0.001962
0.741080 0.007733 -0.001122
0.755246 0.006423 -0.001455
0.769178 0.007557 0.000743
0.785022 0.009253 -0.000776
0.798060 0.007467 -0.000185
0.813300 0.007465 -0.000664
0.825784 0.008135 0.002059
0.841114 0.006552 0.000931
0.856261 0.007674 0.000111
0.872055 0.007610 0.000131
0.884205 0.007231 0.000392
0.898358 0.009799 0.000954
0.913801 0.008441 -0.000687
0.927191 0.006100 0.000075
0.942814 0.009056 -0.000956
0.956451 0.007590 -0.000092
0.970550 0.005748 0.000873
0.985689 0.005281 -0.001213
0.999830 0.007540 -0.001909
-1.003108 0.020678 -0.000930
-0.985103 0.021788 -0.000426
-0.972114 0.020400 -0.000259
-0.956893 0.020770 -0.000793
-0.941198 0.020401 0.000481
-0.927893 0.020433 0.000224
-0.914581 0.021080 0.001477
-0.898385 0.020977 0.001558
-0.883796 0.021847 0.000295
-0.871457 0.020979 -0.000619
-0.854436 0.020401 -0.000522
-0.841002 0.019712 -0.001437
-0.826630 0.019574 0.000226
-0.811684 0.021870 -0.000814
-0.798601 0.020033 -0.001204
-0.785871 0.019469 -0.001284
-0.768876 0.020801 -0.000356
-0.756164 0.021582 0.000274
-0.740871 0.021339 -0.000295
-0.726721 0.021665 0.000435
-0.712133 0.022132 -0.000602
-0.698907 0.022052 -0.001952
-0.683908 0.021642 -0.001654
-0.670246 0.020565 -0.001017
-0.652720 0.019304 0.001766
-0.640732 0.020972 0.000975
-0.625814 0.022832 -0.001001
-0.611469 0.021768 0.000048
-0.595513 0.020049 -0.000529
-0.584671 0.023161 0.001512
-0.569638 0.019928 -0.000912
-0.555760 0.020358 0.000067
-0.538982 0.021406 -0.000455
-0.525351 0.022230 -0.000314
-0.513091 0.022385 0.000106
-0.496988 0.021992 0.000606
-0.482795 0.021663 0.000471
-0.467136 0.021051 -0.000047
-0.453542 0.021714 -0.001632
-0.438743 0.019411 0.002078
-0.426200 0.021919 -0.000341
-0.408947 0.020014 -0.001177
-0.394818 0.018815 0.000622
-0.380089 0.019872 0.000851
-0.365892 0.021331 -0.001783
-0.352361 0.020598 -0.000858
-0.339029 0.020662 0.001089
-0.322879 0.021921 -0.000321
-0.309223 0.019383 0.001037
-0.294600 0.019343 0.000697
-0.281085 0.021217 0.000268
-0.265839 0.022459 0.000647
-0.251524 0.020392 -0.001625
-0.239944 0.019949 0.000777
-0.221838 0.019572 0.000805
-0.209077 0.021442 -0.000296
-0.195420 0.019718 0.001475
-0.181038 0.022916 0.000602
-0.164951 0.020781 -0.002350
-0.151598 0.021531 0.000900
-0.138759 0.021926 -0.000536
-0.121998 0.021643 0.000424
-0.107454 0.021247 -0.001497
-0.093772 0.021188 -0.001661
-0.078631 0.021991 0.000488
-0.064464 0.021111 0.000858
-0.050999 0.022315 -0.001051
-0.033939 0.020117 0.001979
-0.019195 0.021574 -0.000486
-0.005489 0.021746 0.000347
0.006572 0.024008 -0.000898
0.021399 0.022499 -0.000062
0.035796 0.021043 -0.000206
0.051531 0.022028 0.000692
0.065192 0.021300 -0.000528
0.080483 0.020181 0.001041
0.093278 0.020099 0.001228
0.106150 0.023584 -0.001140
0.120641 0.020435 0.000605
0.136243 0.021255 0.001592
0.151209 0.020079 -0.000960
0.165048 0.020695 -0.000907
0.179862 0.020558 -0.001112
0.194405 0.022667 -0.001803
0.210033 0.021569 -0.001058
0.223018 0.021581 0.000605
0.238174 0.021465 0.000713
0.250646 0.020340 -0.000972
0.265738 0.021743 0.000535
0.280583 0.020919 -0.000289
0.295604 0.019038 -0.000625
0.307105 0.020319 0.001805
0.321608 0.019923 -0.000063
0.339094 0.020048 -0.001188
0.353419 0.021963 0.000078
0.367804 0.021932 -0.001029
0.382271 0.021276 0.001033
0.395643 0.020525 -0.001545
0.409803 0.022828 0.000480
0.422514 0.020959 -0.000943
0.438394 0.019015 0.000207
0.453415 0.021337 -0.001716
0.468227 0.021214 0.000507
0.482387 0.020294 -0.000729
0.495702 0.021428 0.001474
0.508149 0.021032 -0.001538
0.525545 0.020907 0.000027
0.537792 0.021576 0.001288
0.554232 0.019673 0.000579
0.568766 0.021081 0.001224
0.583003 0.020375 -0.001194
0.595698 0.021041 -0.000639
0.611690 0.022580 -0.000716
0.627764 0.020146 -0.000278
0.639738 0.024279 0.001414
0.654339 0.021675 -0.000951
0.669469 0.021058 -0.001822
0.684305 0.020843 -0.001237
0.697608 0.021048 -0.001106
0.711828 0.019350 0.001041
0.724682 0.020967 -0.001189
0.741966 0.020530 -0.000391
0.753767 0.018960 0.000902
0.770715 0.020635 -0.000947
0.783946 0.020636 -0.002465
0.797893 0.021002 0.000573
0.814387 0.021970 -0.000355
0.827301 0.022309 -0.002028
0.841247 0.020219 -0.001035
0.855740 0.021412 -0.000403
0.870539 0.020326 -0.000896
0.885392 0.021013 -0.001223
0.900445 0.021261 0.000532
0.912429 0.020947 -0.000770
0.929804 0.022294 -0.000543
0.942433 0.020776 -0.000006
0.958063 0.020744 0.001092
0.971663 0.021238 0.000245
0.984628 0.021547 -0.000379
0.999763 0.023197 0.000394
-1.000773 0.033927 0.000700
-0.987783 0.036052 -0.000960
-0.970189 0.035338 0.001992
-0.955095 0.034986 -0.002225
-0.942352 0.034289 -0.000911
-0.927640 0.035783 0.000496
-0.912496 0.034145 0.001775
-0.901134 0.034028 0.000673
-0.885410 0.036262 -0.000241
-0.872136 0.035127 0.000447
-0.854741 0.036182 0.000579
-0.842723 0.033965 -0.000407
-0.826761 0.035018 -0.000215
-0.811772 0.036825 0.000687
-0.798526 0.035391 -0.000394
-0.783275 0.035183 -0.001680
-0.770068 0.035329 0.001807
-0.755433 0.036242 -0.000795
-0.740652 0.035720 -0.000070
-0.726668 0.036202 0.000944
-0.710196 0.036645 -0.000828
-0.698779 0.036296 0.001450
-0.682626 0.033285 0.001352
-0.669068 0.036203 0.000144
-0.654897 0.036205 -0.000625
-0.639410 0.035702 -0.000712
-0.625121 0.036921 0.000556
-0.613039 0.033974 0.000634
-0.597669 0.033473 0.000808
-0.583327 0.036241 -0.000551
-0.567980 0.035660 -0.000473
-0.552669 0.035134 -0.001202
-0.539640 0.034802 0.001241
-0.524441 0.036341 0.000107
-0.510942 0.035712 0.000001
-0.496030 0.034337 0.000435
-0.483120 0.036874 -0.000787
-0.466928 0.034899 -0.001495
-0.452532 0.036301 -0.000245
-0.438378 0.036648 -0.001129
-0.425646 0.035976 0.001574
-0.410480 0.035913 0.000583
-0.396092 0.034721 -0.001052
-0.380136 0.036211 0.002207
-0.368919 0.037135 -0.000919
-0.352461 0.036441 -0.000158
-0.338493 0.035536 -0.000164
-0.324212 0.034301 -0.000578
-0.310943 0.037486 -0.001233
-0.293602 0.035606 -0.000458
-0.280980 0.035369 -0.000612
-0.264887 0.033768 -0.000090
-0.251892 0.035004 0.000387
-0.236670 0.033172 0.000975
-0.223505 0.034837 0.000398
-0.208329 0.035539 -0.001428
-0.194571 0.034322 0.000338
-0.181688 0.035591 -0.000373
-0.163142 0.035039 0.001011
-0.150960 0.035374 0.000076
-0.139209 0.035233 -0.000295
-0.122368 0.036307 0.002162
-0.107207 0.034708 0.000544
-0.092789 0.035692 0.000304
-0.078515 0.036168 0.000585
-0.064073 0.035774 0.000162
-0.051581 0.033844 0.001227
-0.035194 0.034980 -0.001332
-0.021374 0.035477 -0.000995
-0.005310 0.034764 -0.000106
0.006346 0.034713 0.000166
0.023839 0.034306 0.000867
0.034917 0.035571 0.000343
0.049594 0.035115 0.001647
0.061487 0.035221 -0.001681
0.079394 0.036570 0.000658
0.093397 0.034866 0.001306
0.107260 0.034475 -0.001047
0.122281 0.033938 0.000457
0.137023 0.035762 -0.001827
0.151840 0.035737 0.001697
0.165294 0.035442 -0.001650
0.179446 0.036364 -0.000583
0.193439 0.034960 0.000223
0.208312 0.034217 -0.001866
0.222454 0.035014 -0.000105
0.237227 0.035142 -0.000739
0.252392 0.034982 -0.000438
0.268533 0.035697 0.000005
0.281846 0.035739 -0.000112
0.296250 0.036636 -0.002107
0.309589 0.036574 0.000410
0.323025 0.035231 0.000031
0.338617 0.037126 -0.000505
0.352685 0.036644 -0.000786
0.366972 0.036527 0.000483
0.382093 0.035726 0.001189
0.395128 0.034273 0.001495
0.411135 0.036513 -0.000131
0.424330 0.034286 0.000422
0.440523 0.034577 0.003343
0.452122 0.034508 -0.001088
0.466506 0.034670 0.001167
0.481599 0.036496 -0.000055
0.495623 0.034087 0.001016
0.510186 0.036402 -0.001085
0.525261 0.034295 0.000187
0.539484 0.034411 0.001504
0.553304 0.035047 -0.000796
0.567675 0.034347 0.001725
0.582387 0.035749 0.000539
0.597156 0.035006 0.000867
0.610318 0.034554 -0.000179
0.625314 0.035581 0.000650
0.640178 0.034947 -0.000271
0.655097 0.036488 -0.001157
0.669055 0.035407 -0.000740
0.683163 0.035972 -0.001397
0.700575 0.033158 0.000025
0.712579 0.033150 -0.000641
0.726025 0.036361 -0.000303
0.742008 0.035476 -0.000352
0.755313 0.035343 -0.002389
0.768495 0.034824 0.000486
0.784360 0.038556 -0.000772
0.799544 0.034517 0.001217
0.813473 0.035202 -0.000579
0.825368 0.034462 -0.000105
0.839821 0.035447 -0.001004
0.855886 0.034505 -0.000590
0.870151 0.036675 0.000657
0.884281 0.037842 0.000221
0.900942 0.035733 -0.000758
0.911566 0.034411 -0.001582
0.929457 0.035432 0.001342
0.940966 0.035852 0.001422
0.957251 0.035328 0.000146
0.971827 0.035819 0.000597
0.985631 0.035356 -0.000395
0.999850 0.036611 -0.001152
-1.000315 0.048591 -0.002623
-0.984478 0.050150 -0.000269
-0.970372 0.048530 -0.000621
-0.956627 0.049298 -0.001392
-0.942429 0.049988 -0.000397
-0.928634 0.046678 0.000311
-0.914232 0.048445 -0.000647
-0.897897 0.049963 0.000515
-0.885971 0.050074 0.000961
-0.869789 0.047809 -0.000706
-0.857428 0.047766 -0.001395
-0.841270 0.050192 0.000564
-0.828568 0.049123 -0.000027
-0.813719 0.048427 0.001527
-0.799252 0.048680 0.001390
-0.782197 0.050904 0.000783
-0.768849 0.049469 0.000342
-0.755418 0.050507 0.001510
-0.740589 0.049312 0.002850
-0.726323 0.049650 -0.000189
-0.713855 0.050448 -0.001339
-0.695424 0.050526 0.000196
-0.682781 0.049574 -0.001411
-0.668119 0.049820 -0.000055
-0.652779 0.049100 0.000788
-0.640559 0.050561 -0.000138
-0.627903 0.049918 0.002151
-0.611848 0.049097 -0.000734
-0.597732 0.049127 0.001891
-0.583760 0.050437 0.001961
-0.567355 0.050235 -0.001099
-0.554498 0.049641 0.001216
-0.541397 0.049262 -0.000383
-0.524045 0.047924 -0.000103
-0.510121 0.048709 0.000984
-0.497218 0.048401 0.000886
-0.483016 0.049299 0.000508
-0.468199 0.047923 0.000672
-0.454403 0.049340 0.000488
-0.438894 0.050241 -0.001750
-0.424929 0.051627 -0.000580
-0.410622 0.048669 -0.001115
-0.395392 0.049221 0.000617
-0.383115 0.051555 0.001182
-0.369057 0.049036 0.000048
-0.351455 0.047865 0.000091
-0.338913 0.051546 0.001430
-0.324675 0.048992 0.000342
-0.310138 0.048565 0.000172
-0.294306 0.050019 0.000038
-0.280967 0.048213 0.003268
-0.265316 0.049013 0.000810
-0.251663 0.049102 0.000251
-0.237658 0.050025 -0.000682
-0.222547 0.049968 -0.000926
-0.207692 0.051074 -0.000540
-0.194191 0.048639 0.000332
-0.180107 0.051818 0.001518
-0.163489 0.050255 -0.000346
-0.150610 0.047926 0.001896
-0.137699 0.047938 0.000039
-0.122136 0.050683 -0.001603
-0.107015 0.049571 -0.001229
-0.093404 0.050847 -0.001806
-0.078547 0.050241 -0.000995
-0.064295 0.048897 -0.000539
-0.049366 0.047778 -0.000083
-0.035451 0.049459 0.001627
-0.022194 0.049978 0.000760
-0.005520 0.050478 0.001055
0.005484 0.049296 0.000418
0.021504 0.050699 -0.000773
0.035051 0.048392 -0.001016
0.049013 0.048911 0.000685
0.064297 0.050225 0.002083
0.079321 0.050970 0.000903
0.093681 0.050262 0.000716
0.107872 0.048911 -0.000122
0.120684 0.050177 -0.000234
0.137339 0.048784 -0.000580
0.150549 0.050254 -0.001102
0.165508 0.050749 0.000127
0.179467 0.047748 -0.001231
0.193282 0.048185 0.000417
0.208443 0.049792 0.000878
0.223174 0.049072 -0.000811
0.236943 0.050343 0.001690
0.252792 0.049708 -0.001361
0.265741 0.049168 -0.000537
0.280661 0.050095 0.000015
0.297249 0.048185 0.000197
0.309319 0.048235 -0.000056
0.322298 0.050880 0.000955
0.337087 0.047138 -0.000445
0.351931 0.049053 0.000431
0.366235 0.049146 -0.001032
0.380633 0.048307 0.002402
0.394395 0.049657 -0.001014
0.409667 0.049774 0.000641
0.421852 0.051331 -0.000299
0.438743 0.047750 0.000715
0.452108 0.049814 -0.001222
0.466256 0.050505 0.000317
0.484196 0.048704 0.000176
0.496474 0.049732 0.000130
0.510577 0.049261 0.000316
0.527622 0.048695 0.000795
0.540279 0.049197 -0.000045
0.554709 0.049690 0.000785
0.569131 0.050557 0.000824
0.582524 0.050242 -0.000951
0.596927 0.049679 0.000514
0.613201 0.048923 0.000551
0.626324 0.049913 -0.000121
0.638758 0.046938 -0.001414
0.655566 0.050595 0.000119
0.668253 0.051476 0.000327
0.683199 0.049185 0.001732
0.697858 0.049321 0.001999
0.713358 0.048542 0.000042
0.726084 0.050232 -0.000794
0.740123 0.049175 -0.000609
0.755496 0.048666 0.000041
0.770102 0.048357 0.000254
0.782628 0.050423 0.000654
0.798067 0.048812 -0.000048
0.811801 0.048159 0.000646
0.824637 0.049462 0.000474
0.842206 0.048867 0.000470
0.857968 0.049887 -0.001472
0.870542 0.049952 0.000268
0.885833 0.050094 -0.000970
0.899034 0.048951 -0.001256
0.912685 0.049656 0.000967
0.927542 0.048054 0.000820
0.943788 0.050704 0.000170
0.957153 0.051064 0.001492
0.970437 0.047951 -0.000423
0.986385 0.049322 0.001137
1.000545 0.051387 0.000089
-1.000787 0.063342 0.001642
-0.983862 0.064119 -0.000088
-0.972665 0.063544 -0.000482
-0.957373 0.064148 -0.002011
-0.943272 0.064843 0.001127
-0.928772 0.064857 -0.001830
-0.912479 0.063525 -0.001003
-0.901088 0.063515 0.001758
-0.883383 0.062337 0.001329
-0.871337 0.063823 0.000082
-0.856852 0.063627 0.000372
-0.841285 0.062662 0.001022
-0.827724 0.063859 -0.001650
-0.812124 0.063318 -0.000272
-0.796875 0.062808 0.001500
-0.782863 0.063166 -0.000283
-0.770621 0.062671 0.000294
-0.756865 0.062858 0.000812
-0.741704 0.064712 -0.000328
-0.726781 0.064289 -0.001229
-0.712248 0.063167 0.000387
-0.696286 0.063854 0.000977
-0.682386 0.063777 0.001160
-0.670817 0.065012 -0.000558
-0.653854 0.062317 0.000055
-0.639888 0.064298 -0.000544
-0.625617 0.062751 -0.000196
-0.609670 0.063352 -0.000214
-0.597200 0.062432 -0.000194
-0.583516 0.063479 -0.000144
-0.566849 0.063676 -0.001252
-0.553749 0.063811 0.000677
-0.538357 0.065440 0.000110
-0.526533 0.062879 0.000250
-0.511387 0.062926 -0.000296
-0.497530 0.063455 -0.000742
-0.482757 0.064565 0.001687
-0.468122 0.063708 0.000075
-0.451434 0.063284 -0.001127
-0.438424 0.064085 -0.000207
-0.424233 0.063740 0.000112
-0.409580 0.062153 0.000885
-0.395390 0.063232 -0.000504
-0.379929 0.064691 -0.001253
-0.366883 0.062761 -0.002372
-0.351278 0.064779 -0.000613
-0.336837 0.064274 0.001500
-0.324228 0.064193 0.001101
-0.309672 0.063524 0.002025
-0.293465 0.063174 -0.000517
-0.280885 0.062459 -0.000849
-0.266910 0.063375 0.001713
-0.252116 0.066150 -0.001351
-0.238219 0.062365 0.000296
-0.222266 0.062136 0.000734
-0.208500 0.063852 0.001228
-0.194595 0.063845 0.000424
-0.178875 0.063357 0.000390
-0.165637 0.062718 -0.000679
-0.152361 0.063641 0.000676
-0.137401 0.064075 0.000714
-0.123512 0.062648 0.000312
-0.108627 0.064596 -0.002650
-0.093645 0.063414 0.002053
-0.079691 0.064568 0.000462
-0.066255 0.063279 0.000901
-0.049505 0.062360 0.000419
-0.034641 0.063659 -0.001189
-0.020367 0.064522 0.001719
-0.006854 0.064803 -0.000214
0.006278 0.062892 0.001122
0.021371 0.062719 -0.001871
0.033347 0.065511 -0.000240
0.051841 0.062943 0.001809
0.065517 0.064688 -0.000747
0.077899 0.065845 -0.000571
0.093550 0.063856 -0.000785
0.106822 0.063432 0.001706
0.122167 0.062320 0.002025
0.135442 0.063304 0.000008
0.151959 0.063170 -0.000300
0.165436 0.063952 -0.000594
0.178570 0.064670 0.000495
0.193432 0.064648 0.000916
0.208629 0.063729 -0.000050
0.220659 0.065274 0.001157
0.235204 0.064224 -0.000577
0.251589 0.064481 0.000190
0.268006 0.065273 0.000489
0.279572 0.063266 -0.000600
0.294453 0.063888 -0.000302
0.308811 0.064134 0.002101
0.322447 0.062834 -0.000456
0.336359 0.064024 -0.000178
0.351869 0.062518 0.000412
0.366444 0.063231 0.000174
0.382306 0.061832 0.000092
0.394160 0.062519 -0.000363
0.409626 0.066255 0.000356
0.424466 0.063759 -0.001012
0.440125 0.064350 0.000111
0.453558 0.062758 -0.001826
0.467095 0.063461 -0.000479
0.481462 0.064545 0.000553
0.495223 0.064036 -0.000189
0.511367 0.061967 0.000459
0.525270 0.063183 -0.000383
0.536370 0.064055 -0.000617
0.553889 0.063077 -0.000933
0.568966 0.063756 -0.000887
0.582002 0.062870 -0.000447
0.596564 0.063622 0.001716
0.611872 0.061856 -0.001929
0.626932 0.061610 0.000024
0.639427 0.064493 -0.000128
0.653898 0.061546 0.000152
0.668094 0.063287 0.001218
0.684626 0.065363 0.000417
0.698767 0.063754 -0.000922
0.711977 0.063538 -0.000475
0.725090 0.063497 0.001663
0.740391 0.062653 -0.000388
0.754259 0.064427 0.002676
0.770121 0.064262 0.000476
0.783823 0.062823 0.000678
0.798001 0.063651 -0.001952
0.814170 0.065421 -0.001880
0.826404 0.064875 -0.000622
0.841924 0.061348 -0.000989
0.854368 0.063352 -0.000632
0.869370 0.063098 -0.000196
0.885158 0.063905 -0.000439
0.898764 0.064240 -0.001996
0.914154 0.063737 0.001101
0.928845 0.063551 -0.001148
0.942144 0.062135 0.000191
0.957579 0.065987 0.000058
0.971763 0.063133 0.001026
0.986330 0.063009 -0.001129
0.999593 0.065315 -0.000037
-0.999902 0.076367 0.000275
-0.987562 0.077918 -0.001176
-0.971356 0.077674 -0.001323
-0.957068 0.078171 -0.000915
-0.943841 0.076632 0.000252
-0.928703 0.077489 -0.000893
-0.914800 0.078535 0.001438
-0.901177 0.079359 -0.000451
-0.884608 0.076870 -0.000683
-0.872158 0.079008 -0.001427
-0.856754 0.079113 -0.000222
-0.840646 0.077277 -0.000113
-0.827308 0.077556 -0.000358
-0.812706 0.079251 0.000467
-0.797926 0.076818 -0.000731
-0.785408 0.076336 0.000423
-0.768734 0.077432 -0.000357
-0.755737 0.076299 -0.000597
-0.740870 0.077395 0.000280
-0.726041 0.078361 0.000237
-0.712619 0.078283 -0.001548
-0.697686 0.077170 0.001113
-0.682663 0.077173 -0.000169
-0.668858 0.076829 0.000963
-0.656006 0.077405 0.000738
-0.642165 0.078861 -0.000051
-0.626923 0.078130 -0.001465
-0.611543 0.078007 -0.001525
-0.598587 0.078186 -0.000895
-0.582552 0.078402 0.000577
-0.568659 0.078236 0.001193
-0.553599 0.079440 -0.000290
-0.540927 0.076569 0.000237
-0.524449 0.077366 -0.000917
-0.509585 0.078537 -0.001543
-0.495996 0.078744 0.000504
-0.481938 0.079243 -0.001108
-0.466645 0.078643 -0.000030
-0.452885 0.078683 -0.000298
-0.440082 0.078062 -0.001593
-0.425177 0.076799 -0.000802
-0.409895 0.079009 -0.000547
-0.396673 0.077956 0.000061
-0.381398 0.076992 -0.001551
-0.366614 0.076745 0.000655
-0.352027 0.078273 0.000997
-0.337839 0.077781 -0.000363
-0.324461 0.078861 0.001185
-0.310468 0.077530 -0.000367
-0.295738 0.077061 -0.000587
-0.279818 0.076840 -0.000609
-0.265155 0.079715 -0.001384
-0.251217 0.077105 0.000357
-0.236901 0.079656 0.000159
-0.224752 0.077518 0.000086
-0.208224 0.077241 -0.001276
-0.194371 0.077384 -0.000058
-0.180234 0.077228 -0.001653
-0.165404 0.078376 0.000336
-0.150851 0.079677 0.000672
-0.138461 0.078858 0.000232
-0.122019 0.076913 0.001293
-0.109412 0.076620 0.000183
-0.093497 0.079266 -0.001306
-0.077664 0.076406 -0.000296
-0.064206 0.078132 -0.000835
-0.050809 0.078222 0.000523
-0.036067 0.077487 -0.001449
-0.023413 0.076772 0.000526
-0.007764 0.075444 -0.001281
0.008038 0.078596 -0.000131
0.021876 0.078058 0.001661
0.037528 0.079341 0.000496
0.049739 0.078015 0.000230
0.064931 0.076652 0.000238
0.079796 0.078071 0.000326
0.091393 0.079716 0.000259
0.110540 0.079369 -0.000877
0.121585 0.078216 0.000129
0.136027 0.077703 0.000074
0.151331 0.077663 -0.001158
0.165448 0.078869 -0.000648
0.177745 0.078910 -0.000479
0.192509 0.077573 0.000080
0.208671 0.078888 -0.000769
0.225812 0.077133 -0.000500
0.236154 0.077909 0.000265
0.252338 0.079545 0.001710
0.264857 0.076382 0.000640
0.280039 0.077959 0.000871
0.294660 0.078175 -0.000238
0.309562 0.078796 -0.000637
0.323566 0.076696 0.000028
0.338470 0.077992 0.001821
0.353579 0.076673 -0.000240
0.367361 0.077554 -0.000662
0.381325 0.077054 -0.002429
0.396143 0.078605 0.000802
0.411566 0.078141 0.000641
0.424168 0.078208 -0.001590
0.437729 0.078854 -0.001242
0.452972 0.077483 0.000184
0.467232 0.076467 -0.001148
0.480619 0.077525 -0.001101
0.495588 0.078431 -0.001316
0.510914 0.078502 -0.000387
0.525466 0.077508 0.000740
0.539090 0.078690 -0.001701
0.555068 0.078274 -0.000421
0.567491 0.077941 -0.000225
0.581098 0.077125 0.000771
0.599184 0.074787 -0.000497
0.610932 0.076344 0.000133
0.626029 0.076509 0.001286
0.641027 0.078532 -0.001369
0.655502 0.077745 -0.000851
0.667838 0.077651 -0.000066
0.682323 0.074211 -0.000097
0.697874 0.079659 -0.001148
0.711926 0.076994 0.000114
0.728758 0.076725 0.002540
0.742388 0.077184 0.000345
0.755450 0.076495 0.000372
0.770855 0.078437 -0.000034
0.783799 0.077685 0.000255
0.796798 0.078115 -0.001159
0.813154 0.076999 0.000026
0.828389 0.077436 -0.001803
0.841660 0.079752 0.000947
0.855640 0.079164 0.000169
0.872262 0.076768 0.000830
0.886846 0.077050 -0.001472
0.897947 0.077156 0.000506
0.914332 0.079067 -0.000288
0.928490 0.076429 -0.000605
0.942680 0.077023 -0.001165
0.957451 0.076675 0.001405
0.971561 0.076740 0.000025
0.985857 0.077983 -0.001048
1.001605 0.077654 0.000465
-1.000691 0.091077 -0.000950
-0.985420 0.095465 0.000893
-0.970164 0.093503 -0.000952
-0.957276 0.091450 0.000491
-0.941473 0.092152 0.001400
-0.929192 0.090926 0.000655
-0.913389 0.092404 0.000818
-0.900632 0.092392 0.000002
-0.884146 0.092191 -0.001132
-0.871375 0.091641 0.001718
-0.856841 0.091059 0.000659
-0.842237 0.091569 -0.000547
-0.826505 0.091494 -0.001639
-0.812680 0.091110 -0.000497
-0.798724 0.092449 -0.001195
-0.784777 0.092194 -0.001223
-0.766841 0.090488 -0.000265
-0.755089 0.091622 -0.000366
-0.741958 0.090903 -0.000024
-0.728021 0.089809 0.000679
-0.710118 0.090799 0.000517
-0.696304 0.091176 -0.000211
-0.683185 0.091009 0.002015
-0.670365 0.091068 -0.000725
-0.653248 0.091876 -0.000813
-0.639407 0.092736 -0.000549
-0.627879 0.091843 -0.000721
-0.611103 0.091178 0.000445
-0.597498 0.091353 -0.000112
-0.583851 0.093425 0.001668
-0.569250 0.094260 0.000797
-0.553676 0.092195 0.000983
-0.541058 0.091849 -0.000434
-0.525121 0.090229 0.000230
-0.510070 0.092218 -0.001646
-0.497590 0.091162 -0.000105
-0.482673 0.092656 0.000260
-0.468467 0.090288 -0.000830
-0.455228 0.091360 -0.000037
-0.438864 0.093490 0.002045
-0.425482 0.092148 -0.000458
-0.410068 0.092631 0.001583
-0.394348 0.090250 -0.000009
-0.381337 0.092213 0.000540
-0.367799 0.092391 -0.000564
-0.351595 0.091546 0.001511
-0.339207 0.091262 0.002005
-0.324135 0.092417 0.000039
-0.307802 0.090104 -0.000156
-0.294950 0.091270 -0.001569
-0.280599 0.091320 -0.001501
-0.266005 0.092851 0.000058
-0.253158 0.092853 -0.001562
-0.236882 0.092437 0.000170
-0.222284 0.090779 -0.000729
-0.209106 0.092418 0.000435
-0.194408 0.091727 0.000519
-0.180683 0.091007 -0.002437
-0.165792 0.090272 0.000257
-0.152568 0.092288 0.000229
-0.136107 0.092169 0.000767
-0.120838 0.092693 -0.000688
-0.108648 0.093674 0.000845
-0.093822 0.091739 0.000271
-0.077350 0.090670 -0.000913
-0.065632 0.091552 -0.000734
-0.051541 0.091356 0.000885
-0.036274 0.092148 -0.002355
-0.021444 0.094122 0.000985
-0.006744 0.091889 0.001800
0.008684 0.093053 -0.000776
0.022276 0.091542 -0.001230
0.034941 0.092007 -0.000558
0.051549 0.091270 0.001184
0.065562 0.091962 0.000148
0.080169 0.092221 -0.000811
0.092304 0.092995 0.000064
0.106661 0.090639 0.000579
0.123528 0.091747 -0.000110
0.138148 0.092607 -0.001790
0.150438 0.091125 -0.000465
0.165626 0.092855 -0.000613
0.179958 0.091592 -0.000768
0.194557 0.092582 -0.001832
0.208210 0.091869 -0.001225
0.225083 0.091712 -0.000706
0.238516 0.092849 -0.001105
0.250936 0.091665 -0.001838
0.266306 0.092696 0.000407
0.280468 0.090584 0.000845
0.293646 0.090939 -0.001250
0.310620 0.092214 0.001332
0.322839 0.090102 -0.000098
0.336435 0.091554 -0.000250
0.352809 0.091709 -0.000249
0.369866 0.093307 -0.000673
0.382571 0.091110 -0.000844
0.395532 0.093053 0.000623
0.410229 0.091921 0.001301
0.424520 0.091363 -0.001180
0.439189 0.094760 -0.000479
0.453068 0.093135 -0.000788
0.467750 0.092821 -0.000134
0.482803 0.093313 -0.000978
0.497181 0.091910 0.000633
0.511674 0.091227 -0.000241
0.525289 0.092235 0.000539
0.541398 0.092522 0.001522
0.554062 0.091145 0.001420
0.568801 0.091561 -0.000932
0.580726 0.093270 0.001254
0.597774 0.091915 0.000630
0.610434 0.094362 0.000322
0.626587 0.092127 -0.000260
0.640913 0.091283 0.001413
0.655303 0.092367 0.000512
0.670747 0.093163 0.000267
0.681863 0.095019 0.001505
0.697654 0.092937 -0.000362
0.711505 0.093903 -0.000033
0.727226 0.092445 -0.001232
0.740740 0.091018 -0.000239
0.753896 0.092023 0.000483
0.769901 0.092045 -0.000792
0.784313 0.092268 0.000435
0.800493 0.090683 0.000396
0.813340 0.092187 -0.000345
0.826569 0.092666 -0.000545
0.843504 0.090895 0.000347
0.855910 0.091412 -0.001095
0.869063 0.090440 -0.001390
0.886877 0.092411 0.000703
0.898049 0.093045 0.001746
0.914314 0.092693 -0.000056
0.929190 0.093225 0.000438
0.940959 0.091892 -0.000588
0.957734 0.091715 -0.001723
0.971718 0.091446 0.001004
0.987234 0.090783 0.000453
1.000129 0.093654 0.000637
-0.999226 0.105393 0.000859
-0.985326 0.106435 0.000123
-0.969682 0.106122 -0.001559
-0.958625 0.105922 0.000484
-0.943890 0.106925 0.000214
-0.928619 0.104780 0.001030
-0.913760 0.106894 -0.000778
-0.900755 0.106169 -0.001847
-0.885347 0.106576 -0.000254
-0.871067 0.106925 0.000795
-0.856205 0.106174 -0.000028
-0.840316 0.105851 0.002276
-0.829173 0.105935 0.001173
-0.811507 0.106272 0.000443
-0.798046 0.106495 -0.001370
-0.782633 0.104617 -0.000930
-0.771419 0.105755 0.000710
-0.756446 0.106285 0.000207
-0.740364 0.105565 -0.001418
-0.726767 0.105818 -0.001789
-0.713397 0.106333 0.000619
-0.698449 0.106106 0.001063
-0.684377 0.105046 0.002015
-0.668621 0.105807 0.001970
-0.653015 0.105594 0.000634
-0.639545 0.105887 0.000958
-0.623778 0.106027 0.000899
-0.611115 0.106950 -0.001815
-0.596465 0.105565 0.000138
-0.582439 0.107332 0.000231
-0.568246 0.104908 -0.000164
-0.553798 0.105491 0.001092
-0.541356 0.105264 0.001741
-0.525542 0.106040 -0.002202
-0.510730 0.106598 0.000956
-0.495843 0.105888 -0.001734
-0.481447 0.105111 -0.001334
-0.468420 0.106257 0.000337
-0.452825 0.105593 0.000154
-0.439250 0.106195 -0.001242
-0.423382 0.105128 0.001670
-0.411150 0.104445 -0.000102
-0.395834 0.104710 -0.002606
-0.383616 0.106530 -0.000465
-0.368261 0.105756 0.001648
-0.354254 0.107779 0.000760
-0.336131 0.105638 0.000519
-0.321753 0.106432 0.000556
-0.307696 0.106940 0.000395
-0.294912 0.105273 -0.000818
-0.279779 0.106169 -0.000891
-0.265653 0.105975 -0.000487
-0.252657 0.105268 -0.001770
-0.237586 0.106587 0.000192
-0.221469 0.105693 0.001076
-0.209003 0.105020 0.002674
-0.193707 0.107568 -0.000192
-0.179333 0.105470 0.000010
-0.164881 0.107467 -0.001734
-0.151010 0.108392 -0.000305
-0.137322 0.107761 0.000466
-0.121752 0.106022 -0.001261
-0.106369 0.104093 0.000538
-0.091258 0.107680 -0.000647
-0.079289 0.108286 0.002102
-0.065469 0.106937 0.000359
-0.050957 0.105226 -0.001683
-0.034832 0.104855 0.000677
-0.022369 0.106258 -0.001086
-0.006383 0.106101 -0.002076
0.006859 0.106769 0.000394
0.021822 0.106459 -0.001555
0.035630 0.104460 0.000516
0.051136 0.106824 -0.000716
0.063630 0.105478 0.000018
0.078066 0.107065 -0.000145
0.094689 0.107132 -0.000156
0.107051 0.107534 0.000096
0.123186 0.108209 0.000322
0.138612 0.107510 -0.001456
0.150418 0.104550 0.000638
0.166396 0.106340 0.000882
0.178405 0.105667 -0.000952
0.193634 0.104261 0.001234
0.210527 0.106553 0.000559
0.223033 0.107433 0.000296
0.234880 0.107867 0.002683
0.253002 0.106811 -0.000870
0.268661 0.105292 -0.000488
0.281165 0.106796 0.001183
0.295579 0.105908 0.000198
0.309573 0.103982 0.000022
0.322970 0.105408 0.000066
0.337360 0.107247 -0.000599
0.353340 0.105853 0.000007
0.366796 0.105446 0.002411
0.382058 0.105618 -0.000182
0.396458 0.105278 -0.000653
0.410379 0.107281 0.000963
0.424430 0.106469 0.000957
0.439680 0.108201 0.000567
0.452365 0.106272 -0.000776
0.468199 0.106092 0.000121
0.481441 0.105473 -0.001326
0.496833 0.106046 -0.001119
0.510839 0.105957 -0.000975
0.525160 0.107093 -0.001181
0.539568 0.107944 -0.000783
0.554008 0.106099 -0.000595
0.568035 0.106470 -0.001363
0.582359 0.104856 0.001221
0.598818 0.106346 -0.000308
0.612047 0.104936 0.000410
0.626407 0.106089 -0.000850
0.639539 0.106421 -0.000736
0.656453 0.104465 -0.000816
0.669892 0.106463 -0.000349
0.682852 0.105567 -0.000252
0.697461 0.106248 0.000518
0.712906 0.105435 0.000771
0.726113 0.106829 -0.000205
0.740110 0.105160 -0.001317
0.755764 0.104052 -0.000402
0.769229 0.107019 -0.000842
0.784249 0.105262 -0.001481
0.797610 0.105571 -0.000459
0.812941 0.106685 0.000679
0.829058 0.106161 -0.000340
0.841796 0.105281 0.000102
0.856578 0.106644 0.002272
0.870415 0.105379 -0.000615
0.884903 0.107388 -0.000200
0.897734 0.105891 0.000590
0.912346 0.104718 -0.000128
0.928626 0.106727 -0.000741
0.941688 0.105139 0.000513
0.957505 0.106822 0.000445
0.971180 0.105530 0.001601
0.984754 0.107301 -0.000769
1.001997 0.104887 0.001061
-1.001503 0.121931 -0.000148
-0.986238 0.122223 -0.000970
-0.972421 0.120144 0.000380
-0.957441 0.120022 0.000943
-0.943929 0.121586 -0.000783
-0.926830 0.119582 -0.000040
-0.914062 0.122042 -0.001982
-0.898773 0.120738 -0.001587
-0.887100 0.120179 -0.000711
-0.871279 0.122242 0.001536
-0.856335 0.119795 0.000763
-0.841257 0.120812 0.001209
-0.827559 0.119392 -0.000930
-0.811756 0.121036 -0.000425
-0.797798 0.120160 0.001838
-0.785246 0.119963 0.001056
-0.770005 0.120270 -0.000396
-0.756051 0.118720 -0.000827
-0.742377 0.117977 -0.001211
-0.728579 0.118458 -0.000112
-0.713500 0.120502 -0.000454
-0.697135 0.119354 0.000672
-0.683219 0.122183 -0.000798
-0.669203 0.120689 -0.000303
-0.652986 0.119945 -0.001071
-0.638441 0.119147 0.001204
-0.626721 0.120627 0.000623
-0.610676 0.120768 -0.000244
-0.597466 0.120201 0.000754
-0.583964 0.119580 0.001540
-0.567568 0.118795 0.001380
-0.555314 0.120072 -0.001300
-0.540117 0.119442 0.001181
-0.525338 0.120882 -0.000897
-0.510583 0.119642 0.000133
-0.497358 0.119506 -0.000674
-0.482623 0.120734 -0.000116
-0.467220 0.120956 -0.000730
-0.455623 0.121337 0.000747
-0.440525 0.121933 0.001393
-0.424983 0.119752 0.000588
-0.409962 0.122291 0.001200
-0.393004 0.120961 -0.000506
-0.379622 0.120573 0.000208
-0.367543 0.120327 -0.000829
-0.354009 0.121810 0.000085
-0.338830 0.117913 -0.000105
-0.322677 0.119767 -0.000551
-0.309964 0.118676 -0.000091
-0.295089 0.120530 0.001371
-0.279130 0.120854 0.000567
-0.266529 0.118755 0.000449
-0.251373 0.121745 -0.000008
-0.237690 0.119156 -0.000584
-0.224523 0.119677 -0.000999
-0.207987 0.119173 0.001878
-0.194642 0.121747 0.000477
-0.179813 0.120752 0.001284
-0.163815 0.121586 -0.000642
-0.151342 0.120264 -0.002576
-0.136335 0.119143 -0.000115
-0.122240 0.120732 -0.001503
-0.108626 0.121181 -0.000172
-0.093627 0.119694 -0.001935
-0.079533 0.118739 -0.000438
-0.066291 0.119395 0.000460
-0.050282 0.119994 0.001075
-0.036386 0.119248 0.000030
-0.021104 0.119265 0.000323
-0.007461 0.120602 0.000052
0.007118 0.120102 0.000625
0.021093 0.121172 -0.000412
0.036428 0.120632 0.002842
0.048940 0.119929 -0.000492
0.065725 0.121141 0.001437
0.079000 0.120922 -0.002067
0.094759 0.121050 -0.000994
0.108408 0.120170 0.000075
0.121486 0.120769 0.002043
0.138245 0.120136 -0.002206
0.150526 0.119924 0.000056
0.165715 0.121779 0.001282
0.179040 0.119966 -0.002127
0.195550 0.119817 -0.000443
0.209274 0.120969 -0.000318
0.222459 0.120872 -0.000351
0.236148 0.119712 0.000662
0.250931 0.119681 -0.001655
0.266375 0.120314 0.000912
0.282212 0.121119 0.000699
0.294424 0.119406 0.001258
0.309764 0.119925 -0.000920
0.324079 0.119927 -0.000817
0.335718 0.119686 0.000847
0.352008 0.119441 0.000268
0.367366 0.122121 -0.000410
0.380383 0.120764 -0.000825
0.394890 0.118803 0.000186
0.409623 0.120931 -0.001854
0.423396 0.121096 -0.001074
0.438420 0.121930 -0.000736
0.453656 0.119492 0.000594
0.468602 0.118223 -0.000562
0.482511 0.120187 -0.000073
0.495040 0.120522 0.000117
0.512596 0.120019 -0.000326
0.525302 0.119168 -0.000225
0.538769 0.120338 0.000246
0.551540 0.121377 -0.000371
0.568889 0.119992 0.002258
0.582882 0.121272 0.000105
0.598340 0.120577 0.000474
0.612077 0.121037 0.001779
0.625027 0.119349 -0.000249
0.642629 0.119695 0.000019
0.654939 0.119979 0.000980
0.669334 0.119882 0.001675
0.685308 0.119334 0.001270
0.696262 0.121149 -0.000590
0.713479 0.119293 0.000503
0.727607 0.119672 0.000427
0.740122 0.119963 -0.000734
0.753343 0.120517 0.000155
0.770550 0.120371 0.000854
0.783831 0.120418 0.000554
0.798501 0.119778 -0.002678
0.815347 0.120981 0.000515
0.827018 0.118172 0.000484
0.842550 0.119403 0.000851
0.855378 0.119244 -0.001749
0.871014 0.119828 -0.001938
0.883352 0.117321 0.001274
0.899746 0.119947 -0.000175
0.914719 0.119254 0.000664
0.926445 0.121190 -0.000938
0.942431 0.120021 -0.000247
0.956019 0.120485 -0.000915
0.970744 0.120081 -0.000817
0.984231 0.119608 0.000006
0.999013 0.120360 -0.000096
-0.998396 0.134050 0.000793
-0.985662 0.135060 0.000459
-0.972684 0.133499 -0.000943
-0.957758 0.134704 0.000359
-0.942078 0.133444 0.000765
-0.928288 0.134876 0.001491
-0.913393 0.135097 -0.001658
-0.899893 0.134075 -0.001203
-0.885100 0.133700 -0.001269
-0.868422 0.136140 0.000273
-0.856393 0.134661 -0.000709
-0.841612 0.133079 -0.000360
-0.828524 0.134353 -0.000282
-0.813569 0.133039 0.000962
-0.798418 0.133891 0.000228
-0.784270 0.133981 -0.000640
-0.770080 0.133970 -0.000125
-0.756915 0.133918 0.000562
-0.741643 0.134007 0.001939
-0.726762 0.134192 0.000872
-0.711834 0.134841 0.001393
-0.698846 0.136202 0.000247
-0.684777 0.136540 0.001496
-0.668982 0.134283 -0.000701
-0.654335 0.134994 0.002042
-0.640098 0.133471 0.000647
-0.625577 0.135235 0.000939
-0.610718 0.135639 0.000230
-0.596649 0.135080 -0.000614
-0.580963 0.134595 0.000626
-0.568519 0.133453 -0.000258
-0.555465 0.135415 0.000199
-0.540497 0.135324 0.001102
-0.525216 0.134813 0.001619
-0.512164 0.133847 -0.000036
-0.496585 0.134129 0.000055
-0.482350 0.134303 -0.002218
-0.467794 0.133134 0.000433
-0.455194 0.133875 0.001000
-0.438910 0.132820 0.001227
-0.424927 0.135471 0.000342
-0.411306 0.134383 -0.000434
-0.393914 0.134850 0.000188
-0.381600 0.134963 -0.000149
-0.366850 0.132862 -0.001411
-0.353175 0.134192 0.000063
-0.338891 0.134711 0.001149
-0.324174 0.134338 0.001122
-0.309315 0.134356 -0.000066
-0.295001 0.134730 -0.001447
-0.280781 0.134423 -0.001260
-0.267713 0.134634 0.000539
-0.252775 0.135457 -0.000361
-0.238372 0.134499 -0.000742
-0.221422 0.134176 0.000313
-0.210023 0.134964 0.000290
-0.195215 0.133387 -0.000135
-0.178428 0.134373 0.000209
-0.165577 0.132177 0.001700
-0.151172 0.133205 -0.000408
-0.138527 0.134792 0.001948
-0.121659 0.134042 0.000363
-0.109172 0.133327 0.001440
-0.095074 0.135124 -0.000510
-0.079615 0.135040 0.000985
-0.063919 0.133958 -0.000671
-0.050282 0.135305 0.001216
-0.035364 0.133998 0.000003
-0.021942 0.135712 0.001017
-0.005826 0.134801 0.000532
0.006714 0.133359 -0.000954
0.020424 0.133703 0.000047
0.034217 0.134357 0.000805
0.050686 0.134817 0.000671
0.064036 0.134121 0.001000
0.078659 0.133772 0.000352
0.094509 0.135244 -0.000132
0.107624 0.133123 0.001665
0.120196 0.134104 -0.001186
0.138699 0.134226 -0.000476
0.149221 0.133422 -0.001014
0.166330 0.135728 0.000552
0.179638 0.132799 -0.000340
0.194406 0.133162 0.002447
0.208992 0.134360 0.001952
0.222083 0.133122 -0.000079
0.238034 0.133719 0.000711
0.251248 0.133316 0.000938
0.267312 0.134435 -0.000998
0.281021 0.135596 -0.000768
0.294819 0.134890 0.001423
0.309367 0.134356 -0.000811
0.323169 0.133487 -0.000774
0.336719 0.134692 0.000721
0.353404 0.133874 0.002095
0.366470 0.135668 -0.000299
0.380684 0.133930 0.001344
0.393188 0.135129 -0.000448
0.408885 0.133886 0.000546
0.424135 0.132996 0.001070
0.440296 0.134655 -0.000911
0.453584 0.135844 -0.000581
0.466739 0.133607 0.000911
0.481411 0.136082 0.001264
0.498156 0.134946 0.000185
0.511753 0.135084 0.000433
0.526031 0.135069 -0.001674
0.539460 0.134916 0.001113
0.555289 0.133465 -0.001332
0.569377 0.134072 0.000330
0.582963 0.134859 -0.000439
0.598578 0.134063 -0.001142
0.610882 0.134582 -0.000576
0.627184 0.133811 -0.002119
0.640010 0.134694 -0.001737
0.653980 0.134581 0.000571
0.669714 0.132732 -0.001233
0.683515 0.134454 -0.000293
0.696411 0.135800 0.001277
0.712193 0.134279 0.001062
0.727559 0.134490 -0.001002
0.741912 0.134891 -0.000688
0.754647 0.135241 -0.000076
0.770678 0.132994 0.000621
0.784146 0.133577 0.000571
0.798985 0.134805 0.000137
0.812168 0.133082 0.000558
0.826670 0.135423 0.000502
0.842388 0.135873 -0.001080
0.855246 0.137343 -0.000447
0.869630 0.134417 -0.001948
0.883691 0.134614 0.000084
0.900351 0.134682 0.002130
0.913051 0.134180 0.000177
0.928875 0.134914 0.000345
0.942643 0.135442 0.000302
0.957188 0.133559 -0.000204
0.973705 0.134682 -0.000189
0.983444 0.132766 0.000031
1.000610 0.134755 -0.001650
-1.000653 0.148387 0.000258
-0.986232 0.150344 0.000097
-0.970850 0.147971 -0.000144
-0.955188 0.148653 -0.002362
-0.943149 0.148198 -0.000457
-0.929378 0.148373 -0.000550
-0.914423 0.148449 0.001397
-0.900343 0.148171 -0.000419
-0.885605 0.147380 0.002005
-0.869687 0.147018 -0.000002
-0.856654 0.148645 0.000727
-0.842833 0.148144 -0.000560
-0.827146 0.149418 0.000086
-0.812271 0.147609 -0.000273
-0.799647 0.148096 -0.000447
-0.783256 0.146719 -0.000421
-0.769362 0.148797 0.000665
-0.758689 0.148748 -0.000272
-0.740822 0.146281 -0.000272
-0.726189 0.148251 -0.001017
-0.712029 0.149277 0.001124
-0.699289 0.149262 -0.000809
-0.684561 0.149055 0.000835
-0.669014 0.147778 0.000296
-0.654630 0.146397 0.001891
-0.640363 0.148188 0.000181
-0.625380 0.150045 -0.000041
-0.614246 0.148435 0.001298
-0.596752 0.147071 0.001232
-0.582525 0.148475 -0.002700
-0.569035 0.150874 -0.000934
-0.555775 0.145952 0.002203
-0.538232 0.148908 -0.000809
-0.526387 0.148711 0.001276
-0.511383 0.148033 -0.000024
-0.497640 0.148952 -0.000384
-0.483313 0.148769 0.000358
-0.467269 0.149611 -0.001461
-0.453580 0.148666 0.000595
-0.439105 0.146947 0.001027
-0.424683 0.148833 -0.001658
-0.410180 0.147302 -0.001483
-0.394658 0.148276 -0.001347
-0.378854 0.148766 -0.000448
-0.368550 0.147824 -0.001374
-0.351964 0.149226 -0.000089
-0.339065 0.149836 -0.001147
-0.324198 0.147802 -0.001436
-0.307924 0.148459 0.000502
-0.295620 0.149720 -0.000417
-0.280797 0.149688 -0.000960
-0.265668 0.148099 -0.000294
-0.253618 0.149168 0.001147
-0.235550 0.147491 -0.000266
-0.224632 0.148186 0.001461
-0.209578 0.147142 0.001448
-0.194832 0.147790 0.001485
-0.179575 0.149812 0.002062
-0.164716 0.147282 0.000149
-0.151671 0.148151 0.000786
-0.137195 0.150827 0.000898
-0.122609 0.149129 -0.001033
-0.108250 0.147538 -0.001136
-0.094259 0.147404 -0.000007
-0.077434 0.147510 -0.000770
-0.064821 0.148361 0.000030
-0.050820 0.149026 0.000565
-0.037063 0.148206 -0.001298
-0.021366 0.149093 -0.000789
-0.006973 0.149239 -0.000821
0.007708 0.148437 0.000406
0.019940 0.150130 -0.000098
0.034712 0.148167 0.000429
0.049666 0.147940 -0.001377
0.064280 0.148274 0.000287
0.078225 0.148632 0.000532
0.094483 0.148201 0.000546
0.107792 0.147034 -0.000330
0.122518 0.148742 -0.000271
0.137472 0.147617 -0.000148
0.151037 0.147971 0.000804
0.166700 0.148724 0.000328
0.180285 0.149232 0.001438
0.194489 0.148754 -0.000217
0.208009 0.147698 -0.000267
0.223648 0.148443 -0.001597
0.236737 0.146938 0.000132
0.252665 0.148081 0.001349
0.264569 0.147645 -0.000417
0.279944 0.148612 -0.001154
0.295977 0.148933 -0.000379
0.309970 0.148215 0.000293
0.324495 0.148094 -0.000831
0.337916 0.149161 0.001165
0.351713 0.148796 0.002446
0.366238 0.148075 -0.001305
0.380119 0.147573 -0.000318
0.395559 0.150221 -0.001702
0.409109 0.148473 0.001044
0.425394 0.149274 -0.000941
0.439823 0.149030 0.000645
0.453553 0.149073 0.000185
0.466491 0.149992 -0.001287
0.482028 0.148591 -0.001104
0.495856 0.148571 0.001069
0.511430 0.149183 -0.002093
0.524696 0.149608 -0.000273
0.540957 0.148942 0.000421
0.554353 0.148952 -0.000426
0.567219 0.149114 -0.000962
0.582246 0.149969 -0.001558
0.598482 0.150330 0.000865
0.611875 0.148343 0.001108
0.626071 0.148402 -0.000622
0.640532 0.148046 0.000034
0.655370 0.148628 -0.000822
0.670802 0.148929 0.000012
0.683805 0.147616 -0.000786
0.695938 0.148898 -0.000772
0.711589 0.150251 0.000758
0.727177 0.148864 -0.001910
0.741990 0.148699 0.000593
0.754140 0.147577 -0.000540
0.769531 0.147642 -0.000694
0.784862 0.148672 0.001123
0.798986 0.147023 0.000925
0.812814 0.149078 -0.001350
0.825595 0.147282 -0.000521
0.843560 0.149641 -0.001203
0.855212 0.147861 -0.002091
0.870369 0.148814 -0.000049
0.883474 0.149349 -0.001576
0.899902 0.151127 0.000072
0.914997 0.147818 0.000185
0.926564 0.149085 0.002038
0.942568 0.148063 0.000334
0.955886 0.148190 0.001327
0.970221 0.149639 0.000444
0.986306 0.148767 0.000315
0.998797 0.149158 0.002015
-1.000422 0.163156 -0.000762
-0.983189 0.161986 0.000034
-0.970217 0.163401 0.000812
-0.955149 0.161960 -0.001600
-0.943004 0.164237 0.000241
-0.929619 0.160938 0.001240
-0.911649 0.163909 0.000245
-0.898625 0.160573 0.000623
-0.884534 0.162088 -0.000048
-0.870398 0.161858 0.000943
-0.855244 0.163042 0.002114
-0.840845 0.162145 -0.001419
-0.824997 0.162492 -0.000399
-0.811522 0.162016 0.002244
-0.799996 0.162377 0.000152
-0.782883 0.162447 -0.000059
-0.771337 0.162658 0.001507
-0.755607 0.162541 0.001355
-0.741440 0.164370 -0.002063
-0.726395 0.160825 0.000762
-0.711567 0.162468 -0.000528
-0.697257 0.165153 -0.001057
-0.682321 0.163926 -0.000494
-0.668579 0.160240 -0.001443
-0.653910 0.161082 -0.000708
-0.640888 0.162853 -0.001331
-0.625413 0.161647 -0.001059
-0.613035 0.163394 -0.000603
-0.597198 0.164180 0.000192
-0.582035 0.162783 0.000842
-0.567154 0.164367 0.000579
-0.552375 0.161754 -0.000244
-0.538694 0.161997 0.001154
-0.526421 0.163991 -0.000869
-0.510892 0.164606 -0.000574
-0.496070 0.161958 0.001631
-0.480361 0.162458 -0.000249
-0.468276 0.166578 0.001178
-0.454414 0.162652 -0.001457
-0.439438 0.162593 -0.000904
-0.423464 0.160504 0.001039
-0.410209 0.162879 0.000952
-0.395688 0.163394 0.001001
-0.380036 0.163351 0.001915
-0.365756 0.163688 -0.000399
-0.352984 0.163731 -0.001530
-0.338840 0.161163 0.000519
-0.324172 0.161229 -0.000591
-0.308716 0.163297 0.000315
-0.293680 0.163044 -0.001711
-0.280038 0.161565 0.001563
-0.267827 0.161836 0.000361
-0.251899 0.162174 -0.001875
-0.238076 0.163717 -0.000378
-0.222978 0.160807 -0.000387
-0.209696 0.161770 0.000472
-0.192821 0.160820 0.000159
-0.179552 0.163622 0.000829
-0.163106 0.161732 0.000458
-0.151653 0.162903 -0.000418
-0.138161 0.162933 -0.001004
-0.121326 0.163201 -0.001103
-0.107400 0.162980 -0.000293
-0.093761 0.165205 -0.000633
-0.078292 0.165734 -0.000499
-0.066185 0.161167 0.000803
-0.050496 0.163303 -0.001666
-0.035239 0.163672 -0.000696
-0.021592 0.164362 -0.000558
-0.005676 0.162247 -0.001243
0.007060 0.162383 -0.000614
0.020717 0.162165 0.000324
0.034933 0.163210 0.002959
0.049924 0.163767 0.000285
0.064719 0.163659 -0.001362
0.080945 0.164221 0.001579
0.094527 0.164394 0.000371
0.108697 0.162117 0.000527
0.122098 0.165513 0.000807
0.136570 0.162211 -0.000908
0.152220 0.161425 0.001547
0.165737 0.163237 0.001826
0.178769 0.162700 -0.001369
0.195288 0.164222 -0.001518
0.209101 0.163774 -0.000590
0.221243 0.162944 0.000880
0.237511 0.163072 0.000297
0.250649 0.163388 0.000318
0.267030 0.161369 0.000652
0.280512 0.162379 0.001028
0.294818 0.160199 -0.001040
0.309508 0.162723 0.000605
0.324157 0.161732 -0.000221
0.338076 0.162782 0.000430
0.354182 0.162996 -0.001114
0.367440 0.162206 0.000428
0.380902 0.161416 0.000037
0.395435 0.161914 0.001221
0.411295 0.163005 0.001238
0.423403 0.161818 0.000659
0.439510 0.162218 0.000241
0.453211 0.162011 0.000655
0.466456 0.163349 -0.000593
0.480571 0.161802 0.000388
0.494961 0.162656 -0.001235
0.510201 0.162417 0.000219
0.525794 0.161387 0.001150
0.538801 0.164703 -0.000948
0.555404 0.163433 0.000337
0.568216 0.164353 -0.001388
0.584449 0.160557 -0.000558
0.597122 0.162596 -0.000093
0.611649 0.162216 0.000577
0.627490 0.163047 0.002100
0.639210 0.162221 0.002885
0.653411 0.161887 -0.000805
0.668567 0.163816 0.000244
0.683425 0.161148 0.000454
0.697526 0.162334 0.002221
0.711649 0.161903 -0.001748
0.728030 0.162468 0.001011
0.741138 0.162719 0.000084
0.754274 0.163032 -0.000300
0.769625 0.162112 -0.000199
0.783015 0.162635 -0.001613
0.798064 0.162254 -0.000010
0.813931 0.162459 -0.001748
0.828489 0.162087 0.000511
0.842262 0.162085 0.000588
0.854797 0.163036 0.000022
0.872464 0.161324 0.001288
0.885783 0.162199 -0.000659
0.899067 0.162064 0.000222
0.911330 0.161974 -0.000865
0.926896 0.163286 0.000999
0.943384 0.163807 0.000006
0.959389 0.163984 0.001144
0.970317 0.163120 0.001172
0.986738 0.162358 -0.000272
0.997787 0.163012 0.000659
-1.000802 0.177391 -0.001840
-0.986186 0.175553 -0.000247
-0.971825 0.178147 0.001128
-0.956862 0.177270 0.001017
-0.943470 0.176409 -0.000199
-0.929785 0.176079 0.000123
-0.912692 0.177675 -0.000844
-0.898161 0.177002 0.001135
-0.884325 0.176851 -0.000737
-0.869559 0.176876 0.000424
-0.856812 0.177060 -0.000072
-0.840024 0.175571 -0.001259
-0.827445 0.176583 -0.001060
-0.812653 0.176364 -0.000054
-0.798308 0.174900 0.000021
-0.784103 0.176002 0.002026
-0.771000 0.176848 0.000286
-0.754805 0.178758 0.001327
-0.741652 0.177600 -0.000705
-0.727739 0.175245 0.001694
-0.712743 0.175926 -0.000741
-0.698566 0.176380 -0.000514
-0.684240 0.178165 -0.000754
-0.668865 0.176349 -0.001131
-0.654046 0.177533 0.000207
-0.640964 0.176408 0.000149
-0.626053 0.176282 -0.001088
-0.612113 0.175984 0.000066
-0.597941 0.176887 -0.000395
-0.583875 0.177326 -0.001120
-0.569104 0.175602 -0.001316
-0.553136 0.178535 -0.001832
-0.539947 0.178854 0.000511
-0.526203 0.177278 -0.000198
-0.510685 0.176324 0.000799
-0.495582 0.177195 -0.001359
-0.482647 0.177255 -0.001102
-0.467682 0.176431 -0.000198
-0.452970 0.177040 0.001446
-0.439139 0.175994 0.000621
-0.423279 0.176324 -0.000263
-0.410449 0.177607 0.000710
-0.397821 0.177456 0.000749
-0.380867 0.177904 0.000147
-0.367481 0.174576 0.000508
-0.351559 0.175752 -0.000384
-0.338750 0.175979 0.000958
-0.324028 0.177936 0.000613
-0.309680 0.177059 -0.002612
-0.295253 0.176791 -0.000395
-0.281760 0.176763 0.001539
-0.267291 0.176098 -0.001934
-0.251478 0.176816 0.000602
-0.237580 0.178021 -0.001127
-0.222292 0.177031 0.000084
-0.207255 0.176657 0.001334
-0.194831 0.177078 -0.000421
-0.179711 0.176157 0.000381
-0.165385 0.178221 -0.000359
-0.150228 0.174569 0.000127
-0.138047 0.175284 -0.001171
-0.124180 0.177966 0.000199
-0.105809 0.176718 0.000517
-0.092684 0.174910 -0.000676
-0.079113 0.176344 -0.001994
-0.063420 0.176417 0.000735
-0.050162 0.176343 0.000317
-0.035076 0.176596 0.001025
-0.020571 0.177820 0.000918
-0.005935 0.176337 -0.001996
0.007482 0.177856 -0.001002
0.020588 0.176093 -0.001710
0.036067 0.176595 0.000231
0.051238 0.175858 0.000945
0.063645 0.175722 0.001041
0.077805 0.176486 -0.000245
0.094388 0.176647 -0.002590
0.108487 0.177496 -0.000564
0.120901 0.175079 -0.000017
0.136528 0.177316 -0.001249
0.151779 0.177266 0.001303
0.165181 0.176584 0.001832
0.179674 0.176394 0.000757
0.195668 0.176487 -0.000272
0.207637 0.176560 0.000235
0.223298 0.177166 0.001073
0.237604 0.176831 0.000152
0.250602 0.178216 -0.000010
0.267749 0.178269 0.001032
0.280835 0.177158 -0.002308
0.295076 0.175913 0.001559
0.307762 0.177735 0.000573
0.324638 0.175074 0.001104
0.339138 0.175248 0.002532
0.354309 0.176623 0.000529
0.368519 0.176078 -0.002459
0.380709 0.178059 0.000552
0.395461 0.178269 0.001471
0.410601 0.177727 -0.000384
0.423549 0.178511 0.000419
0.439842 0.177933 -0.000143
0.452277 0.175217 0.000235
0.466491 0.176557 -0.001456
0.482138 0.177470 0.002028
0.494391 0.177210 0.000181
0.510691 0.177140 0.000340
0.525373 0.175982 -0.000551
0.538801 0.176282 -0.000561
0.553305 0.175777 -0.001033
0.569146 0.177969 -0.000393
0.582369 0.177681 0.000023
0.596733 0.177163 -0.000039
0.612745 0.176543 -0.000332
0.624992 0.178407 -0.000760
0.638283 0.175723 -0.000825
0.654109 0.177683 0.001878
0.669595 0.176085 -0.000342
0.683723 0.175639 0.000454
0.697275 0.177657 -0.000212
0.713031 0.178014 -0.001282
0.726502 0.177717 -0.000453
0.741401 0.177129 0.000314
0.755894 0.175944 -0.000067
0.768705 0.175061 -0.000804
0.784592 0.177900 0.000842
0.798351 0.176716 -0.001395
0.813570 0.176802 0.001037
0.828695 0.176786 -0.000133
0.841110 0.176846 0.001467
0.855205 0.176885 0.000489
0.871005 0.177320 0.000153
0.882727 0.177033 -0.000316
0.900403 0.177868 -0.000121
0.914944 0.177031 0.000014
0.928773 0.177526 0.000470
0.941703 0.176230 -0.000417
0.956676 0.178022 -0.000367
0.970596 0.177419 -0.001436
0.986807 0.177571 0.000291
1.000923 0.177342 0.000365
-0.999172 0.190200 0.000251
-0.985803 0.190885 0.000498
-0.970281 0.190718 0.000313
-0.955767 0.190200 -0.000274
-0.941311 0.189664 0.001297
-0.930274 0.192477 0.001297
-0.913613 0.191337 -0.001156
-0.899422 0.191004 -0.000661
-0.883557 0.191522 0.001057
-0.870105 0.191413 0.001580
-0.855755 0.191355 0.000647
-0.840654 0.189924 0.000077
-0.828764 0.192083 0.000894
-0.813760 0.191446 -0.000836
-0.797802 0.190111 -0.000318
-0.781884 0.191522 0.001363
-0.769644 0.189271 -0.002741
-0.753061 0.189608 -0.000318
-0.741988 0.191146 -0.000633
-0.725560 0.190595 0.001275
-0.712097 0.190967 -0.000955
-0.696436 0.192203 0.001004
-0.683012 0.192193 0.000956
-0.667344 0.191260 0.001239
-0.654618 0.190301 -0.000755
-0.640083 0.191657 0.000981
-0.625858 0.190292 0.000257
-0.610055 0.190788 0.000417
-0.596571 0.190974 -0.000176
-0.581473 0.191654 -0.000723
-0.568258 0.190500 -0.000898
-0.553293 0.190817 -0.000635
-0.540234 0.192413 0.000246
-0.524902 0.189530 -0.001195
-0.511737 0.191736 0.000763
-0.496030 0.189558 -0.000336
-0.483687 0.192063 -0.001405
-0.467541 0.190587 0.000375
-0.451134 0.192557 0.000317
-0.439315 0.189940 -0.000236
-0.427086 0.192541 -0.001874
-0.409384 0.191746 -0.000266
-0.395945 0.192869 0.000041
-0.380737 0.192589 0.001080
-0.365146 0.190147 0.000001
-0.353080 0.190280 0.000950
-0.337726 0.190451 0.000494
-0.322982 0.189327 0.000844
-0.309924 0.191661 0.000681
-0.296082 0.191852 0.002958
-0.282225 0.190041 0.001587
-0.267759 0.191280 0.000256
-0.251539 0.187226 -0.000030
-0.237914 0.189845 -0.002322
-0.223241 0.190848 -0.000179
-0.209942 0.190708 0.001993
-0.194580 0.191638 -0.000136
-0.178024 0.189215 0.000000
-0.166155 0.191895 0.000562
-0.149897 0.190875 -0.000087
-0.135992 0.191289 -0.001438
-0.123509 0.192197 0.000655
-0.108606 0.191113 -0.001732
-0.091793 0.189325 -0.000400
-0.080097 0.190859 0.000868
-0.064556 0.190751 0.000112
-0.049313 0.190607 0.001477
-0.035237 0.192473 0.000611
-0.023222 0.189873 -0.001370
-0.007107 0.191186 0.000284
0.008255 0.190106 0.000390
0.021810 0.192601 -0.000080
0.035266 0.190760 0.000374
0.051413 0.190335 -0.001192
0.064774 0.191084 0.001099
0.078973 0.191476 -0.000637
0.092298 0.188960 0.000719
0.108337 0.191638 -0.000156
0.123817 0.191567 -0.000793
0.136149 0.192589 0.000556
0.151259 0.190125 -0.000322
0.165645 0.191603 0.001000
0.180685 0.191594 -0.000334
0.194429 0.190579 0.001580
0.208439 0.189656 0.001085
0.223784 0.190838 0.000838
0.237822 0.191348 -0.000181
0.251227 0.190060 0.002000
0.265600 0.189288 -0.002485
0.279515 0.191842 0.000230
0.295418 0.189797 -0.000784
0.310102 0.190270 0.001001
0.323947 0.190993 0.000192
0.337410 0.191618 0.000121
0.350905 0.192495 0.000305
0.366904 0.191322 -0.001084
0.381843 0.192193 -0.000489
0.396120 0.192478 0.000559
0.411000 0.191517 0.000831
0.422649 0.191798 0.000392
0.440030 0.190892 0.000668
0.452778 0.190189 0.000062
0.468392 0.189527 0.000462
0.481687 0.190752 -0.000473
0.496680 0.190183 0.000101
0.511041 0.190019 0.000968
0.525184 0.190318 -0.000876
0.539280 0.191862 -0.000210
0.554982 0.191098 0.001905
0.568013 0.189709 0.001302
0.581762 0.190836 0.001297
0.596393 0.190352 0.000690
0.614291 0.191296 -0.001276
0.624563 0.192280 0.001151
0.641679 0.190619 -0.001153
0.656130 0.189164 0.001326
0.670332 0.189616 -0.001334
0.681888 0.190442 0.000191
0.698774 0.190091 -0.002445
0.711616 0.192056 0.000554
0.725220 0.190846 -0.001342
0.741782 0.191055 0.000709
0.754343 0.190938 -0.001252
0.769107 0.191237 0.000153
0.783489 0.188619 -0.000410
0.798538 0.190273 0.000932
0.812300 0.190764 0.000086
0.828227 0.190739 0.000147
0.841781 0.190504 -0.000331
0.855872 0.188790 0.000678
0.871946 0.191149 0.000050
0.883526 0.190172 -0.000384
0.899728 0.192081 0.000550
0.912765 0.191058 -0.000443
0.927407 0.191036 -0.001667
0.940429 0.190687 -0.000400
0.957115 0.192427 0.000689
0.969747 0.191508 0.001075
0.987318 0.192605 0.001144
1.001637 0.190968 0.001674
-0.999878 0.203502 0.000770
-0.986168 0.205002 0.000070
-0.970462 0.205477 -0.000282
-0.956626 0.204435 0.000665
-0.942767 0.204493 -0.000891
-0.929230 0.205897 -0.001408
-0.913656 0.203734 0.000763
-0.897465 0.205586 -0.001775
-0.885362 0.203897 0.000562
-0.868537 0.203840 -0.000332
-0.856054 0.205606 -0.000401
-0.842009 0.205473 0.000410
-0.826697 0.203444 -0.001728
-0.813305 0.206308 0.000839
-0.797906 0.203703 0.001023
-0.784271 0.204411 0.000269
-0.770824 0.205151 -0.002007
-0.755554 0.207502 -0.001298
-0.740699 0.205510 -0.000100
-0.727142 0.205945 -0.001072
-0.711591 0.204517 -0.000282
-0.697623 0.204585 -0.000488
-0.684212 0.204737 0.000214
-0.670165 0.204880 0.001003
-0.654475 0.203753 0.001771
-0.641064 0.204308 -0.001423
-0.627473 0.204582 0.000426
-0.612392 0.208976 -0.000595
-0.596457 0.206065 -0.001534
-0.582503 0.203956 -0.000066
-0.567275 0.205120 -0.000028
-0.553683 0.204932 -0.000919
-0.538384 0.204129 0.000116
-0.525160 0.205039 0.000128
-0.509986 0.204127 0.001726
-0.497423 0.204652 -0.000340
-0.482332 0.206572 0.000137
-0.467827 0.206608 0.000324
-0.453578 0.205021 0.000110
-0.437188 0.205977 -0.001103
-0.424070 0.205879 0.000088
-0.409114 0.204738 0.001514
-0.393692 0.206100 -0.000987
-0.379403 0.206144 0.000956
-0.366189 0.205979 -0.001575
-0.352404 0.206502 0.001083
-0.335919 0.203032 -0.001576
-0.324284 0.202869 -0.003052
-0.310243 0.205791 -0.000440
-0.295267 0.204085 -0.000385
-0.281410 0.204313 0.001093
-0.265395 0.205122 0.000341
-0.250471 0.206165 0.000528
-0.236528 0.206265 0.001432
-0.224153 0.205434 -0.000252
-0.208423 0.205901 0.001080
-0.194544 0.205462 0.001118
-0.178599 0.204350 0.000036
-0.166228 0.205594 0.000079
-0.149894 0.205746 -0.000038
-0.134874 0.206231 0.000348
-0.122137 0.204680 -0.000698
-0.107331 0.203060 -0.001371
-0.094427 0.204126 -0.001502
-0.079527 0.202787 0.001041
-0.065215 0.204919 -0.001989
-0.050201 0.205450 0.002078
-0.034479 0.205472 0.000535
-0.023702 0.204785 -0.000081
-0.006882 0.207422 -0.002006
0.007554 0.204950 0.000900
0.021504 0.205601 -0.001375
0.036032 0.204429 -0.001193
0.051571 0.205224 0.000925
0.063499 0.205125 -0.001350
0.077828 0.207280 0.000372
0.094358 0.205072 0.000354
0.108053 0.205321 -0.001117
0.123007 0.204592 -0.000299
0.137007 0.204403 -0.002684
0.150807 0.205062 -0.000035
0.165892 0.204843 0.001661
0.180429 0.205430 -0.001182
0.195217 0.203928 -0.001050
0.209248 0.205059 -0.000084
0.220638 0.205051 0.002288
0.237289 0.205190 0.000768
0.251019 0.204253 0.001096
0.266374 0.204444 0.001208
0.280646 0.203207 -0.000683
0.294360 0.205014 -0.001665
0.309382 0.205241 -0.000644
0.324306 0.204912 0.001142
0.339880 0.202415 -0.000753
0.352228 0.204300 0.000796
0.368294 0.205884 -0.002131
0.382084 0.205927 0.001476
0.394436 0.206530 0.001083
0.410067 0.205790 0.000770
0.427196 0.204538 0.001627
0.439144 0.204921 0.000052
0.453100 0.206104 -0.000358
0.466194 0.205673 -0.000306
0.482261 0.204055 -0.000324
0.496153 0.205820 -0.000014
0.510435 0.205881 0.000599
0.525245 0.204301 -0.000503
0.538326 0.204485 -0.000120
0.553759 0.206514 -0.000566
0.569401 0.204119 0.000234
0.579675 0.203974 0.001368
0.596635 0.204537 -0.000302
0.610280 0.205514 -0.000036
0.626358 0.206707 0.001965
0.640624 0.206284 0.001715
0.655339 0.204393 0.000920
0.669790 0.203958 -0.001143
0.685264 0.204401 -0.001427
0.697788 0.205049 0.000697
0.711631 0.204996 -0.000199
0.726548 0.204908 0.000431
0.740125 0.203230 -0.000866
0.755452 0.205437 0.002048
0.768078 0.205935 0.000641
0.784760 0.204146 0.000019
0.796931 0.204531 0.001563
0.812835 0.206362 -0.000397
0.827882 0.205642 0.001889
0.840705 0.204418 -0.000599
0.857898 0.205071 0.001244
0.870475 0.203167 -0.001484
0.885215 0.207109 -0.000317
0.900480 0.206095 -0.000263
0.913568 0.204303 0.000021
0.928891 0.201895 -0.000712
0.942511 0.205506 0.001227
0.955730 0.205677 0.000371
0.970649 0.205699 -0.002077
0.986401 0.204973 0.000254
0.998912 0.206842 0.000566
-0.999541 0.218495 -0.001014
-0.987512 0.218445 -0.000330
-0.971459 0.219238 -0.000658
-0.957390 0.221014 -0.001628
-0.941580 0.220135 0.000127
-0.925942 0.217482 -0.000466
-0.913926 0.218957 -0.000416
-0.899730 0.217994 0.000256
-0.882862 0.219774 0.001067
-0.871026 0.219517 0.001447
-0.857765 0.219100 -0.000844
-0.841226 0.217822 0.001405
-0.827987 0.219539 -0.001329
-0.813156 0.220251 -0.000707
-0.799666 0.220201 -0.000472
-0.785973 0.219272 0.001564
-0.770145 0.218503 -0.000037
-0.753785 0.218900 0.001968
-0.740466 0.219999 -0.000375
-0.727985 0.218804 0.000560
-0.713172 0.219634 -0.000667
-0.697644 0.219634 -0.000975
-0.684360 0.218446 0.001332
-0.668998 0.218219 0.000370
-0.653710 0.218799 0.000220
-0.639592 0.219233 0.000247
-0.624266 0.218146 -0.001040
-0.610383 0.217151 0.000856
-0.597713 0.218198 0.001510
-0.582655 0.219086 0.000338
-0.568171 0.218525 0.000691
-0.554811 0.220579 0.000840
-0.540411 0.218634 -0.001729
-0.526687 0.219415 -0.000420
-0.511499 0.219955 -0.000396
-0.496611 0.220734 -0.001168
-0.482318 0.216903 0.000265
-0.468117 0.218300 0.000967
-0.453606 0.219253 -0.000533
-0.438079 0.220302 0.000060
-0.423363 0.220813 -0.002095
-0.409289 0.220696 -0.000453
-0.394631 0.218082 -0.002027
-0.378960 0.220788 0.000821
-0.366292 0.220657 -0.000202
-0.353080 0.220046 -0.000248
-0.340078 0.218045 0.001375
-0.323451 0.220489 -0.000289
-0.309304 0.220058 0.000547
-0.294764 0.217815 0.000875
-0.280869 0.218548 0.000792
-0.267191 0.221517 -0.000776
-0.251402 0.219515 -0.000603
-0.237664 0.221178 0.000491
-0.222105 0.217848 -0.000503
-0.208176 0.219595 -0.000362
-0.194309 0.217907 0.001100
-0.181156 0.220343 0.000094
-0.166752 0.218845 -0.000731
-0.150792 0.218413 -0.000795
-0.137029 0.219028 0.000674
-0.121404 0.219156 -0.000787
-0.107693 0.219377 -0.000730
-0.092690 0.219533 0.000020
-0.080410 0.219488 -0.000551
-0.065119 0.218095 -0.000343
-0.051383 0.220845 0.000617
-0.036639 0.220274 -0.000322
-0.021069 0.220204 0.000932
-0.007341 0.219663 -0.000153
0.007660 0.218742 0.001110
0.020990 0.219206 -0.000227
0.036442 0.220919 0.001112
0.049568 0.219930 0.000242
0.064615 0.219464 0.001243
0.078595 0.218891 0.001689
0.093684 0.218387 -0.000316
0.108846 0.218296 0.001377
0.122914 0.219688 -0.001339
0.135846 0.220210 -0.000020
0.152267 0.217818 -0.000305
0.167038 0.218735 0.000371
0.179993 0.219256 -0.000068
0.192473 0.220862 0.000321
0.208601 0.220419 -0.000224
0.222807 0.218235 0.000195
0.238791 0.218627 0.000175
0.252776 0.219456 0.001079
0.266642 0.217686 0.001559
0.279748 0.219155 -0.000565
0.295205 0.218390 0.000197
0.309324 0.217814 0.000026
0.323357 0.219215 0.001578
0.338224 0.219633 -0.000609
0.352428 0.220100 -0.000167
0.365892 0.221056 0.001267
0.379224 0.219091 -0.000122
0.395101 0.217950 -0.000411
0.409053 0.219093 0.001045
0.424401 0.218707 -0.000023
0.439298 0.219604 -0.001412
0.453083 0.219186 -0.001022
0.466691 0.220416 -0.001629
0.483360 0.218555 -0.000101
0.497181 0.219146 -0.000621
0.512823 0.219610 -0.000065
0.525433 0.219922 0.001388
0.539971 0.219627 0.000252
0.553118 0.220229 0.000106
0.567585 0.220394 -0.001021
0.581465 0.217971 -0.000075
0.598795 0.220373 0.000154
0.611972 0.219024 0.000873
0.626773 0.219366 -0.000720
0.638602 0.219677 -0.000129
0.656556 0.220736 0.000048
0.668720 0.216657 -0.000035
0.684992 0.218481 -0.000559
0.697086 0.218319 0.000215
0.711927 0.218713 -0.000261
0.727441 0.220020 0.000219
0.739986 0.219840 -0.000876
0.755674 0.220117 -0.001252
0.767654 0.220838 -0.000433
0.783419 0.219687 -0.001373
0.799128 0.219894 0.000551
0.813697 0.219114 0.000493
0.827815 0.221012 -0.001312
0.842038 0.219519 -0.000998
0.855775 0.220921 -0.000947
0.871019 0.218082 -0.000370
0.886169 0.218215 -0.000697
0.898075 0.220633 0.001003
0.911756 0.220787 0.000555
0.929638 0.218446 -0.000402
0.941171 0.219512 -0.000344
0.956028 0.219602 0.001160
0.970486 0.221768 0.000871
0.985808 0.217803 0.000211
0.999634 0.217716 0.000629
-0.999272 0.234299 -0.000276
-0.987196 0.231333 -0.001106
-0.969965 0.232578 0.002421
-0.957109 0.234236 0.001015
-0.943158 0.233519 0.000045
-0.927358 0.232029 0.001254
-0.913080 0.234618 0.000887
-0.898209 0.233474 -0.000354
-0.885732 0.231867 -0.000674
-0.872171 0.233586 0.000882
-0.855563 0.233987 -0.001716
-0.840970 0.232779 -0.000298
-0.825572 0.232709 0.000724
-0.814150 0.232809 0.001249
-0.799123 0.232670 -0.001250
-0.783794 0.233234 -0.000652
-0.768608 0.233735 -0.001741
-0.755196 0.234269 0.000568
-0.738725 0.232158 0.000881
-0.727683 0.234159 -0.000341
-0.712613 0.232261 -0.000648
-0.697133 0.232718 0.001847
-0.682378 0.233110 -0.001112
-0.668250 0.232657 -0.001391
-0.655663 0.233736 0.001686
-0.640906 0.233318 0.000595
-0.625194 0.233973 -0.000766
-0.614255 0.232327 0.001822
-0.597940 0.233406 0.000664
-0.582293 0.232153 0.000388
-0.566271 0.233952 -0.000087
-0.553422 0.233325 0.001255
-0.539656 0.231024 0.000856
-0.523750 0.234422 -0.000468
-0.511277 0.233829 -0.000368
-0.495978 0.233259 -0.000123
-0.482284 0.233353 0.001253
-0.468975 0.231893 -0.000878
-0.456188 0.234106 0.000946
-0.437310 0.233530 0.000320
-0.424200 0.233135 -0.002432
-0.411206 0.236631 -0.000113
-0.394753 0.232290 -0.000310
-0.382153 0.234591 -0.000852
-0.367306 0.233690 -0.001847
-0.350509 0.231836 -0.000532
-0.338095 0.231620 -0.000370
-0.323038 0.232144 -0.000731
-0.312746 0.231725 0.000285
-0.295575 0.233095 0.001427
-0.280514 0.231431 0.000364
-0.267945 0.233866 0.000715
-0.250827 0.232081 -0.001196
-0.235330 0.233155 0.000486
-0.222460 0.232713 -0.000291
-0.208091 0.232911 0.001395
-0.193682 0.233618 0.000287
-0.179025 0.232985 0.000299
-0.163084 0.233918 0.001805
-0.151404 0.233546 -0.000337
-0.138618 0.234462 -0.001093
-0.120815 0.233614 0.000071
-0.107742 0.232616 -0.000910
-0.091445 0.233255 0.000203
-0.080039 0.232825 0.002372
-0.065516 0.236227 0.000531
-0.050832 0.232515 -0.001479
-0.036914 0.231396 0.000705
-0.022732 0.233659 -0.000883
-0.006537 0.234664 0.000367
0.007717 0.231792 -0.000540
0.020538 0.233720 -0.000053
0.035659 0.233584 -0.000300
0.049342 0.233035 -0.001762
0.064941 0.232312 0.000428
0.079620 0.232123 0.000627
0.093338 0.234075 0.001556
0.108399 0.232198 -0.000134
0.121098 0.233953 0.000482
0.136099 0.233181 -0.000335
0.150183 0.230530 -0.000994
0.165841 0.233670 -0.001567
0.179497 0.233428 0.000537
0.193020 0.234013 -0.000552
0.206270 0.232122 -0.000971
0.221553 0.233767 0.000222
0.235666 0.233438 -0.000866
0.250739 0.234422 -0.000212
0.266202 0.234023 0.000393
0.281708 0.231702 0.000433
0.294585 0.233249 -0.001587
0.309259 0.234249 0.002197
0.324603 0.234818 -0.001564
0.337624 0.232508 -0.000355
0.354327 0.233642 0.001386
0.365432 0.235780 0.000195
0.383043 0.232578 -0.001585
0.395067 0.231631 -0.001158
0.409535 0.233645 -0.000249
0.422962 0.233257 -0.000942
0.437554 0.232400 -0.001589
0.453543 0.231568 -0.001244
0.467813 0.232322 0.000972
0.481869 0.233568 0.000151
0.496887 0.234915 -0.000669
0.511286 0.233276 0.000460
0.524651 0.234344 -0.001677
0.538459 0.233186 -0.000504
0.554473 0.232924 -0.000407
0.567763 0.232678 0.000638
0.582735 0.232715 0.000785
0.596346 0.232192 -0.000894
0.612682 0.233181 0.001705
0.626696 0.232592 0.000820
0.638687 0.232376 -0.000966
0.656190 0.234333 0.000125
0.668978 0.232834 -0.000260
0.682825 0.234115 0.000830
0.699275 0.234083 0.000510
0.712422 0.234352 0.000777
0.729050 0.234200 -0.000484
0.742679 0.233543 0.000131
0.755191 0.233327 -0.000790
0.769019 0.233213 -0.000314
0.782706 0.232735 0.000640
0.798654 0.233139 0.001392
0.811938 0.234371 0.000416
0.826301 0.232720 0.000571
0.841166 0.232940 0.000455
0.856593 0.231781 -0.001256
0.871012 0.234573 0.000932
0.884178 0.234140 0.000849
0.899878 0.234318 0.000391
0.912587 0.231402 0.001016
0.928575 0.232594 0.000732
0.942635 0.234354 -0.001380
0.955246 0.233116 -0.000402
0.971349 0.233314 0.000790
0.982629 0.233472 0.000804
0.999643 0.234445 0.002331
-0.999016 0.246411 -0.000041
-0.986673 0.248233 -0.000802
-0.971737 0.247250 -0.000832
-0.956549 0.247703 -0.000418
-0.940808 0.248173 -0.001110
-0.928406 0.247212 0.001409
-0.913611 0.247313 0.002251
-0.898679 0.247076 -0.000596
-0.885708 0.246149 0.001771
-0.870778 0.249102 -0.000752
-0.856295 0.247661 0.001328
-0.841519 0.246905 -0.000054
-0.828690 0.247300 0.001591
-0.813609 0.247301 -0.000082
-0.799411 0.247726 -0.000169
-0.784121 0.248208 -0.000900
-0.769446 0.246744 0.000749
-0.754760 0.247111 0.000267
-0.742439 0.249065 0.001799
-0.726925 0.246524 0.000026
-0.713412 0.248655 0.000068
-0.696457 0.247208 -0.000539
-0.683029 0.246795 0.001728
-0.668832 0.248888 0.000633
-0.654924 0.248897 -0.000306
-0.639804 0.245922 0.000139
-0.625287 0.247387 -0.001046
-0.611966 0.246197 0.000933
-0.596938 0.245706 0.002069
-0.581695 0.247536 0.000375
-0.565902 0.246491 0.000412
-0.555409 0.247638 -0.000495
-0.540880 0.248454 0.000163
-0.523378 0.248323 -0.002217
-0.510473 0.248502 0.001215
-0.495933 0.248601 -0.001204
-0.479373 0.246850 0.000364
-0.467597 0.247487 0.000073
-0.453708 0.247033 -0.001228
-0.440298 0.248083 -0.000495
-0.423929 0.246733 -0.000667
-0.410811 0.248549 0.001475
-0.393205 0.244564 -0.000770
-0.383218 0.248566 -0.001806
-0.367252 0.248799 0.000212
-0.353820 0.248708 -0.000530
-0.338506 0.249186 0.000065
-0.324398 0.249073 -0.000116
-0.309729 0.248233 0.000146
-0.294554 0.248068 -0.000011
-0.280105 0.247488 -0.000016
-0.266942 0.246203 -0.001161
-0.252549 0.247035 0.000219
-0.236570 0.247184 0.001125
-0.221773 0.249121 0.000320
-0.207713 0.247255 -0.000234
-0.192806 0.247721 -0.000559
-0.178292 0.248011 -0.001329
-0.165184 0.248321 0.001241
-0.151749 0.247257 -0.001203
-0.137200 0.244389 -0.000377
-0.122859 0.245941 -0.001362
-0.109380 0.247863 0.002342
-0.095093 0.247299 0.001101
-0.079416 0.245332 -0.000554
-0.064973 0.246053 0.000045
-0.051630 0.247780 0.000066
-0.034168 0.245682 0.000650
-0.020024 0.246974 0.001274
-0.006572 0.247040 -0.001601
0.005927 0.246400 0.001341
0.021725 0.247232 0.003138
0.037022 0.247862 -0.000835
0.049584 0.248101 0.000539
0.064331 0.249976 -0.000561
0.077653 0.247619 -0.001153
0.094337 0.248384 -0.000019
0.108418 0.247282 -0.000813
0.120682 0.247167 0.002374
0.136436 0.246714 0.000909
0.151064 0.249625 0.000222
0.165451 0.247466 0.000584
0.179029 0.248876 0.000033
0.194570 0.250368 0.002298
0.207400 0.249621 0.000994
0.223006 0.246526 -0.000226
0.238397 0.249134 -0.001132
0.252001 0.248523 -0.000189
0.265654 0.247473 0.000943
0.283919 0.249048 0.001060
0.295018 0.248479 0.001585
0.309290 0.247316 -0.001145
0.323730 0.247404 -0.001560
0.336349 0.247465 -0.001772
0.351661 0.247537 0.000561
0.366287 0.247978 0.002031
0.379453 0.247310 -0.000568
0.395113 0.248818 0.002853
0.411017 0.248583 0.000853
0.422094 0.246201 0.000533
0.437674 0.247670 0.000617
0.452074 0.248302 -0.000009
0.467761 0.246820 -0.000624
0.482635 0.247280 0.000576
0.495892 0.248449 0.000362
0.510126 0.247693 0.000171
0.523008 0.248188 -0.001001
0.538074 0.247723 -0.000421
0.554267 0.248635 -0.000054
0.569605 0.246948 0.000837
0.581735 0.245900 0.000329
0.596531 0.249616 -0.001052
0.611675 0.249826 -0.000687
0.626994 0.249663 0.000009
0.640462 0.248150 -0.001122
0.655306 0.247135 -0.000475
0.667197 0.246607 -0.001136
0.684622 0.249185 -0.000196
0.697332 0.247849 0.000318
0.709644 0.247440 -0.000066
0.727636 0.246954 0.001042
0.740042 0.246104 0.002396
0.754066 0.248160 -0.000283
0.770079 0.247796 0.000253
0.782502 0.247500 0.001197
0.798040 0.247950 -0.000531
0.814792 0.247169 -0.000558
0.827129 0.247938 0.000526
0.840792 0.248077 -0.000943
0.855962 0.247332 0.000331
0.872110 0.248766 0.001130
0.885157 0.247200 0.001460
0.901071 0.248339 0.000530
0.914303 0.247501 0.000636
0.927112 0.246732 0.000674
0.942617 0.247835 0.000185
0.955538 0.247105 0.000094
0.972971 0.246620 -0.000899
0.986026 0.247525 0.000804
1.001653 0.246363 0.002198
-1.000982 0.261523 0.000041
-0.985047 0.261283 -0.000814
-0.971698 0.260240 -0.000883
-0.958480 0.262746 -0.000015
-0.941760 0.262986 0.000532
-0.926780 0.261428 -0.001617
-0.914032 0.262181 -0.000530
-0.899885 0.263308 -0.000076
-0.884760 0.260986 0.000751
-0.869969 0.259700 0.000533
-0.854822 0.262286 -0.001053
-0.843620 0.260887 -0.000098
-0.826201 0.259435 0.001491
-0.812194 0.260773 -0.000908
-0.797229 0.260500 0.000529
-0.784799 0.262338 -0.000372
-0.769985 0.262104 0.001168
-0.755167 0.261137 0.003081
-0.740628 0.262091 0.000522
-0.727287 0.259807 -0.001405
-0.711542 0.261615 -0.000242
-0.698396 0.261966 -0.000476
-0.683405 0.262015 0.001062
-0.666475 0.263215 -0.001875
-0.657024 0.262377 0.000060
-0.639690 0.258977 -0.000067
-0.626785 0.261144 -0.000284
-0.609468 0.260101 -0.000570
-0.595496 0.262097 -0.000024
-0.584413 0.261300 -0.000083
-0.569030 0.259332 -0.000610
-0.555070 0.262045 0.000066
-0.540256 0.262718 -0.000248
-0.524782 0.262111 -0.001528
-0.510027 0.260687 -0.000066
-0.494488 0.260750 -0.000114
-0.481700 0.261982 0.000467
-0.468668 0.259582 0.000814
-0.452087 0.260159 0.000164
-0.439123 0.262301 0.001670
-0.423835 0.260670 0.001388
-0.409038 0.261955 0.001620
-0.395346 0.260309 -0.000605
-0.380159 0.261652 0.000582
-0.366939 0.260275 0.000334
-0.351882 0.261849 -0.002190
-0.339138 0.262284 0.001554
-0.322437 0.261247 -0.000922
-0.308812 0.262245 0.000098
-0.293835 0.262203 0.001116
-0.280387 0.261443 0.000958
-0.266972 0.259756 0.001416
-0.253406 0.260968 0.002510
-0.237518 0.261639 0.000100
-0.225992 0.261910 -0.000106
-0.207911 0.261126 0.000332
-0.193441 0.263587 -0.000310
-0.181049 0.261894 0.002165
-0.165077 0.260722 0.000223
-0.149976 0.261746 -0.001270
-0.135472 0.261584 -0.002339
-0.121390 0.260958 0.000317
-0.107946 0.261480 0.001761
-0.092036 0.260541 0.000810
-0.078665 0.262055 -0.001146
-0.066298 0.262131 -0.001187
-0.049263 0.261070 -0.000555
-0.035862 0.259966 -0.000399
-0.019469 0.260857 -0.000494
-0.009277 0.259206 0.001427
0.007865 0.259844 -0.001016
0.020928 0.262731 0.000713
0.035755 0.260402 0.000692
0.048819 0.259650 0.000540
0.064944 0.263773 0.001070
0.078417 0.261841 -0.000310
0.093895 0.261835 0.001126
0.108577 0.261254 0.000250
0.123164 0.261485 0.001725
0.137076 0.261545 0.001063
0.151012 0.260394 0.001186
0.164695 0.263086 -0.002488
0.178280 0.261294 0.001413
0.193901 0.262280 0.001162
0.209765 0.260956 -0.001112
0.222278 0.260922 -0.000732
0.237001 0.260254 -0.000560
0.252470 0.261095 0.001273
0.265472 0.261025 -0.000654
0.280755 0.262938 0.000594
0.295933 0.261585 -0.000029
0.309746 0.260397 -0.000546
0.322249 0.261652 -0.000925
0.336295 0.261249 0.000343
0.352039 0.259876 -0.000988
0.366855 0.259838 0.000666
0.378029 0.258660 -0.001115
0.395429 0.261404 0.000024
0.410073 0.263705 -0.001596
0.423207 0.261706 0.001464
0.438012 0.260947 0.000255
0.455035 0.260739 0.000212
0.469085 0.258166 0.002100
0.481594 0.259287 -0.000014
0.496159 0.261274 -0.000146
0.509952 0.262442 0.001651
0.526146 0.262870 0.000286
0.539929 0.260838 -0.000401
0.553805 0.261798 0.000410
0.567559 0.259598 0.000365
0.580875 0.261256 -0.001198
0.596498 0.262877 0.000482
0.611514 0.262387 -0.000214
0.625855 0.261447 0.000360
0.639113 0.261691 -0.001419
0.653076 0.259662 -0.001160
0.669469 0.259999 0.000473
0.682388 0.260759 0.000909
0.697009 0.261545 -0.000517
0.713454 0.263764 -0.000821
0.726616 0.260921 -0.000253
0.743103 0.261052 0.002385
0.754687 0.261256 0.000750
0.770335 0.259090 -0.000243
0.781924 0.262289 0.000013
0.801319 0.260664 0.000910
0.812378 0.261407 0.000570
0.826189 0.261660 0.000003
0.842324 0.261515 0.000532
0.856684 0.260371 0.000901
0.871148 0.263928 -0.000905
0.885727 0.260534 0.001425
0.897823 0.263749 0.000901
0.913431 0.260757 -0.001002
0.929073 0.262266 -0.001479
0.942176 0.261568 -0.001184
0.958458 0.260763 -0.001872
0.971574 0.262578 -0.000892
0.986363 0.261101 -0.000929
0.997817 0.262158 0.000854
-1.000187 0.276803 -0.000397
-0.984382 0.275938 -0.000096
-0.971192 0.275670 -0.000079
-0.958994 0.274428 0.000653
-0.943165 0.274623 0.000810
-0.928115 0.275824 -0.000547
-0.912520 0.275833 0.001027
-0.898830 0.275766 -0.000057
-0.883391 0.275771 0.002295
-0.871415 0.275936 -0.000223
-0.855749 0.276696 -0.000507
-0.842301 0.277709 -0.000655
-0.829343 0.275895 0.001509
-0.813125 0.276066 0.001125
-0.798097 0.277146 -0.000543
-0.784212 0.275271 0.000357
-0.770306 0.276561 -0.000715
-0.754849 0.275683 -0.000497
-0.739212 0.275019 0.000537
-0.726163 0.276549 -0.000982
-0.711619 0.277013 -0.000017
-0.697990 0.276331 0.000094
-0.683150 0.274913 0.000161
-0.668453 0.274941 0.000876
-0.654078 0.276403 -0.001602
-0.641356 0.277009 -0.001691
-0.627924 0.275329 -0.000809
-0.611335 0.276857 -0.000040
-0.596747 0.276217 0.000889
-0.582103 0.275895 0.000479
-0.568055 0.277130 -0.000137
-0.554310 0.276134 0.001008
-0.539130 0.275773 -0.001066
-0.525894 0.275303 0.001085
-0.510377 0.274607 -0.000620
-0.498307 0.275022 -0.000799
-0.480176 0.277496 0.000732
-0.467897 0.276589 0.001075
-0.453386 0.274469 -0.000531
-0.438871 0.275529 -0.002580
-0.423014 0.275993 0.000289
-0.410333 0.274329 -0.000668
-0.396839 0.276922 -0.002020
-0.381307 0.276559 -0.000194
-0.369519 0.274969 0.000149
-0.352785 0.274966 0.000395
-0.339129 0.274316 -0.000700
-0.323948 0.278447 -0.000306
-0.309206 0.273976 -0.000795
-0.293308 0.276731 -0.000058
-0.280140 0.275460 0.000354
-0.265208 0.275301 0.000235
-0.251879 0.275665 -0.000423
-0.235701 0.275907 -0.000150
-0.222824 0.277208 0.000166
-0.208039 0.277802 0.000184
-0.195824 0.275956 -0.000059
-0.178841 0.275056 -0.000268
-0.165365 0.276179 0.001035
-0.150860 0.276563 -0.000952
-0.137330 0.276079 -0.000913
-0.122997 0.275166 -0.000015
-0.105893 0.275124 -0.000378
-0.094591 0.274836 -0.000012
-0.080314 0.274548 -0.000030
-0.064446 0.276100 0.001197
-0.051840 0.275609 -0.000165
-0.035319 0.276740 -0.000446
-0.021282 0.276930 0.001414
-0.005682 0.276344 0.000076
0.007538 0.274947 -0.000314
0.023020 0.275652 0.000097
0.038629 0.275927 0.000394
0.052307 0.275859 -0.001348
0.063803 0.275566 0.000783
0.078479 0.275484 0.000344
0.093760 0.275012 0.002442
0.105983 0.275599 -0.000890
0.122429 0.276162 0.000634
0.134225 0.276114 0.000389
0.151493 0.275965 -0.000470
0.165253 0.275491 -0.000465
0.180194 0.275451 0.000375
0.193636 0.275476 -0.000530
0.209454 0.277155 -0.000054
0.222510 0.275130 -0.000587
0.237921 0.275922 -0.001952
0.252232 0.274857 -0.001008
0.267975 0.272960 0.001890
0.279828 0.274679 -0.000498
0.294556 0.278055 -0.000835
0.310199 0.274685 -0.000751
0.322066 0.276354 0.000426
0.340902 0.276527 -0.001082
0.351903 0.276780 -0.000215
0.366472 0.278093 0.000315
0.380342 0.275612 -0.002381
0.394099 0.274676 -0.000214
0.409106 0.275781 0.001407
0.423841 0.275911 -0.000547
0.439944 0.276638 0.000318
0.454385 0.274162 0.001320
0.467769 0.275525 0.003287
0.483464 0.276254 -0.000563
0.495665 0.275413 0.000221
0.511514 0.275112 0.000427
0.528176 0.274925 -0.000148
0.539295 0.276115 -0.001791
0.553110 0.275365 0.000258
0.568230 0.275612 -0.000173
0.582579 0.276246 0.000621
0.598187 0.275475 0.000212
0.610427 0.274653 0.000555
0.626146 0.276378 -0.000533
0.641552 0.275371 0.000247
0.654585 0.274899 -0.002234
0.667786 0.275951 0.000772
0.682876 0.274888 0.001731
0.697874 0.274028 -0.001313
0.712391 0.275683 0.002100
0.727164 0.276909 0.000021
0.741669 0.273586 0.001027
0.755326 0.274782 0.000148
0.770082 0.275505 -0.000179
0.784007 0.276475 -0.000421
0.798896 0.275170 0.000322
0.813104 0.274075 -0.000526
0.826616 0.274376 -0.001155
0.843487 0.275027 -0.000705
0.855977 0.276438 -0.000418
0.870560 0.275779 0.000074
0.884733 0.274354 -0.001233
0.898908 0.275493 -0.000250
0.914544 0.274858 0.000623
0.927515 0.275954 -0.000594
0.941630 0.275602 -0.000978
0.957945 0.275925 -0.000020
0.971986 0.274689 -0.000968
0.984448 0.275110 -0.001052
0.999646 0.275078 0.001045
-0.999467 0.288434 0.001849
-0.987271 0.290301 0.000917
-0.972446 0.287333 0.000705
-0.957509 0.289848 0.000553
-0.940554 0.288888 -0.000306
-0.928330 0.289668 0.000970
-0.913962 0.289589 -0.001570
-0.898146 0.289384 -0.000448
-0.884227 0.291193 0.001277
-0.870017 0.291168 -0.000018
-0.855467 0.291140 0.000587
-0.841685 0.291297 -0.000885
-0.827837 0.289533 0.000542
-0.812627 0.289565 -0.000200
-0.799480 0.289636 -0.000632
-0.783935 0.289682 -0.000343
-0.770133 0.289632 0.001283
-0.755260 0.289776 0.001095
-0.741540 0.290885 0.000601
-0.727721 0.287897 -0.000455
-0.713490 0.288813 0.001562
-0.696726 0.288813 -0.000594
-0.684003 0.289008 0.001416
-0.669900 0.291420 -0.001485
-0.655132 0.290409 0.000682
-0.640806 0.290327 0.000864
-0.624789 0.288896 -0.001031
-0.609686 0.289025 -0.000889
-0.597516 0.290087 0.000108
-0.584672 0.290538 -0.000962
-0.569793 0.289048 0.000440
-0.553540 0.288154 0.000687
-0.537824 0.290489 -0.001318
-0.526849 0.288216 0.000282
-0.510601 0.290190 0.001331
-0.498163 0.286628 0.000901
-0.481835 0.289125 -0.000164
-0.467051 0.289126 -0.000475
-0.452567 0.291170 -0.000406
-0.437172 0.289492 -0.001263
-0.427707 0.288450 0.001196
-0.408460 0.286817 -0.000784
-0.397023 0.289846 -0.000452
-0.382007 0.289849 -0.000679
-0.368314 0.291652 -0.000876
-0.352836 0.288400 0.000571
-0.335901 0.289631 0.002509
-0.323258 0.289645 -0.000372
-0.309270 0.290325 -0.001237
-0.295075 0.289999 -0.001841
-0.280021 0.289968 -0.001564
-0.265858 0.290460 -0.001441
-0.251067 0.290971 0.000388
-0.238669 0.288453 -0.000712
-0.223361 0.289204 0.000585
-0.209043 0.290727 0.000884
-0.194274 0.291380 0.002202
-0.180285 0.287663 -0.001577
-0.164955 0.287927 0.000705
-0.150833 0.290242 -0.000135
-0.135943 0.290358 0.001089
-0.123621 0.290160 -0.002013
-0.109273 0.290603 -0.000388
-0.093199 0.289961 -0.000198
-0.079351 0.290649 0.000983
-0.065392 0.289139 0.000391
-0.049295 0.291435 0.000355
-0.034340 0.289846 0.000633
-0.020769 0.289817 -0.000282
-0.006663 0.289540 0.000643
0.007868 0.289384 -0.000432
0.022341 0.291361 0.000306
0.036874 0.289846 0.001099
0.051595 0.290776 0.001698
0.066094 0.290545 -0.000404
0.078670 0.289702 0.000294
0.095398 0.291232 0.001103
0.106405 0.288407 -0.001586
0.122976 0.290104 -0.000976
0.135839 0.290984 -0.000585
0.151043 0.289746 0.001025
0.167816 0.290353 0.000546
0.177241 0.287510 -0.000704
0.191648 0.289883 -0.000292
0.208154 0.289874 -0.000419
0.222828 0.290035 0.000964
0.236693 0.288942 -0.000206
0.251666 0.289333 -0.001022
0.265716 0.289966 -0.000305
0.281690 0.288457 0.000836
0.296309 0.291300 -0.002148
0.308740 0.288880 0.000174
0.325438 0.289524 -0.001657
0.339557 0.287815 0.002487
0.352419 0.290351 0.000210
0.366875 0.291165 -0.000463
0.381282 0.288463 0.000237
0.397312 0.291840 -0.000468
0.409915 0.289633 -0.000017
0.424955 0.290144 0.001238
0.440557 0.290631 -0.001811
0.452371 0.290886 0.000283
0.466513 0.290723 0.000642
0.480979 0.290572 0.000379
0.496088 0.290330 0.000702
0.511359 0.290293 0.001921
0.523538 0.288991 0.000811
0.540011 0.289369 -0.001001
0.555609 0.290824 0.002068
0.566988 0.291622 -0.000195
0.581875 0.291534 0.001045
0.598152 0.290361 0.000049
0.611724 0.290783 0.000450
0.626137 0.289270 -0.000287
0.640970 0.291421 0.000276
0.656069 0.288945 -0.001220
0.670162 0.290932 -0.001255
0.683515 0.287430 0.000534
0.696664 0.290890 -0.000714
0.710082 0.289361 0.000775
0.727350 0.290492 -0.000252
0.742333 0.289084 0.001885
0.755362 0.289835 -0.000024
0.770247 0.287660 0.000082
0.782477 0.289441 -0.001777
0.798307 0.289659 -0.001063
0.813103 0.289718 0.002663
0.826051 0.289153 -0.001232
0.842513 0.289251 -0.001218
0.856266 0.291036 0.001225
0.872216 0.288900 -0.000902
0.885958 0.291562 -0.001556
0.899597 0.289025 0.001254
0.915845 0.288898 -0.000884
0.927299 0.288102 -0.000537
0.941809 0.288853 -0.000993
0.956660 0.289661 -0.001113
0.973102 0.290334 0.000002
0.985000 0.290632 0.000267
1.000372 0.289409 0.000174
-0.999529 0.302653 -0.000531
-0.984804 0.305395 0.000600
-0.970991 0.304441 0.001004
-0.956991 0.304750 -0.001700
-0.941691 0.303720 0.000387
-0.927772 0.302525 0.001340
-0.912896 0.305056 0.000953
-0.899822 0.302411 0.000698
-0.882984 0.304358 -0.000855
-0.870076 0.304191 0.000485
-0.855386 0.302445 -0.001804
-0.841894 0.304288 0.000025
-0.829176 0.304228 0.000892
-0.813933 0.304281 -0.000333
-0.797457 0.303853 -0.000523
-0.785397 0.304797 0.000792
-0.769269 0.302712 0.000526
-0.755639 0.304339 -0.000776
-0.741381 0.303231 -0.000398
-0.724792 0.302965 0.000677
-0.711442 0.302345 -0.000635
-0.697210 0.304826 -0.000288
-0.683337 0.304773 0.001059
-0.668214 0.302625 -0.000097
-0.654972 0.305318 0.001371
-0.637981 0.305093 -0.000158
-0.627131 0.304173 -0.000439
-0.611279 0.303853 -0.001428
-0.597489 0.303942 0.000593
-0.582471 0.303023 -0.001472
-0.568199 0.303414 -0.000000
-0.554461 0.305071 0.000002
-0.539556 0.305742 -0.000229
-0.524343 0.305838 0.000137
-0.511022 0.304471 0.001343
-0.497284 0.303044 0.000427
-0.482193 0.304436 -0.001400
-0.467770 0.304387 -0.000907
-0.453091 0.304164 0.000381
-0.439809 0.302230 0.000315
-0.424417 0.304324 -0.000462
-0.410601 0.303551 -0.000761
-0.396563 0.304991 0.000986
-0.380795 0.304145 -0.000045
-0.368196 0.303387 -0.000185
-0.353379 0.304735 -0.000194
-0.338418 0.302906 0.001914
-0.323838 0.305181 0.000604
-0.310294 0.304019 -0.000649
-0.295240 0.302586 -0.000372
-0.279773 0.303726 -0.000410
-0.266198 0.303457 0.000516
-0.251976 0.303523 0.001055
-0.236778 0.303481 0.000142
-0.223846 0.304008 0.000613
-0.209043 0.303265 0.000955
-0.194953 0.302762 0.001372
-0.180420 0.304390 0.001199
-0.164824 0.304054 0.000620
-0.149919 0.303931 0.000424
-0.135927 0.304148 0.000044
-0.122833 0.304419 0.001380
-0.107898 0.304445 -0.000681
-0.093134 0.304439 0.001646
-0.080452 0.303676 -0.001882
-0.064168 0.304769 -0.000075
-0.049007 0.304480 0.000731
-0.034095 0.303026 -0.000624
-0.020600 0.304525 -0.000521
-0.007424 0.306112 -0.000260
0.008190 0.303155 -0.000885
0.023300 0.305929 0.001497
0.035323 0.303340 0.001882
0.052071 0.303563 -0.000836
0.063991 0.305095 -0.001191
0.080047 0.304253 0.001531
0.092225 0.303037 -0.000007
0.106551 0.304838 0.000548
0.120940 0.303137 0.001324
0.137559 0.304218 0.000663
0.152532 0.305079 0.000104
0.166400 0.303901 -0.001521
0.178813 0.303892 -0.000719
0.194240 0.306329 -0.000890
0.208501 0.303925 0.000641
0.221900 0.302897 0.001072
0.238082 0.303426 0.001025
0.250820 0.304444 0.000869
0.267555 0.304456 -0.000066
0.279637 0.303322 0.000411
0.294300 0.303767 0.002367
0.309375 0.304386 0.000948
0.323115 0.303319 0.000734
0.338988 0.306077 0.000808
0.353211 0.302324 -0.000583
0.367999 0.303924 -0.000378
0.379026 0.302696 -0.001473
0.394765 0.304818 -0.000847
0.409390 0.303040 0.000030
0.425461 0.305380 0.000455
0.440934 0.304130 -0.000060
0.452858 0.302945 -0.000508
0.468234 0.306553 0.000647
0.481658 0.304091 0.001593
0.495977 0.304739 0.000164
0.510983 0.303064 -0.001142
0.524134 0.304202 0.001311
0.540853 0.306030 0.002214
0.553145 0.304298 -0.000104
0.568444 0.304390 -0.002453
0.581889 0.303598 0.000389
0.600021 0.302560 0.001485
0.609304 0.304767 -0.000155
0.626809 0.304331 -0.002093
0.642089 0.302455 -0.000107
0.653695 0.304803 0.001953
0.668406 0.304844 0.000618
0.682977 0.306142 0.000146
0.697931 0.306554 -0.001138
0.712068 0.303672 -0.001064
0.726662 0.303107 0.000379
0.741279 0.304872 -0.001412
0.755532 0.305333 -0.001608
0.770489 0.303834 0.001220
0.785260 0.304901 -0.002151
0.798228 0.304348 -0.002270
0.813818 0.304814 -0.000834
0.827924 0.304666 -0.000276
0.841470 0.304081 -0.000121
0.856700 0.303228 0.000194
0.869145 0.305083 -0.000459
0.884844 0.302534 -0.000088
0.899429 0.305037 0.000515
0.913221 0.302701 -0.000480
0.928499 0.303759 -0.001356
0.944137 0.305159 0.000965
0.955585 0.304414 0.000417
0.971810 0.304021 0.001442
0.985238 0.304686 -0.000418
1.001013 0.303573 -0.000894
-0.999455 0.317507 0.000186
-0.983775 0.318725 0.000022
-0.971254 0.318330 0.000104
-0.958160 0.318537 0.000920
-0.942905 0.317139 -0.000843
-0.928343 0.319059 0.000491
-0.913234 0.316249 -0.001819
-0.898226 0.318298 -0.000960
-0.885660 0.317905 -0.001147
-0.869820 0.316757 -0.001126
-0.858191 0.316708 0.001252
-0.841494 0.318781 -0.001202
-0.827226 0.319546 -0.000641
-0.812420 0.317777 0.000274
-0.797650 0.317902 -0.001536
-0.785178 0.319606 -0.001213
-0.769008 0.317423 0.000183
-0.753762 0.317746 0.000923
-0.743547 0.317044 0.001148
-0.726096 0.318280 0.001114
-0.711842 0.317200 0.001317
-0.697505 0.317196 -0.001867
-0.682226 0.317517 0.000700
-0.669481 0.317277 -0.000330
-0.654586 0.318904 0.000399
-0.639735 0.319849 -0.001681
-0.626942 0.320294 0.000784
-0.611727 0.317030 -0.000713
-0.596396 0.318712 0.001094
-0.582867 0.318771 0.000979
-0.568699 0.316863 0.000143
-0.555274 0.318499 0.001049
-0.539485 0.318078 0.001828
-0.524860 0.318264 -0.000268
-0.510978 0.317414 -0.000093
-0.497706 0.318708 -0.001151
-0.481467 0.317018 -0.001193
-0.468228 0.317882 -0.000337
-0.454683 0.318324 0.000386
-0.438940 0.319180 0.000830
-0.424042 0.316718 0.000909
-0.410404 0.319415 -0.000614
-0.394013 0.318101 0.001052
-0.382184 0.318549 0.001137
-0.366424 0.317584 -0.000883
-0.353618 0.320861 0.000528
-0.338208 0.316868 0.000573
-0.322864 0.317742 0.000485
-0.309544 0.317944 -0.002867
-0.296456 0.316780 -0.000937
-0.279181 0.318161 -0.000566
-0.266328 0.320218 -0.001171
-0.251784 0.317315 -0.000077
-0.236811 0.318763 -0.000349
-0.223487 0.318294 0.000202
-0.208741 0.318680 0.000255
-0.195341 0.318678 -0.000211
-0.180861 0.317185 0.000401
-0.166157 0.318950 0.001137
-0.152386 0.318749 0.000108
-0.136085 0.317678 -0.000419
-0.122289 0.319758 0.000599
-0.107278 0.318868 -0.000323
-0.091909 0.318839 0.002106
-0.077790 0.316825 -0.000967
-0.064683 0.317085 -0.001761
-0.051309 0.317622 0.000434
-0.035970 0.318846 -0.000733
-0.020354 0.317342 -0.000484
-0.007636 0.317844 0.002776
0.007364 0.316712 0.000565
0.022817 0.319693 -0.000644
0.035888 0.318295 -0.001223
0.049059 0.317793 -0.001820
0.064420 0.317667 0.000041
0.078781 0.318437 -0.000614
0.094927 0.317584 -0.000674
0.105922 0.316889 0.000733
0.122722 0.318957 -0.000529
0.137370 0.319209 0.000030
0.151853 0.317686 -0.000696
0.166315 0.318100 -0.000557
0.181871 0.318819 -0.000363
0.194519 0.317967 -0.000923
0.207055 0.318993 0.000727
0.223096 0.317831 0.001682
0.236973 0.317838 -0.002217
0.254051 0.317278 -0.001129
0.267863 0.319117 -0.000259
0.280525 0.317437 0.000016
0.294003 0.317427 -0.001318
0.311367 0.318253 0.001258
0.323833 0.318812 0.000170
0.336401 0.318158 0.001865
0.351828 0.317355 -0.000828
0.368172 0.318438 0.000702
0.381829 0.318679 -0.002007
0.396608 0.318530 -0.001155
0.408715 0.317802 0.000489
0.424230 0.317149 -0.000132
0.439393 0.318263 -0.000895
0.452946 0.317883 -0.000254
0.468005 0.319206 0.000413
0.481399 0.317961 -0.001722
0.496616 0.318787 -0.000337
0.511471 0.318823 -0.000262
0.526636 0.317789 0.000520
0.539579 0.319268 0.001716
0.554910 0.318872 0.000869
0.567400 0.317336 -0.000335
0.581760 0.317811 -0.000043
0.596907 0.319203 0.001462
0.611657 0.319175 -0.000568
0.624443 0.318483 -0.000183
0.639466 0.318461 0.000607
0.654987 0.317721 -0.000295
0.670087 0.320186 0.000989
0.683430 0.316390 0.000216
0.698119 0.317721 0.000599
0.711100 0.319816 -0.000777
0.728162 0.319355 -0.000377
0.738781 0.319371 0.001022
0.754998 0.317809 -0.000081
0.768714 0.318544 -0.001826
0.785234 0.318311 -0.000633
0.798374 0.316655 -0.001329
0.813843 0.318019 -0.000331
0.828096 0.317379 -0.000700
0.843061 0.317559 -0.002407
0.856785 0.317628 0.000040
0.870283 0.317196 0.000157
0.886836 0.319184 0.001255
0.899796 0.317779 0.000303
0.912665 0.316500 0.000180
0.929686 0.315871 -0.000570
0.943848 0.320029 0.000713
0.957984 0.318516 -0.001362
0.970711 0.317109 0.000118
0.985704 0.317544 0.000268
0.998901 0.316908 0.001199
-0.998498 0.330519 0.001470
-0.985211 0.332932 0.000428
-0.971880 0.332829 0.002158
-0.957258 0.331469 0.000390
-0.942869 0.333053 -0.000371
-0.928773 0.332325 -0.002231
-0.914337 0.332181 0.000248
-0.899830 0.331947 -0.000454
-0.886345 0.332314 0.000199
-0.871495 0.331789 -0.000885
-0.856429 0.331533 -0.001690
-0.839386 0.330869 0.000491
-0.826906 0.332623 -0.000743
-0.813412 0.331711 0.000298
-0.799962 0.331059 -0.000296
-0.784653 0.331439 -0.000218
-0.769944 0.330176 0.000480
-0.756831 0.331047 0.000219
-0.741233 0.331765 -0.000985
-0.726703 0.333151 -0.000336
-0.713273 0.330929 0.000823
-0.696943 0.332505 0.000099
-0.684585 0.331331 0.001917
-0.668993 0.331192 0.000155
-0.656044 0.333279 -0.000355
-0.638511 0.331459 0.001681
-0.625195 0.330514 0.000283
-0.609085 0.332914 -0.001002
-0.598829 0.333253 0.001057
-0.582838 0.332847 0.000465
-0.567538 0.332643 -0.000065
-0.555643 0.332462 -0.000785
-0.541013 0.333355 0.000847
-0.525964 0.333942 -0.000104
-0.512533 0.332890 0.000535
-0.496303 0.332420 0.000901
-0.481269 0.333786 -0.000023
-0.467377 0.333178 -0.000542
-0.451737 0.332405 0.001051
-0.440903 0.331757 0.000248
-0.425036 0.331785 -0.000882
-0.409368 0.332102 -0.001353
-0.396060 0.332138 0.000031
-0.382225 0.332934 -0.001291
-0.366987 0.330183 -0.001164
-0.351544 0.333143 -0.001069
-0.337771 0.331779 -0.000182
-0.323051 0.331772 -0.000729
-0.309667 0.332347 0.001123
-0.295310 0.332363 0.001726
-0.280671 0.333922 0.001660
-0.266710 0.331245 0.000844
-0.252338 0.331031 0.000713
-0.238782 0.332995 -0.000233
-0.224656 0.332355 -0.000835
-0.206031 0.330367 -0.000780
-0.194611 0.332985 -0.000942
-0.180785 0.331807 -0.000449
-0.165924 0.331723 -0.000241
-0.151323 0.332307 -0.000975
-0.136715 0.330895 0.001273
-0.122433 0.331829 -0.000444
-0.108804 0.331920 -0.000085
-0.094428 0.332240 -0.000616
-0.079225 0.333072 0.000679
-0.064414 0.334059 0.000931
-0.051678 0.333302 -0.000790
-0.035245 0.331918 -0.000893
-0.022578 0.332712 -0.000432
-0.008331 0.332349 -0.001640
0.007413 0.333083 -0.000158
0.019472 0.332667 0.000337
0.035217 0.333479 0.000630
0.051022 0.333672 0.002238
0.065336 0.333188 -0.000272
0.079577 0.332256 -0.000403
0.093544 0.332118 0.001222
0.109412 0.335560 0.000653
0.123172 0.330712 0.000030
0.136793 0.332389 0.001624
0.151764 0.330388 -0.000967
0.165753 0.332534 -0.001048
0.179552 0.333028 0.000351
0.192803 0.333101 -0.000693
0.208748 0.330641 0.001596
0.220522 0.329791 -0.000452
0.236726 0.330708 -0.000573
0.252005 0.331284 -0.001059
0.266773 0.330444 0.000164
0.280273 0.333203 -0.000549
0.295794 0.332898 -0.000573
0.308158 0.331353 -0.000083
0.322600 0.331621 0.000739
0.336686 0.331460 0.000862
0.352203 0.330485 0.000085
0.366610 0.333339 -0.002975
0.381231 0.332090 -0.000219
0.397696 0.333856 -0.000330
0.408197 0.330616 -0.000714
0.423724 0.333027 0.001212
0.438816 0.333341 -0.000688
0.453454 0.332437 0.000854
0.466546 0.331876 -0.001132
0.482741 0.332533 -0.000601
0.496512 0.330708 0.001042
0.512783 0.333226 -0.000894
0.525395 0.330595 0.000012
0.539807 0.331910 -0.002004
0.554265 0.332296 -0.000180
0.568077 0.331490 0.000632
0.583087 0.332272 -0.001511
0.597161 0.333966 0.001121
0.610829 0.331666 0.000288
0.625105 0.331775 0.000832
0.640870 0.332522 -0.000217
0.656120 0.333318 -0.001375
0.668737 0.332178 -0.001149
0.684089 0.335231 -0.001771
0.698758 0.332046 -0.002237
0.711977 0.332639 0.001181
0.727273 0.333290 -0.001819
0.739677 0.333304 -0.000134
0.756050 0.331621 0.000654
0.769772 0.332852 -0.000763
0.782134 0.331559 0.000432
0.798899 0.332752 -0.001386
0.810930 0.329691 0.001086
0.827615 0.332502 -0.000421
0.843999 0.332270 -0.001472
0.856483 0.332812 0.000634
0.869278 0.330782 0.000425
0.884029 0.330689 0.000043
0.897733 0.333224 0.001348
0.914347 0.332646 -0.000977
0.927278 0.332149 -0.000177
0.942704 0.332853 -0.000226
0.956762 0.331322 0.000051
0.972664 0.332421 0.000079
0.984805 0.332913 -0.000663
0.998428 0.333232 -0.000718
-1.001610 0.346984 -0.001912
-0.984215 0.346467 0.000312
-0.972141 0.347913 -0.002079
-0.957348 0.347217 0.000638
-0.942739 0.347493 0.001386
-0.927774 0.346004 0.000890
-0.914321 0.345005 0.000188
-0.898336 0.347940 0.000399
-0.885999 0.347490 0.001765
-0.870562 0.346428 0.000579
-0.856145 0.345584 -0.000273
-0.843474 0.346437 0.000524
-0.827691 0.346951 -0.001873
-0.813660 0.345955 0.000042
-0.799815 0.347544 0.000217
-0.784080 0.345183 -0.000328
-0.769448 0.347604 0.000269
-0.755278 0.345857 0.000837
-0.740657 0.348396 -0.000349
-0.725353 0.345762 0.001298
-0.710429 0.347485 -0.000950
-0.698153 0.344838 0.000716
-0.684459 0.345743 -0.000837
-0.669106 0.347641 0.000961
-0.652642 0.344425 0.000390
-0.642523 0.345739 -0.000301
-0.625855 0.346813 0.000363
-0.610743 0.346887 -0.000665
-0.596193 0.345563 0.000151
-0.583381 0.345759 -0.000297
-0.567866 0.348673 0.000355
-0.553437 0.345820 -0.000070
-0.538720 0.346566 -0.001891
-0.526774 0.344401 -0.000725
-0.510354 0.345271 0.001848
-0.495266 0.346251 -0.000815
-0.482721 0.347207 -0.000340
-0.469031 0.346646 -0.000295
-0.454564 0.345342 -0.001861
-0.440916 0.345963 -0.000519
-0.425352 0.344677 0.001150
-0.408708 0.345289 -0.001767
-0.394966 0.343826 -0.000056
-0.382447 0.344922 -0.000523
-0.366182 0.348215 0.000390
-0.353360 0.347795 0.000519
-0.338807 0.346599 -0.001369
-0.325315 0.345167 -0.000138
-0.310385 0.348835 -0.000502
-0.294830 0.345761 -0.002038
-0.280438 0.346882 0.000029
-0.264992 0.346501 -0.000920
-0.252328 0.345578 -0.000927
-0.237810 0.346744 -0.000706
-0.222275 0.346368 -0.001855
-0.210807 0.346245 -0.001003
-0.194854 0.344346 -0.000660
-0.179117 0.345826 -0.002443
-0.167002 0.346317 -0.000596
-0.152877 0.344090 -0.001466
-0.136497 0.346001 -0.000688
-0.120958 0.346569 0.003408
-0.106721 0.346943 0.001026
-0.094115 0.347694 0.001332
-0.080868 0.347721 0.000921
-0.063773 0.347961 0.002242
-0.049277 0.346159 -0.000493
-0.036586 0.346112 0.001325
-0.022070 0.346966 0.000731
-0.007085 0.347326 0.001248
0.006882 0.344702 0.000555
0.023147 0.344479 0.000497
0.036702 0.346474 0.000119
0.050816 0.346689 -0.001159
0.064771 0.347124 0.001035
0.078289 0.348219 0.000342
0.094634 0.346276 -0.001015
0.106869 0.345177 -0.001368
0.121609 0.345328 -0.000885
0.134705 0.346994 -0.001558
0.150417 0.345077 0.001956
0.164525 0.346563 0.000580
0.178823 0.345289 0.000089
0.193447 0.347262 -0.000657
0.208122 0.345334 -0.001088
0.222606 0.347930 0.001330
0.236407 0.346975 0.001374
0.253925 0.346879 0.001354
0.264696 0.346283 -0.000382
0.281474 0.344802 -0.000562
0.296274 0.347511 0.000229
0.308380 0.346459 0.000701
0.324731 0.346511 -0.000766
0.337769 0.346552 0.000879
0.352613 0.346691 0.000185
0.366035 0.346854 -0.000783
0.382037 0.346008 -0.000238
0.396499 0.346226 -0.001970
0.411126 0.346284 -0.001049
0.425079 0.346858 -0.000807
0.439419 0.346781 0.001176
0.452910 0.347505 -0.000494
0.466207 0.347740 0.001186
0.482399 0.346134 0.000441
0.498385 0.347048 -0.000364
0.510724 0.346319 -0.000181
0.524846 0.345953 -0.001220
0.539600 0.346897 0.000070
0.552740 0.346904 0.000543
0.567587 0.346738 0.001027
0.583205 0.346305 0.000798
0.598911 0.346029 0.000355
0.612496 0.346348 -0.000332
0.626940 0.346300 0.000333
0.641938 0.347427 -0.001632
0.653432 0.345757 -0.001881
0.668049 0.347621 -0.000466
0.683874 0.347712 -0.000846
0.697859 0.347386 0.001098
0.711242 0.345875 -0.000704
0.726497 0.346468 -0.000560
0.740253 0.346736 0.000911
0.756092 0.348114 -0.000230
0.768819 0.345612 -0.000385
0.783672 0.344334 -0.000232
0.800442 0.347425 -0.001085
0.814165 0.345959 -0.000986
0.825630 0.346668 -0.000278
0.842642 0.346738 -0.001650
0.854172 0.344768 -0.000937
0.871166 0.347133 0.001238
0.885723 0.347158 -0.000302
0.901249 0.346220 0.000961
0.913944 0.346711 0.001571
0.930713 0.345528 -0.000762
0.943119 0.346109 0.001012
0.957672 0.347090 0.000625
0.970253 0.346667 0.001191
0.985510 0.346759 0.000878
0.999360 0.345554 -0.000338
-0.999917 0.359452 0.000376
-0.983967 0.361459 -0.000466
-0.971214 0.360449 0.000923
-0.957788 0.361033 -0.000378
-0.941800 0.359125 -0.000249
-0.928989 0.360648 0.000131
-0.913560 0.361333 0.000999
-0.900663 0.362455 0.000583
-0.884440 0.360124 0.000463
-0.869689 0.360106 -0.000107
-0.855319 0.360246 -0.000140
-0.840813 0.360693 0.000115
-0.827341 0.360166 -0.000188
-0.812693 0.359211 0.001275
-0.798858 0.361040 0.000149
-0.783891 0.360170 -0.000840
-0.769192 0.360844 0.001561
-0.756325 0.361091 -0.000009
-0.740787 0.361360 -0.000224
-0.724349 0.360112 0.000803
-0.713550 0.362521 -0.000805
-0.698567 0.361072 0.001731
-0.683225 0.361039 0.000003
-0.670035 0.359270 0.001792
-0.654731 0.361068 -0.001164
-0.640522 0.359889 0.001245
-0.626334 0.359630 0.001222
-0.612242 0.361316 -0.001700
-0.595817 0.361153 -0.000071
-0.582604 0.358122 0.000005
-0.568278 0.360199 -0.000564
-0.553459 0.359002 -0.000812
-0.541616 0.359799 -0.001542
-0.526347 0.362732 0.000354
-0.512644 0.360824 0.002050
-0.497517 0.361432 -0.002559
-0.483321 0.360232 0.001693
-0.467734 0.362403 0.000296
-0.452114 0.360042 -0.000941
-0.438631 0.357600 -0.000491
-0.423097 0.359254 0.000334
-0.408586 0.361405 -0.000546
-0.394710 0.360245 0.000487
-0.382255 0.359900 -0.000054
-0.367726 0.361840 0.000295
-0.353733 0.359534 0.000585
-0.336826 0.361345 -0.001965
-0.325087 0.359084 0.001576
-0.310210 0.360577 -0.001086
-0.293112 0.359253 -0.000352
-0.281354 0.361492 0.001594
-0.267277 0.359854 -0.000705
-0.250345 0.362358 -0.001333
-0.236783 0.361506 0.000247
-0.224157 0.359417 -0.000735
-0.208155 0.361352 0.001746
-0.194049 0.358252 -0.002845
-0.178814 0.360212 0.000019
-0.165238 0.359279 0.000589
-0.151965 0.360611 -0.000678
-0.137094 0.360681 0.000059
-0.121140 0.361515 -0.000183
-0.107750 0.361701 0.002189
-0.094690 0.360393 0.000947
-0.077790 0.360052 0.000335
-0.065926 0.358462 0.001351
-0.050090 0.360424 -0.000295
-0.034748 0.360743 -0.000338
-0.021148 0.359934 -0.001224
-0.007931 0.361326 0.000529
0.007086 0.360989 0.000204
0.022015 0.360813 0.001571
0.037382 0.360715 -0.000011
0.049977 0.359405 -0.000131
0.065551 0.360140 0.000074
0.078681 0.361137 -0.000294
0.094685 0.360976 -0.001206
0.109012 0.361269 0.000807
0.120657 0.361387 0.001284
0.134932 0.360605 0.000946
0.150990 0.361262 -0.000097
0.165223 0.361859 -0.001450
0.178675 0.361016 0.001017
0.195357 0.361713 -0.000742
0.207067 0.360327 0.001473
0.222322 0.361243 0.001500
0.237189 0.361799 0.000717
0.251768 0.360151 -0.000118
0.266816 0.360380 0.000110
0.281752 0.361328 0.000454
0.293866 0.360273 -0.003154
0.308593 0.360016 0.000404
0.324386 0.358861 0.000331
0.337338 0.361527 0.001269
0.351035 0.359606 0.001534
0.368076 0.357275 -0.001048
0.381234 0.360021 0.000204
0.395304 0.359601 -0.000956
0.408507 0.361482 -0.001573
0.423241 0.360748 -0.001614
0.438179 0.359786 -0.000554
0.452027 0.362024 0.002634
0.465848 0.362062 -0.000001
0.482580 0.360996 -0.000931
0.496339 0.362255 0.000884
0.509624 0.358233 0.001219
0.524927 0.358965 0.000056
0.540265 0.359494 -0.000228
0.554180 0.361747 0.000276
0.566916 0.359348 -0.000135
0.583989 0.362797 -0.000999
0.596712 0.360507 -0.001372
0.611584 0.361235 -0.002272
0.626500 0.359469 0.000160
0.641426 0.359937 -0.000351
0.654171 0.360565 -0.000428
0.668700 0.361473 0.000686
0.683310 0.359371 0.000622
0.697461 0.361717 0.001351
0.711697 0.360716 -0.000270
0.724898 0.360868 -0.000637
0.741311 0.360338 -0.000304
0.755000 0.361961 0.000912
0.768693 0.360127 0.001344
0.783353 0.358553 0.001562
0.797505 0.360652 0.000036
0.811521 0.361570 0.000564
0.825656 0.362065 -0.001563
0.840373 0.359676 -0.000175
0.856366 0.361064 -0.000738
0.869196 0.361392 0.000147
0.885748 0.362067 -0.001103
0.899176 0.360292 0.001085
0.913734 0.360969 0.001405
0.927292 0.361693 0.000139
0.942633 0.358962 -0.000604
0.958782 0.359831 0.000995
0.969498 0.360545 -0.000221
0.984802 0.360222 0.000116
0.999992 0.361920 -0.001095
-0.997894 0.374284 0.002005
-0.987695 0.374368 0.002176
-0.971664 0.375922 -0.000521
-0.955476 0.375513 -0.001191
-0.939986 0.372961 -0.001010
-0.926651 0.374686 0.001823
-0.912772 0.373452 -0.000781
-0.899762 0.374376 -0.000443
-0.884130 0.373561 0.000415
-0.869914 0.376432 0.001239
-0.857320 0.375804 0.000596
-0.840992 0.373653 -0.002107
-0.827024 0.375596 -0.000636
-0.812126 0.374620 0.001566
-0.800188 0.374565 0.001356
-0.783474 0.374867 0.000310
-0.769013 0.375033 0.000806
-0.755305 0.376386 -0.000637
-0.740817 0.374491 0.000063
-0.727958 0.374894 -0.001053
-0.712022 0.374008 0.000270
-0.698146 0.373994 -0.001353
-0.684890 0.374142 0.000267
-0.668838 0.375490 -0.000097
-0.654046 0.373789 0.000785
-0.640611 0.374035 -0.000324
-0.626393 0.374788 -0.001134
-0.610473 0.374844 -0.000003
-0.597382 0.374955 -0.000317
-0.582951 0.375930 0.000545
-0.568636 0.375083 0.002699
-0.552668 0.375845 0.001500
-0.539169 0.374106 0.001465
-0.525304 0.376435 0.000731
-0.510675 0.373512 -0.000508
-0.498299 0.375349 0.001675
-0.482698 0.376139 0.000114
-0.468940 0.371436 0.001218
-0.451877 0.373899 -0.000626
-0.440452 0.375619 0.000293
-0.424253 0.375226 -0.001186
-0.408610 0.372905 0.001755
-0.396971 0.376167 -0.000555
-0.381317 0.374314 0.000389
-0.368512 0.374103 0.000231
-0.351726 0.373617 -0.002215
-0.338769 0.374639 0.001094
-0.324045 0.375270 0.000065
-0.309636 0.375247 0.001082
-0.296030 0.373624 -0.000061
-0.278479 0.373895 -0.001106
-0.268641 0.374056 -0.001892
-0.251126 0.375626 0.000006
-0.235947 0.374259 0.000466
-0.224990 0.375677 -0.000405
-0.208120 0.375194 0.000727
-0.192907 0.375069 -0.000969
-0.180107 0.373941 -0.001638
-0.165763 0.375714 -0.000059
-0.151983 0.375158 -0.000254
-0.136801 0.372932 0.002052
-0.120966 0.375709 0.000894
-0.108514 0.376106 -0.000317
-0.092476 0.375643 -0.000846
-0.081026 0.376555 0.000204
-0.064853 0.375990 -0.000273
-0.049540 0.374434 -0.001592
-0.035523 0.374146 -0.001215
-0.021420 0.374296 0.001829
-0.006159 0.372853 0.000593
0.005785 0.375950 -0.000722
0.020986 0.376272 -0.000061
0.035614 0.374970 0.000279
0.049684 0.374081 -0.000012
0.063963 0.374844 0.000820
0.077953 0.375501 0.000279
0.093704 0.374981 0.001026
0.107056 0.375107 0.000771
0.120323 0.375459 0.000568
0.134950 0.375287 0.000434
0.151952 0.373650 -0.000741
0.163797 0.373710 -0.001675
0.179509 0.376178 -0.000132
0.194017 0.374232 -0.000433
0.209776 0.375278 0.001203
0.223835 0.375702 0.000731
0.237615 0.373643 0.001790
0.252617 0.373476 0.000591
0.266450 0.373881 0.001554
0.278894 0.374930 -0.000131
0.295586 0.374356 0.000257
0.311508 0.374529 -0.000724
0.325219 0.374101 -0.000062
0.338705 0.374371 0.000493
0.352169 0.374730 0.001170
0.367593 0.375615 0.000692
0.381445 0.374683 0.000596
0.395660 0.377374 0.000324
0.410943 0.375952 -0.000078
0.424841 0.374976 -0.000185
0.439293 0.374904 -0.001704
0.454384 0.375184 0.000634
0.466149 0.375745 0.001423
0.481852 0.373636 0.000801
0.498229 0.375162 -0.002274
0.512377 0.374201 0.000138
0.525890 0.374055 0.000276
0.540434 0.374701 -0.000123
0.555473 0.374786 0.001146
0.569443 0.374705 0.000922
0.582786 0.374717 0.000893
0.597052 0.374655 0.001657
0.611478 0.374453 -0.000201
0.626262 0.374058 -0.001139
0.640241 0.373965 0.000145
0.655540 0.375699 0.001304
0.670077 0.372928 0.001368
0.683863 0.373471 -0.000847
0.696378 0.374237 -0.000710
0.712810 0.373109 0.001545
0.726802 0.375337 -0.000534
0.741087 0.373695 0.000715
0.755298 0.373245 0.000168
0.769118 0.375811 -0.001375
0.785359 0.375223 -0.000597
0.799265 0.373203 0.000359
0.812379 0.375118 0.001635
0.827688 0.375377 0.001636
0.841469 0.375665 -0.000090
0.854855 0.373786 0.001673
0.870796 0.373486 0.000484
0.883478 0.375581 0.001629
0.898565 0.375168 0.000598
0.914080 0.375704 -0.000308
0.926670 0.373629 -0.000173
0.943113 0.374569 -0.000466
0.958235 0.375206 0.000068
0.971956 0.375672 -0.000624
0.984784 0.374155 0.002025
1.001553 0.376979 0.000357
-1.000140 0.388056 -0.000224
-0.984053 0.389792 -0.000696
-0.971542 0.388890 0.001166
-0.958629 0.387742 -0.000573
-0.944764 0.388047 -0.000635
-0.930138 0.387164 -0.000761
-0.911848 0.390421 -0.000426
-0.899461 0.388967 0.000502
-0.885382 0.389204 0.000066
-0.868750 0.388877 -0.000968
-0.855798 0.390324 0.000240
-0.841889 0.388543 0.000823
-0.826106 0.388393 0.000306
-0.811367 0.387982 0.000511
-0.798321 0.388804 -0.001095
-0.785200 0.389461 0.000513
-0.770003 0.387551 0.000040
-0.755041 0.388662 0.000761
-0.740808 0.388455 -0.001394
-0.726317 0.389524 -0.000628
-0.713065 0.389853 -0.000422
-0.699486 0.387666 -0.000878
-0.682626 0.389342 0.000369
-0.669581 0.388634 -0.000546
-0.655406 0.389404 -0.001008
-0.639714 0.388289 0.000658
-0.623470 0.388824 0.001458
-0.612748 0.388754 0.000218
-0.596013 0.388076 0.001307
-0.583480 0.390222 -0.000321
-0.569114 0.388902 -0.000017
-0.553357 0.387370 -0.001021
-0.541983 0.388441 -0.000282
-0.523478 0.389143 0.000341
-0.510223 0.389480 -0.001086
-0.495425 0.387632 -0.000155
-0.481988 0.390903 0.001576
-0.468133 0.389089 0.000386
-0.452074 0.389941 0.000486
-0.439347 0.386961 -0.000031
-0.425669 0.389185 -0.002789
-0.409041 0.388673 -0.001016
-0.394364 0.389849 -0.001327
-0.381654 0.390352 0.001797
-0.364296 0.388318 0.000930
-0.352070 0.387915 -0.001277
-0.341016 0.388452 -0.001143
-0.325689 0.388831 0.000182
-0.309755 0.390365 0.000788
-0.297259 0.388967 -0.000303
-0.279854 0.389369 0.000589
-0.264320 0.390083 0.000691
-0.252164 0.387533 0.000782
-0.237508 0.387058 0.001523
-0.224205 0.390276 0.000747
-0.209354 0.388140 -0.001035
-0.192838 0.388776 -0.000324
-0.181124 0.387717 0.001298
-0.166292 0.387549 0.000144
-0.151442 0.390023 -0.000165
-0.137127 0.388372 -0.001342
-0.123753 0.388111 -0.000473
-0.107222 0.389128 -0.000060
-0.094637 0.391513 -0.000504
-0.078626 0.388221 -0.000501
-0.066920 0.388082 -0.000882
-0.050554 0.388353 0.001076
-0.034872 0.390181 0.000879
-0.021557 0.390674 0.000179
-0.007382 0.388594 0.000628
0.009443 0.389215 0.000199
0.020725 0.389271 -0.000887
0.035947 0.387153 0.000494
0.049759 0.388882 0.001480
0.064286 0.389067 0.000233
0.080140 0.388998 0.000565
0.093707 0.389049 -0.000569
0.108767 0.387082 0.000005
0.122051 0.390983 -0.000492
0.137606 0.390190 -0.002126
0.151679 0.387938 -0.001262
0.165799 0.389275 -0.000609
0.180580 0.389131 0.001090
0.194581 0.388552 -0.000507
0.208804 0.387828 0.000088
0.223224 0.388492 -0.000569
0.237612 0.388809 0.000576
0.252359 0.388999 -0.000586
0.264800 0.388324 -0.000601
0.278359 0.389375 0.000426
0.295926 0.390645 -0.000435
0.310106 0.389746 0.000200
0.324773 0.389573 -0.000152
0.339237 0.389086 0.000267
0.352584 0.389259 0.000137
0.365858 0.389838 -0.000504
0.380311 0.388488 0.000471
0.396099 0.390965 -0.001199
0.409977 0.389749 -0.001581
0.425300 0.388163 -0.000028
0.439555 0.388913 -0.000454
0.453674 0.388918 0.000028
0.467661 0.388335 0.001615
0.481264 0.389196 -0.000148
0.496148 0.390445 0.000046
0.510511 0.388265 -0.000190
0.525064 0.389195 0.001075
0.538496 0.389373 0.000583
0.554262 0.387496 -0.000660
0.569315 0.387861 -0.000160
0.583527 0.390790 0.002332
0.596289 0.387605 -0.000415
0.611228 0.389398 -0.000489
0.625886 0.388034 0.000494
0.639548 0.388669 -0.000038
0.656327 0.388326 0.000642
0.669720 0.389105 -0.000608
0.683118 0.389660 0.000434
0.697785 0.388393 0.001132
0.711641 0.387077 -0.001012
0.726641 0.389576 0.000258
0.740877 0.389359 0.000553
0.755122 0.389527 0.000931
0.771422 0.388750 0.000220
0.783277 0.389651 -0.002169
0.797726 0.388285 0.000766
0.812925 0.389225 0.000452
0.827497 0.389365 0.000465
0.840706 0.388724 -0.001663
0.857580 0.390061 0.000766
0.873070 0.389004 0.000411
0.883889 0.388220 0.001057
0.899397 0.388360 -0.000456
0.914297 0.387746 -0.001500
0.927600 0.387522 0.000811
0.943885 0.388810 -0.000729
0.955449 0.388144 -0.000784
0.972599 0.387520 0.000580
0.986001 0.388581 0.000926
0.999940 0.388498 -0.000865
-0.999826 0.403847 0.001248
-0.986106 0.403828 0.001157
-0.972280 0.404694 -0.000737
-0.957500 0.401696 0.001340
-0.944666 0.404759 -0.002307
-0.928182 0.404193 -0.001455
-0.914358 0.402288 0.001703
-0.897822 0.403037 0.000002
-0.884950 0.402003 0.001708
-0.869650 0.402810 -0.001378
-0.856091 0.402772 -0.000653
-0.842067 0.403174 -0.000735
-0.825856 0.403156 0.001396
-0.811402 0.405692 -0.001600
-0.797832 0.402885 0.000430
-0.783961 0.402435 0.000313
-0.769899 0.401978 -0.000601
-0.753331 0.402228 -0.000180
-0.741989 0.402772 -0.000533
-0.726783 0.402221 0.000574
-0.711557 0.401870 0.000569
-0.698250 0.403645 0.000254
-0.683502 0.404401 0.001065
-0.669196 0.403555 0.000596
-0.656300 0.401968 -0.002629
-0.641147 0.403448 0.000535
-0.625437 0.403055 -0.000453
-0.612816 0.403102 -0.000494
-0.596611 0.401314 -0.000140
-0.583816 0.402767 0.000280
-0.568424 0.403768 0.000294
-0.553064 0.404790 -0.000636
-0.541280 0.403822 -0.000073
-0.526234 0.402590 0.001050
-0.510079 0.402466 -0.000115
-0.496422 0.403023 0.000111
-0.485082 0.403310 -0.001749
-0.468492 0.403222 0.000858
-0.454036 0.402219 -0.001792
-0.440202 0.403064 -0.000856
-0.423921 0.403988 -0.001213
-0.408919 0.403258 0.001509
-0.397013 0.404981 -0.001289
-0.381236 0.404025 0.000015
-0.365909 0.402402 0.001447
-0.352503 0.403119 0.000298
-0.337266 0.404174 0.001675
-0.322696 0.400932 0.001537
-0.309951 0.402716 -0.001884
-0.297003 0.402592 -0.000374
-0.279818 0.404830 -0.001302
-0.266576 0.402802 -0.000134
-0.251624 0.402939 0.000185
-0.237562 0.403131 0.000120
-0.223415 0.403051 0.000868
-0.207101 0.404652 -0.000288
-0.193444 0.404032 -0.000424
-0.181163 0.404060 -0.000371
-0.165043 0.402269 -0.000670
-0.153163 0.403669 0.000003
-0.137370 0.402818 0.000662
-0.122528 0.402226 0.000458
-0.107057 0.401486 -0.001127
-0.094063 0.403054 -0.001079
-0.077494 0.405028 0.001949
-0.064077 0.402377 -0.000267
-0.051291 0.401414 -0.000114
-0.036156 0.404402 0.001036
-0.022584 0.401896 0.000271
-0.008737 0.402917 0.000832
0.008834 0.402051 -0.001456
0.022037 0.403537 -0.000326
0.036790 0.405290 -0.000745
0.048838 0.402853 0.001477
0.065807 0.404101 -0.001983
0.079349 0.401789 0.000798
0.094376 0.403065 -0.001356
0.107926 0.403270 -0.002297
0.122955 0.402061 0.000993
0.136372 0.402651 0.001262
0.149851 0.403139 0.002232
0.166265 0.401632 0.000763
0.179704 0.404158 -0.000841
0.195340 0.403911 0.000015
0.208996 0.403747 -0.001682
0.222262 0.403078 -0.000278
0.236693 0.403774 -0.000243
0.251837 0.403651 -0.000805
0.266518 0.401869 -0.000820
0.280062 0.403582 0.000406
0.294581 0.403190 0.000031
0.308329 0.402282 0.000414
0.323090 0.402025 -0.000681
0.337027 0.403486 0.002074
0.354024 0.403090 -0.000964
0.366885 0.401549 -0.000454
0.381226 0.400654 0.001459
0.395669 0.405105 -0.000109
0.410425 0.404936 0.000532
0.423508 0.402328 0.000561
0.438857 0.402588 -0.000104
0.451225 0.404848 0.000420
0.466668 0.403701 -0.000732
0.481135 0.403988 0.000332
0.494964 0.403261 -0.001002
0.511999 0.402422 -0.000475
0.523408 0.403805 0.000945
0.539676 0.403498 0.001566
0.554168 0.401579 0.001238
0.566933 0.403478 0.002104
0.582664 0.401528 -0.000240
0.597999 0.402740 -0.001505
0.610395 0.404485 0.002237
0.627421 0.402434 0.000287
0.640106 0.403946 -0.001235
0.656229 0.402753 -0.000600
0.667764 0.403312 -0.001490
0.682786 0.403638 0.000267
0.698185 0.401685 -0.000078
0.712916 0.404051 0.000837
0.726204 0.403156 -0.001668
0.741133 0.403515 -0.000022
0.754046 0.401510 -0.000010
0.769744 0.402314 0.000392
0.783571 0.403654 -0.002731
0.799673 0.401823 -0.000160
0.812793 0.403911 0.002179
0.827410 0.401264 0.001550
0.839198 0.403322 0.000134
0.856081 0.403380 -0.000346
0.872092 0.402726 -0.000712
0.884486 0.402035 0.000137
0.897065 0.401691 -0.000234
0.913394 0.403188 0.000466
0.929551 0.403374 -0.000161
0.941319 0.402692 -0.000886
0.956807 0.405083 -0.001126
0.971619 0.402714 -0.000323
0.983524 0.401072 0.000506
0.999389 0.403698 -0.001922
-0.999606 0.417705 -0.000025
-0.985612 0.416837 -0.000537
-0.971672 0.415354 -0.000952
-0.956203 0.416678 -0.002066
-0.940798 0.417423 -0.002476
-0.927048 0.418581 -0.000162
-0.911345 0.416496 0.002012
-0.899171 0.417441 -0.000346
-0.884595 0.417021 -0.000224
-0.869142 0.415300 -0.000677
-0.856045 0.416396 0.000466
-0.842147 0.417061 -0.001104
-0.827309 0.415474 0.000073
-0.811353 0.417198 -0.000590
-0.799687 0.416425 -0.000751
-0.784524 0.419985 0.001927
-0.770020 0.417781 0.000572
-0.755800 0.417819 -0.000490
-0.740990 0.415617 0.000477
-0.726269 0.416505 0.002722
-0.712637 0.415917 -0.000126
-0.697023 0.416111 -0.000188
-0.683665 0.416084 0.001003
-0.668606 0.418069 0.000791
-0.655088 0.417950 0.000262
-0.641414 0.418387 0.000254
-0.625670 0.418153 -0.000432
-0.609508 0.417790 -0.001693
-0.596678 0.417796 -0.000225
-0.582756 0.416861 -0.000701
-0.567816 0.416894 -0.000175
-0.552975 0.417013 -0.001628
-0.540866 0.417590 0.000111
-0.524772 0.418080 -0.000054
-0.509839 0.416437 -0.000731
-0.496345 0.417809 -0.000598
-0.481292 0.415275 0.000885
-0.466576 0.415542 0.000342
-0.455013 0.417254 0.000153
-0.438532 0.416133 0.001034
-0.425943 0.417105 -0.000941
-0.410160 0.418086 -0.001758
-0.395455 0.417310 -0.000704
-0.381885 0.417237 0.000159
-0.366903 0.417256 0.000806
-0.351633 0.417848 0.001092
-0.340447 0.417833 0.000124
-0.324359 0.416212 0.001823
-0.309178 0.416027 0.001623
-0.295703 0.416262 -0.000499
-0.280201 0.418116 0.000009
-0.266877 0.419231 -0.000317
-0.251942 0.416337 0.000842
-0.237876 0.419471 -0.001136
-0.221493 0.417695 -0.001171
-0.208139 0.416459 -0.001603
-0.193481 0.417620 0.000334
-0.179322 0.416944 0.000397
-0.164912 0.416805 0.000187
-0.149254 0.418487 0.000994
-0.136021 0.418365 0.000849
-0.122141 0.416791 -0.000158
-0.106036 0.417586 0.000951
-0.093423 0.418800 0.000376
-0.077571 0.417433 0.000162
-0.065031 0.415736 -0.000726
-0.049359 0.416425 0.001018
-0.037582 0.417353 0.000772
-0.021481 0.417359 -0.001585
-0.007159 0.417834 0.000023
0.005434 0.417613 0.000197
0.023669 0.416746 0.000280
0.035506 0.420072 0.000201
0.049828 0.416513 -0.000941
0.062026 0.416754 -0.001841
0.079495 0.417425 -0.000617
0.093206 0.417713 -0.002242
0.108361 0.415473 0.000239
0.122135 0.418514 -0.000341
0.136734 0.416657 -0.002318
0.152110 0.415983 0.000429
0.165031 0.418538 0.000507
0.178370 0.416701 -0.000268
0.194870 0.417430 -0.000055
0.209704 0.417170 0.000961
0.222476 0.417264 0.000098
0.236786 0.418533 0.001080
0.253526 0.417826 -0.000246
0.264953 0.420115 -0.000257
0.281618 0.416924 -0.000339
0.294294 0.417821 0.000046
0.308324 0.418192 -0.000516
0.323234 0.417907 0.001859
0.338007 0.417726 -0.001563
0.353578 0.418001 -0.000285
0.366146 0.417751 0.000126
0.380417 0.418216 0.000140
0.396402 0.416745 -0.000287
0.411313 0.417400 0.000301
0.423387 0.418427 0.001623
0.438649 0.417232 -0.000053
0.451196 0.418245 0.000765
0.467959 0.414937 0.000103
0.482290 0.418156 -0.000284
0.496319 0.417391 -0.000301
0.509563 0.416473 -0.000538
0.524196 0.418052 -0.000052
0.538663 0.415999 -0.000322
0.554524 0.416458 0.000441
0.568251 0.418175 0.000759
0.581414 0.418677 0.000762
0.598086 0.417369 0.000414
0.612590 0.417141 -0.001161
0.625785 0.417636 0.000275
0.640965 0.416517 0.001588
0.653852 0.418852 0.000124
0.668938 0.418424 0.000437
0.683164 0.417261 0.002458
0.698219 0.417157 0.000455
0.710739 0.417143 -0.001192
0.726179 0.418663 0.000906
0.741773 0.418451 0.000188
0.754753 0.417164 -0.000189
0.770049 0.416345 0.000838
0.784185 0.416922 0.000741
0.798014 0.417727 -0.000384
0.812598 0.418045 -0.001888
0.827305 0.417174 0.000135
0.841840 0.416456 0.001386
0.857698 0.417741 0.001638
0.869185 0.416059 -0.002397
0.885347 0.414652 -0.000981
0.900813 0.417136 0.000158
0.913949 0.417567 0.000181
0.928670 0.417829 -0.000372
0.943033 0.416616 -0.002271
0.957242 0.416335 -0.000641
0.972993 0.418194 -0.000335
0.985571 0.417444 0.000664
0.998639 0.417884 -0.000067
-0.998709 0.431373 -0.000435
-0.983968 0.431362 -0.002054
-0.973784 0.431185 0.001082
-0.957216 0.430283 0.001140
-0.941246 0.431921 0.000440
-0.927584 0.432087 0.000973
-0.914011 0.430638 0.000606
-0.900983 0.432508 -0.000295
-0.884501 0.432709 0.000618
-0.870264 0.430638 0.000577
-0.856228 0.430544 -0.001149
-0.842119 0.432838 -0.001083
-0.826461 0.433498 0.000400
-0.814253 0.431042 0.000843
-0.799240 0.430048 0.000685
-0.785060 0.430724 -0.000977
-0.771284 0.432363 -0.000825
-0.755254 0.430424 -0.002120
-0.741073 0.432741 0.000119
-0.727826 0.430830 0.001028
-0.713257 0.430862 0.000083
-0.698282 0.431948 0.000521
-0.681547 0.428267 -0.000433
-0.668111 0.432322 -0.001587
-0.655395 0.430332 0.000628
-0.638184 0.430029 0.000584
-0.625754 0.431850 -0.000604
-0.612090 0.430635 0.000433
-0.597372 0.430498 0.000266
-0.581462 0.431952 0.000233
-0.567509 0.430059 -0.000975
-0.552678 0.431959 0.000690
-0.538343 0.430160 -0.000775
-0.525832 0.429717 -0.000773
-0.510164 0.431703 -0.000014
-0.496973 0.431139 0.000955
-0.482663 0.433705 0.000537
-0.465728 0.430738 -0.002509
-0.453885 0.433741 -0.000575
-0.439317 0.431565 0.001245
-0.425548 0.430945 -0.001913
-0.410813 0.430297 -0.001907
-0.395348 0.432172 -0.001789
-0.382021 0.430579 0.000620
-0.366185 0.431866 0.001579
-0.352738 0.430415 0.000725
-0.338864 0.432461 -0.000353
-0.323261 0.430626 -0.000653
-0.310243 0.431071 0.000947
-0.293282 0.432208 -0.000584
-0.279136 0.432357 -0.000320
-0.268421 0.432065 -0.000158
-0.253613 0.427848 -0.000841
-0.237392 0.433713 0.000655
-0.223576 0.429747 0.001379
-0.210489 0.430001 -0.000870
-0.192870 0.431541 0.000727
-0.179383 0.432127 0.000400
-0.167667 0.431252 0.000583
-0.151285 0.431403 -0.000847
-0.137380 0.433029 0.000570
-0.122063 0.431657 -0.001143
-0.107871 0.431438 0.000611
-0.095376 0.429758 0.000683
-0.079117 0.429231 -0.001502
-0.064627 0.430518 -0.001076
-0.051169 0.431229 0.001288
-0.035514 0.430860 -0.002132
-0.020750 0.432288 0.000085
-0.006537 0.431017 -0.000180
0.005900 0.431410 -0.002642
0.020095 0.431779 0.001805
0.035373 0.430839 -0.000247
0.050535 0.429729 0.001486
0.065710 0.430977 0.000103
0.078328 0.430869 0.000730
0.093511 0.430714 0.001107
0.106861 0.432432 -0.000773
0.119615 0.432177 -0.000822
0.136261 0.431180 0.000251
0.151626 0.430609 -0.001418
0.165801 0.430478 -0.001185
0.178955 0.432428 -0.000002
0.194932 0.429818 -0.000677
0.209412 0.430028 -0.000725
0.223166 0.431641 0.000127
0.238447 0.430815 0.001669
0.250817 0.431733 0.000272
0.266998 0.429875 -0.001001
0.281398 0.429743 -0.002617
0.294572 0.431382 0.000439
0.309105 0.431730 -0.002940
0.323662 0.430397 -0.000561
0.338313 0.430938 -0.000655
0.351160 0.430997 0.000675
0.367035 0.429609 -0.000724
0.380227 0.432359 -0.000032
0.396265 0.430194 0.000647
0.409164 0.432937 0.002037
0.423811 0.432450 0.000157
0.438322 0.431935 -0.000116
0.454232 0.432145 0.001538
0.467085 0.431029 0.000278
0.483663 0.431485 -0.001208
0.495512 0.430362 0.000551
0.511203 0.432380 0.000398
0.526488 0.431145 0.000781
0.541343 0.431746 -0.000819
0.553931 0.431087 -0.001277
0.569860 0.432946 0.001310
0.583368 0.431096 -0.001414
0.596754 0.431796 0.000268
0.610545 0.431823 0.001667
0.626255 0.431137 0.000127
0.641355 0.431827 0.000125
0.655143 0.431031 0.000122
0.668546 0.431746 0.000729
0.685012 0.429859 0.000828
0.699746 0.430182 0.000450
0.713523 0.429368 -0.000218
0.725998 0.431470 0.000769
0.741914 0.431703 -0.000425
0.755333 0.431124 0.001563
0.770459 0.433551 -0.000640
0.782821 0.433642 0.001363
0.798307 0.432430 -0.000474
0.814617 0.432089 -0.000881
0.826182 0.431527 -0.000691
0.842162 0.431608 -0.000609
0.856236 0.431925 -0.001917
0.872398 0.431743 0.001348
0.887285 0.431801 -0.001464
0.898342 0.430874 -0.001658
0.912178 0.432589 0.001591
0.929226 0.430832 -0.001159
0.941612 0.433002 0.000040
0.958237 0.431490 -0.000206
0.970479 0.430489 0.001216
0.987441 0.430552 -0.001187
1.000383 0.430638 -0.001259
-1.000177 0.444981 -0.000080
-0.986757 0.445146 0.000253
-0.971992 0.445769 -0.000387
-0.956478 0.446453 -0.000315
-0.942956 0.443895 0.001858
-0.928296 0.445401 0.000585
-0.913804 0.446300 -0.000898
-0.900129 0.443122 0.000940
-0.884181 0.444917 0.000812
-0.869820 0.445139 0.000554
-0.857416 0.443764 -0.000505
-0.840957 0.447414 0.000726
-0.826697 0.446074 -0.001896
-0.815010 0.446530 0.001920
-0.798450 0.444662 -0.002848
-0.783999 0.445199 0.001189
-0.769294 0.445225 0.000820
-0.755402 0.446551 -0.001053
-0.740883 0.444484 -0.000694
-0.727104 0.445994 0.000117
-0.712957 0.444715 0.000163
-0.696876 0.443661 0.001921
-0.681992 0.445397 -0.000211
-0.666148 0.445544 0.000694
-0.655676 0.444985 -0.000520
-0.640474 0.445676 0.000056
-0.626142 0.444687 -0.001064
-0.610035 0.444968 0.000942
-0.597924 0.445945 0.000167
-0.579701 0.445565 -0.000614
-0.569279 0.446108 0.000532
-0.554843 0.445072 -0.000087
-0.537756 0.446179 0.000552
-0.523789 0.445455 0.001529
-0.510486 0.445716 0.001445
-0.496304 0.444208 -0.001610
-0.482806 0.444103 -0.000429
-0.468029 0.447605 -0.001338
-0.450710 0.444759 0.000202
-0.437684 0.446856 -0.000182
-0.423294 0.446675 0.001699
-0.409084 0.444595 0.000711
-0.395406 0.446600 0.001827
-0.381088 0.444920 -0.000563
-0.368836 0.444391 -0.000703
-0.353100 0.447218 0.001756
-0.337714 0.447112 0.001638
-0.323768 0.444272 -0.002484
-0.309638 0.444692 0.000391
-0.295458 0.447726 0.001896
-0.281789 0.446006 0.000303
-0.266451 0.443173 -0.000277
-0.250194 0.446948 0.000763
-0.238032 0.446483 -0.000781
-0.221979 0.444422 -0.000676
-0.206985 0.443491 -0.000643
-0.194564 0.445288 0.000412
-0.178497 0.443738 -0.002694
-0.165973 0.444479 0.000480
-0.151594 0.445304 -0.002007
-0.136227 0.445777 0.000976
-0.121944 0.445958 -0.000524
-0.109541 0.447237 -0.000239
-0.093678 0.447440 -0.000833
-0.079963 0.444460 -0.000854
-0.065009 0.447276 -0.000396
-0.051688 0.444284 -0.000291
-0.036867 0.445111 -0.000009
-0.020759 0.443971 -0.000642
-0.007419 0.446653 0.000972
0.007939 0.443672 -0.000224
0.020956 0.445317 -0.000086
0.036644 0.443401 0.000459
0.048917 0.444859 -0.000310
0.064509 0.445592 0.001125
0.079142 0.446250 -0.001419
0.093213 0.444775 0.000169
0.107904 0.446105 0.001461
0.122105 0.445686 0.000566
0.137360 0.444967 -0.000321
0.149880 0.445907 -0.000765
0.164467 0.445063 0.001011
0.178999 0.447554 -0.000225
0.194692 0.447024 0.000773
0.208642 0.444728 0.001105
0.222465 0.443781 -0.000155
0.238258 0.444904 -0.000185
0.252914 0.446804 -0.000925
0.266528 0.444451 -0.002247
0.278617 0.444119 0.001784
0.296359 0.444541 0.000289
0.309389 0.445396 0.000594
0.322844 0.446280 -0.001011
0.338779 0.447510 -0.001525
0.353277 0.445093 0.000202
0.369244 0.445040 -0.000085
0.380100 0.446376 0.000638
0.395310 0.445025 0.000468
0.409903 0.443905 0.000533
0.425581 0.444183 0.000999
0.440089 0.448212 -0.000111
0.453934 0.445396 -0.000958
0.469652 0.444657 0.000073
0.480393 0.446082 0.000892
0.495454 0.445356 -0.000924
0.509914 0.445216 -0.001352
0.525323 0.446123 0.000154
0.539855 0.447002 0.001302
0.554672 0.444473 -0.000294
0.568961 0.445514 0.000792
0.581906 0.446253 0.000174
0.597823 0.445895 0.001711
0.611616 0.445928 -0.000306
0.625077 0.446056 -0.000174
0.639713 0.445219 0.001394
0.653418 0.446462 0.000134
0.670520 0.446045 0.000865
0.682516 0.444712 -0.000982
0.699880 0.445185 0.000461
0.711821 0.444824 0.000122
0.727382 0.443839 0.000090
0.742995 0.445886 0.000279
0.754903 0.444944 -0.000604
0.770099 0.447342 0.000235
0.784358 0.443527 0.000119
0.798394 0.445742 0.001131
0.812949 0.444547 0.000236
0.826560 0.447580 -0.000197
0.843302 0.443094 0.000246
0.855278 0.445007 0.001143
0.869967 0.446024 -0.000852
0.885354 0.445965 -0.001552
0.898261 0.444928 0.000350
0.913424 0.446625 -0.000813
0.926180 0.446306 0.000935
0.943741 0.444579 -0.000351
0.957580 0.445613 0.000208
0.968658 0.444512 0.001842
0.985428 0.444336 0.001359
1.000051 0.445477 -0.001353
-0.998604 0.460964 -0.000052
-0.985513 0.459579 0.001192
-0.971794 0.460493 0.001153
-0.958303 0.460119 -0.001127
-0.944333 0.457266 0.000338
-0.927255 0.459675 -0.000734
-0.914057 0.460362 -0.000928
-0.899135 0.458859 0.000695
-0.883585 0.461106 0.000533
-0.869955 0.457324 -0.001192
-0.856195 0.459298 -0.000326
-0.843145 0.460396 -0.000267
-0.829117 0.459299 0.000581
-0.814590 0.459825 -0.000617
-0.801175 0.460770 -0.000593
-0.784705 0.457588 -0.001357
-0.769019 0.461541 0.000897
-0.756427 0.459202 0.000527
-0.740572 0.459929 0.000239
-0.725787 0.459438 -0.001246
-0.712521 0.458574 0.000707
-0.698904 0.460451 -0.000464
-0.683028 0.461793 -0.001075
-0.666958 0.458543 -0.001383
-0.654995 0.459353 -0.000474
-0.643252 0.458171 0.001726
-0.629593 0.457889 0.000117
-0.611246 0.460581 -0.000596
-0.597848 0.459549 0.001944
-0.582831 0.460065 -0.000142
-0.569481 0.459057 0.000287
-0.552627 0.459543 0.001878
-0.539827 0.458419 0.000476
-0.525346 0.460459 0.001209
-0.509418 0.458761 -0.000078
-0.497062 0.460322 0.000360
-0.483000 0.458897 -0.000520
-0.466239 0.458517 0.000770
-0.453074 0.460810 0.002841
-0.439050 0.458574 0.000791
-0.425143 0.461102 0.000608
-0.411288 0.460152 -0.001410
-0.394412 0.458609 0.000339
-0.380038 0.459157 0.001316
-0.367321 0.459470 0.000612
-0.352968 0.459265 0.000844
-0.339031 0.461268 -0.000618
-0.324466 0.458722 0.001122
-0.308236 0.458955 -0.000157
-0.295141 0.461149 0.000240
-0.280340 0.459269 0.001554
-0.266609 0.461332 -0.000224
-0.252039 0.458355 0.000927
-0.238659 0.460064 0.000333
-0.224565 0.459090 -0.001663
-0.207105 0.460533 -0.001006
-0.194404 0.457182 0.000106
-0.181203 0.460004 0.000757
-0.163596 0.458980 -0.000530
-0.149794 0.457917 -0.000284
-0.137089 0.456890 -0.000069
-0.122110 0.459202 -0.000267
-0.107832 0.459881 -0.000243
-0.092576 0.459853 0.000038
-0.080031 0.460607 -0.000853
-0.063834 0.459079 0.001687
-0.051591 0.458016 -0.000772
-0.035095 0.458368 -0.001429
-0.022054 0.460219 -0.000638
-0.007675 0.458944 0.001361
0.007382 0.460656 0.001014
0.022249 0.460956 0.001998
0.035303 0.458940 0.000166
0.051100 0.460945 0.000695
0.065968 0.458741 0.000433
0.079435 0.458419 0.000474
0.091776 0.457836 -0.000679
0.107463 0.459175 0.001887
0.120976 0.458920 -0.001858
0.136815 0.459667 0.000701
0.151594 0.459348 0.000584
0.165157 0.460655 0.000535
0.180326 0.458699 0.000305
0.194042 0.459826 0.000999
0.208572 0.458396 -0.000430
0.223625 0.459022 0.000815
0.236393 0.459131 0.000542
0.251632 0.459017 -0.000393
0.268036 0.458179 -0.001691
0.280539 0.460280 0.000477
0.294692 0.459776 -0.000697
0.308641 0.459755 -0.000398
0.323667 0.460751 -0.000054
0.338941 0.458564 -0.000186
0.352750 0.458813 -0.000491
0.367238 0.459231 0.000745
0.381456 0.459368 0.000452
0.397781 0.459210 0.000190
0.410524 0.458316 -0.000872
0.424746 0.461424 -0.000168
0.439785 0.459532 0.000180
0.454579 0.458526 0.001836
0.468961 0.461416 0.000065
0.481830 0.458953 0.000059
0.496761 0.461305 0.000043
0.511456 0.459741 -0.002621
0.526161 0.458847 -0.000573
0.539549 0.459903 -0.000021
0.553343 0.461639 -0.000635
0.568344 0.459654 0.001220
0.584370 0.460637 -0.000588
0.595680 0.458978 0.000265
0.611830 0.456578 -0.001869
0.624434 0.459173 0.000016
0.639725 0.460138 0.000077
0.656546 0.459499 -0.002348
0.668211 0.460022 0.000047
0.683382 0.458237 0.001039
0.697449 0.460558 0.001326
0.712532 0.461159 -0.000530
0.726281 0.459594 0.000476
0.741801 0.459093 0.001015
0.756590 0.460439 -0.001031
0.768233 0.459243 0.002215
0.784685 0.461853 -0.000228
0.801094 0.458501 0.000284
0.814261 0.460022 -0.000592
0.827158 0.459227 0.002440
0.841416 0.460141 0.000517
0.856240 0.457942 0.002984
0.872884 0.459825 0.000118
0.886578 0.458327 -0.000432
0.898771 0.459110 -0.000892
0.912022 0.457254 -0.000401
0.928057 0.458591 0.000566
0.943210 0.458773 -0.000486
0.957020 0.460020 -0.001138
0.970655 0.458810 -0.002243
0.985078 0.461215 0.000223
1.000705 0.457289 -0.002052
-1.000411 0.474357 -0.000479
-0.984866 0.472495 -0.000217
-0.972703 0.473723 0.000455
-0.956625 0.476482 0.000157
-0.942682 0.474004 -0.000039
-0.926216 0.473035 -0.000767
-0.913920 0.475106 -0.000409
-0.899194 0.474040 -0.000216
-0.883586 0.472499 -0.000470
-0.870976 0.473170 0.001028
-0.856891 0.474814 0.001692
-0.842194 0.471337 -0.000217
-0.829416 0.472816 0.000490
-0.811828 0.472923 -0.000511
-0.798632 0.473751 0.000476
-0.784487 0.473813 0.002754
-0.769513 0.475383 -0.000916
-0.755063 0.472806 -0.001552
-0.739684 0.474387 0.001931
-0.729373 0.473827 0.001108
-0.713217 0.473428 0.000995
-0.697096 0.473858 -0.000286
-0.682330 0.473350 0.000113
-0.668046 0.471504 -0.001048
-0.654116 0.473050 0.001269
-0.640684 0.473498 -0.001317
-0.625946 0.476117 -0.001873
-0.611958 0.474524 -0.001708
-0.596188 0.474682 -0.002109
-0.581810 0.474251 -0.000678
-0.568691 0.472082 0.000445
-0.554495 0.472519 -0.000032
-0.537650 0.475084 -0.000865
-0.524926 0.472799 0.000457
-0.511733 0.472581 -0.001099
-0.496810 0.473656 0.000553
-0.482200 0.474044 -0.001391
-0.467754 0.474884 0.000809
-0.453408 0.473332 -0.001608
-0.439902 0.474792 0.001151
-0.423129 0.472435 -0.000506
-0.411806 0.475268 0.000245
-0.395743 0.472889 0.001323
-0.381058 0.473493 0.001075
-0.368069 0.474350 -0.000983
-0.352004 0.474159 -0.001420
-0.337620 0.474201 -0.001610
-0.324551 0.475169 -0.001483
-0.308878 0.473929 -0.001154
-0.294067 0.471896 0.001196
-0.281296 0.472581 -0.000224
-0.266612 0.474194 -0.000410
-0.251311 0.472478 -0.000787
-0.237854 0.472227 0.002048
-0.223607 0.473470 -0.001225
-0.209410 0.474768 0.000663
-0.193484 0.473953 -0.000791
-0.178922 0.473387 -0.000676
-0.166588 0.473892 0.000731
-0.148475 0.474032 -0.001353
-0.136464 0.474642 0.001115
-0.122706 0.473614 -0.001087
-0.108346 0.475124 -0.000708
-0.093049 0.474248 -0.001445
-0.076494 0.471951 0.000595
-0.063742 0.474198 -0.000211
-0.049249 0.474023 -0.000008
-0.036320 0.475263 0.001670
-0.021161 0.476298 0.000224
-0.006542 0.473920 -0.001704
0.007899 0.474276 -0.001099
0.020821 0.471734 -0.002046
0.035900 0.472162 0.001162
0.049084 0.474468 0.001287
0.063754 0.472657 -0.000088
0.078657 0.472639 -0.000592
0.093706 0.473430 -0.000179
0.109510 0.473991 -0.000642
0.122202 0.474808 -0.000822
0.137532 0.473940 -0.000520
0.153317 0.472565 0.000436
0.163814 0.473797 -0.002407
0.180289 0.473734 -0.002502
0.196538 0.473886 0.000969
0.208406 0.474294 0.001047
0.224229 0.473443 -0.000775
0.236542 0.475761 0.000593
0.251451 0.474643 -0.001562
0.266148 0.472942 0.001817
0.279604 0.474755 0.000728
0.295782 0.474541 -0.001426
0.309527 0.474638 0.000216
0.323954 0.472826 0.002179
0.337239 0.472630 -0.001939
0.351358 0.472617 0.000334
0.366654 0.474154 0.000640
0.379647 0.472997 0.001176
0.396801 0.474294 -0.000814
0.410894 0.474497 -0.000468
0.424561 0.475104 -0.000740
0.438184 0.473662 -0.000416
0.452609 0.472100 -0.000895
0.470129 0.473230 -0.002117
0.480170 0.474904 0.001720
0.497718 0.474210 0.000356
0.510648 0.473877 0.002053
0.525906 0.474365 -0.000019
0.540015 0.473546 0.000360
0.554298 0.472944 0.001019
0.568869 0.474061 -0.000204
0.584232 0.474314 0.000062
0.597021 0.473200 -0.000011
0.609648 0.471518 0.000380
0.626329 0.472383 0.000415
0.638586 0.474284 -0.000491
0.655413 0.474493 0.000474
0.669194 0.473492 0.000674
0.681581 0.474775 -0.000260
0.697629 0.473269 -0.001047
0.713000 0.472841 -0.000534
0.727795 0.474116 0.000428
0.742323 0.474901 0.001620
0.757467 0.472995 0.001617
0.769676 0.473335 -0.000363
0.783398 0.475491 0.001203
0.798907 0.475558 0.000633
0.813797 0.471769 -0.001219
0.827380 0.472481 -0.000568
0.841817 0.474495 -0.001474
0.854433 0.476286 -0.002154
0.871119 0.473826 -0.000089
0.881622 0.473301 -0.002265
0.900263 0.473100 0.001986
0.913084 0.472107 -0.000406
0.929506 0.472552 -0.000835
0.941813 0.473035 -0.001239
0.956177 0.474194 -0.001062
0.970599 0.473291 0.000041
0.986618 0.476291 -0.002466
1.001337 0.474122 0.001841
-0.998386 0.487578 -0.000545
-0.983578 0.486242 0.002332
-0.970626 0.486567 0.000338
-0.957554 0.488752 0.000746
-0.942777 0.487626 0.002248
-0.927575 0.487601 -0.000539
-0.913108 0.486706 -0.000693
-0.898427 0.488209 0.000857
-0.884338 0.486478 0.000820
-0.871810 0.487473 0.000004
-0.857383 0.487300 0.000190
-0.841539 0.488275 0.000572
-0.825421 0.487660 -0.001016
-0.811463 0.487045 0.000764
-0.797522 0.488689 -0.000718
-0.783140 0.488289 0.001986
-0.769037 0.489020 -0.000794
-0.755422 0.487331 -0.002070
-0.741776 0.487136 -0.000282
-0.726585 0.488724 -0.000591
-0.711821 0.486347 -0.000574
-0.698247 0.487050 -0.000768
-0.682971 0.488739 -0.001120
-0.668648 0.488596 -0.001467
-0.655814 0.486568 -0.000505
-0.640053 0.488016 -0.000406
-0.626996 0.488333 -0.000077
-0.612700 0.488060 0.000451
-0.598007 0.487504 -0.001269
-0.582841 0.486482 -0.001047
-0.568837 0.488335 -0.000398
-0.555531 0.487906 -0.000410
-0.540922 0.488338 0.000259
-0.524759 0.488132 0.001340
-0.510734 0.489556 -0.001687
-0.497738 0.489637 -0.000482
-0.482827 0.487024 0.003954
-0.468703 0.488631 0.000106
-0.453256 0.488336 0.001437
-0.438624 0.487923 0.000522
-0.424922 0.485125 -0.000501
-0.410330 0.489237 -0.000006
-0.395447 0.486706 -0.000543
-0.381253 0.487939 -0.000423
-0.365404 0.487760 0.000452
-0.353180 0.488340 -0.000250
-0.336506 0.488016 -0.000498
-0.322806 0.488502 -0.001336
-0.309579 0.488607 -0.000644
-0.295220 0.488612 0.000077
-0.281532 0.488728 0.001352
-0.265263 0.488547 0.000022
-0.253479 0.487004 0.002339
-0.236703 0.485751 -0.001067
-0.224043 0.486876 0.000353
-0.209033 0.490203 0.000093
-0.193401 0.488091 0.000526
-0.179647 0.486351 0.000045
-0.166050 0.487876 -0.000245
-0.150002 0.486571 -0.000495
-0.137222 0.487727 -0.000423
-0.122515 0.488579 -0.000136
-0.109050 0.489203 0.000433
-0.093686 0.487615 0.000464
-0.077912 0.487865 0.000975
-0.064116 0.489034 -0.000399
-0.050141 0.487768 -0.000952
-0.037333 0.488150 0.001830
-0.021023 0.487264 0.001954
-0.006427 0.489167 -0.001030
0.008711 0.486962 0.002449
0.021869 0.487253 -0.000079
0.035982 0.490060 0.000491
0.049500 0.487687 -0.000384
0.066438 0.487662 -0.000172
0.078841 0.488291 0.000134
0.092824 0.487661 -0.000343
0.108516 0.487781 -0.000964
0.122053 0.489678 0.000238
0.136411 0.489376 0.000779
0.151717 0.486614 0.000465
0.164544 0.486958 -0.000506
0.180787 0.487432 -0.001152
0.194953 0.487570 0.000027
0.210317 0.488259 -0.000183
0.221747 0.486239 0.000066
0.237616 0.489030 -0.000242
0.252322 0.487884 -0.000598
0.266882 0.487588 0.000853
0.280913 0.488224 0.000246
0.295414 0.489772 -0.001456
0.309747 0.488275 -0.000891
0.323440 0.487940 -0.002688
0.337172 0.486057 0.000602
0.352839 0.488949 -0.000209
0.366148 0.488458 0.000343
0.381787 0.487640 -0.000270
0.396582 0.488622 -0.000403
0.410917 0.487045 -0.001195
0.423233 0.488306 0.000611
0.437662 0.488232 -0.000630
0.451558 0.487925 -0.001282
0.468981 0.487408 0.001070
0.480952 0.488850 0.001937
0.494702 0.488038 -0.001334
0.511435 0.487458 -0.002703
0.524492 0.489108 -0.000353
0.539317 0.488765 -0.000522
0.552374 0.487644 -0.001659
0.565775 0.486791 0.000560
0.583774 0.488222 0.000183
0.597178 0.488404 0.000545
0.610665 0.489743 0.000171
0.627239 0.487445 0.000026
0.640806 0.487997 -0.000275
0.654517 0.488724 -0.000114
0.671040 0.488646 0.000050
0.683078 0.488262 0.001156
0.698038 0.487909 0.000082
0.711826 0.487381 0.000138
0.726469 0.488115 -0.000633
0.740666 0.488870 0.000482
0.755532 0.486195 -0.000386
0.768737 0.487443 -0.000068
0.784871 0.488125 0.001074
0.799320 0.490059 -0.002095
0.812904 0.488145 0.000515
0.826279 0.488693 0.000428
0.841367 0.486994 0.000072
0.857125 0.487223 -0.001159
0.870195 0.487076 -0.000538
0.885779 0.488695 -0.000560
0.897306 0.489327 -0.000863
0.913715 0.487149 0.000622
0.929369 0.487183 -0.001020
0.941725 0.487064 0.000361
0.957176 0.487621 -0.001129
0.971726 0.490263 -0.000363
0.985711 0.487398 0.000167
1.000338 0.486722 -0.001429
-0.998538 0.503162 0.000015
-0.984579 0.501777 0.000008
-0.969057 0.499988 0.001353
-0.958637 0.502643 -0.001797
-0.943942 0.501587 -0.000830
-0.927822 0.501043 0.000548
-0.912539 0.502532 -0.002234
-0.897962 0.502528 -0.000724
-0.885741 0.502149 0.000262
-0.870641 0.501559 -0.000584
-0.856410 0.500956 -0.000634
-0.842070 0.503417 0.000436
-0.827527 0.502023 0.000928
-0.813294 0.502078 -0.001313
-0.799360 0.502242 0.001273
-0.784842 0.500593 -0.000778
-0.772166 0.501408 0.000058
-0.755783 0.503024 0.001829
-0.741012 0.501392 0.000226
-0.727613 0.503397 0.001182
-0.711116 0.501395 0.000376
-0.696714 0.502099 -0.000216
-0.684075 0.501719 -0.000080
-0.669166 0.502985 0.000579
-0.653742 0.503638 -0.000311
-0.640011 0.502175 -0.000985
-0.625868 0.503044 -0.000424
-0.612017 0.500650 -0.000334
-0.595587 0.503520 -0.000561
-0.583330 0.500379 0.001107
-0.568805 0.502895 -0.000910
-0.552344 0.501346 -0.000610
-0.539627 0.503352 0.000425
-0.527203 0.502495 -0.000316
-0.508766 0.501614 -0.000341
-0.497821 0.503179 -0.001593
-0.483320 0.500858 -0.001949
-0.467677 0.499547 0.000594
-0.453551 0.503060 0.000343
-0.438862 0.503473 0.001251
-0.422218 0.502938 -0.000666
-0.410120 0.503263 0.001680
-0.396079 0.501367 -0.000965
-0.381644 0.501797 0.000482
-0.365201 0.500137 0.000924
-0.352135 0.501115 0.000704
-0.336947 0.501741 -0.000806
-0.323931 0.501250 -0.000624
-0.310108 0.500871 0.000236
-0.294536 0.502219 -0.001027
-0.281382 0.501713 -0.000902
-0.265735 0.502264 0.000672
-0.249652 0.502375 -0.000431
-0.235896 0.501267 -0.000488
-0.225164 0.501753 -0.001443
-0.208800 0.502198 0.000246
-0.195208 0.501049 -0.001574
-0.179171 0.501911 0.000906
-0.165429 0.501405 -0.000496
-0.152391 0.501436 -0.001959
-0.138470 0.503892 0.000558
-0.124704 0.499443 0.000379
-0.107848 0.502235 0.000010
-0.092285 0.501640 -0.001356
-0.080449 0.501035 -0.000994
-0.063913 0.502195 0.001422
-0.050635 0.501730 -0.001071
-0.036113 0.501447 0.001529
-0.023125 0.500555 0.000481
-0.007804 0.502271 -0.000016
0.005871 0.502360 -0.001702
0.019845 0.502620 -0.001954
0.036965 0.500529 -0.001221
0.051276 0.501378 -0.000380
0.063774 0.502155 -0.000096
0.076750 0.501662 -0.001556
0.093807 0.504431 -0.001724
0.107711 0.501290 -0.000586
0.121843 0.502188 -0.001168
0.135530 0.503298 0.001076
0.151079 0.503545 0.000151
0.165979 0.502282 -0.000342
0.178232 0.501834 -0.000596
0.194065 0.502590 -0.000368
0.207444 0.501965 0.000694
0.222900 0.502474 0.000037
0.236512 0.500807 0.000368
0.250869 0.501705 -0.000371
0.264563 0.500919 0.000491
0.280204 0.503145 0.000819
0.295180 0.502185 0.000928
0.311181 0.503378 -0.000170
0.325214 0.502604 -0.000397
0.338949 0.500852 -0.000754
0.351557 0.501226 -0.001316
0.365687 0.500633 0.001139
0.382085 0.502746 0.000405
0.397478 0.502266 0.001054
0.409535 0.502468 -0.001464
0.424028 0.501009 0.000316
0.439283 0.503359 0.000713
0.450801 0.502106 -0.000089
0.468079 0.503103 0.001275
0.483699 0.502112 -0.001458
0.497331 0.503315 -0.001230
0.510825 0.502848 -0.000330
0.524693 0.502438 -0.000699
0.539571 0.501525 0.002042
0.554756 0.502266 0.000601
0.568257 0.501575 0.001947
0.580398 0.502437 -0.000622
0.596902 0.502122 0.000436
0.611727 0.501710 -0.000102
0.625768 0.500945 -0.000451
0.640557 0.503127 -0.001673
0.655535 0.503075 -0.000777
0.667902 0.500727 0.000315
0.682772 0.500460 -0.000050
0.696668 0.502323 0.002179
0.710323 0.499415 -0.000701
0.726742 0.503227 -0.001982
0.741507 0.501880 -0.000157
0.756188 0.501468 -0.000803
0.769072 0.501766 0.000143
0.784645 0.501484 0.001637
0.796991 0.502795 0.002189
0.813628 0.501220 -0.000584
0.826770 0.502566 0.000679
0.842217 0.500397 0.000206
0.857173 0.500022 0.000866
0.870418 0.502356 0.000194
0.884808 0.502702 -0.000071
0.899104 0.502918 -0.002268
0.914228 0.501458 -0.000079
0.927568 0.501868 0.000081
0.943338 0.502593 -0.000861
0.957367 0.501899 -0.001767
0.972072 0.501846 -0.000223
0.986512 0.502576 -0.000670
1.000512 0.501912 0.000868
-1.001538 0.515539 0.001260
-0.985395 0.516551 -0.000647
-0.971761 0.514372 -0.001255
-0.956076 0.515929 0.000920
-0.942102 0.515820 -0.000516
-0.928649 0.514737 -0.000467
-0.913721 0.516814 0.001159
-0.898906 0.516910 0.001068
-0.885646 0.516073 0.000603
-0.869278 0.516711 -0.000123
-0.855972 0.516896 -0.000375
-0.841706 0.516987 0.000737
-0.826257 0.516147 0.001912
-0.811958 0.516799 0.000304
-0.800397 0.516447 0.000597
-0.783964 0.516493 0.001093
-0.768828 0.515442 0.000236
-0.755843 0.517219 -0.000497
-0.739273 0.516055 -0.000717
-0.727242 0.516380 -0.002062
-0.713096 0.517084 -0.000043
-0.697246 0.516072 -0.000632
-0.682482 0.517297 0.001029
-0.668525 0.517191 -0.002063
-0.653821 0.515209 -0.000379
-0.641735 0.514729 0.001185
-0.623765 0.515255 -0.000665
-0.610213 0.515259 -0.000089
-0.597883 0.517135 -0.000436
-0.582834 0.516866 -0.000482
-0.568184 0.515861 -0.000741
-0.552211 0.514265 0.002137
-0.539340 0.514821 -0.000930
-0.526298 0.517992 -0.000131
-0.512709 0.516643 -0.001355
-0.497189 0.515663 0.000185
-0.481581 0.516204 0.000575
-0.467328 0.515992 -0.001026
-0.454049 0.518712 -0.000068
-0.438429 0.517015 -0.000140
-0.423754 0.516317 -0.000106
-0.411830 0.516357 0.000655
-0.395386 0.517393 -0.000541
-0.381210 0.518140 0.001104
-0.367731 0.516147 -0.000601
-0.351769 0.517490 0.001225
-0.340260 0.516632 -0.002025
-0.323462 0.516476 0.000927
-0.308175 0.515066 0.000823
-0.296090 0.515532 0.000012
-0.280754 0.516106 0.000612
-0.265147 0.515289 0.000241
-0.252560 0.515390 0.000172
-0.236885 0.515298 -0.000387
-0.222805 0.515456 -0.000339
-0.207652 0.517132 -0.003006
-0.193999 0.517123 -0.001161
-0.179576 0.515924 0.000927
-0.165563 0.515771 -0.000163
-0.151882 0.515991 0.001506
-0.137220 0.512906 -0.000807
-0.123086 0.516341 0.000416
-0.107039 0.517102 0.000115
-0.093888 0.516081 -0.000035
-0.079069 0.517612 0.000839
-0.063390 0.515601 0.000818
-0.048741 0.516985 0.000710
-0.035570 0.516775 -0.000987
-0.024153 0.515371 -0.001664
-0.008172 0.517168 -0.001063
0.007505 0.515741 -0.001485
0.023621 0.516778 0.000440
0.037508 0.516609 0.001118
0.049527 0.518075 0.001863
0.065277 0.516890 0.000427
0.078802 0.517157 0.000272
0.094682 0.517479 0.000529
0.109262 0.515831 -0.000934
0.122038 0.516550 -0.000605
0.136418 0.517426 0.001057
0.152303 0.516549 -0.001566
0.164890 0.516023 -0.000368
0.178197 0.515370 -0.000171
0.195489 0.516600 -0.000612
0.208440 0.515272 -0.000358
0.222860 0.515746 -0.000601
0.239032 0.516396 -0.000979
0.252716 0.515528 -0.000381
0.267337 0.517124 -0.000119
0.280503 0.516690 0.000945
0.294134 0.515522 0.000687
0.309576 0.515608 -0.001126
0.324418 0.515846 -0.002115
0.337588 0.515269 -0.000463
0.351990 0.517543 -0.000697
0.366949 0.517555 -0.000960
0.381098 0.515729 -0.000903
0.395840 0.515423 0.000150
0.409159 0.516629 0.001074
0.424011 0.515353 -0.000128
0.438083 0.515844 -0.000712
0.454272 0.517073 0.001639
0.466655 0.515426 -0.001041
0.482549 0.516329 -0.001035
0.497314 0.516586 0.000393
0.511349 0.516624 -0.000902
0.526100 0.515896 0.000213
0.539791 0.514487 -0.000384
0.555881 0.517560 0.000562
0.568153 0.517568 -0.001639
0.584108 0.515574 0.000784
0.597554 0.516579 -0.000175
0.610762 0.516482 -0.000462
0.626718 0.515935 0.000447
0.639757 0.515581 0.000526
0.657222 0.515868 -0.001991
0.669335 0.516022 -0.000161
0.683848 0.515808 -0.000076
0.698131 0.515651 -0.000531
0.709159 0.517814 -0.001252
0.727862 0.516743 0.000660
0.738672 0.518511 0.000946
0.756025 0.516188 -0.000071
0.771404 0.516911 0.001368
0.782577 0.513883 -0.002191
0.799166 0.516656 0.000697
0.813494 0.517902 0.000704
0.826460 0.514863 0.001232
0.840967 0.516428 -0.001119
0.853656 0.517250 -0.001039
0.871075 0.514974 -0.000358
0.886495 0.515649 -0.001976
0.899847 0.516529 0.000284
0.915215 0.516682 0.000532
0.928014 0.516810 -0.000949
0.943941 0.515141 -0.000109
0.956634 0.516755 -0.000500
0.971322 0.516807 0.000283
0.984759 0.515967 -0.000760
0.999890 0.515331 0.000403
-1.000428 0.529196 -0.001662
-0.985075 0.528447 -0.001152
-0.971078 0.530881 -0.000670
-0.955152 0.529045 -0.000086
-0.941878 0.532025 0.001927
-0.927223 0.528664 -0.000742
-0.914253 0.528979 -0.001093
-0.900410 0.529689 -0.000893
-0.884870 0.530218 -0.000164
-0.870039 0.530543 0.000518
-0.856816 0.531609 0.001770
-0.840084 0.531278 -0.000193
-0.826917 0.532650 -0.000039
-0.812682 0.529253 -0.000345
-0.797373 0.530624 0.000927
-0.784444 0.529889 0.000405
-0.769869 0.527853 0.000313
-0.755479 0.530014 0.001088
-0.741827 0.528882 -0.002095
-0.727654 0.528160 -0.001196
-0.713077 0.529229 0.000402
-0.697132 0.529558 0.000562
-0.683278 0.529522 -0.000325
-0.670105 0.531140 0.000943
-0.655262 0.528930 0.000353
-0.638485 0.530454 -0.001026
-0.625997 0.531223 0.000125
-0.610322 0.531055 0.001159
-0.597060 0.530260 0.000312
-0.581689 0.529921 0.000350
-0.568679 0.530810 0.001356
-0.552493 0.531226 -0.000593
-0.538688 0.529149 -0.001487
-0.525197 0.530328 0.001414
-0.511379 0.533362 -0.000529
-0.494558 0.530486 -0.001291
-0.480947 0.529407 -0.001398
-0.465935 0.530726 -0.000237
-0.451177 0.531999 0.001162
-0.439942 0.530355 -0.000665
-0.424337 0.531868 -0.000391
-0.411475 0.529967 0.000917
-0.397524 0.530019 -0.000910
-0.382410 0.529833 0.000387
-0.365951 0.530219 0.000763
-0.351367 0.531214 0.000800
-0.337214 0.530043 0.001362
-0.323408 0.531254 0.001286
-0.309403 0.527683 -0.001486
-0.294126 0.531412 -0.000818
-0.280744 0.529649 -0.000707
-0.264545 0.530389 0.001522
-0.252487 0.530458 -0.000307
-0.237504 0.528910 0.001772
-0.223032 0.529996 -0.001666
-0.208592 0.529660 -0.000965
-0.193104 0.531291 -0.001321
-0.180660 0.530829 -0.002068
-0.165865 0.529567 -0.000694
-0.150305 0.530562 -0.000021
-0.137499 0.530133 0.000779
-0.122747 0.530831 0.000111
-0.108648 0.530660 0.000893
-0.093217 0.531209 0.000167
-0.079850 0.529998 -0.001487
-0.065205 0.529822 0.000328
-0.049631 0.530832 0.000607
-0.035355 0.532143 0.000796
-0.021130 0.531109 -0.000478
-0.007029 0.531237 -0.000067
0.006171 0.531207 -0.000982
0.021254 0.529672 0.000306
0.037660 0.530825 0.000626
0.051211 0.531839 0.003637
0.064756 0.530816 -0.001044
0.077984 0.531640 -0.001247
0.092774 0.528240 0.001626
0.109062 0.531938 0.000572
0.122184 0.529142 -0.001007
0.134865 0.530591 0.000736
0.150515 0.530357 -0.001520
0.163991 0.530250 0.000773
0.179805 0.530346 -0.001034
0.194798 0.530204 -0.000050
0.209671 0.531287 0.001425
0.223536 0.530723 -0.000930
0.237407 0.528878 -0.000845
0.250351 0.530814 -0.000603
0.265893 0.530245 0.000439
0.279093 0.530949 -0.000556
0.295603 0.530532 0.000324
0.309205 0.528360 -0.002090
0.324422 0.530964 -0.000364
0.337891 0.531291 -0.000473
0.351160 0.529589 0.000195
0.367393 0.530688 -0.002590
0.380864 0.531447 0.001322
0.396351 0.530210 -0.000342
0.410566 0.530497 -0.001218
0.425075 0.530353 0.000253
0.437615 0.528115 0.001376
0.452405 0.531015 -0.001425
0.465652 0.529853 -0.000801
0.480216 0.529912 -0.000648
0.494657 0.529699 -0.000373
0.512329 0.529169 -0.000549
0.524622 0.529554 0.000202
0.537872 0.530274 0.000006
0.554450 0.529111 -0.000890
0.571001 0.531380 0.000166
0.581204 0.529756 0.001122
0.597716 0.529722 0.000522
0.611405 0.531314 0.000272
0.627784 0.530009 0.000980
0.640907 0.528819 -0.000703
0.654411 0.529877 0.001253
0.668589 0.530320 0.000715
0.684196 0.530229 -0.000412
0.699027 0.529333 0.000371
0.711708 0.531819 -0.001211
0.727319 0.531107 -0.000919
0.740589 0.532231 0.000286
0.755271 0.530235 -0.001616
0.769054 0.528525 0.002413
0.783575 0.531793 0.000822
0.796745 0.530645 -0.000675
0.813683 0.530399 -0.002644
0.827845 0.532079 0.000241
0.841591 0.530624 -0.001402
0.857121 0.531514 -0.000748
0.871092 0.531366 0.002063
0.884755 0.529150 -0.000850
0.900411 0.530001 -0.000498
0.913658 0.530762 -0.000884
0.929273 0.530047 -0.002288
0.939864 0.532105 -0.000310
0.956823 0.530640 0.000341
0.972680 0.529604 0.000932
0.984987 0.530311 -0.000791
1.000052 0.531555 0.000148
-1.001169 0.544236 0.000633
-0.984683 0.545859 -0.000526
-0.969501 0.544431 0.000302
-0.956477 0.543710 -0.000860
-0.944108 0.543173 0.000000
-0.927250 0.544081 0.000437
-0.913357 0.544809 -0.000641
-0.898212 0.545291 0.001057
-0.884230 0.542942 -0.000581
-0.871396 0.544579 -0.000263
-0.855987 0.544496 0.001655
-0.841154 0.544642 0.002062
-0.826778 0.543881 0.001048
-0.813079 0.545172 -0.002276
-0.799228 0.545267 -0.000437
-0.783346 0.546535 -0.001671
-0.771159 0.545054 0.001632
-0.754684 0.543953 0.000892
-0.740914 0.545382 -0.000555
-0.726358 0.544963 -0.002216
-0.712119 0.546026 -0.000385
-0.697167 0.543469 -0.000557
-0.684091 0.543556 -0.001749
-0.668861 0.543246 0.000744
-0.654478 0.544339 -0.000655
-0.639247 0.543628 -0.000172
-0.625169 0.543438 0.000215
-0.610421 0.546116 -0.000526
-0.596359 0.543870 -0.000318
-0.581947 0.542918 -0.000299
-0.568326 0.542176 0.000184
-0.553726 0.544446 -0.001585
-0.540014 0.543797 0.000810
-0.524738 0.543673 -0.000026
-0.508487 0.545654 0.000374
-0.497026 0.543664 0.000113
-0.481406 0.545540 -0.000635
-0.466411 0.546383 -0.000063
-0.453963 0.543108 0.000489
-0.439394 0.545337 -0.000481
-0.423832 0.544722 -0.000863
-0.410883 0.543782 0.000244
-0.395025 0.545577 0.000663
-0.381097 0.544765 0.001082
-0.368039 0.544827 0.000089
-0.352995 0.545821 -0.000913
-0.338974 0.544740 -0.000829
-0.324121 0.542693 -0.000152
-0.308318 0.545307 -0.000109
-0.295654 0.546008 0.001928
-0.281464 0.543813 -0.001423
-0.266583 0.543568 -0.000670
-0.251456 0.544050 -0.000042
-0.237290 0.542823 -0.000633
-0.222876 0.545194 -0.000922
-0.210359 0.544289 -0.000147
-0.194021 0.545024 -0.000597
-0.180404 0.544627 0.001218
-0.166939 0.546112 0.000246
-0.153779 0.543208 0.001537
-0.136784 0.543749 0.000321
-0.123274 0.544747 -0.001373
-0.107003 0.544741 0.000702
-0.093834 0.544244 0.000076
-0.081182 0.544980 -0.000274
-0.066313 0.544267 -0.000555
-0.048674 0.545098 0.001703
-0.034114 0.544911 0.000232
-0.020537 0.544275 -0.002010
-0.006826 0.545896 -0.000362
0.005396 0.543933 0.000670
0.021708 0.543912 0.001461
0.036359 0.543106 0.000652
0.051036 0.543045 -0.000363
0.066979 0.544251 0.000504
0.079204 0.545756 0.000986
0.094315 0.543560 0.001365
0.109217 0.544092 0.001545
0.121800 0.544043 0.000941
0.135864 0.545550 -0.000650
0.150566 0.545138 0.001538
0.166351 0.545456 0.000501
0.179730 0.543285 -0.001101
0.193217 0.546095 -0.000575
0.208240 0.542591 0.000482
0.223600 0.544639 -0.000434
0.237144 0.546508 0.000009
0.253127 0.544474 0.000091
0.266976 0.542160 0.000094
0.281018 0.543621 -0.001312
0.295504 0.542610 -0.000841
0.309854 0.544543 -0.000724
0.323099 0.546594 0.000365
0.339306 0.543589 0.000212
0.352772 0.543068 -0.001200
0.367074 0.545754 0.000086
0.382565 0.544583 0.000455
0.394679 0.543111 0.001126
0.409693 0.543932 -0.000553
0.425928 0.542230 -0.001945
0.438989 0.544702 -0.000658
0.452276 0.544095 0.000828
0.466529 0.544279 -0.000806
0.483657 0.543880 0.000067
0.496114 0.544810 -0.001665
0.510257 0.545909 0.000823
0.525983 0.542904 0.000920
0.541726 0.543655 0.000053
0.553722 0.545544 0.001461
0.567745 0.544537 0.000561
0.582314 0.544910 0.000009
0.598047 0.544316 0.002254
0.609780 0.544563 0.000061
0.626385 0.543579 -0.001034
0.640661 0.543583 0.000640
0.654612 0.543274 0.000287
0.669246 0.543869 -0.000609
0.682353 0.544559 -0.001001
0.698267 0.544873 -0.000044
0.711701 0.544923 -0.000729
0.728066 0.542616 -0.001187
0.740966 0.544927 -0.001023
0.756168 0.544578 -0.000061
0.769522 0.544502 0.000669
0.783327 0.545536 -0.001563
0.798730 0.543960 -0.000692
0.813242 0.544392 -0.000967
0.826511 0.543572 0.000232
0.841399 0.544582 0.001349
0.856339 0.544780 -0.001932
0.871266 0.543573 0.000321
0.885502 0.543054 -0.000542
0.899630 0.544460 0.000472
0.914417 0.544044 -0.000422
0.927433 0.546069 0.000524
0.941072 0.544298 0.000059
0.955536 0.544744 -0.000804
0.971051 0.544621 -0.000989
0.986606 0.543187 -0.000345
0.998589 0.544246 0.000885
-1.000771 0.557642 -0.000730
-0.985781 0.559533 0.001823
-0.970380 0.558541 -0.000927
-0.957966 0.557837 0.000450
-0.942003 0.558408 -0.000015
-0.928458 0.559197 0.000787
-0.913536 0.557177 -0.000743
-0.900302 0.557566 -0.000937
-0.885384 0.558804 0.000250
-0.870254 0.559355 0.000679
-0.855325 0.559085 0.000003
-0.842551 0.557744 -0.000183
-0.827988 0.559189 -0.000027
-0.811599 0.559076 0.000083
-0.798315 0.558403 -0.002456
-0.785990 0.557977 0.000526
-0.768706 0.557960 0.000528
-0.755798 0.560340 0.000055
-0.741349 0.556580 -0.000961
-0.726355 0.560465 0.000103
-0.711972 0.558178 0.000759
-0.699174 0.558161 -0.000334
-0.683356 0.557926 0.000117
-0.670161 0.556514 0.001797
-0.652855 0.559481 0.000028
-0.638510 0.559956 -0.000240
-0.628911 0.558207 -0.000415
-0.611804 0.558316 -0.001256
-0.597358 0.558987 0.000144
-0.582345 0.559016 0.001224
-0.567135 0.557163 -0.000092
-0.554358 0.558484 -0.000370
-0.539812 0.559750 -0.000547
-0.525365 0.557941 0.000607
-0.510779 0.560437 -0.000303
-0.495722 0.558125 0.001415
-0.483334 0.560881 0.000270
-0.468232 0.557268 0.000279
-0.453352 0.559544 -0.000576
-0.438864 0.558957 0.000551
-0.424444 0.559644 0.001235
-0.411651 0.558944 0.000446
-0.395884 0.560045 0.001140
-0.380990 0.558410 0.000714
-0.369016 0.558340 0.000836
-0.352681 0.557981 -0.001113
-0.336647 0.558722 0.000024
-0.323156 0.558089 0.001042
-0.310042 0.559285 0.000538
-0.295977 0.558111 0.000708
-0.281155 0.558450 -0.000556
-0.268061 0.558205 0.001414
-0.253215 0.559180 -0.000444
-0.238279 0.559469 -0.001995
-0.221555 0.559329 0.000756
-0.207967 0.559319 0.000995
-0.193026 0.560917 -0.000927
-0.181218 0.557651 0.000392
-0.165951 0.559537 0.000686
-0.152062 0.559296 -0.000831
-0.136521 0.558293 -0.000214
-0.121004 0.558148 0.000720
-0.107114 0.558587 0.001186
-0.093581 0.557449 0.000612
-0.079540 0.559778 0.000665
-0.064929 0.557932 -0.000027
-0.050629 0.558511 0.002669
-0.035872 0.557475 0.000097
-0.021677 0.558300 0.001177
-0.008626 0.558627 -0.000581
0.007320 0.559581 -0.000537
0.022287 0.557704 0.000332
0.037108 0.560486 0.000846
0.048546 0.560235 -0.000999
0.064613 0.559416 0.000552
0.079120 0.557472 0.000562
0.093585 0.559375 -0.000706
0.107427 0.558899 -0.001524
0.122126 0.558629 0.000187
0.135651 0.558016 0.000576
0.150371 0.558876 -0.000453
0.165331 0.559313 -0.000828
0.179255 0.558832 0.000469
0.195419 0.557343 0.001651
0.209948 0.558462 -0.000826
0.223135 0.559162 -0.000036
0.236375 0.556494 -0.000470
0.252496 0.558015 0.000163
0.267128 0.558471 -0.000018
0.276693 0.557721 -0.000597
0.294701 0.558690 0.001694
0.308783 0.557057 0.000406
0.322888 0.558210 -0.000133
0.336370 0.557657 0.000605
0.352967 0.559351 -0.000473
0.365670 0.557451 0.000203
0.382097 0.560651 -0.000231
0.395583 0.559697 -0.001469
0.411401 0.558247 0.001767
0.424213 0.558189 0.001859
0.438277 0.558322 0.000610
0.451969 0.559486 -0.000028
0.466990 0.561038 -0.000015
0.482674 0.558498 -0.000537
0.497707 0.558224 0.000321
0.509798 0.558063 0.000465
0.526500 0.559135 -0.000200
0.537666 0.559898 0.000409
0.554550 0.558477 -0.000711
0.568276 0.557648 0.001483
0.583432 0.559081 0.001338
0.597363 0.558130 0.001622
0.611637 0.560621 0.001061
0.627526 0.558372 -0.000687
0.639750 0.560134 0.000421
0.655034 0.558362 0.001178
0.669365 0.559478 0.000884
0.683623 0.557959 -0.000011
0.698202 0.558905 0.000754
0.711582 0.560687 0.000294
0.728421 0.559761 0.001334
0.741619 0.557821 0.001609
0.755944 0.557322 -0.000032
0.770515 0.558517 -0.000436
0.785482 0.559077 -0.001089
0.798361 0.557661 -0.000265
0.814069 0.560055 -0.000975
0.826396 0.557134 0.000300
0.843155 0.558329 -0.001003
0.856918 0.561810 0.001175
0.871160 0.557903 -0.000573
0.886121 0.558389 -0.001095
0.900195 0.558277 -0.001013
0.915104 0.557555 0.000447
0.928091 0.558282 0.000409
0.941358 0.560041 0.000661
0.957597 0.558585 -0.000438
0.970772 0.557974 0.000517
0.984491 0.559088 0.000594
0.997541 0.558457 -0.001241
-0.999686 0.572024 -0.000863
-0.986164 0.572191 0.000183
-0.973027 0.572951 0.001950
-0.958947 0.573294 -0.000371
-0.943416 0.573445 -0.000209
-0.928589 0.573052 -0.000899
-0.913281 0.572791 -0.001179
-0.898304 0.573644 -0.000380
-0.884674 0.572189 0.000682
-0.869055 0.574087 0.000762
-0.856570 0.571807 -0.000186
-0.841419 0.571681 0.000270
-0.827105 0.571746 0.003762
-0.812581 0.572872 -0.000572
-0.799434 0.573098 0.002056
-0.784509 0.571753 0.000702
-0.769460 0.571991 0.001835
-0.754738 0.572127 -0.000386
-0.741054 0.573076 0.000017
-0.725132 0.572706 0.000915
-0.712352 0.571233 -0.000009
-0.697614 0.572993 -0.000904
-0.683464 0.572721 0.001075
-0.668126 0.573951 0.000192
-0.654848 0.573112 0.000386
-0.641280 0.574199 0.000406
-0.625921 0.572439 -0.000656
-0.610691 0.573464 0.000469
-0.598349 0.571198 -0.000049
-0.584155 0.572900 -0.000076
-0.567631 0.570577 0.000203
-0.553511 0.572868 0.000095
-0.539298 0.574349 0.000186
-0.525935 0.572120 -0.000622
-0.511804 0.573281 -0.000356
-0.496085 0.573343 0.001289
-0.483039 0.574656 0.000609
-0.467729 0.574020 0.000034
-0.453076 0.572655 -0.002689
-0.437768 0.573904 -0.000917
-0.425173 0.572175 0.000490
-0.409327 0.572437 -0.001000
-0.395164 0.573252 0.000336
-0.381010 0.571716 -0.000258
-0.367152 0.574307 -0.000319
-0.351155 0.571344 -0.000681
-0.338491 0.573253 -0.000791
-0.325320 0.573521 0.000040
-0.307843 0.573314 -0.000136
-0.295692 0.573491 0.000958
-0.279072 0.570943 -0.001525
-0.266173 0.571656 0.000719
-0.251518 0.570866 0.000612
-0.236656 0.571738 0.000061
-0.224365 0.572521 0.000343
-0.207915 0.573247 0.001050
-0.193839 0.572534 0.000914
-0.180922 0.571083 0.000588
-0.166319 0.573297 -0.001177
-0.150671 0.571495 -0.000545
-0.136866 0.573095 0.000817
-0.121000 0.573631 0.000949
-0.107344 0.572682 -0.000105
-0.094800 0.573523 0.000867
-0.076685 0.572012 -0.001157
-0.063753 0.574266 -0.000630
-0.050698 0.572831 -0.001641
-0.036394 0.572522 -0.000091
-0.020426 0.572638 -0.000179
-0.007161 0.572462 0.000455
0.007675 0.571548 -0.000238
0.022510 0.573441 0.000120
0.036764 0.572663 -0.000331
0.049297 0.570886 0.001512
0.063951 0.573029 -0.000386
0.077264 0.571953 -0.001763
0.092930 0.572320 -0.000867
0.108089 0.572988 -0.000606
0.121468 0.572301 -0.000026
0.138522 0.573941 -0.000972
0.151947 0.571400 -0.000618
0.166271 0.572410 -0.001128
0.179250 0.572867 0.000591
0.193554 0.574407 -0.000476
0.208187 0.572603 -0.000061
0.220879 0.572772 -0.000130
0.236201 0.573624 0.000855
0.253110 0.573586 -0.000556
0.265640 0.573672 0.000258
0.280236 0.572370 0.000970
0.294074 0.570648 0.000713
0.308002 0.570844 0.000425
0.323244 0.572123 0.001561
0.336497 0.573131 -0.002254
0.352666 0.573119 -0.000038
0.367052 0.572919 0.000253
0.381602 0.573567 -0.000698
0.395330 0.573323 -0.000162
0.410535 0.573351 0.001187
0.423974 0.575312 0.002200
0.440774 0.573649 -0.001016
0.453158 0.572384 -0.001317
0.466436 0.573988 -0.000968
0.482002 0.571678 0.000111
0.496964 0.572413 -0.001409
0.510383 0.572746 0.001179
0.523528 0.573843 -0.000311
0.539293 0.573838 -0.000910
0.553082 0.571556 0.000918
0.570087 0.572382 0.001370
0.582370 0.572716 0.000329
0.597395 0.572737 0.001038
0.613190 0.572793 -0.001057
0.624141 0.573348 0.001455
0.640729 0.571682 -0.000439
0.654275 0.572996 -0.000730
0.668752 0.572741 -0.000774
0.684201 0.572902 0.001195
0.697537 0.571746 0.001301
0.712408 0.571863 -0.000724
0.727098 0.572831 0.000967
0.742182 0.573022 -0.001707
0.754572 0.571069 0.001391
0.770783 0.573896 -0.000408
0.784039 0.573596 0.000699
0.799385 0.573308 -0.000724
0.812307 0.572294 -0.000919
0.826840 0.571980 -0.000222
0.841670 0.571542 -0.000367
0.854020 0.573729 0.000755
0.871390 0.573528 -0.001029
0.884808 0.574202 -0.000284
0.898441 0.574635 0.000324
0.912532 0.572129 0.000874
0.929143 0.573307 0.000292
0.942571 0.571437 0.000483
0.955818 0.571570 -0.000174
0.971787 0.574053 -0.000561
0.986391 0.574099 -0.000427
1.000655 0.572487 -0.000380
-1.001659 0.586639 0.000484
-0.986096 0.587082 -0.000567
-0.971273 0.588080 -0.001984
-0.957952 0.587569 0.000431
-0.942947 0.585673 0.002455
-0.927684 0.584982 -0.000939
-0.914599 0.586283 0.000820
-0.898220 0.586447 -0.000459
-0.883912 0.588174 0.001023
-0.870222 0.588013 -0.001207
-0.856329 0.586067 -0.000325
-0.841622 0.585629 -0.000145
-0.827261 0.587658 -0.000316
-0.813466 0.586683 -0.001125
-0.798069 0.587804 -0.001285
-0.784008 0.588520 0.001214
-0.769554 0.586482 -0.002096
-0.754515 0.585135 0.000994
-0.743036 0.587003 -0.000694
-0.727190 0.587765 0.000166
-0.711983 0.587849 -0.000262
-0.697315 0.587939 -0.000871
-0.684998 0.587023 0.000402
-0.667963 0.587445 -0.000615
-0.653294 0.587714 -0.000367
-0.641048 0.586799 -0.000729
-0.627141 0.588102 0.000435
-0.613498 0.586773 -0.002368
-0.598059 0.586630 0.001277
-0.584633 0.587300 0.000755
-0.567802 0.586474 -0.000016
-0.553956 0.586666 0.001176
-0.540152 0.586042 0.002017
-0.523563 0.586211 -0.000707
-0.511050 0.588861 -0.000893
-0.496346 0.586119 0.002608
-0.481780 0.586137 0.000284
-0.466173 0.586350 -0.001069
-0.451016 0.586247 0.001010
-0.438955 0.585167 -0.000287
-0.424854 0.588526 0.000044
-0.410451 0.586586 -0.000821
-0.394823 0.586556 0.001211
-0.382218 0.586028 -0.000150
-0.365572 0.589210 -0.001581
-0.351836 0.588048 0.000769
-0.338002 0.586512 -0.000798
-0.323502 0.585912 -0.000476
-0.311818 0.587169 -0.000643
-0.295916 0.585773 0.001997
-0.282297 0.588236 0.000299
-0.268116 0.588355 -0.002664
-0.253148 0.588248 -0.000898
-0.237480 0.586276 -0.000131
-0.223956 0.587756 -0.000314
-0.208584 0.586421 -0.000824
-0.194235 0.586132 0.000948
-0.181394 0.588036 0.000437
-0.163397 0.587715 0.000713
-0.150237 0.587121 -0.001274
-0.137330 0.586742 -0.000515
-0.123259 0.585303 0.000803
-0.108611 0.586869 0.000340
-0.094093 0.586301 -0.000091
-0.079880 0.586382 -0.001626
-0.064063 0.587625 0.002543
-0.051152 0.586631 0.000919
-0.036057 0.587752 -0.000229
-0.020504 0.586566 0.000552
-0.008561 0.587389 -0.000103
0.008106 0.588216 0.001353
0.022257 0.586662 -0.000267
0.037253 0.586801 -0.000714
0.051499 0.589422 -0.000019
0.063701 0.585943 0.000062
0.079343 0.586080 0.001553
0.091746 0.586012 -0.000465
0.106890 0.586659 0.000158
0.123991 0.586237 -0.000185
0.137540 0.586876 0.000801
0.148847 0.586675 -0.002669
0.166848 0.586472 -0.000536
0.179981 0.585889 -0.000643
0.196359 0.586783 -0.000300
0.209678 0.585480 -0.000475
0.222771 0.585290 -0.001413
0.238732 0.587314 -0.001098
0.250975 0.585890 0.000303
0.266160 0.587046 -0.000586
0.279229 0.587053 -0.000146
0.294711 0.587678 -0.000528
0.309131 0.585318 -0.001074
0.326026 0.588178 0.001495
0.338586 0.586808 -0.001237
0.351856 0.587429 0.000463
0.367201 0.588679 0.001143
0.381450 0.587691 -0.000120
0.395776 0.585678 -0.000900
0.411357 0.587503 -0.000181
0.425335 0.588198 0.000693
0.438689 0.585957 0.000411
0.454479 0.586123 -0.000993
0.468910 0.586454 0.001798
0.480219 0.587132 0.000429
0.494717 0.586226 0.001352
0.509918 0.586301 -0.000832
0.525993 0.586340 -0.000343
0.540564 0.585390 0.000753
0.554929 0.586166 -0.000440
0.568563 0.587719 0.000185
0.583546 0.587353 0.000332
0.597066 0.586282 0.000192
0.612485 0.586635 -0.002309
0.626067 0.585840 -0.000126
0.640981 0.585383 0.000127
0.652458 0.585110 -0.000185
0.668417 0.588931 -0.000645
0.683609 0.587377 -0.001365
0.699688 0.587430 -0.002427
0.711876 0.586741 0.000042
0.725828 0.587450 -0.000371
0.740358 0.585586 0.000609
0.755253 0.586020 -0.000217
0.771110 0.587925 -0.001424
0.783048 0.585892 0.001280
0.798232 0.586858 0.000455
0.813612 0.586319 0.000598
0.827425 0.586303 0.000720
0.842237 0.585898 -0.000151
0.857090 0.586317 -0.001015
0.870734 0.586130 0.001959
0.885389 0.586489 0.000504
0.899386 0.588294 -0.002470
0.914577 0.585130 -0.000060
0.926470 0.587344 -0.000076
0.942680 0.587011 -0.000256
0.957826 0.587936 0.000184
0.968889 0.585361 -0.000484
0.984909 0.586535 0.000780
0.998535 0.587718 0.001593
-0.999494 0.600550 0.000455
-0.986672 0.601932 -0.000239
-0.971257 0.601932 -0.000662
-0.956830 0.603393 -0.000843
-0.942737 0.601788 -0.001354
-0.927842 0.600686 -0.000712
-0.911798 0.602007 -0.001341
-0.898873 0.599526 -0.000219
-0.883487 0.600959 0.000735
-0.869836 0.601449 0.001106
-0.857291 0.602411 0.000842
-0.842803 0.599171 -0.000193
-0.827257 0.602233 0.000994
-0.813858 0.600147 -0.001895
-0.798511 0.600511 0.001509
-0.784747 0.601008 0.002605
-0.770081 0.601232 0.001103
-0.757056 0.600957 -0.000717
-0.738952 0.600790 -0.000523
-0.724950 0.600263 0.001701
-0.712134 0.601610 -0.001857
-0.696742 0.600564 0.001541
-0.684025 0.599630 -0.000700
-0.670148 0.600446 -0.000580
-0.655056 0.601196 -0.000175
-0.640820 0.600727 -0.000161
-0.627947 0.600492 0.000447
-0.611601 0.600376 0.000834
-0.597070 0.602036 -0.000023
-0.582677 0.601865 0.002221
-0.569498 0.601335 -0.000119
-0.554249 0.600292 -0.000225
-0.541262 0.601077 0.000493
-0.525155 0.601276 0.000738
-0.508999 0.600306 -0.000334
-0.496536 0.600606 -0.000984
-0.481490 0.601889 -0.001380
-0.467527 0.601860 -0.000139
-0.453067 0.600203 -0.000546
-0.439345 0.599447 -0.001687
-0.422483 0.601764 0.000395
-0.408919 0.601847 -0.000071
-0.396018 0.600367 -0.001135
-0.380892 0.600170 0.000719
-0.366689 0.601846 0.000104
-0.351502 0.599782 0.001890
-0.338017 0.602044 0.000590
-0.323639 0.599217 -0.002007
-0.308659 0.600972 0.000247
-0.294913 0.600696 0.001380
-0.281751 0.601269 0.000910
-0.267648 0.600789 -0.000428
-0.252115 0.601990 -0.000362
-0.240047 0.599366 -0.000309
-0.224585 0.600012 0.000129
-0.208043 0.600752 -0.001594
-0.195459 0.602343 0.000411
-0.181198 0.601395 0.000886
-0.166313 0.599604 0.001213
-0.152104 0.601062 -0.001158
-0.135959 0.601665 -0.000158
-0.121796 0.601056 -0.000339
-0.108799 0.599603 -0.001011
-0.094501 0.602030 0.001287
-0.079422 0.599773 0.000150
-0.064803 0.600551 0.000519
-0.051503 0.602606 -0.000894
-0.035930 0.601937 0.000368
-0.022929 0.601609 -0.000393
-0.007468 0.602733 -0.001037
0.005255 0.602488 -0.000330
0.022835 0.600060 -0.000327
0.035532 0.603050 0.000517
0.050526 0.601954 -0.002541
0.065223 0.601306 -0.001599
0.078531 0.601758 0.000766
0.093985 0.601291 -0.000054
0.110443 0.600502 0.000497
0.122431 0.598770 -0.000028
0.136861 0.600264 0.001224
0.150517 0.600453 -0.000305
0.165914 0.602008 0.000921
0.180200 0.601201 -0.000064
0.193703 0.602789 0.001148
0.208722 0.601316 -0.000784
0.222379 0.601047 -0.003560
0.237447 0.601443 -0.000459
0.252273 0.600963 -0.001202
0.265848 0.600257 -0.000865
0.279471 0.602931 -0.000158
0.295870 0.600005 -0.000941
0.309114 0.600355 -0.000658
0.324042 0.601965 -0.001824
0.335554 0.601595 -0.000634
0.353032 0.601781 -0.001414
0.365712 0.601095 -0.001741
0.380834 0.600924 -0.000773
0.394118 0.601874 0.001064
0.408682 0.601929 -0.000625
0.425301 0.601309 0.001788
0.438980 0.601090 0.001130
0.454743 0.599488 0.000975
0.467673 0.602131 0.000290
0.482369 0.600830 -0.001020
0.497132 0.601470 0.000182
0.511846 0.600854 -0.001204
0.524295 0.602070 0.000857
0.539497 0.601493 -0.002143
0.553065 0.600106 -0.000828
0.567160 0.600881 0.000714
0.583717 0.600242 -0.000918
0.596967 0.601606 0.000074
0.609601 0.600525 0.000249
0.625997 0.599902 0.001331
0.640195 0.602126 -0.001016
0.654974 0.601812 0.002248
0.670440 0.601494 -0.000800
0.683732 0.600762 -0.000320
0.697842 0.599586 -0.000668
0.712681 0.602367 0.000258
0.724877 0.600423 -0.000354
0.740995 0.601162 -0.000649
0.753846 0.600718 -0.000676
0.769078 0.601182 -0.002320
0.784663 0.600093 -0.000455
0.799327 0.600261 0.002473
0.813104 0.601418 -0.000868
0.828703 0.601829 0.000741
0.842287 0.599821 -0.000550
0.856795 0.600768 0.000171
0.870729 0.601935 0.000583
0.885352 0.600813 -0.000753
0.898958 0.600670 -0.000342
0.912791 0.599714 -0.001530
0.928553 0.601336 0.001672
0.942267 0.599042 -0.001685
0.957224 0.601451 0.000866
0.970482 0.600554 -0.002063
0.985560 0.601939 0.000551
0.998118 0.601839 0.001008
-1.001897 0.614173 -0.001518
-0.986314 0.615860 0.000136
-0.972251 0.614582 0.000236
-0.958574 0.616010 -0.000809
-0.941586 0.616149 -0.000088
-0.927964 0.615477 0.000261
-0.913672 0.616663 0.001722
-0.898916 0.614138 -0.000383
-0.884331 0.615852 0.000488
-0.870990 0.614753 -0.000872
-0.856013 0.616823 0.000310
-0.841470 0.614598 0.000155
-0.826429 0.613480 -0.000341
-0.811711 0.614601 0.000809
-0.797764 0.615966 0.000414
-0.782784 0.614821 0.000446
-0.768207 0.616647 0.000788
-0.755281 0.615285 0.000842
-0.739319 0.615734 -0.000751
-0.727218 0.615433 -0.001730
-0.710130 0.614581 -0.001284
-0.698618 0.612386 0.002558
-0.683207 0.616729 -0.001046
-0.670235 0.614203 0.000905
-0.655369 0.614701 0.000014
-0.640351 0.614431 0.000088
-0.623876 0.616450 0.002298
-0.610706 0.615651 -0.000407
-0.597130 0.614159 0.000111
-0.582041 0.615165 -0.000807
-0.567922 0.614520 -0.000899
-0.556554 0.617098 -0.002365
-0.537743 0.617036 -0.001065
-0.524992 0.617224 -0.000079
-0.512810 0.615254 0.000376
-0.494996 0.614899 -0.001170
-0.482205 0.612666 0.000956
-0.465946 0.615902 0.000459
-0.453534 0.617335 -0.001497
-0.438742 0.614671 0.000945
-0.425589 0.616080 -0.001160
-0.408443 0.614820 0.000400
-0.397432 0.615139 -0.001281
-0.382369 0.614290 -0.000151
-0.366524 0.615307 0.000147
-0.354124 0.614221 -0.001424
-0.338479 0.615231 0.000628
-0.324118 0.615373 -0.000201
-0.308720 0.615225 -0.000344
-0.295505 0.614124 0.000001
-0.281323 0.615172 -0.000707
-0.265715 0.614839 0.001011
-0.251648 0.614817 0.000653
-0.238569 0.614223 -0.001206
-0.223564 0.614447 0.000463
-0.209791 0.614092 -0.001422
-0.192156 0.614558 -0.000469
-0.180354 0.616159 0.000348
-0.167384 0.613843 -0.000032
-0.152287 0.616033 -0.001270
-0.136439 0.615467 -0.000707
-0.121589 0.613320 -0.000362
-0.106504 0.615992 0.000452
-0.093707 0.615515 0.001150
-0.076933 0.615094 -0.000059
-0.066338 0.612900 0.000562
-0.050606 0.615812 0.001311
-0.038852 0.616802 0.000658
-0.021641 0.613423 -0.001260
-0.007184 0.614320 -0.000133
0.008156 0.615037 -0.000581
0.020692 0.615380 -0.000958
0.037715 0.615075 0.000767
0.050100 0.614347 0.000745
0.065108 0.614086 -0.000683
0.079398 0.615488 0.001562
0.093352 0.613324 -0.001709
0.108328 0.615266 0.000951
0.123320 0.614752 0.000985
0.138213 0.615122 -0.000231
0.150417 0.615242 -0.001498
0.166104 0.615170 0.000359
0.179982 0.614033 0.001485
0.193805 0.616403 0.000466
0.207622 0.616727 0.000328
0.221559 0.613997 -0.000226
0.236585 0.616840 -0.001194
0.251803 0.614956 0.000278
0.266201 0.615381 -0.001169
0.278350 0.615016 -0.000199
0.295143 0.615239 -0.001909
0.307319 0.615013 -0.000069
0.324114 0.614125 0.001366
0.338973 0.614322 -0.002139
0.351389 0.615573 0.000074
0.367449 0.614504 0.000325
0.381334 0.614465 0.000227
0.395631 0.615735 -0.000144
0.409371 0.615251 -0.001488
0.425433 0.616574 0.001014
0.438875 0.617387 -0.001106
0.452566 0.615459 0.000818
0.467128 0.616245 -0.000505
0.481720 0.615474 0.000669
0.495402 0.613469 -0.001280
0.511496 0.613950 -0.001606
0.526385 0.617035 -0.001094
0.540273 0.617571 0.000480
0.554521 0.615987 -0.000328
0.569658 0.615713 -0.000458
0.580967 0.615537 -0.000063
0.597496 0.617085 0.000463
0.613150 0.614560 0.001645
0.626955 0.615342 -0.000733
0.640015 0.616928 0.000171
0.653307 0.616630 -0.000865
0.669724 0.616365 0.000527
0.682668 0.614844 -0.000637
0.698604 0.615343 0.000100
0.711906 0.613013 0.001311
0.726366 0.613379 0.000103
0.740792 0.615309 -0.000130
0.754666 0.615523 0.000792
0.770606 0.615284 -0.000435
0.784913 0.615346 0.001370
0.798368 0.615748 0.000330
0.811555 0.615694 -0.000765
0.826809 0.614065 0.001842
0.842034 0.615697 -0.000441
0.856663 0.616266 0.000005
0.870946 0.615217 -0.000598
0.885549 0.615983 -0.000298
0.899021 0.615678 0.000027
0.913582 0.613693 0.000584
0.927402 0.615510 0.000782
0.942400 0.614001 0.000602
0.957142 0.616137 -0.001359
0.971395 0.616728 0.001030
0.986774 0.615380 0.002243
1.000665 0.616114 0.001699
-0.999829 0.629206 -0.000396
-0.985920 0.628584 -0.000618
-0.971132 0.628342 0.000298
-0.958232 0.630550 -0.000629
-0.941547 0.629632 -0.000951
-0.926036 0.630164 -0.001080
-0.914674 0.628818 -0.001222
-0.900039 0.629690 0.001587
-0.887232 0.626967 0.000711
-0.869668 0.629809 0.000104
-0.857650 0.629483 -0.000444
-0.842525 0.629133 0.000157
-0.826585 0.630340 -0.001231
-0.813215 0.629377 0.001159
-0.798176 0.629600 -0.001148
-0.783511 0.628450 -0.000088
-0.769724 0.629187 0.000797
-0.754277 0.629613 -0.000013
-0.739590 0.627904 0.000480
-0.725231 0.629603 0.001402
-0.712708 0.627960 -0.000616
-0.698243 0.628632 -0.000610
-0.684193 0.627518 -0.002277
-0.667268 0.629546 0.000178
-0.656004 0.630523 0.000169
-0.639582 0.628334 0.001476
-0.627837 0.628982 0.001117
-0.611447 0.628738 0.003445
-0.597180 0.628926 -0.000853
-0.583949 0.629189 0.000059
-0.568076 0.628324 -0.000716
-0.553170 0.631854 -0.000771
-0.540270 0.629705 -0.001535
-0.525557 0.628034 -0.000365
-0.509914 0.629866 0.000968
-0.496531 0.630526 0.000448
-0.481843 0.630992 0.000069
-0.465630 0.630186 0.000128
-0.451763 0.629442 0.000150
-0.438249 0.627419 0.000501
-0.423469 0.627452 -0.000256
-0.411579 0.630024 -0.000605
-0.395458 0.629950 0.000662
-0.380434 0.630573 0.001247
-0.367062 0.629629 0.000322
-0.351380 0.629390 -0.000899
-0.337618 0.630997 -0.000534
-0.323475 0.631081 0.000188
-0.310185 0.629774 0.001679
-0.292897 0.629378 0.000278
-0.281276 0.627622 -0.000912
-0.265791 0.629209 0.000279
-0.250891 0.630475 -0.001272
-0.238870 0.629370 0.000038
-0.224286 0.631443 -0.000999
-0.206439 0.629382 -0.001275
-0.193497 0.630392 0.001027
-0.177145 0.631932 0.001133
-0.166005 0.629201 0.000684
-0.151108 0.630428 -0.001829
-0.137894 0.631277 -0.001835
-0.122301 0.630801 -0.000017
-0.106367 0.630766 -0.001330
-0.092851 0.629261 0.000198
-0.077990 0.628556 0.000344
-0.064059 0.629143 0.000178
-0.051011 0.629671 -0.001441
-0.035654 0.630071 -0.000217
-0.021471 0.627372 0.000608
-0.005918 0.628514 0.000552
0.007126 0.628533 0.000311
0.021685 0.627895 -0.001475
0.034309 0.629854 -0.001618
0.051045 0.628597 0.000597
0.064272 0.628391 0.000916
0.081021 0.628800 -0.000249
0.093095 0.629149 -0.000291
0.109275 0.631019 -0.001102
0.121676 0.628272 0.001580
0.135770 0.629471 -0.002298
0.151066 0.630412 0.000889
0.163881 0.629639 0.001012
0.179509 0.629329 0.001857
0.192630 0.629280 0.001249
0.209963 0.628849 -0.000182
0.224368 0.627596 0.000795
0.237484 0.628496 -0.000577
0.251779 0.629444 0.000357
0.267348 0.630567 0.000066
0.280593 0.628350 0.000100
0.294899 0.626185 0.000196
0.308292 0.628259 0.001969
0.325400 0.628657 -0.000105
0.337387 0.630823 0.000860
0.353203 0.631293 0.000593
0.368003 0.628167 -0.001496
0.380947 0.629200 0.002249
0.397064 0.628930 0.001538
0.410110 0.628577 -0.000730
0.426124 0.626627 0.001627
0.439075 0.629633 -0.001297
0.454143 0.629890 -0.000667
0.469052 0.628973 -0.000394
0.482661 0.629008 -0.001064
0.496381 0.629801 0.000545
0.510783 0.629096 -0.001937
0.526322 0.630528 -0.000797
0.540436 0.629390 0.000940
0.553564 0.629145 -0.000159
0.568196 0.629483 0.000701
0.581237 0.628684 0.000117
0.596719 0.628090 -0.000768
0.609940 0.630210 -0.000050
0.628110 0.631809 -0.000232
0.640002 0.628732 0.000885
0.655866 0.631461 -0.001366
0.668935 0.629641 0.000169
0.683262 0.628582 -0.000087
0.698586 0.629729 -0.001288
0.712149 0.628750 0.000673
0.727092 0.628652 0.001351
0.740549 0.629556 -0.000164
0.754918 0.629241 -0.000046
0.770137 0.630322 -0.000438
0.783113 0.630859 0.000289
0.798448 0.629159 -0.000368
0.812958 0.629054 -0.001143
0.827492 0.628168 -0.000831
0.843127 0.628430 -0.001221
0.855940 0.629728 0.000770
0.869099 0.630443 -0.001261
0.884284 0.629421 0.000650
0.899588 0.627941 -0.001031
0.915166 0.629219 0.002875
0.928709 0.629254 -0.001161
0.941399 0.628936 0.000836
0.958107 0.627616 -0.000541
0.971828 0.628848 0.000151
0.984916 0.627812 -0.001436
0.999646 0.629386 0.002206
-1.001121 0.641971 0.001615
-0.986043 0.644122 -0.000655
-0.970633 0.643497 -0.000850
-0.956701 0.644044 -0.000062
-0.943771 0.644465 -0.000622
-0.926874 0.642314 -0.001223
-0.914438 0.644260 -0.002205
-0.898595 0.644441 0.000798
-0.884737 0.642367 0.000194
-0.871523 0.642427 0.000034
-0.855169 0.642599 0.000343
-0.841915 0.642374 0.000133
-0.827864 0.641829 -0.001534
-0.812660 0.642106 -0.000750
-0.799632 0.643768 0.000483
-0.783829 0.643911 -0.000096
-0.770317 0.642719 0.000446
-0.754036 0.644739 -0.000250
-0.740934 0.643443 -0.000905
-0.727110 0.642621 0.001890
-0.711757 0.644054 0.000057
-0.697400 0.643442 0.000220
-0.685263 0.644180 0.001266
-0.667727 0.643043 -0.000593
-0.654715 0.643734 -0.000485
-0.641450 0.641721 0.000495
-0.625568 0.643926 0.000578
-0.611488 0.643762 -0.000300
-0.599385 0.644340 0.000139
-0.582941 0.643495 0.000375
-0.568681 0.644718 0.001748
-0.553679 0.644486 -0.000426
-0.539075 0.644575 -0.001492
-0.527260 0.642282 0.000028
-0.509230 0.643880 -0.000067
-0.493916 0.645031 0.000386
-0.482007 0.643924 -0.001432
-0.467224 0.643704 0.000388
-0.452843 0.643929 0.000566
-0.439269 0.642422 0.000822
-0.425563 0.643322 -0.000907
-0.410069 0.644419 0.000973
-0.394870 0.644035 0.000293
-0.381661 0.645800 -0.000578
-0.367338 0.642991 0.000342
-0.352565 0.642739 -0.001247
-0.337714 0.641917 0.000907
-0.322590 0.641258 -0.001866
-0.307948 0.643801 0.000759
-0.295127 0.642879 0.000330
-0.280555 0.641938 -0.000705
-0.265898 0.642519 -0.000328
-0.250099 0.644611 0.000521
-0.237239 0.643853 0.000201
-0.221497 0.642597 -0.000173
-0.207327 0.643503 0.001863
-0.194166 0.643152 -0.000026
-0.180204 0.643073 0.000982
-0.164577 0.644573 0.001209
-0.153585 0.643076 -0.000052
-0.137271 0.644288 0.000238
-0.122475 0.643330 -0.000091
-0.108683 0.643517 0.002168
-0.094711 0.642699 0.000016
-0.079516 0.642306 -0.000245
-0.063790 0.642733 0.000456
-0.049827 0.642691 0.000610
-0.035284 0.642952 0.000033
-0.022296 0.641784 0.000134
-0.008138 0.643053 -0.000023
0.006496 0.644197 0.002408
0.021750 0.644316 -0.000878
0.035959 0.642761 -0.000202
0.050968 0.643619 -0.001747
0.066105 0.644079 0.000795
0.077394 0.643836 -0.000352
0.092222 0.643003 0.000727
0.106813 0.645362 -0.000940
0.121514 0.642771 0.001596
0.138063 0.642063 0.000796
0.150765 0.644078 -0.000493
0.165124 0.642109 0.001966
0.179424 0.643906 -0.000852
0.194239 0.642970 0.001785
0.208627 0.644128 0.001185
0.222468 0.643749 0.000762
0.237944 0.644111 0.000871
0.251540 0.641091 0.001501
0.266202 0.641754 0.000356
0.279761 0.644140 0.000066
0.295439 0.643295 -0.001172
0.309342 0.644955 0.000152
0.324263 0.643923 0.001267
0.337530 0.643765 -0.000421
0.354124 0.643697 -0.001592
0.367779 0.643118 -0.000088
0.382084 0.643122 -0.000302
0.395884 0.642621 0.001236
0.411287 0.643424 0.000099
0.423868 0.644165 -0.001471
0.438488 0.643486 -0.000316
0.453297 0.642006 0.000086
0.468416 0.642033 -0.000324
0.481679 0.643783 -0.001563
0.496785 0.643308 -0.000258
0.510342 0.642988 0.000262
0.525958 0.642139 -0.001059
0.538347 0.642784 -0.001301
0.555056 0.643086 0.000394
0.567753 0.643565 -0.000250
0.583641 0.643430 0.000162
0.597619 0.642381 0.000831
0.611743 0.643591 -0.000687
0.627912 0.641960 -0.000615
0.641285 0.643878 -0.000478
0.656269 0.642088 -0.000169
0.668659 0.645495 0.000344
0.684491 0.644119 0.000762
0.697798 0.644946 0.000483
0.711718 0.644459 -0.002053
0.726565 0.644219 0.001804
0.741101 0.643357 -0.000280
0.754797 0.643166 -0.000862
0.768567 0.643986 -0.001267
0.784564 0.644455 0.000145
0.799753 0.643843 0.000775
0.811800 0.644246 -0.000109
0.826402 0.644482 -0.001017
0.841054 0.641765 0.000791
0.856322 0.644935 -0.000877
0.871363 0.645855 -0.000870
0.884661 0.643008 0.000031
0.898841 0.642980 -0.001283
0.913161 0.645393 -0.000504
0.925795 0.642308 -0.001347
0.944509 0.642688 0.000364
0.956110 0.644907 -0.001624
0.972531 0.644417 0.000026
0.984487 0.644074 -0.000598
1.000423 0.642679 -0.000942
-0.998431 0.657685 -0.001837
-0.986310 0.656571 0.000292
-0.971572 0.657202 0.000789
-0.957035 0.656212 0.000827
-0.942327 0.657521 0.000101
-0.929403 0.657159 0.000198
-0.911733 0.658848 0.000161
-0.899755 0.657301 0.000392
-0.885075 0.657093 -0.000506
-0.871366 0.656378 0.000441
-0.855741 0.659522 -0.001614
-0.840679 0.656868 0.000840
-0.825603 0.659395 0.000058
-0.812135 0.659055 -0.001061
-0.798203 0.657692 -0.000584
-0.783112 0.656861 -0.000623
-0.769080 0.657986 0.000154
-0.754152 0.658998 -0.000424
-0.739997 0.658309 0.001596
-0.725104 0.658141 -0.001214
-0.712320 0.657919 -0.000554
-0.697654 0.657457 0.000327
-0.681669 0.658163 0.001389
-0.668293 0.660298 -0.000109
-0.655763 0.657412 -0.000906
-0.639898 0.659455 0.000106
-0.624154 0.657864 0.001404
-0.610554 0.658334 -0.000333
-0.595878 0.656575 -0.000084
-0.584020 0.658951 0.000907
-0.569738 0.657879 -0.000809
-0.553709 0.659003 0.000017
-0.538377 0.655407 -0.000013
-0.525038 0.658524 0.000571
-0.511673 0.658187 -0.000422
-0.496171 0.657817 -0.000173
-0.480115 0.658102 0.000741
-0.467172 0.656956 0.000427
-0.452956 0.658296 0.001851
-0.439415 0.658541 0.000559
-0.424558 0.656134 -0.000998
-0.408961 0.658064 0.000901
-0.395318 0.657448 0.000502
-0.381099 0.658043 -0.000765
-0.367740 0.657923 0.000824
-0.352726 0.658307 0.000960
-0.337975 0.657351 0.000994
-0.323499 0.657877 -0.000681
-0.307390 0.655212 -0.000683
-0.294651 0.658964 0.000239
-0.281478 0.657539 -0.002099
-0.265002 0.656579 -0.001102
-0.252431 0.658199 -0.000336
-0.238910 0.656188 0.000281
-0.222378 0.658462 -0.000124
-0.209861 0.657156 -0.000565
-0.194064 0.657725 0.001074
-0.179568 0.657304 -0.000993
-0.168018 0.656471 0.000531
-0.151359 0.657128 0.000623
-0.138063 0.657469 -0.001505
-0.122982 0.657170 0.001442
-0.106893 0.659101 0.000277
-0.093835 0.655403 -0.001569
-0.080430 0.658810 0.000548
-0.063473 0.657327 -0.000440
-0.050021 0.659034 -0.000636
-0.035736 0.657811 -0.000942
-0.022351 0.656707 -0.001258
-0.008143 0.657274 -0.000340
0.007217 0.657032 0.000533
0.022458 0.658394 -0.000521
0.035496 0.660033 -0.000183
0.050048 0.655762 0.000336
0.064447 0.656080 -0.002164
0.080311 0.657656 0.000825
0.093169 0.657109 0.001411
0.106966 0.657329 0.000872
0.122069 0.656186 0.001606
0.136799 0.655848 -0.000042
0.150824 0.659264 0.001306
0.166265 0.658843 0.001967
0.180784 0.656262 -0.001026
0.193227 0.656982 -0.001093
0.207968 0.657818 -0.000862
0.221406 0.657980 -0.001619
0.239303 0.657722 -0.000273
0.250114 0.659489 -0.000394
0.267444 0.658117 -0.001321
0.281657 0.657467 0.000203
0.296859 0.659000 -0.000267
0.309742 0.658060 -0.000445
0.323060 0.658099 0.000732
0.337985 0.658146 -0.001973
0.351569 0.658379 0.000521
0.366422 0.658743 -0.000061
0.381926 0.658937 0.000477
0.393927 0.657974 0.000037
0.408776 0.657631 -0.001633
0.423294 0.658049 -0.000372
0.438521 0.657178 -0.001033
0.452994 0.656563 -0.001324
0.469005 0.658181 -0.000074
0.481307 0.656336 -0.003118
0.496460 0.654939 -0.001271
0.510711 0.658665 0.000149
0.525768 0.656293 -0.001349
0.540432 0.657609 0.000148
0.553829 0.657078 0.001179
0.567985 0.657102 -0.002017
0.583479 0.658294 0.000392
0.597110 0.655240 0.001177
0.612549 0.656209 0.000085
0.625298 0.658954 -0.001058
0.639759 0.658077 -0.000678
0.655126 0.658039 -0.000094
0.668432 0.657909 0.001074
0.682534 0.656106 0.000040
0.697720 0.656284 -0.000659
0.713084 0.656357 -0.000684
0.727687 0.658361 0.000481
0.741506 0.656760 0.000383
0.754670 0.656912 0.001004
0.767944 0.658071 -0.000878
0.784969 0.658933 -0.001269
0.798059 0.657424 0.000500
0.811118 0.658503 0.000357
0.826807 0.657454 0.001532
0.839951 0.659746 -0.000479
0.855722 0.657153 -0.000320
0.869327 0.657162 -0.000470
0.884896 0.657691 -0.001330
0.898742 0.656866 -0.000463
0.910114 0.658339 -0.001546
0.925569 0.657070 0.001438
0.943969 0.659651 0.000885
0.956527 0.656936 0.000319
0.973589 0.656887 0.001206
0.986037 0.658234 -0.001217
1.000784 0.657976 -0.001327
-0.999491 0.671469 0.000789
-0.984744 0.673321 0.000412
-0.970818 0.672014 0.000443
-0.956860 0.670765 0.000016
-0.942736 0.671257 0.001886
-0.926581 0.671776 0.000350
-0.914056 0.670493 0.001737
-0.900054 0.671155 0.002028
-0.886229 0.671757 0.000211
-0.870024 0.672124 0.000165
-0.856126 0.670931 0.000749
-0.843288 0.671829 -0.001379
-0.827936 0.670962 0.001793
-0.813749 0.670704 -0.001858
-0.799396 0.673918 0.001404
-0.784099 0.670947 -0.001094
-0.768145 0.672574 -0.001899
-0.755764 0.670915 -0.001331
-0.740178 0.670194 -0.001194
-0.727248 0.672275 -0.001769
-0.711325 0.671657 -0.000220
-0.696177 0.671890 0.001171
-0.684442 0.671544 0.000839
-0.669017 0.671390 0.001298
-0.655746 0.671211 0.000566
-0.640630 0.672674 -0.000831
-0.626212 0.671547 -0.000235
-0.612943 0.672543 0.000401
-0.597008 0.671761 0.000431
-0.581840 0.672953 0.000300
-0.567393 0.672990 0.000979
-0.553830 0.670372 -0.002348
-0.537325 0.670544 0.000811
-0.523774 0.671573 -0.001579
-0.509771 0.672399 0.000229
-0.496929 0.673651 0.000588
-0.482491 0.670897 -0.002047
-0.467832 0.672234 0.000300
-0.454784 0.672418 0.000129
-0.439059 0.673615 0.000638
-0.424251 0.673883 -0.001352
-0.409449 0.671752 0.000764
-0.396150 0.671409 0.002460
-0.381252 0.671010 -0.000293
-0.366430 0.672184 -0.000193
-0.352176 0.672272 0.000095
-0.339121 0.670835 0.001135
-0.324633 0.673907 0.001803
-0.308496 0.672027 -0.001114
-0.295860 0.671973 0.000304
-0.281778 0.671424 0.000094
-0.266566 0.671243 -0.001098
-0.250552 0.672881 -0.000366
-0.236846 0.672513 -0.001835
-0.222223 0.671550 0.001040
-0.208166 0.671581 -0.000928
-0.196575 0.671379 -0.000147
-0.179072 0.671844 0.000050
-0.163721 0.671542 0.001582
-0.150312 0.671599 0.000549
-0.136855 0.674319 0.001020
-0.122602 0.672562 -0.000075
-0.106745 0.672772 0.001886
-0.094318 0.672490 0.000422
-0.079217 0.670852 -0.001025
-0.063450 0.671225 -0.000231
-0.049832 0.672226 -0.000003
-0.036333 0.671083 -0.000950
-0.020504 0.670341 -0.000294
-0.006472 0.673778 0.000721
0.004555 0.672379 0.000598
0.021965 0.671341 -0.000220
0.036648 0.669287 0.001538
0.051427 0.672103 -0.000132
0.066043 0.670948 -0.000406
0.081254 0.670765 0.000482
0.094292 0.673398 -0.001471
0.107057 0.672221 0.001487
0.123688 0.672433 0.001656
0.135779 0.674438 -0.001172
0.152860 0.672343 -0.000266
0.166075 0.672492 0.000111
0.180227 0.671721 0.001783
0.194603 0.671361 -0.001154
0.209029 0.670514 0.000408
0.222617 0.671057 0.000886
0.238150 0.671188 0.002406
0.253051 0.672138 -0.000685
0.264890 0.672619 0.000896
0.279661 0.671040 0.000734
0.293756 0.671116 -0.000275
0.308132 0.673568 0.002044
0.321928 0.670835 -0.000951
0.337264 0.670554 -0.000091
0.351271 0.673343 -0.000182
0.366533 0.672203 0.000295
0.380885 0.672537 0.000635
0.393459 0.670542 0.000350
0.410561 0.673048 0.000166
0.425421 0.671756 0.001481
0.438911 0.670207 0.000104
0.453093 0.672813 -0.002007
0.469643 0.672832 0.000253
0.482648 0.671765 0.000117
0.498020 0.671284 -0.001196
0.511189 0.673441 0.000791
0.524792 0.671007 -0.000395
0.539803 0.671494 0.000877
0.553683 0.672185 -0.000182
0.569044 0.669805 0.002226
0.582187 0.673323 -0.000511
0.594659 0.672180 -0.001794
0.612859 0.672532 0.001516
0.625116 0.672064 -0.000807
0.641060 0.669874 -0.000047
0.653614 0.671412 0.000108
0.669644 0.672083 -0.000198
0.684976 0.671774 -0.001093
0.696893 0.669569 0.002440
0.711811 0.671782 0.000334
0.726845 0.672433 0.000053
0.741261 0.671245 0.000259
0.755452 0.671327 0.002002
0.769764 0.671835 0.000466
0.784600 0.671151 0.000469
0.798975 0.671155 0.000446
0.813114 0.672809 -0.001710
0.827775 0.672601 0.000722
0.840256 0.673864 -0.001736
0.856156 0.672405 -0.000896
0.870348 0.672566 -0.000135
0.885251 0.672727 0.000148
0.898834 0.671918 0.000655
0.913865 0.670694 0.002190
0.928384 0.672059 -0.000673
0.942424 0.671969 -0.001274
0.956615 0.673425 -0.000756
0.972171 0.672518 0.000065
0.985362 0.671114 0.000648
1.001276 0.673609 0.002402
-0.998043 0.684964 -0.001236
-0.984909 0.684943 -0.001150
-0.971525 0.685421 0.000466
-0.956359 0.685404 -0.001150
-0.942878 0.685848 0.000174
-0.929069 0.685403 0.000598
-0.913432 0.686179 0.001367
-0.899056 0.685576 0.000934
-0.884318 0.686672 -0.000656
-0.868533 0.684940 0.000314
-0.855293 0.685441 -0.000873
-0.842431 0.685278 0.000611
-0.825633 0.685239 0.000918
-0.812962 0.685103 0.001463
-0.800286 0.687040 0.000618
-0.785139 0.688518 -0.000407
-0.769487 0.685065 -0.001011
-0.756909 0.686906 0.000386
-0.741867 0.685857 0.000893
-0.725995 0.686497 -0.000556
-0.713622 0.687118 -0.001106
-0.698577 0.684509 -0.001229
-0.683009 0.685164 -0.000653
-0.667644 0.684825 0.000498
-0.653700 0.685969 0.000077
-0.640545 0.686845 0.000417
-0.624322 0.686260 0.001718
-0.611532 0.684684 0.000114
-0.597067 0.685850 -0.000773
-0.582811 0.685289 0.001800
-0.568966 0.685603 -0.000095
-0.553986 0.686084 0.002013
-0.540415 0.687333 -0.001015
-0.525490 0.687507 0.000114
-0.510985 0.686107 -0.001336
-0.496683 0.687014 0.000549
-0.481225 0.685476 -0.000529
-0.467004 0.685791 0.000831
-0.452741 0.685087 -0.002639
-0.438637 0.685273 -0.000490
-0.424683 0.684521 0.000560
-0.410141 0.685855 0.000481
-0.395904 0.687967 -0.000033
-0.381779 0.684720 0.001484
-0.365572 0.685899 -0.000967
-0.353028 0.685956 0.000430
-0.336300 0.685948 -0.000356
-0.322246 0.686068 0.001059
-0.308018 0.685839 -0.001141
-0.294320 0.686126 -0.000210
-0.282482 0.685288 -0.000194
-0.265924 0.687576 0.000359
-0.253558 0.684816 0.001311
-0.237910 0.684854 0.000559
-0.224086 0.684723 0.001060
-0.208289 0.686215 -0.000381
-0.194616 0.686096 0.000193
-0.180096 0.683460 -0.001496
-0.165723 0.685402 -0.000024
-0.151872 0.686194 -0.000961
-0.137387 0.685234 -0.001562
-0.120089 0.685001 -0.000411
-0.108471 0.686295 -0.001141
-0.095021 0.685682 -0.002669
-0.079663 0.685915 -0.001174
-0.063450 0.685252 -0.001037
-0.048833 0.684849 0.001787
-0.037440 0.687563 0.000692
-0.021665 0.685873 -0.001140
-0.006995 0.685536 0.000208
0.006185 0.684857 0.001304
0.022156 0.685390 -0.000263
0.036580 0.684755 -0.000787
0.050795 0.686653 -0.001061
0.063645 0.686610 0.000781
0.078714 0.685505 0.000237
0.091871 0.685495 0.000157
0.108494 0.685488 -0.000806
0.123098 0.686719 -0.001643
0.137050 0.684482 0.001277
0.149344 0.686742 -0.000716
0.164905 0.685869 -0.000271
0.180043 0.685185 -0.001657
0.194549 0.686232 -0.000573
0.207650 0.684953 0.000148
0.221995 0.685665 -0.001157
0.237189 0.686912 -0.000232
0.251556 0.685792 0.000065
0.267360 0.687089 -0.000741
0.279532 0.684545 0.000103
0.295573 0.686844 -0.001571
0.309630 0.687330 0.000603
0.324887 0.686498 -0.000893
0.339536 0.684634 -0.001649
0.352503 0.685383 -0.001189
0.366154 0.685975 -0.000693
0.381600 0.685813 0.000980
0.395251 0.685864 0.002738
0.409547 0.686331 0.000187
0.423298 0.685555 0.000806
0.437879 0.685598 -0.002156
0.454362 0.688444 -0.000394
0.468768 0.686035 -0.000850
0.482003 0.685826 0.000425
0.494724 0.685613 0.000969
0.510019 0.686395 -0.000813
0.524498 0.685672 0.001482
0.537866 0.686713 0.000449
0.554258 0.686128 -0.001090
0.567802 0.686405 0.001001
0.584066 0.685113 0.000848
0.597525 0.685070 0.000517
0.612895 0.684309 0.000134
0.625032 0.683568 0.000602
0.639654 0.685174 0.000943
0.655022 0.686696 -0.000639
0.669537 0.685297 -0.000118
0.680750 0.685534 -0.001212
0.696890 0.686147 -0.000041
0.711121 0.684803 0.000653
0.728105 0.684104 -0.000003
0.740083 0.683916 -0.002308
0.755136 0.684260 -0.000197
0.769773 0.685454 -0.000696
0.783188 0.686367 0.000193
0.797785 0.685047 0.001448
0.813980 0.686065 0.002409
0.827573 0.685853 -0.000132
0.841562 0.685857 -0.000199
0.855521 0.685922 -0.000566
0.870112 0.684669 -0.001070
0.883874 0.685607 0.001750
0.898760 0.687577 0.000149
0.915234 0.684849 0.000882
0.928103 0.686554 0.000749
0.943618 0.686059 -0.001098
0.956242 0.685620 0.001290
0.972489 0.685018 0.000488
0.987074 0.685320 0.001132
1.000583 0.686841 -0.000462
-1.000801 0.698866 -0.000351
-0.984311 0.699597 0.000017
-0.971054 0.698240 0.000112
-0.957115 0.699969 0.000327
-0.944749 0.699452 0.000620
-0.927867 0.699884 0.000414
-0.913239 0.700843 -0.001620
-0.898772 0.700450 0.000492
-0.883451 0.701231 -0.001388
-0.870022 0.699313 -0.000040
-0.856592 0.700412 0.000465
-0.841643 0.701276 0.000628
-0.827924 0.699553 -0.000648
-0.813475 0.699078 -0.000275
-0.798415 0.699318 0.000087
-0.783245 0.700232 0.000932
-0.770802 0.698854 -0.001517
-0.754710 0.698956 -0.000118
-0.739493 0.699273 -0.001714
-0.727596 0.699605 0.000821
-0.711409 0.700980 0.000950
-0.698319 0.700032 0.000573
-0.683536 0.701084 -0.000645
-0.668119 0.699868 -0.000584
-0.654255 0.701852 0.000255
-0.639618 0.699814 -0.000248
-0.623212 0.699310 0.000940
-0.611842 0.699646 0.000768
-0.596915 0.698381 0.001576
-0.583334 0.701606 0.001691
-0.569185 0.700064 -0.000299
-0.554187 0.700930 -0.001514
-0.539979 0.700242 0.000577
-0.524523 0.698876 0.001299
-0.511396 0.699093 -0.000641
-0.496695 0.701276 0.000615
-0.482748 0.698994 -0.001750
-0.467850 0.701127 -0.000799
-0.453125 0.700011 -0.000671
-0.438643 0.700498 0.000371
-0.423837 0.700985 0.000629
-0.409752 0.699519 -0.000929
-0.396075 0.701329 0.000746
-0.381515 0.699600 -0.000134
-0.365365 0.699323 0.000389
-0.351750 0.700396 0.000006
-0.338480 0.699345 0.000537
-0.324129 0.701370 0.001809
-0.309144 0.700562 0.000525
-0.292840 0.698762 0.000255
-0.281593 0.700647 -0.001491
-0.264188 0.701223 0.000463
-0.251434 0.701909 -0.000634
-0.237545 0.699498 0.001129
-0.222514 0.699404 -0.000584
-0.209135 0.698112 -0.002101
-0.194567 0.699283 -0.000427
-0.179788 0.700686 -0.000453
-0.166167 0.699676 -0.001017
-0.152576 0.698297 0.002646
-0.138011 0.699157 0.001247
-0.122259 0.701710 -0.001257
-0.110426 0.701583 -0.001255
-0.095764 0.699250 -0.001697
-0.078702 0.700221 0.001026
-0.064740 0.700624 -0.000159
-0.050910 0.699940 -0.000271
-0.037757 0.699574 0.000524
-0.020346 0.699603 0.001717
-0.004981 0.700826 -0.000214
0.008953 0.700185 0.002012
0.020978 0.698093 -0.000619
0.036017 0.700571 0.001293
0.048977 0.700764 -0.000144
0.062698 0.699572 0.000366
0.078608 0.700454 -0.000045
0.093792 0.698226 -0.000342
0.107582 0.701094 0.002791
0.121836 0.699118 -0.001412
0.136009 0.698271 -0.000246
0.151014 0.699611 -0.000759
0.165837 0.699891 -0.000207
0.181019 0.699091 0.001248
0.195116 0.700030 0.000634
0.207534 0.701014 0.000387
0.221998 0.700945 0.001103
0.236750 0.701403 0.000581
0.252378 0.699157 -0.000565
0.265487 0.699710 -0.000102
0.279814 0.699363 0.001102
0.295144 0.698556 -0.001319
0.310251 0.700228 -0.001484
0.322353 0.701501 -0.000499
0.337872 0.699404 0.000171
0.351551 0.700828 0.001192
0.366907 0.699940 0.000057
0.378688 0.701500 0.000541
0.395548 0.700568 -0.001144
0.411895 0.700107 -0.001018
0.425082 0.700156 -0.001133
0.439027 0.699359 -0.000696
0.451534 0.700810 0.000916
0.467544 0.700262 -0.001544
0.481117 0.699824 -0.001003
0.496008 0.700356 -0.000180
0.511258 0.701435 -0.001307
0.526168 0.699899 0.000040
0.538319 0.699215 -0.000316
0.553993 0.700277 -0.002273
0.568363 0.699704 0.001065
0.583326 0.699558 0.000359
0.596648 0.700471 -0.000094
0.612147 0.699617 0.000393
0.624619 0.700423 0.001246
0.640396 0.699806 0.001032
0.653564 0.700848 -0.001194
0.668031 0.700165 0.000016
0.684177 0.700481 -0.000234
0.696380 0.701259 -0.000733
0.710537 0.700575 0.000677
0.726641 0.700469 -0.000718
0.741453 0.700759 0.000016
0.755904 0.699683 -0.000359
0.769748 0.700961 -0.000265
0.783989 0.700361 0.000272
0.800042 0.700030 0.000037
0.812921 0.700362 0.002537
0.827525 0.700632 0.001753
0.841921 0.702157 0.000709
0.857074 0.698731 -0.000790
0.870597 0.699570 -0.000286
0.885442 0.699104 0.000640
0.899283 0.698961 -0.000229
0.914135 0.700418 -0.000517
0.929027 0.700956 0.000883
0.943227 0.699011 0.000476
0.956203 0.699848 -0.000762
0.972610 0.700493 -0.000226
0.984314 0.699710 0.000345
0.999348 0.701210 0.000495
