ply
format ascii 1.0
element vertex 15600
property float x
property float y
property float z
end_header
-1.000757 -0.697886 -0.000593
-0.982229 -0.698803 -0.000760
-0.966990 -0.698130 -0.001016
-0.950803 -0.701053 -0.001225
-0.932829 -0.700043 -0.001171
-0.914615 -0.699420 0.000361
-0.898830 -0.699220 0.003200
-0.880241 -0.698876 0.001310
-0.866917 -0.700518 -0.001205
-0.848440 -0.698652 0.000029
-0.831807 -0.700159 -0.001083
-0.816355 -0.698089 0.000110
-0.800268 -0.700746 -0.000838
-0.780913 -0.702464 -0.000687
-0.765683 -0.698926 -0.000535
-0.747871 -0.700595 0.000211
-0.729987 -0.698048 0.000093
-0.714667 -0.699665 0.000072
-0.697658 -0.699629 0.001200
-0.679128 -0.698793 0.000289
-0.662749 -0.699960 0.000096
-0.647485 -0.699855 -0.000538
-0.630339 -0.700834 -0.000345
-0.612667 -0.699437 0.000343
-0.595885 -0.701184 0.000905
-0.580479 -0.699766 0.000076
-0.564694 -0.699770 -0.000072
-0.546769 -0.700622 -0.002581
-0.529521 -0.699358 0.000320
-0.511662 -0.699052 -0.000183
-0.495243 -0.699221 -0.000551
-0.479275 -0.698875 0.000099
-0.461377 -0.701376 -0.000204
-0.443404 -0.700126 -0.001397
-0.428085 -0.701841 0.000247
-0.411852 -0.701756 -0.000295
-0.396254 -0.700292 0.000906
-0.377725 -0.699707 -0.001188
-0.360698 -0.700796 -0.001418
-0.345131 -0.698634 0.000123
-0.328873 -0.700083 0.000950
-0.312075 -0.699226 0.000467
-0.293457 -0.700274 -0.000800
-0.275949 -0.701351 0.000194
-0.261391 -0.698436 0.000494
-0.242801 -0.699183 -0.001323
-0.227250 -0.701999 -0.000429
-0.210393 -0.701197 -0.000659
-0.193220 -0.699848 -0.000978
-0.176087 -0.698795 0.000879
-0.161207 -0.698850 -0.000918
-0.142330 -0.698895 -0.000735
-0.127192 -0.700977 0.000966
-0.109192 -0.698506 0.000690
-0.092139 -0.701265 -0.001651
-0.075764 -0.700461 0.000104
-0.058136 -0.699684 -0.000816
-0.041118 -0.699826 -0.000087
-0.025671 -0.699511 -0.000283
-0.008064 -0.698925 -0.000163
0.007959 -0.701044 0.000453
0.024259 -0.699571 0.000513
0.041433 -0.700711 0.000838
0.057553 -0.699187 -0.000823
0.076672 -0.699607 -0.001987
0.093792 -0.697778 -0.000702
0.108978 -0.699019 0.000441
0.126978 -0.700458 -0.000343
0.142147 -0.700128 0.000958
0.160538 -0.699520 -0.000454
0.178026 -0.700993 0.001479
0.195226 -0.701050 0.001012
0.211804 -0.697854 0.000524
0.227739 -0.699462 0.000178
0.243768 -0.699655 -0.001638
0.260971 -0.700022 -0.000885
0.277950 -0.701199 0.000165
0.292636 -0.701498 -0.000337
0.311744 -0.699108 -0.000668
0.326041 -0.699151 0.000332
0.344070 -0.701631 -0.001197
0.361470 -0.699735 -0.001458
0.378162 -0.697985 -0.001740
0.394552 -0.699723 -0.001307
0.412642 -0.701111 0.000409
0.428520 -0.700458 -0.000291
0.442795 -0.701717 -0.000781
0.460799 -0.701190 0.000806
0.477870 -0.700641 -0.000407
0.495357 -0.700398 -0.000747
0.513346 -0.699831 0.000402
0.530120 -0.700378 0.001414
0.545708 -0.701946 0.000592
0.563006 -0.699314 0.000850
0.580159 -0.699195 0.000261
0.596254 -0.699501 0.001205
0.613478 -0.698374 -0.000584
0.628792 -0.701090 -0.001168
0.645364 -0.699959 0.000305
0.663874 -0.700641 -0.001492
0.680780 -0.700136 -0.000633
0.698280 -0.700680 0.000601
0.714085 -0.699769 -0.000968
0.729122 -0.698868 -0.000318
0.747977 -0.700307 -0.000626
0.766246 -0.700098 0.001257
0.783103 -0.700252 0.000838
0.797690 -0.701327 -0.000067
0.815426 -0.699506 -0.002639
0.832854 -0.700097 0.002077
0.847847 -0.700593 0.000503
0.866454 -0.699675 -0.000730
0.882976 -0.700468 0.000674
0.898100 -0.701776 0.000269
0.914705 -0.700498 0.000699
0.932527 -0.699814 -0.000949
0.950814 -0.699929 0.001312
0.964350 -0.700676 -0.000808
0.982510 -0.703347 0.000414
1.000112 -0.701204 0.000367
-0.999420 -0.684129 -0.000073
-0.982120 -0.685389 0.000943
-0.965656 -0.685929 -0.000123
-0.947054 -0.684161 -0.000428
-0.931376 -0.682874 -0.000119
-0.916622 -0.685985 0.001822
-0.898711 -0.683926 0.000480
-0.884582 -0.683911 -0.002439
-0.865074 -0.683194 -0.000071
-0.849469 -0.684341 0.000124
-0.831429 -0.683846 0.001201
-0.815401 -0.685625 0.002235
-0.799579 -0.686110 -0.001611
-0.780599 -0.683457 -0.001069
-0.766599 -0.683066 -0.000290
-0.746822 -0.685188 0.000139
-0.729822 -0.685006 -0.001295
-0.714521 -0.685319 0.000888
-0.697684 -0.683556 0.000015
-0.681516 -0.685074 0.001096
-0.664488 -0.684279 -0.001738
-0.647180 -0.685387 -0.000120
-0.629318 -0.683930 -0.000422
-0.613379 -0.686050 0.002460
-0.595615 -0.683463 -0.000367
-0.579664 -0.685545 -0.000859
-0.564152 -0.684331 -0.000145
-0.546433 -0.683643 0.000709
-0.528030 -0.685180 -0.000640
-0.512826 -0.684873 0.000013
-0.496697 -0.684840 0.000334
-0.478022 -0.684589 0.001053
-0.459858 -0.685539 -0.001484
-0.445643 -0.683322 -0.001035
-0.429627 -0.683346 0.001494
-0.412037 -0.685129 0.001216
-0.394033 -0.684975 0.000232
-0.377573 -0.685831 -0.000021
-0.362084 -0.683629 -0.000770
-0.345744 -0.682683 0.001813
-0.328726 -0.685426 -0.000291
-0.311139 -0.683942 -0.000536
-0.294433 -0.684544 0.001536
-0.277535 -0.684930 -0.000226
-0.259926 -0.685222 -0.000368
-0.243119 -0.684290 -0.000287
-0.227092 -0.685488 -0.000414
-0.211487 -0.685024 0.001620
-0.193104 -0.682239 -0.000493
-0.176022 -0.686325 -0.000646
-0.159865 -0.686188 -0.000087
-0.141899 -0.682981 -0.000121
-0.125735 -0.683063 0.000005
-0.109927 -0.685261 -0.000611
-0.093006 -0.684751 -0.000382
-0.076309 -0.684715 0.000658
-0.057733 -0.685560 -0.000154
-0.042080 -0.684714 -0.000860
-0.023933 -0.684330 0.000272
-0.008834 -0.683350 0.000635
0.007606 -0.683751 -0.002134
0.026353 -0.685181 0.000014
0.043227 -0.683214 -0.002027
0.057343 -0.684594 0.000175
0.073768 -0.683421 0.000829
0.091739 -0.683782 0.000445
0.107113 -0.683531 -0.000683
0.125254 -0.684671 -0.001617
0.142757 -0.684569 -0.000543
0.158566 -0.682686 0.000807
0.174822 -0.683800 -0.000499
0.192460 -0.682968 0.001024
0.211793 -0.685493 0.001230
0.226236 -0.684923 -0.000220
0.242257 -0.685296 0.000175
0.259409 -0.684596 0.001267
0.276644 -0.682688 -0.001087
0.294044 -0.683197 -0.000046
0.309298 -0.684830 -0.001488
0.328664 -0.684177 0.000450
0.342499 -0.685523 -0.002322
0.360996 -0.683988 0.000520
0.379333 -0.682998 -0.001033
0.394610 -0.683247 0.000124
0.411407 -0.684238 -0.000211
0.427882 -0.685283 0.001296
0.446732 -0.685974 0.000351
0.462489 -0.684562 0.000528
0.480335 -0.684177 -0.000000
0.495553 -0.684835 -0.002128
0.514351 -0.684162 -0.000646
0.528486 -0.685146 -0.000041
0.547117 -0.683665 -0.001926
0.562884 -0.684948 -0.000487
0.580681 -0.684887 0.000552
0.596445 -0.685173 -0.000144
0.612813 -0.684985 0.001339
0.630746 -0.685493 -0.000525
0.648244 -0.684802 0.000968
0.662296 -0.683561 0.000792
0.680422 -0.684069 0.000164
0.697559 -0.684428 -0.001640
0.715566 -0.685298 0.001019
0.731563 -0.683791 -0.000188
0.748534 -0.683242 -0.000513
0.765448 -0.684201 -0.001153
0.781167 -0.685175 0.001197
0.798498 -0.684017 -0.000565
0.815658 -0.686656 -0.000058
0.831655 -0.684508 -0.000031
0.848460 -0.685069 0.000455
0.864256 -0.684520 0.001099
0.881805 -0.683594 -0.000212
0.899639 -0.685028 -0.001479
0.918051 -0.684076 0.001121
0.933727 -0.685099 -0.001100
0.950506 -0.682598 0.000702
0.965168 -0.685864 -0.000476
0.984999 -0.682977 0.000093
1.000266 -0.683883 0.000331
-1.000882 -0.669088 0.000090
-0.983705 -0.669057 -0.000222
-0.967036 -0.668475 0.001568
-0.950516 -0.667448 -0.000479
-0.934671 -0.667821 0.001617
-0.914800 -0.669218 0.000196
-0.898984 -0.669654 0.000742
-0.881337 -0.669079 0.000094
-0.866455 -0.668988 -0.001521
-0.849562 -0.669238 -0.000162
-0.831688 -0.670250 -0.000646
-0.814084 -0.668945 0.001324
-0.798199 -0.668287 -0.000696
-0.782549 -0.668464 0.000586
-0.764717 -0.667868 -0.001278
-0.747539 -0.668839 0.001134
-0.732092 -0.668572 -0.000862
-0.713911 -0.669269 -0.000146
-0.697706 -0.668871 0.001792
-0.680549 -0.668080 0.001322
-0.663188 -0.667482 0.000066
-0.646276 -0.668714 -0.001460
-0.630577 -0.669872 0.001300
-0.612549 -0.669201 -0.000592
-0.597475 -0.667751 0.002455
-0.580876 -0.669157 -0.000791
-0.563515 -0.669074 0.000108
-0.546699 -0.668948 0.000716
-0.529421 -0.669128 0.000237
-0.510859 -0.668991 -0.001065
-0.495353 -0.668602 -0.000213
-0.478528 -0.670115 0.000686
-0.462865 -0.667824 -0.000061
-0.444390 -0.668211 -0.000045
-0.428117 -0.668418 -0.000469
-0.409501 -0.668478 0.000002
-0.394610 -0.668272 -0.000139
-0.379375 -0.667727 0.000739
-0.361308 -0.668551 0.000015
-0.345049 -0.668446 0.000075
-0.327890 -0.669549 0.000116
-0.310102 -0.667869 -0.000300
-0.293770 -0.669403 0.002212
-0.275673 -0.667018 -0.000611
-0.262741 -0.668123 -0.000799
-0.243284 -0.667509 0.000577
-0.227243 -0.666491 0.002082
-0.210304 -0.667955 -0.001582
-0.193237 -0.669661 -0.001626
-0.176642 -0.669171 0.000698
-0.158660 -0.667454 0.000218
-0.143748 -0.669020 -0.000099
-0.125627 -0.667987 -0.001255
-0.108800 -0.669890 0.000616
-0.093365 -0.667432 0.000519
-0.077508 -0.668854 -0.000296
-0.058599 -0.667914 0.001982
-0.041185 -0.669154 -0.000859
-0.025525 -0.667704 0.000042
-0.009238 -0.667992 -0.001808
0.008385 -0.669539 -0.000292
0.025704 -0.666097 -0.000677
0.044466 -0.668307 -0.000895
0.057652 -0.668406 0.000522
0.076168 -0.666800 -0.000050
0.093602 -0.667878 -0.000122
0.109709 -0.667055 0.000032
0.124909 -0.665875 -0.000594
0.142220 -0.667797 0.000684
0.159901 -0.669077 0.000743
0.175729 -0.667513 -0.000543
0.194362 -0.671129 -0.000239
0.210010 -0.669126 0.000066
0.226514 -0.668183 -0.000132
0.245552 -0.669433 0.000659
0.261661 -0.669719 0.000655
0.278110 -0.668599 0.000213
0.291653 -0.667307 0.000582
0.310364 -0.669594 -0.000208
0.328420 -0.669689 0.002151
0.346006 -0.669835 0.000058
0.362746 -0.667410 -0.000277
0.377514 -0.667683 -0.000950
0.395881 -0.668610 -0.000863
0.412129 -0.668417 -0.000621
0.429056 -0.668705 0.001085
0.446398 -0.669778 -0.000467
0.462784 -0.667622 -0.000309
0.480446 -0.669660 -0.000320
0.495887 -0.667828 0.000154
0.512354 -0.669132 -0.000271
0.528641 -0.666809 0.000527
0.544683 -0.668677 -0.000476
0.562868 -0.667919 0.000654
0.580375 -0.668708 0.001217
0.596906 -0.669959 0.002334
0.614141 -0.669897 0.000104
0.631539 -0.667807 -0.000073
0.646162 -0.669026 -0.000487
0.663678 -0.669089 -0.000698
0.680788 -0.668003 -0.000265
0.699075 -0.668227 0.000092
0.713963 -0.671481 0.000004
0.732263 -0.667564 0.000257
0.747571 -0.669776 0.000220
0.763867 -0.667195 0.001517
0.782301 -0.669385 -0.001769
0.799055 -0.668744 0.000319
0.814339 -0.669020 -0.000445
0.833169 -0.667688 -0.000387
0.847943 -0.667756 0.000189
0.865719 -0.668677 0.000691
0.883123 -0.668619 0.001315
0.900441 -0.668326 -0.000212
0.915562 -0.667796 -0.001744
0.933203 -0.668522 0.000762
0.950070 -0.667930 -0.001297
0.966314 -0.670314 0.000576
0.983570 -0.668240 -0.000730
1.000178 -0.668835 0.000615
-0.999452 -0.651067 -0.000298
-0.984004 -0.653698 0.000894
-0.966893 -0.653120 -0.001829
-0.950168 -0.651896 0.001375
-0.931212 -0.651902 -0.000713
-0.914990 -0.652874 0.000493
-0.900101 -0.653191 -0.000623
-0.882994 -0.653963 0.000389
-0.864293 -0.654308 -0.001754
-0.848244 -0.653437 -0.001036
-0.831255 -0.653455 0.000532
-0.814753 -0.651115 -0.001284
-0.799654 -0.653631 0.001625
-0.783614 -0.650707 -0.000996
-0.765138 -0.652338 -0.001630
-0.746916 -0.652848 0.000276
-0.729080 -0.650991 -0.000582
-0.713069 -0.653337 0.000943
-0.698863 -0.652249 0.001103
-0.683574 -0.652799 0.000292
-0.663059 -0.652208 0.001194
-0.646263 -0.652689 0.000905
-0.629836 -0.654273 -0.000915
-0.613814 -0.652141 0.000351
-0.596794 -0.652986 0.000302
-0.580801 -0.652966 -0.000803
-0.562520 -0.655360 -0.000135
-0.545608 -0.651103 -0.001548
-0.528950 -0.652260 0.000087
-0.512854 -0.650970 -0.001067
-0.496183 -0.652029 0.000181
-0.479576 -0.652058 -0.001126
-0.460869 -0.652064 0.000898
-0.446202 -0.652076 0.000713
-0.429449 -0.653446 0.001150
-0.414639 -0.650963 -0.000506
-0.394165 -0.654188 0.001870
-0.378437 -0.653489 0.000470
-0.361444 -0.653518 -0.000555
-0.344094 -0.653298 0.000477
-0.326984 -0.651813 0.002152
-0.310587 -0.652990 -0.000461
-0.295306 -0.654133 -0.000187
-0.277811 -0.653841 -0.000432
-0.261202 -0.653987 -0.000384
-0.245538 -0.654337 -0.001380
-0.226285 -0.651886 -0.000080
-0.209352 -0.653522 -0.000312
-0.194904 -0.653098 0.001345
-0.177098 -0.652980 0.000123
-0.160333 -0.652416 0.000971
-0.144038 -0.651272 0.000618
-0.128093 -0.651567 0.000413
-0.107126 -0.653288 -0.000778
-0.092207 -0.651800 0.000278
-0.075563 -0.652339 0.002805
-0.058800 -0.651638 -0.000287
-0.041931 -0.654031 -0.000604
-0.024943 -0.652193 0.000165
-0.008604 -0.654314 0.000573
0.008128 -0.651966 0.001141
0.024159 -0.652381 0.000879
0.042211 -0.651031 -0.000033
0.056760 -0.653532 0.001457
0.077618 -0.652130 -0.000363
0.090823 -0.654477 -0.000624
0.109669 -0.653275 0.000169
0.127606 -0.653630 -0.000899
0.141427 -0.653257 -0.000016
0.158709 -0.651574 0.001779
0.177757 -0.652885 0.000391
0.194333 -0.652637 -0.000226
0.209464 -0.652887 0.002897
0.226231 -0.651874 0.000485
0.243996 -0.652878 -0.001849
0.260696 -0.652761 -0.000991
0.275690 -0.652922 -0.001831
0.293781 -0.653406 -0.001470
0.310542 -0.653038 0.000622
0.328857 -0.651902 0.000572
0.344052 -0.652533 -0.000537
0.359900 -0.652548 -0.000519
0.379708 -0.653423 -0.000158
0.394050 -0.653738 0.000616
0.412593 -0.653481 -0.001475
0.429360 -0.652939 0.000702
0.443924 -0.653424 -0.000414
0.462590 -0.651962 0.001154
0.478640 -0.653024 -0.000157
0.496370 -0.652234 0.000499
0.512238 -0.651107 0.000006
0.530957 -0.651073 0.001060
0.545855 -0.652498 -0.000760
0.561398 -0.652485 0.000561
0.578884 -0.651146 -0.000010
0.596595 -0.653651 0.001766
0.612564 -0.654026 -0.000538
0.630811 -0.653084 -0.000136
0.647254 -0.652671 -0.000426
0.663092 -0.650610 0.001523
0.679306 -0.653712 -0.001659
0.696639 -0.652928 -0.000972
0.715322 -0.652668 -0.000215
0.730599 -0.653223 0.001330
0.748079 -0.652559 0.000341
0.765351 -0.651893 0.001907
0.780370 -0.653847 -0.000390
0.798086 -0.653350 -0.000605
0.816044 -0.653599 0.000224
0.830382 -0.653282 -0.000541
0.850263 -0.653181 -0.000441
0.865910 -0.652423 -0.001255
0.880240 -0.653620 0.000916
0.897345 -0.652887 -0.001089
0.915392 -0.653468 0.000074
0.932814 -0.653048 -0.002409
0.949774 -0.653146 0.000317
0.965692 -0.652690 0.002046
0.984469 -0.652686 -0.000264
0.998220 -0.654740 0.000914
-1.001470 -0.637130 0.000341
-0.982548 -0.635799 0.000610
-0.965460 -0.637072 0.001083
-0.950508 -0.636047 -0.001059
-0.932793 -0.636609 0.000964
-0.915950 -0.637948 0.001220
-0.898872 -0.636728 0.000351
-0.882816 -0.635163 -0.001471
-0.864663 -0.636145 -0.000347
-0.848709 -0.637355 -0.000354
-0.833281 -0.636976 0.001083
-0.815483 -0.637946 0.000684
-0.800312 -0.636032 -0.002755
-0.782224 -0.638280 0.000332
-0.763033 -0.637649 0.000010
-0.748974 -0.636677 0.000875
-0.730781 -0.637629 0.001529
-0.711982 -0.635819 0.001133
-0.697302 -0.637147 -0.002607
-0.681107 -0.639294 -0.000537
-0.663159 -0.635988 -0.001000
-0.647542 -0.635721 -0.000886
-0.628863 -0.636899 0.000392
-0.612297 -0.637468 -0.000715
-0.596365 -0.638101 0.000412
-0.579285 -0.638238 0.001431
-0.564236 -0.637172 0.000506
-0.546378 -0.636348 -0.000501
-0.528101 -0.637182 0.003251
-0.511848 -0.637150 0.000726
-0.495434 -0.638229 0.000533
-0.477640 -0.637792 -0.000006
-0.464106 -0.637421 0.000715
-0.446076 -0.637591 -0.000307
-0.427590 -0.637816 0.000442
-0.411796 -0.635934 -0.001936
-0.395402 -0.635954 0.000349
-0.377048 -0.635798 0.000742
-0.361021 -0.637502 -0.000490
-0.344345 -0.637852 0.000949
-0.326992 -0.637595 -0.000666
-0.310641 -0.637041 -0.000855
-0.294213 -0.636462 -0.001021
-0.278306 -0.634914 -0.000280
-0.260055 -0.637243 0.000409
-0.244546 -0.635235 -0.000316
-0.226043 -0.636669 0.001585
-0.211192 -0.638015 0.000174
-0.193407 -0.636969 -0.000011
-0.176332 -0.636668 -0.001712
-0.160214 -0.636151 -0.000655
-0.143501 -0.635914 0.001720
-0.126623 -0.637803 0.000948
-0.109466 -0.638011 0.000008
-0.093740 -0.635397 -0.000715
-0.076524 -0.640261 -0.000415
-0.057505 -0.639194 0.000350
-0.041972 -0.634934 -0.000429
-0.025374 -0.637594 -0.001156
-0.008017 -0.636316 -0.000051
0.007461 -0.637937 -0.001675
0.023761 -0.637887 0.001585
0.040902 -0.634426 0.000128
0.059371 -0.637462 -0.000153
0.075725 -0.636865 -0.001404
0.093474 -0.636539 0.000823
0.109714 -0.637129 -0.000966
0.126598 -0.637611 0.000125
0.143963 -0.639103 0.000294
0.160228 -0.639103 -0.001382
0.175220 -0.638066 0.000486
0.193212 -0.637035 -0.000253
0.210071 -0.637543 0.000619
0.226666 -0.637119 0.000689
0.243685 -0.636281 -0.000123
0.261324 -0.637443 -0.000909
0.277767 -0.635714 0.000796
0.292696 -0.639087 -0.000260
0.308645 -0.637241 0.000343
0.328414 -0.636449 0.000169
0.344789 -0.637555 0.000841
0.360597 -0.636143 0.000774
0.378598 -0.637039 0.000046
0.395102 -0.637707 -0.000105
0.412003 -0.636245 -0.000738
0.429763 -0.637897 -0.001577
0.446104 -0.638642 0.000033
0.462029 -0.636519 -0.000182
0.478582 -0.636255 -0.000643
0.495884 -0.636071 0.001300
0.511978 -0.635777 0.000111
0.528818 -0.636341 0.000674
0.545201 -0.635522 0.000070
0.563612 -0.637741 0.000230
0.581366 -0.636880 0.000685
0.597189 -0.637425 0.000319
0.610640 -0.635503 0.000711
0.630727 -0.638156 0.000687
0.647721 -0.637697 -0.000657
0.665520 -0.636415 0.000980
0.681004 -0.638483 0.000102
0.696431 -0.635771 -0.000381
0.715084 -0.637244 0.000554
0.732108 -0.637383 0.001322
0.747242 -0.635966 -0.000274
0.763634 -0.636622 -0.001029
0.781786 -0.637869 0.001419
0.797628 -0.638085 -0.001006
0.814708 -0.638154 -0.000407
0.831110 -0.637114 0.000151
0.848603 -0.636310 -0.000540
0.864641 -0.637691 -0.000050
0.882824 -0.637309 -0.000692
0.900512 -0.636498 0.002181
0.915284 -0.636575 0.000861
0.932305 -0.636272 0.002105
0.951017 -0.636842 0.000449
0.966358 -0.636671 -0.000663
0.983729 -0.639066 -0.002361
0.999887 -0.639065 0.000571
-1.000549 -0.620276 0.000235
-0.981962 -0.619597 0.000015
-0.965461 -0.620503 -0.000504
-0.947906 -0.622139 -0.000825
-0.932495 -0.621614 0.001369
-0.917273 -0.622544 0.000477
-0.897620 -0.621772 -0.001703
-0.881629 -0.622700 -0.001097
-0.865839 -0.619434 -0.002329
-0.849784 -0.621947 -0.000711
-0.832180 -0.622077 0.000178
-0.815656 -0.620465 -0.002497
-0.797593 -0.621829 0.001329
-0.781460 -0.621718 -0.001294
-0.763093 -0.623649 0.000586
-0.747477 -0.620861 0.000526
-0.729032 -0.621906 0.000431
-0.715192 -0.621954 0.000527
-0.697546 -0.621939 -0.000450
-0.680369 -0.621434 0.000890
-0.663599 -0.620639 -0.000028
-0.646546 -0.622869 -0.000119
-0.630428 -0.620899 0.000106
-0.612743 -0.620883 -0.000675
-0.594768 -0.621898 0.001814
-0.582234 -0.622147 0.001408
-0.563489 -0.622875 -0.001303
-0.544956 -0.619959 -0.000060
-0.526822 -0.618678 -0.001361
-0.513230 -0.620738 -0.001371
-0.495829 -0.621149 0.000311
-0.477846 -0.621092 0.000434
-0.462171 -0.620861 -0.000526
-0.444548 -0.621215 0.000599
-0.429155 -0.621398 -0.001273
-0.411499 -0.621404 -0.000365
-0.395826 -0.619194 0.000200
-0.377644 -0.621438 0.000622
-0.361460 -0.621017 -0.000009
-0.343580 -0.620742 0.000439
-0.328087 -0.622249 0.000116
-0.310539 -0.620332 -0.003423
-0.295748 -0.620742 -0.001207
-0.277769 -0.620571 0.000986
-0.259952 -0.624324 0.000125
-0.242732 -0.621848 0.000689
-0.226040 -0.621591 -0.000369
-0.210789 -0.620429 -0.000512
-0.191584 -0.621899 0.000160
-0.176881 -0.623219 -0.001445
-0.159593 -0.621597 -0.000432
-0.143590 -0.621553 -0.000470
-0.126538 -0.623095 -0.001647
-0.109377 -0.621340 0.001183
-0.093528 -0.618517 0.000336
-0.075229 -0.619612 -0.000721
-0.058575 -0.621789 -0.000320
-0.042323 -0.621230 -0.000060
-0.026067 -0.622868 -0.000434
-0.007103 -0.620519 -0.000197
0.008126 -0.621205 0.000083
0.024059 -0.620781 0.000205
0.040148 -0.622379 0.000390
0.058376 -0.622500 -0.000784
0.077606 -0.621198 0.000271
0.093774 -0.621492 0.000420
0.109645 -0.621312 0.001606
0.126822 -0.621736 -0.000311
0.143165 -0.620655 -0.000751
0.160242 -0.622006 -0.000483
0.178707 -0.621506 -0.000091
0.194886 -0.622145 -0.000255
0.210021 -0.621580 -0.001371
0.227474 -0.622120 -0.000159
0.241642 -0.620629 0.000272
0.259703 -0.621541 0.000320
0.277218 -0.623463 0.000567
0.294163 -0.621506 -0.000079
0.310382 -0.619945 -0.001543
0.326377 -0.622446 -0.001228
0.344294 -0.621910 0.000338
0.361806 -0.620349 0.001072
0.377852 -0.621665 -0.000664
0.396176 -0.620785 0.000824
0.409933 -0.622969 0.000953
0.429412 -0.621073 -0.000442
0.445674 -0.621576 -0.000104
0.462264 -0.620686 0.000404
0.480437 -0.618232 0.001521
0.495410 -0.622193 -0.001715
0.512934 -0.620960 -0.001541
0.528265 -0.621830 0.001425
0.545302 -0.622531 -0.000417
0.561426 -0.621999 0.001009
0.581806 -0.622428 0.001390
0.599287 -0.621709 0.000799
0.613068 -0.620406 0.000174
0.631559 -0.620653 -0.000367
0.646073 -0.620525 -0.000201
0.662940 -0.621518 0.000290
0.681796 -0.620982 0.000652
0.697247 -0.623689 -0.002570
0.715878 -0.622214 -0.000295
0.731624 -0.621065 0.000433
0.748265 -0.622819 0.000362
0.765601 -0.620808 0.000705
0.780059 -0.621690 -0.000427
0.799733 -0.621898 -0.000630
0.814283 -0.622843 -0.001547
0.832492 -0.622181 -0.000566
0.849385 -0.623023 -0.000178
0.865455 -0.620422 -0.002534
0.882400 -0.620716 -0.001441
0.900141 -0.621190 -0.000018
0.915980 -0.619919 -0.000034
0.932639 -0.621829 0.000783
0.950244 -0.621407 0.000362
0.967183 -0.621374 -0.000637
0.982942 -0.621536 -0.000115
1.000071 -0.621965 -0.000108
-0.999478 -0.606061 0.000239
-0.982473 -0.604350 0.000976
-0.965722 -0.606863 0.000616
-0.948277 -0.604738 0.000544
-0.933091 -0.604575 -0.000247
-0.915441 -0.607363 -0.000490
-0.899635 -0.605148 0.000303
-0.882684 -0.606992 -0.000513
-0.865484 -0.606068 0.000716
-0.850179 -0.606486 -0.001885
-0.833255 -0.604438 -0.001417
-0.814956 -0.604620 -0.000903
-0.797554 -0.606178 0.000124
-0.780706 -0.604856 0.000422
-0.766274 -0.605549 0.000894
-0.748822 -0.605250 -0.001479
-0.731473 -0.604455 -0.001492
-0.715351 -0.606543 0.001552
-0.697351 -0.606781 -0.000881
-0.680618 -0.604106 0.000499
-0.663787 -0.606475 -0.000893
-0.648409 -0.604795 0.000341
-0.628863 -0.605652 -0.000060
-0.614118 -0.603953 -0.002550
-0.598000 -0.607099 -0.000165
-0.580872 -0.603499 0.000177
-0.562605 -0.605717 -0.000489
-0.546906 -0.605709 -0.000124
-0.528318 -0.606068 0.000254
-0.513071 -0.605093 -0.000028
-0.494834 -0.605764 -0.000581
-0.478631 -0.607918 -0.000114
-0.464081 -0.605108 0.000572
-0.445776 -0.604797 -0.001454
-0.429558 -0.607521 0.000675
-0.412961 -0.605415 0.000404
-0.396844 -0.606574 -0.001357
-0.378240 -0.605650 0.001902
-0.359184 -0.606345 -0.001725
-0.343886 -0.606152 -0.001737
-0.327665 -0.606180 0.000373
-0.311503 -0.603485 0.000947
-0.294181 -0.606928 0.000040
-0.276816 -0.604793 -0.000399
-0.260369 -0.605320 0.001916
-0.243228 -0.606190 0.001734
-0.227430 -0.605655 -0.000767
-0.207259 -0.606497 0.000292
-0.192825 -0.605752 0.000493
-0.177206 -0.605129 0.000625
-0.159948 -0.605164 0.000438
-0.143108 -0.604342 0.000727
-0.125136 -0.604202 -0.000402
-0.108170 -0.604186 0.001264
-0.095696 -0.605647 0.000689
-0.076128 -0.603415 0.001017
-0.058664 -0.604838 -0.001979
-0.042412 -0.606214 0.000361
-0.024979 -0.605478 -0.000858
-0.007308 -0.605215 -0.000413
0.008416 -0.603828 -0.000900
0.026370 -0.606067 0.000610
0.041499 -0.605606 0.000962
0.058808 -0.605901 -0.000038
0.076526 -0.606804 -0.000740
0.090886 -0.607476 0.000157
0.108642 -0.607184 0.000534
0.125616 -0.606270 -0.001221
0.143093 -0.607342 -0.000852
0.159528 -0.605881 0.001048
0.175283 -0.603108 -0.001364
0.194167 -0.604433 0.000866
0.210070 -0.605151 0.000811
0.225027 -0.605179 0.001066
0.242592 -0.605132 -0.001453
0.259710 -0.605429 0.000962
0.276956 -0.605614 -0.000506
0.293375 -0.604440 -0.000335
0.310936 -0.605411 0.000499
0.326629 -0.604983 -0.000311
0.344890 -0.605472 -0.000480
0.360156 -0.605430 0.000693
0.376693 -0.606294 -0.001000
0.393078 -0.607033 0.000844
0.410768 -0.606214 -0.002139
0.427197 -0.605781 0.000767
0.444427 -0.606674 -0.000948
0.461710 -0.606132 -0.000014
0.480526 -0.605335 -0.000148
0.496479 -0.603920 -0.000331
0.513104 -0.604698 0.000178
0.528847 -0.604136 0.001208
0.545383 -0.606682 0.000248
0.563495 -0.604929 -0.000105
0.578986 -0.606861 -0.000209
0.596159 -0.604314 -0.000464
0.611170 -0.606124 0.000520
0.629373 -0.605465 -0.000000
0.646005 -0.605089 -0.000156
0.662870 -0.606821 0.000075
0.679984 -0.605142 -0.001054
0.697250 -0.606278 -0.001681
0.714565 -0.606549 -0.001051
0.732319 -0.605992 0.000661
0.746806 -0.606484 -0.000470
0.763667 -0.606768 0.000110
0.780330 -0.604185 -0.000628
0.798133 -0.605458 0.000881
0.815132 -0.604604 0.001103
0.831393 -0.604413 0.000303
0.849802 -0.607008 0.000211
0.865684 -0.603330 -0.001046
0.882757 -0.606304 0.000592
0.897928 -0.605851 -0.001201
0.915168 -0.604077 -0.000412
0.933109 -0.604108 -0.000677
0.949753 -0.605216 -0.000802
0.966360 -0.605087 0.000030
0.984023 -0.606427 -0.000625
1.002338 -0.603656 0.000843
-0.997918 -0.590398 -0.000947
-0.983059 -0.590299 0.002081
-0.966719 -0.591177 0.001533
-0.950218 -0.592192 -0.001065
-0.933507 -0.589101 0.000989
-0.914765 -0.590061 -0.001489
-0.900452 -0.589187 0.000977
-0.881163 -0.589136 0.000718
-0.865669 -0.590318 -0.000249
-0.850551 -0.588206 0.000650
-0.831226 -0.590720 0.000620
-0.814881 -0.590697 -0.000677
-0.796630 -0.591086 0.000639
-0.780079 -0.586916 -0.000672
-0.766963 -0.590156 0.000177
-0.748141 -0.591000 0.000298
-0.731364 -0.588193 -0.001326
-0.712640 -0.588680 0.000086
-0.697383 -0.590068 -0.000756
-0.680734 -0.589913 0.002018
-0.662349 -0.590471 -0.000381
-0.647547 -0.588835 -0.000635
-0.629912 -0.589132 -0.001264
-0.613143 -0.590009 -0.000914
-0.599218 -0.588874 -0.002178
-0.578799 -0.592680 0.001187
-0.563712 -0.589554 0.002298
-0.546568 -0.588089 0.001023
-0.529418 -0.589906 -0.001640
-0.513119 -0.592185 0.000503
-0.496465 -0.588330 -0.000089
-0.479921 -0.589606 0.001216
-0.460594 -0.589980 0.000161
-0.445531 -0.591058 0.000653
-0.429197 -0.590517 -0.000453
-0.410520 -0.590158 0.000877
-0.396614 -0.590870 0.000277
-0.376365 -0.590759 0.000284
-0.362497 -0.588744 -0.000447
-0.344672 -0.590913 -0.000787
-0.329924 -0.590107 0.000517
-0.311436 -0.590765 -0.000597
-0.294820 -0.591068 -0.000078
-0.275889 -0.590753 0.000117
-0.259546 -0.590680 -0.000298
-0.244122 -0.590454 -0.001355
-0.225398 -0.588866 -0.000228
-0.209231 -0.589184 -0.000592
-0.193233 -0.590472 -0.000402
-0.175503 -0.590380 0.001132
-0.159394 -0.591543 -0.000463
-0.143848 -0.589349 0.000188
-0.124075 -0.590459 0.000170
-0.110495 -0.587976 -0.000322
-0.093508 -0.587830 0.000554
-0.074596 -0.590098 -0.001614
-0.059513 -0.589913 -0.000881
-0.041097 -0.588948 -0.000553
-0.025328 -0.590122 -0.000987
-0.007991 -0.590764 -0.000653
0.008599 -0.591005 -0.000353
0.025281 -0.589057 0.000013
0.042810 -0.590388 0.000992
0.060260 -0.588980 -0.000673
0.075674 -0.590096 -0.000855
0.093002 -0.590373 -0.000494
0.107785 -0.590436 -0.000189
0.125786 -0.590582 -0.001421
0.143977 -0.591127 0.001111
0.160158 -0.588577 -0.000834
0.177358 -0.590921 0.001323
0.192199 -0.589882 0.000949
0.209227 -0.591421 -0.001228
0.226606 -0.588637 -0.000075
0.244030 -0.588119 -0.000765
0.260639 -0.588916 0.001820
0.276539 -0.589283 -0.000563
0.295511 -0.589102 0.000528
0.311601 -0.590887 0.000740
0.329092 -0.591675 -0.000368
0.344755 -0.588855 0.000739
0.360846 -0.589909 -0.000948
0.378257 -0.589238 0.000612
0.395574 -0.588824 -0.000167
0.413671 -0.587788 -0.000726
0.429032 -0.589910 -0.000738
0.445889 -0.591073 0.000944
0.459819 -0.591335 0.000863
0.478596 -0.591478 -0.000854
0.497039 -0.590393 -0.000902
0.513986 -0.589674 0.002400
0.529780 -0.589553 -0.001549
0.546461 -0.589949 0.002340
0.561671 -0.589830 -0.002425
0.580324 -0.590217 -0.001400
0.598026 -0.589688 -0.000511
0.613259 -0.589302 -0.001152
0.629555 -0.590644 0.000298
0.647380 -0.588759 0.000002
0.665038 -0.589572 -0.000543
0.680938 -0.590170 0.000167
0.697124 -0.589518 0.000570
0.714919 -0.590280 -0.000966
0.731210 -0.588560 -0.001647
0.748342 -0.591391 -0.000713
0.765427 -0.589999 -0.000223
0.781340 -0.588836 0.001176
0.799430 -0.589244 0.000099
0.815013 -0.587924 0.000564
0.831054 -0.591951 0.001404
0.848014 -0.589052 0.001167
0.864919 -0.590679 0.000358
0.881453 -0.590857 0.000082
0.899432 -0.589913 -0.000050
0.916541 -0.589397 0.001375
0.933155 -0.589571 0.000850
0.947469 -0.590360 -0.000438
0.966576 -0.588838 0.000931
0.982485 -0.590559 0.000717
0.998300 -0.590747 0.001459
-1.000171 -0.572692 -0.000088
-0.983555 -0.574213 -0.001675
-0.966847 -0.572964 0.000647
-0.948625 -0.573456 -0.001988
-0.932509 -0.574433 0.001339
-0.915417 -0.574344 0.000652
-0.898706 -0.573892 0.000169
-0.881460 -0.576436 -0.001019
-0.866113 -0.573178 0.000140
-0.848980 -0.574205 -0.000525
-0.832073 -0.573603 0.000247
-0.815214 -0.574509 -0.000968
-0.797296 -0.575384 0.000690
-0.782976 -0.574826 0.000340
-0.763734 -0.575576 0.002010
-0.747123 -0.573611 -0.000464
-0.729873 -0.573052 0.001740
-0.713405 -0.572394 -0.000032
-0.696938 -0.573729 0.000406
-0.680347 -0.574264 0.001413
-0.665236 -0.573671 0.000738
-0.647276 -0.573744 0.000691
-0.631276 -0.574542 -0.000390
-0.613976 -0.573750 -0.000857
-0.595529 -0.573780 -0.001728
-0.579603 -0.572775 0.000615
-0.563868 -0.572546 -0.001497
-0.547554 -0.573263 -0.000462
-0.531265 -0.576382 -0.001261
-0.511974 -0.575495 -0.000890
-0.496325 -0.573449 -0.001691
-0.477909 -0.574875 -0.001175
-0.462384 -0.574577 -0.000870
-0.446661 -0.573132 -0.001240
-0.428475 -0.573587 0.001371
-0.411804 -0.574637 -0.002175
-0.394500 -0.573728 0.000147
-0.378515 -0.572949 0.000218
-0.361526 -0.574381 0.000349
-0.345408 -0.574232 0.000137
-0.327556 -0.575295 0.000070
-0.312118 -0.574806 -0.001938
-0.291846 -0.575165 -0.000686
-0.276927 -0.572894 -0.002218
-0.259026 -0.575094 -0.001245
-0.244932 -0.573305 0.001182
-0.226065 -0.575551 0.001161
-0.209383 -0.574540 0.000557
-0.194252 -0.573905 0.001242
-0.176541 -0.573377 -0.000452
-0.158444 -0.573180 0.000176
-0.143431 -0.575979 -0.001709
-0.125981 -0.575365 0.001055
-0.110947 -0.575338 0.000640
-0.092992 -0.575326 0.000709
-0.074389 -0.574361 0.000574
-0.058217 -0.574693 0.000513
-0.042235 -0.574173 0.000271
-0.026269 -0.573212 0.001809
-0.008633 -0.575727 0.000447
0.007415 -0.573129 0.000979
0.025429 -0.573414 0.001551
0.040867 -0.573800 0.000117
0.058838 -0.573566 -0.000065
0.075799 -0.573730 -0.000381
0.092607 -0.573339 -0.000754
0.108425 -0.574410 0.002024
0.127343 -0.573404 0.000009
0.143215 -0.575022 0.002423
0.159694 -0.573768 -0.000369
0.174803 -0.574045 -0.000859
0.194165 -0.573740 0.001422
0.208200 -0.573778 -0.000892
0.227806 -0.574370 -0.001619
0.243449 -0.573726 0.000063
0.260933 -0.574457 -0.001276
0.277435 -0.573331 0.000495
0.293882 -0.574770 0.000659
0.311721 -0.573931 0.000602
0.328745 -0.574205 -0.002332
0.344979 -0.573494 -0.000313
0.360942 -0.573401 -0.000622
0.377921 -0.574393 -0.001530
0.394942 -0.573490 -0.001088
0.413648 -0.574303 0.000914
0.429241 -0.573465 0.001080
0.445890 -0.573426 -0.000309
0.462145 -0.573340 0.000645
0.480459 -0.574567 0.000503
0.496081 -0.571804 -0.000271
0.512015 -0.574246 0.001473
0.529331 -0.575218 -0.000169
0.546834 -0.572892 0.000547
0.563070 -0.572808 -0.002132
0.579961 -0.574309 0.000418
0.597429 -0.573945 -0.000070
0.613428 -0.574025 0.001139
0.629771 -0.574514 0.000379
0.647858 -0.573208 0.002010
0.664515 -0.575481 -0.000683
0.679916 -0.574537 0.000823
0.696137 -0.574831 0.001226
0.711923 -0.574167 0.000325
0.729918 -0.573842 -0.001614
0.748257 -0.575460 -0.001746
0.763745 -0.575138 -0.000040
0.781637 -0.574324 0.000024
0.798531 -0.573936 0.000065
0.817195 -0.574327 -0.000570
0.832976 -0.574363 0.000378
0.847850 -0.574504 0.001200
0.865142 -0.572599 -0.000462
0.882986 -0.574334 -0.001140
0.898674 -0.572989 -0.001526
0.915193 -0.573543 0.001280
0.933968 -0.573107 0.000424
0.949467 -0.574477 -0.000993
0.965449 -0.574196 0.000522
0.983682 -0.574209 0.000592
0.999692 -0.575513 0.001272
-0.999126 -0.558434 0.000014
-0.982634 -0.557446 -0.000298
-0.967204 -0.558741 0.001220
-0.948570 -0.556761 0.001103
-0.932068 -0.558019 -0.000444
-0.916832 -0.558720 0.000053
-0.899493 -0.557662 -0.000075
-0.882265 -0.558912 -0.002228
-0.867636 -0.559122 0.000068
-0.848684 -0.558867 -0.000919
-0.830854 -0.558491 -0.001223
-0.816812 -0.559489 -0.000209
-0.799265 -0.558790 0.000822
-0.781426 -0.558003 0.000010
-0.764354 -0.559633 0.000433
-0.747574 -0.558419 0.000830
-0.729550 -0.557889 -0.000631
-0.714837 -0.558907 0.001075
-0.695815 -0.558042 0.000109
-0.679753 -0.558323 0.000367
-0.663266 -0.558568 -0.000649
-0.645948 -0.556602 -0.001243
-0.630499 -0.558728 0.000696
-0.612859 -0.557167 0.000180
-0.595991 -0.559090 0.000788
-0.580067 -0.560332 -0.002575
-0.563518 -0.559199 -0.001817
-0.547914 -0.557864 0.001105
-0.529114 -0.558513 0.000316
-0.514396 -0.558342 0.000743
-0.496077 -0.557988 -0.000483
-0.478022 -0.559302 -0.000476
-0.460316 -0.557976 0.000661
-0.445341 -0.558754 0.000044
-0.429525 -0.559372 -0.001293
-0.410390 -0.559161 -0.000044
-0.394551 -0.561884 -0.000242
-0.377843 -0.556158 0.000036
-0.361287 -0.559243 0.000019
-0.344553 -0.558679 -0.000009
-0.327386 -0.558048 0.000465
-0.311226 -0.558612 0.000094
-0.294021 -0.558479 -0.001052
-0.278761 -0.559340 0.000861
-0.259873 -0.557711 0.001136
-0.243893 -0.559350 0.000207
-0.226243 -0.558622 -0.001354
-0.210704 -0.557155 0.002060
-0.193326 -0.560641 0.000414
-0.176009 -0.558602 -0.000043
-0.158292 -0.558144 -0.000026
-0.144416 -0.559348 0.000024
-0.126568 -0.558511 0.001490
-0.108529 -0.557874 0.000479
-0.092591 -0.556695 0.001715
-0.074818 -0.558223 -0.001874
-0.058580 -0.556947 -0.001197
-0.042989 -0.557389 0.000930
-0.025496 -0.558848 -0.000715
-0.008156 -0.558129 -0.000087
0.009127 -0.558827 0.000366
0.026635 -0.558588 0.001366
0.041528 -0.558437 0.000193
0.056752 -0.557732 0.001094
0.076396 -0.558986 0.000644
0.091488 -0.559707 -0.002813
0.107821 -0.557994 0.000303
0.125891 -0.558132 0.001420
0.144242 -0.558430 0.001088
0.159542 -0.559707 -0.000171
0.176795 -0.559396 0.000330
0.193428 -0.559808 -0.000311
0.210636 -0.558669 0.000017
0.227155 -0.558895 0.000493
0.243240 -0.556787 0.000908
0.259641 -0.557040 -0.000041
0.275857 -0.559354 -0.000668
0.294616 -0.557366 0.000446
0.311405 -0.558031 -0.001811
0.327258 -0.557470 0.001613
0.345069 -0.558157 -0.000244
0.360579 -0.559444 -0.000164
0.378984 -0.558429 -0.000179
0.395529 -0.557866 0.000776
0.411314 -0.557563 0.002078
0.429965 -0.558827 -0.000782
0.444669 -0.558672 0.000389
0.462601 -0.557974 -0.000607
0.478730 -0.558246 0.001524
0.495649 -0.557228 -0.001586
0.513524 -0.558378 -0.001236
0.530693 -0.558108 0.000059
0.547878 -0.556799 0.000071
0.564097 -0.558126 0.000101
0.579325 -0.558300 -0.000849
0.596480 -0.559096 -0.002002
0.614297 -0.558115 0.001235
0.629276 -0.557145 -0.000718
0.647222 -0.557549 -0.000432
0.662390 -0.556550 -0.001428
0.680064 -0.559996 -0.000622
0.697511 -0.560405 0.001331
0.715185 -0.557889 0.000660
0.732068 -0.557311 0.000006
0.747341 -0.557954 -0.000403
0.766076 -0.557812 -0.001909
0.782711 -0.558582 0.000950
0.797893 -0.558456 0.000639
0.814800 -0.557005 -0.001141
0.831836 -0.556762 0.000077
0.849194 -0.557856 0.000943
0.863585 -0.555522 -0.001156
0.881951 -0.558171 0.000079
0.899462 -0.559358 -0.002331
0.917505 -0.558321 0.000391
0.932602 -0.559490 0.000665
0.948584 -0.557473 0.000794
0.965586 -0.559395 0.000560
0.981684 -0.559524 0.000408
0.999331 -0.556123 0.001190
-1.001252 -0.541428 0.000015
-0.983377 -0.542322 0.001872
-0.966985 -0.542358 -0.000469
-0.951099 -0.544325 -0.001083
-0.931247 -0.544087 0.000996
-0.915170 -0.543499 0.000397
-0.898658 -0.542277 0.000044
-0.882960 -0.543623 -0.000447
-0.864492 -0.543117 -0.002258
-0.849236 -0.541944 -0.000739
-0.832434 -0.540915 0.000439
-0.815593 -0.542864 -0.000625
-0.798302 -0.541333 -0.001171
-0.781173 -0.542758 -0.000368
-0.763211 -0.541978 -0.000652
-0.748488 -0.542431 -0.000458
-0.731621 -0.543416 -0.000329
-0.713762 -0.544022 0.001042
-0.698904 -0.542840 0.001253
-0.680205 -0.544385 0.000452
-0.665355 -0.542046 0.000158
-0.647838 -0.542324 -0.000328
-0.630821 -0.544584 0.000298
-0.612592 -0.541747 -0.000000
-0.596679 -0.541420 0.000084
-0.578189 -0.543331 -0.000492
-0.564802 -0.542354 -0.000456
-0.545638 -0.540849 0.000548
-0.530073 -0.542903 -0.000169
-0.514229 -0.542810 -0.000060
-0.496490 -0.542033 -0.000780
-0.477898 -0.540732 0.000596
-0.462062 -0.541232 -0.001151
-0.446438 -0.542229 -0.000032
-0.428415 -0.542275 0.000801
-0.413191 -0.542039 0.000662
-0.395139 -0.542423 -0.001711
-0.377018 -0.543587 0.001514
-0.360370 -0.542908 -0.000540
-0.345247 -0.542048 -0.001245
-0.328109 -0.542527 -0.000287
-0.310793 -0.541716 -0.000198
-0.294232 -0.541367 -0.000039
-0.277403 -0.544762 -0.000121
-0.260646 -0.542662 0.000324
-0.243250 -0.542884 0.000149
-0.225228 -0.544553 0.000115
-0.209804 -0.542763 0.000923
-0.193814 -0.543298 -0.000558
-0.176066 -0.542202 -0.000617
-0.161160 -0.541682 -0.000331
-0.143585 -0.543545 -0.000725
-0.124340 -0.541129 -0.001103
-0.107792 -0.543112 0.003030
-0.091459 -0.542259 -0.000305
-0.075562 -0.543183 -0.000883
-0.056382 -0.543002 -0.000968
-0.041787 -0.542454 0.000360
-0.026167 -0.542192 0.000358
-0.008264 -0.543094 0.001402
0.009225 -0.541973 -0.000522
0.025759 -0.543478 0.000459
0.042298 -0.543671 0.000024
0.059065 -0.542675 0.001157
0.073442 -0.540978 0.000398
0.090716 -0.541554 0.000503
0.110237 -0.543206 -0.002364
0.124968 -0.541676 0.001849
0.142587 -0.541390 -0.000014
0.160412 -0.542385 0.000449
0.177386 -0.544406 -0.000267
0.194336 -0.542767 -0.000501
0.210184 -0.541725 -0.001028
0.227848 -0.542408 0.000286
0.243010 -0.543428 0.001152
0.260719 -0.545444 -0.000150
0.278076 -0.541485 -0.000838
0.293761 -0.543011 -0.000851
0.310945 -0.543633 -0.000749
0.327521 -0.540584 -0.001013
0.344365 -0.543648 0.000385
0.360873 -0.543351 -0.001389
0.378724 -0.540864 -0.000022
0.395769 -0.542398 -0.001844
0.410844 -0.543742 -0.000444
0.427118 -0.543377 0.001329
0.444923 -0.542088 -0.001841
0.464352 -0.541805 0.000033
0.479494 -0.543260 0.000407
0.497694 -0.543022 -0.000049
0.513040 -0.542465 -0.000979
0.529959 -0.543380 -0.002262
0.546985 -0.541645 -0.000479
0.562340 -0.542970 -0.002800
0.579974 -0.541783 -0.000074
0.596587 -0.542486 -0.000500
0.614263 -0.543200 -0.000186
0.630017 -0.542797 0.000252
0.647400 -0.543116 -0.000104
0.664654 -0.544233 0.000383
0.680037 -0.542481 0.000748
0.697422 -0.543196 -0.000084
0.713285 -0.542021 0.000831
0.732567 -0.542501 -0.000318
0.748674 -0.543349 0.000287
0.764606 -0.542523 0.001276
0.781456 -0.544025 -0.001566
0.799486 -0.543682 -0.001495
0.814852 -0.543990 -0.000406
0.830140 -0.543750 -0.001434
0.848432 -0.541643 0.002245
0.867191 -0.541551 -0.000495
0.883747 -0.541231 0.001379
0.899249 -0.542907 -0.000739
0.913855 -0.540586 -0.000848
0.932212 -0.543395 0.000366
0.949340 -0.541819 -0.001772
0.966739 -0.543540 -0.000559
0.982020 -0.540910 0.001591
1.000147 -0.542760 0.000505
-0.998121 -0.527016 -0.000831
-0.982165 -0.526361 0.001072
-0.966927 -0.527277 -0.000794
-0.948300 -0.525903 0.000892
-0.933524 -0.526617 0.001962
-0.916898 -0.526554 -0.001196
-0.900145 -0.528213 -0.001412
-0.882282 -0.526670 -0.001201
-0.864568 -0.527029 -0.000594
-0.849490 -0.525210 0.000412
-0.832792 -0.528047 0.000581
-0.815435 -0.527888 0.001902
-0.798973 -0.525325 0.000089
-0.781952 -0.528351 -0.000608
-0.765922 -0.524725 -0.000622
-0.748232 -0.526293 -0.000627
-0.729215 -0.529562 0.000796
-0.716194 -0.526606 0.000966
-0.696811 -0.525733 -0.001014
-0.681930 -0.526117 0.001686
-0.663359 -0.527073 0.000773
-0.647580 -0.526877 0.000363
-0.631354 -0.526160 -0.001277
-0.612153 -0.529158 -0.000885
-0.596397 -0.527606 0.000961
-0.579746 -0.525463 -0.000384
-0.563238 -0.524847 -0.001353
-0.546226 -0.527065 -0.000888
-0.528780 -0.527290 -0.001180
-0.512688 -0.527296 -0.001195
-0.494531 -0.524644 -0.002542
-0.479647 -0.527014 0.001200
-0.462116 -0.527256 -0.001366
-0.444881 -0.526493 0.000474
-0.428186 -0.528761 -0.000396
-0.413333 -0.525726 0.000150
-0.394127 -0.526101 0.000507
-0.377846 -0.526796 -0.000576
-0.361792 -0.525302 0.000624
-0.344672 -0.528557 -0.000361
-0.328255 -0.527365 -0.000122
-0.312290 -0.527341 0.000216
-0.293053 -0.527259 0.001439
-0.275816 -0.527425 -0.001472
-0.260153 -0.526448 0.001146
-0.243440 -0.527436 -0.001935
-0.225938 -0.525857 0.000250
-0.210211 -0.527066 -0.000206
-0.193750 -0.528226 0.001006
-0.176428 -0.526472 0.000388
-0.161432 -0.526519 0.000209
-0.140753 -0.526358 0.001511
-0.124450 -0.526450 -0.001556
-0.109989 -0.526950 0.000269
-0.090891 -0.524898 -0.000940
-0.076349 -0.526746 -0.000727
-0.059214 -0.527265 0.000635
-0.042554 -0.527641 -0.000790
-0.024460 -0.526679 0.000086
-0.007305 -0.527260 -0.000312
0.008456 -0.527605 0.001128
0.025456 -0.528171 -0.000965
0.042201 -0.526537 0.000393
0.057592 -0.525970 0.001580
0.077197 -0.527784 0.000473
0.091401 -0.526697 -0.000532
0.108233 -0.527170 0.000320
0.126353 -0.527548 -0.000402
0.143414 -0.527314 0.000494
0.160616 -0.527650 0.000905
0.176841 -0.526862 0.000688
0.194785 -0.525139 -0.001678
0.212263 -0.528306 -0.000624
0.225179 -0.526930 0.000119
0.243607 -0.526065 0.001975
0.262240 -0.527272 0.000288
0.276211 -0.526785 0.001283
0.292501 -0.527592 -0.000414
0.310844 -0.525675 0.001264
0.326757 -0.528383 -0.000617
0.345327 -0.527178 -0.001183
0.362443 -0.527142 0.000928
0.376784 -0.527887 0.000130
0.394558 -0.527935 0.001547
0.412673 -0.526275 0.001467
0.428530 -0.528837 -0.000287
0.445483 -0.527451 0.001041
0.463094 -0.528064 -0.000302
0.478485 -0.527523 0.001484
0.496731 -0.527380 -0.000690
0.512535 -0.527295 -0.000924
0.529154 -0.528799 -0.001211
0.546483 -0.526280 0.001534
0.563472 -0.527295 -0.000455
0.579800 -0.527092 -0.002827
0.595725 -0.525573 0.000466
0.613236 -0.524561 0.000392
0.630766 -0.527008 -0.000407
0.646862 -0.526771 0.001085
0.663657 -0.527454 -0.001126
0.679955 -0.526180 0.001347
0.697727 -0.527232 0.000670
0.714531 -0.525549 0.000171
0.730742 -0.529177 0.000970
0.749075 -0.527765 0.001134
0.765514 -0.528715 -0.001498
0.783389 -0.526930 0.000328
0.797485 -0.525906 -0.000099
0.814152 -0.525920 -0.000390
0.831948 -0.527959 0.001504
0.848229 -0.529830 -0.001757
0.864884 -0.527897 -0.000020
0.881847 -0.529539 -0.001613
0.900272 -0.526759 0.001855
0.914396 -0.525262 -0.000051
0.934008 -0.525721 -0.000106
0.949768 -0.527196 -0.001039
0.965998 -0.527268 -0.000659
0.982250 -0.528758 0.000672
1.000542 -0.528157 -0.000196
-1.000751 -0.510836 -0.000834
-0.982944 -0.512052 0.000087
-0.964516 -0.512242 -0.000576
-0.949989 -0.512211 0.001699
-0.931861 -0.512406 -0.000993
-0.915069 -0.511176 -0.000739
-0.899014 -0.512072 -0.001002
-0.882655 -0.512308 -0.000171
-0.864487 -0.510709 0.000429
-0.850297 -0.511954 -0.000870
-0.833372 -0.511279 0.001938
-0.815885 -0.510469 -0.000130
-0.797602 -0.512613 0.000205
-0.781318 -0.510051 0.001954
-0.764742 -0.511250 -0.001091
-0.748930 -0.510569 -0.000552
-0.730241 -0.511325 -0.000272
-0.715358 -0.510205 -0.000388
-0.696201 -0.511247 0.000406
-0.681189 -0.511466 0.000483
-0.661497 -0.510482 0.000307
-0.647322 -0.509738 0.000301
-0.631114 -0.511131 -0.000899
-0.612987 -0.510968 -0.000386
-0.599157 -0.509212 0.000224
-0.578565 -0.509970 0.000244
-0.563045 -0.510370 0.000345
-0.546698 -0.511137 -0.000196
-0.529040 -0.511861 0.000244
-0.512318 -0.513462 -0.001823
-0.495602 -0.510772 -0.000974
-0.478697 -0.510701 -0.000002
-0.463856 -0.511764 0.001650
-0.445269 -0.512309 -0.000387
-0.428510 -0.510742 -0.000481
-0.412122 -0.513818 -0.000760
-0.395046 -0.511354 0.000627
-0.377597 -0.509915 0.000369
-0.362276 -0.510726 0.000374
-0.342546 -0.511850 -0.000174
-0.327475 -0.511258 -0.000996
-0.310993 -0.511545 0.000044
-0.294476 -0.510063 0.001049
-0.276982 -0.511716 -0.000154
-0.259192 -0.512579 0.000025
-0.241870 -0.511236 0.001109
-0.225052 -0.510788 0.000543
-0.209763 -0.510965 0.001387
-0.192817 -0.512958 0.001887
-0.175193 -0.511841 -0.001084
-0.159764 -0.510465 0.001103
-0.142938 -0.510780 0.000363
-0.125851 -0.510081 -0.000632
-0.109803 -0.511876 -0.000638
-0.092061 -0.510965 0.000555
-0.075882 -0.511258 -0.000964
-0.060423 -0.509165 0.000227
-0.041968 -0.510772 0.001609
-0.023989 -0.511942 -0.000091
-0.006088 -0.510472 0.000551
0.008142 -0.509722 -0.000610
0.026183 -0.511209 0.000073
0.040722 -0.510694 0.000619
0.060882 -0.510150 -0.001846
0.076885 -0.510862 -0.001223
0.090632 -0.510299 0.001793
0.108863 -0.509658 -0.000136
0.126481 -0.510686 -0.000675
0.144576 -0.510747 0.001000
0.159415 -0.512725 0.000056
0.176334 -0.509136 -0.001939
0.193366 -0.511680 -0.001108
0.210211 -0.509692 0.002019
0.226424 -0.511872 0.000539
0.244085 -0.512387 0.001825
0.260623 -0.512419 -0.001260
0.277647 -0.512428 0.000131
0.292586 -0.511644 0.000059
0.310185 -0.508418 0.000702
0.327479 -0.511178 -0.001178
0.344776 -0.510965 -0.000250
0.361464 -0.513497 -0.000257
0.377195 -0.513302 0.001040
0.394366 -0.511738 0.001233
0.412309 -0.510997 -0.000814
0.427974 -0.511782 0.002274
0.444902 -0.511294 -0.001937
0.461096 -0.511725 0.000833
0.478619 -0.512106 -0.002550
0.495831 -0.508955 -0.000528
0.512484 -0.511543 -0.000369
0.527395 -0.510056 -0.000799
0.545622 -0.511435 -0.000919
0.562382 -0.511861 -0.000150
0.577274 -0.512892 -0.000423
0.596480 -0.512701 0.001090
0.612762 -0.510250 -0.001242
0.631810 -0.511598 0.001798
0.647340 -0.511678 0.000083
0.662789 -0.509375 0.000219
0.680080 -0.511621 -0.001750
0.697581 -0.513380 0.000122
0.715017 -0.511558 0.000920
0.729831 -0.511190 0.000175
0.747739 -0.509835 -0.000032
0.766001 -0.511061 0.000977
0.783447 -0.511172 0.000042
0.798496 -0.510271 0.001491
0.816511 -0.510997 -0.000350
0.831235 -0.513323 -0.000022
0.848780 -0.511039 -0.000266
0.864640 -0.513374 0.001518
0.881713 -0.509623 0.001113
0.897455 -0.512738 -0.000127
0.916351 -0.512350 -0.000209
0.933905 -0.512300 -0.000336
0.948396 -0.510537 -0.000176
0.968194 -0.510912 -0.000644
0.984101 -0.510560 0.000152
1.000632 -0.511570 -0.001369
-1.000310 -0.495863 0.000375
-0.982043 -0.495546 0.001504
-0.966089 -0.494834 -0.000276
-0.949334 -0.494635 0.001279
-0.930970 -0.497186 -0.001770
-0.915622 -0.498097 0.001009
-0.899017 -0.494425 -0.000172
-0.882944 -0.495449 -0.001590
-0.865953 -0.494148 -0.000082
-0.847594 -0.496121 -0.002106
-0.833542 -0.495350 0.000148
-0.813748 -0.495937 -0.000229
-0.798949 -0.496429 -0.000727
-0.780334 -0.495724 -0.001591
-0.763717 -0.495606 -0.000758
-0.748392 -0.495003 0.000534
-0.729847 -0.495367 0.000632
-0.712337 -0.495366 -0.000262
-0.697813 -0.495842 0.001355
-0.680983 -0.494978 0.000733
-0.664223 -0.495972 -0.000417
-0.647495 -0.496188 -0.000732
-0.631034 -0.494846 0.000713
-0.614176 -0.494509 0.001170
-0.597424 -0.496537 0.000652
-0.578245 -0.494304 -0.001113
-0.561574 -0.494340 -0.000096
-0.548072 -0.495679 -0.000843
-0.529999 -0.497428 -0.000454
-0.511153 -0.495139 -0.001874
-0.494642 -0.494882 0.002080
-0.480160 -0.496580 0.000447
-0.462174 -0.496164 0.001134
-0.444760 -0.494742 0.001876
-0.428804 -0.495002 -0.000372
-0.412014 -0.495161 -0.000564
-0.395280 -0.496391 -0.001351
-0.378442 -0.494650 0.000396
-0.361540 -0.497602 -0.000609
-0.344215 -0.495854 -0.000827
-0.327420 -0.495529 0.000552
-0.310862 -0.496354 0.000821
-0.294437 -0.495277 -0.000512
-0.277998 -0.495262 -0.001131
-0.260059 -0.495254 0.000211
-0.243722 -0.493140 0.001524
-0.227821 -0.494333 -0.001024
-0.208980 -0.495151 0.001271
-0.192680 -0.494569 -0.000041
-0.177653 -0.496162 0.000120
-0.161372 -0.493347 0.000592
-0.143206 -0.494706 -0.000428
-0.125613 -0.495118 0.000304
-0.110847 -0.495439 -0.000736
-0.090802 -0.496523 -0.000323
-0.075043 -0.494396 0.000934
-0.059787 -0.495839 0.000463
-0.042191 -0.495010 0.001891
-0.024404 -0.494460 0.001399
-0.008875 -0.496436 0.000413
0.007570 -0.495688 -0.001322
0.025703 -0.495988 -0.000989
0.043315 -0.495229 -0.000708
0.059693 -0.496461 -0.000007
0.074693 -0.495900 -0.000748
0.092415 -0.493348 0.000626
0.109320 -0.494474 -0.000016
0.126263 -0.495926 -0.000909
0.144073 -0.496392 0.000206
0.159962 -0.496621 0.000350
0.176962 -0.496418 -0.001019
0.191733 -0.496125 -0.001652
0.209690 -0.497481 -0.000417
0.226654 -0.494829 0.000569
0.242401 -0.494464 0.001206
0.261129 -0.494835 -0.000621
0.277514 -0.497321 -0.000085
0.293910 -0.497206 0.000849
0.310438 -0.496251 0.000638
0.327524 -0.495861 -0.002366
0.343461 -0.493926 -0.001046
0.361247 -0.495870 0.001144
0.377078 -0.496657 -0.000131
0.394169 -0.494785 0.000847
0.412016 -0.494361 -0.000156
0.428267 -0.495658 -0.001256
0.445912 -0.495720 -0.000299
0.462904 -0.494604 0.000165
0.479314 -0.494882 -0.000383
0.496519 -0.495004 0.000238
0.511363 -0.496722 0.001350
0.529836 -0.495002 -0.000747
0.546979 -0.496057 -0.000584
0.561488 -0.496050 -0.000181
0.580352 -0.496114 -0.001445
0.598258 -0.493238 -0.000407
0.614296 -0.496414 -0.000192
0.630190 -0.495722 -0.000366
0.647247 -0.496668 -0.000974
0.663646 -0.496368 0.000719
0.681262 -0.496963 -0.000100
0.699151 -0.496552 -0.000849
0.712994 -0.497087 0.000168
0.731413 -0.496379 -0.001423
0.747162 -0.495707 0.000722
0.764992 -0.493755 -0.001581
0.781873 -0.495733 -0.000551
0.797364 -0.495005 0.001151
0.813759 -0.494617 0.000622
0.832874 -0.496192 -0.001167
0.848193 -0.497457 -0.001572
0.864992 -0.495054 -0.000599
0.881320 -0.496555 0.000653
0.899334 -0.497773 0.000625
0.914314 -0.495520 0.000092
0.934722 -0.495363 0.000818
0.950861 -0.496167 -0.000856
0.965889 -0.497011 0.000602
0.983267 -0.495439 -0.000106
0.999117 -0.494822 -0.000656
-0.998554 -0.478172 0.001594
-0.983524 -0.479277 0.000332
-0.967941 -0.480009 0.000946
-0.948967 -0.478800 0.000550
-0.932721 -0.479524 0.001338
-0.916251 -0.478405 0.000179
-0.897554 -0.480231 -0.000567
-0.881856 -0.480318 -0.001053
-0.864496 -0.481597 0.002456
-0.847573 -0.479848 0.000107
-0.830863 -0.480367 0.000840
-0.814019 -0.479271 -0.000935
-0.797879 -0.479963 0.000206
-0.780850 -0.479779 0.000163
-0.763171 -0.479634 0.001791
-0.749097 -0.480098 0.000326
-0.731805 -0.479378 -0.000227
-0.714247 -0.481190 0.000057
-0.696838 -0.480746 0.000132
-0.680532 -0.482074 0.001323
-0.665215 -0.479925 -0.001034
-0.647014 -0.479495 0.000479
-0.630289 -0.481008 -0.001791
-0.613631 -0.480137 -0.000548
-0.595304 -0.480279 -0.000801
-0.578995 -0.478838 -0.000314
-0.563628 -0.479797 0.000623
-0.547805 -0.479801 -0.001706
-0.529068 -0.478312 0.000877
-0.513356 -0.479599 0.000561
-0.495936 -0.481735 0.000095
-0.478099 -0.478341 0.000699
-0.462727 -0.479531 0.000039
-0.445379 -0.477101 0.000682
-0.429167 -0.480334 0.000517
-0.412267 -0.482035 0.000972
-0.395097 -0.479249 0.000335
-0.377195 -0.480206 0.002143
-0.362664 -0.479797 -0.000232
-0.344043 -0.480707 0.001416
-0.328613 -0.479305 0.000151
-0.311628 -0.479756 -0.000433
-0.293570 -0.478270 0.001246
-0.275202 -0.479894 -0.001240
-0.260657 -0.480688 0.001092
-0.245496 -0.479440 -0.001029
-0.229111 -0.479175 0.000425
-0.209438 -0.478608 0.000918
-0.194016 -0.479325 0.000496
-0.175304 -0.479090 0.000087
-0.159618 -0.482009 -0.000283
-0.141365 -0.479323 0.000179
-0.126657 -0.478404 0.001133
-0.109014 -0.480665 0.000489
-0.094033 -0.479935 -0.001366
-0.074613 -0.480703 -0.000880
-0.059502 -0.479615 -0.001219
-0.043367 -0.479873 0.000622
-0.026109 -0.480763 -0.000910
-0.008128 -0.478778 -0.000592
0.009353 -0.479469 0.001208
0.025312 -0.479554 0.000616
0.042679 -0.479776 0.000735
0.058097 -0.480036 -0.001139
0.075946 -0.479966 0.000438
0.092442 -0.479733 0.001368
0.110488 -0.481127 0.001242
0.127291 -0.479693 0.000021
0.143064 -0.477824 0.001824
0.160675 -0.479173 -0.000582
0.177571 -0.479000 0.001174
0.195525 -0.478204 -0.000942
0.209187 -0.478773 -0.001017
0.224694 -0.478455 0.001423
0.244694 -0.480212 0.000416
0.261116 -0.480771 -0.000179
0.276401 -0.481482 0.000637
0.292642 -0.479494 -0.000536
0.310674 -0.479600 0.001628
0.328266 -0.478562 0.000689
0.345385 -0.479365 0.000017
0.362138 -0.480462 0.000473
0.379401 -0.480191 -0.000239
0.396002 -0.480098 -0.000109
0.409927 -0.479699 0.001865
0.429047 -0.479450 0.000380
0.444560 -0.479177 0.002112
0.461662 -0.478896 -0.001161
0.478831 -0.480637 0.001775
0.497185 -0.479291 0.002735
0.512983 -0.480351 0.001275
0.528439 -0.479922 -0.000667
0.545207 -0.480572 -0.001222
0.562708 -0.479659 -0.000002
0.578937 -0.479832 0.000491
0.596802 -0.478326 0.000860
0.612851 -0.480196 0.001039
0.631941 -0.480301 0.000329
0.646237 -0.478421 -0.000063
0.665680 -0.479604 0.001381
0.682179 -0.482046 -0.000336
0.696897 -0.479850 0.001014
0.713982 -0.480315 -0.000776
0.732225 -0.479341 0.000777
0.748773 -0.480613 0.000177
0.763714 -0.480268 0.001092
0.783639 -0.480215 0.000778
0.798715 -0.480196 0.000071
0.813584 -0.478605 0.000208
0.832674 -0.479510 0.001239
0.848847 -0.478793 -0.000892
0.864391 -0.481023 -0.000076
0.882185 -0.480183 -0.000289
0.898009 -0.479788 -0.001367
0.916047 -0.480098 -0.000359
0.934858 -0.478466 0.000680
0.948624 -0.478507 -0.000505
0.966323 -0.481225 -0.000258
0.982729 -0.478220 -0.001523
1.000419 -0.477162 -0.001699
-1.001211 -0.462630 0.001010
-0.982918 -0.462243 -0.000699
-0.966473 -0.464724 0.000211
-0.948342 -0.465118 -0.002601
-0.930361 -0.464496 -0.000544
-0.917154 -0.463005 -0.000005
-0.899183 -0.462687 0.000287
-0.883154 -0.464351 0.000520
-0.865591 -0.463601 0.000145
-0.849373 -0.462715 0.000976
-0.831298 -0.464433 0.001736
-0.816708 -0.462760 -0.001195
-0.798324 -0.464242 0.000406
-0.782215 -0.462427 0.000760
-0.765979 -0.464013 -0.000142
-0.749956 -0.464231 -0.000920
-0.731489 -0.464484 -0.000968
-0.713371 -0.465042 0.000736
-0.698981 -0.464067 0.001222
-0.680624 -0.463196 0.000998
-0.662981 -0.463440 0.000632
-0.646571 -0.463865 0.001837
-0.631616 -0.463968 0.001024
-0.613247 -0.463270 -0.001245
-0.596389 -0.464410 -0.000526
-0.578543 -0.464086 0.003033
-0.563457 -0.464440 0.000089
-0.545488 -0.465187 0.000500
-0.529689 -0.465896 -0.001257
-0.511373 -0.465130 0.000213
-0.495025 -0.463703 -0.001079
-0.477875 -0.462605 -0.000744
-0.459974 -0.463861 0.000055
-0.445743 -0.465909 0.001174
-0.429242 -0.464092 0.000582
-0.411773 -0.462521 0.001375
-0.394400 -0.464629 0.001390
-0.377023 -0.463724 -0.000859
-0.361751 -0.463062 -0.000309
-0.345713 -0.464150 0.000115
-0.328009 -0.464640 -0.000239
-0.309835 -0.464370 0.001389
-0.293663 -0.463658 -0.001743
-0.278476 -0.463593 -0.000433
-0.259764 -0.463091 0.000316
-0.243671 -0.464681 -0.000803
-0.227583 -0.463460 0.001923
-0.210484 -0.464865 0.000029
-0.193037 -0.463548 0.000033
-0.175312 -0.464267 0.000085
-0.158646 -0.465812 0.002666
-0.142730 -0.464632 0.000761
-0.127357 -0.464615 -0.000927
-0.110775 -0.463616 0.000559
-0.091786 -0.466080 -0.001147
-0.075691 -0.463596 0.000905
-0.058420 -0.463056 0.001416
-0.043445 -0.464158 0.000679
-0.025607 -0.464174 -0.001043
-0.008130 -0.464032 -0.000152
0.007504 -0.463359 -0.000933
0.025121 -0.465816 0.002340
0.041737 -0.462755 0.001452
0.058600 -0.465410 0.000358
0.075651 -0.464651 -0.000479
0.093097 -0.463656 -0.000254
0.108237 -0.463293 -0.001299
0.126199 -0.464132 -0.000570
0.141793 -0.464406 0.000053
0.159967 -0.464978 0.002751
0.177232 -0.464661 0.000055
0.192948 -0.463048 0.000703
0.211928 -0.463224 -0.000238
0.227667 -0.464792 -0.001840
0.245623 -0.463363 -0.000384
0.259626 -0.464160 -0.000902
0.277366 -0.463010 -0.000804
0.293947 -0.465743 0.000334
0.310262 -0.464672 -0.000146
0.328064 -0.464895 0.001526
0.344730 -0.462639 0.000825
0.362558 -0.463225 -0.000732
0.376868 -0.463560 -0.000759
0.394589 -0.464061 -0.000702
0.411082 -0.463538 0.001625
0.428513 -0.464411 -0.001241
0.445317 -0.464528 -0.000901
0.461177 -0.464399 -0.001026
0.480172 -0.465438 -0.001095
0.496231 -0.463787 0.001082
0.512445 -0.463647 -0.000577
0.528955 -0.464235 -0.000992
0.546580 -0.463556 0.000771
0.564587 -0.462252 0.000192
0.578561 -0.463373 0.000785
0.594162 -0.463825 0.000186
0.613914 -0.465445 0.000776
0.631079 -0.464807 0.000765
0.647185 -0.461840 0.000131
0.661545 -0.462062 -0.001382
0.680071 -0.463240 -0.001067
0.697744 -0.464227 0.000041
0.714783 -0.463127 0.000468
0.729420 -0.464823 0.000769
0.747283 -0.463104 0.000420
0.764602 -0.463371 -0.001016
0.782285 -0.463159 0.000113
0.798698 -0.462542 -0.002042
0.814916 -0.463307 0.000744
0.832474 -0.464623 0.000241
0.850828 -0.464118 0.000895
0.864653 -0.464377 -0.000181
0.881559 -0.462688 0.000505
0.899142 -0.465656 0.000973
0.915556 -0.462503 0.001357
0.933423 -0.462519 -0.001983
0.950153 -0.462615 0.001533
0.965527 -0.463434 0.000482
0.983092 -0.463287 0.001458
1.000329 -0.465765 0.000316
-0.998939 -0.447547 0.001649
-0.983715 -0.447791 -0.000456
-0.964902 -0.450312 0.001230
-0.950431 -0.447210 0.000307
-0.932689 -0.448900 0.000339
-0.915459 -0.448931 -0.000606
-0.897451 -0.447740 -0.000597
-0.883584 -0.448704 0.000220
-0.867045 -0.448358 -0.001334
-0.847909 -0.450110 0.000596
-0.832227 -0.447572 -0.001431
-0.816764 -0.447628 0.001746
-0.798321 -0.449740 -0.000937
-0.781638 -0.447720 0.000460
-0.766506 -0.450364 -0.000690
-0.746892 -0.449160 0.001954
-0.730318 -0.448125 -0.000621
-0.713381 -0.448554 -0.001728
-0.697758 -0.448089 0.000122
-0.680894 -0.449160 -0.002130
-0.663185 -0.448455 0.002069
-0.647625 -0.448874 -0.001859
-0.630365 -0.449344 0.000370
-0.614207 -0.447795 0.000905
-0.598363 -0.448547 0.000334
-0.580683 -0.447764 0.000093
-0.561881 -0.450411 -0.000763
-0.545632 -0.449035 -0.002432
-0.531079 -0.447823 -0.000415
-0.513459 -0.450720 -0.001106
-0.495892 -0.450652 -0.000465
-0.477187 -0.448696 -0.000449
-0.462458 -0.450028 -0.000556
-0.446510 -0.447180 -0.000470
-0.427957 -0.450652 -0.000033
-0.410697 -0.448673 0.000662
-0.395218 -0.448484 0.001360
-0.378354 -0.447971 0.000472
-0.361539 -0.447892 -0.000670
-0.345154 -0.446499 -0.001283
-0.327722 -0.448420 0.000133
-0.311383 -0.449482 -0.000472
-0.292669 -0.447097 -0.000992
-0.276840 -0.448347 -0.000776
-0.261260 -0.448628 0.001300
-0.243301 -0.449105 0.001031
-0.226251 -0.446731 0.000388
-0.211337 -0.448342 -0.000027
-0.193620 -0.449027 -0.001026
-0.178284 -0.447351 0.000841
-0.159496 -0.448382 0.000578
-0.145530 -0.446028 0.000077
-0.126743 -0.446648 -0.000453
-0.109082 -0.448501 -0.002976
-0.093269 -0.447680 -0.001339
-0.075333 -0.449171 0.000803
-0.060241 -0.447630 -0.001422
-0.041656 -0.447944 -0.002051
-0.023952 -0.450072 0.001954
-0.007322 -0.448370 0.002254
0.009630 -0.449003 0.000258
0.023993 -0.448925 -0.000217
0.040077 -0.446895 -0.000791
0.057272 -0.448052 -0.000090
0.076655 -0.446994 0.000046
0.091709 -0.447974 0.000342
0.110541 -0.447939 -0.000625
0.125273 -0.446669 -0.000529
0.141007 -0.447872 0.000106
0.160796 -0.446366 0.000790
0.177754 -0.448206 -0.001038
0.191903 -0.448248 0.000265
0.208209 -0.448208 0.000235
0.226647 -0.449248 0.001453
0.242451 -0.449235 0.000202
0.259677 -0.447288 -0.000988
0.278277 -0.448666 -0.000178
0.293470 -0.448338 -0.000707
0.310709 -0.448482 0.000003
0.325904 -0.448063 -0.000599
0.345664 -0.449352 0.000429
0.362501 -0.448186 0.000156
0.377368 -0.448934 0.000790
0.394986 -0.448433 -0.000509
0.411201 -0.447021 -0.001291
0.427784 -0.448471 -0.001574
0.444458 -0.449341 0.001804
0.463000 -0.447760 -0.001906
0.479410 -0.449286 -0.000169
0.495729 -0.447001 0.000420
0.512666 -0.448401 -0.000535
0.529947 -0.447574 0.000238
0.546971 -0.447844 -0.000523
0.563764 -0.447347 -0.001308
0.579801 -0.450036 -0.000726
0.598648 -0.447722 0.000226
0.613280 -0.447877 -0.003043
0.629314 -0.447875 0.001549
0.647510 -0.450879 -0.002009
0.664178 -0.447213 -0.000953
0.681543 -0.448478 0.000205
0.697255 -0.448743 -0.000962
0.712546 -0.447666 -0.000467
0.732769 -0.447170 -0.000000
0.749124 -0.447772 -0.000762
0.763898 -0.448055 -0.001455
0.781690 -0.447725 0.000973
0.799371 -0.447642 -0.001071
0.815543 -0.447739 -0.000959
0.830988 -0.447845 0.001662
0.849391 -0.447581 0.000708
0.865217 -0.447208 -0.000245
0.882627 -0.448362 0.000508
0.898569 -0.447369 0.001348
0.914730 -0.449281 0.000362
0.933443 -0.448312 0.001354
0.949782 -0.447831 0.000696
0.967575 -0.449091 -0.001253
0.983215 -0.447953 -0.001629
0.998765 -0.448820 -0.000682
-0.996960 -0.433773 0.001084
-0.982909 -0.431975 0.000642
-0.966020 -0.432115 -0.000788
-0.949051 -0.431588 -0.000768
-0.932745 -0.431890 -0.000826
-0.917066 -0.433898 -0.000541
-0.900018 -0.432845 -0.000007
-0.883234 -0.432068 -0.000036
-0.864616 -0.433262 -0.001127
-0.849638 -0.432164 0.000597
-0.830778 -0.432284 0.000465
-0.814184 -0.431562 -0.000248
-0.798275 -0.434658 0.000946
-0.780831 -0.432257 -0.001209
-0.764634 -0.432257 0.000043
-0.747332 -0.431873 -0.000867
-0.730495 -0.431683 0.001143
-0.713701 -0.433054 -0.001193
-0.697510 -0.432858 0.000367
-0.680888 -0.433534 0.000566
-0.663983 -0.432004 0.001214
-0.648528 -0.432126 -0.000250
-0.629900 -0.433229 0.000455
-0.612554 -0.433703 -0.000257
-0.596298 -0.431723 -0.001181
-0.579382 -0.432593 0.000415
-0.563881 -0.432206 0.001615
-0.547409 -0.432756 -0.000034
-0.529066 -0.431401 -0.003142
-0.513595 -0.433443 0.001769
-0.496261 -0.432309 -0.000524
-0.479567 -0.433037 0.000285
-0.462562 -0.431607 0.000621
-0.445010 -0.433550 -0.000032
-0.428967 -0.431878 -0.000481
-0.412746 -0.432676 -0.001104
-0.395439 -0.433080 0.001324
-0.380232 -0.433516 -0.000911
-0.361187 -0.429880 -0.000663
-0.344092 -0.432672 0.001362
-0.328216 -0.433341 0.000189
-0.308516 -0.433526 0.000291
-0.292861 -0.432764 0.002830
-0.276535 -0.434035 -0.002152
-0.259341 -0.434219 0.000359
-0.243852 -0.432602 -0.000416
-0.225681 -0.433053 0.000246
-0.210921 -0.432922 0.001684
-0.191969 -0.432192 -0.000081
-0.176686 -0.433225 0.000973
-0.158599 -0.433091 -0.000270
-0.143736 -0.432497 -0.000642
-0.125311 -0.435037 0.000416
-0.108592 -0.434115 0.000514
-0.092387 -0.432903 0.000406
-0.074617 -0.430600 -0.000987
-0.061105 -0.434082 -0.000066
-0.041882 -0.431984 0.001545
-0.025434 -0.433424 -0.000365
-0.010113 -0.432783 0.000260
0.008161 -0.433179 0.002106
0.025861 -0.431045 -0.000707
0.040968 -0.433182 0.000948
0.057955 -0.433726 -0.000382
0.074984 -0.431730 -0.000367
0.091349 -0.432454 0.000341
0.110500 -0.432865 0.000369
0.125336 -0.430274 -0.000151
0.141253 -0.433301 0.000697
0.158572 -0.432066 0.001358
0.176357 -0.432022 0.000029
0.192288 -0.432507 0.000037
0.212663 -0.432728 0.001844
0.227482 -0.432509 0.000228
0.242507 -0.432644 -0.000957
0.260969 -0.433881 -0.000038
0.277794 -0.432503 -0.001017
0.292269 -0.431727 -0.000537
0.311187 -0.431568 0.000374
0.327434 -0.432635 -0.001381
0.345099 -0.431829 0.000831
0.360063 -0.433059 0.001212
0.379139 -0.430728 0.001476
0.393948 -0.434030 -0.000489
0.411927 -0.432807 -0.000117
0.428688 -0.432898 0.001794
0.446296 -0.431342 0.000899
0.462791 -0.433278 -0.001217
0.478527 -0.433274 -0.001633
0.497179 -0.434849 -0.000444
0.512731 -0.431519 0.001386
0.528394 -0.431829 -0.000795
0.548265 -0.431849 0.000337
0.562630 -0.432358 -0.000268
0.580757 -0.431396 -0.000076
0.596730 -0.432682 0.000144
0.612775 -0.433005 0.001332
0.630126 -0.431547 0.002250
0.647371 -0.432800 -0.000369
0.663711 -0.432935 -0.000488
0.682144 -0.434052 -0.000612
0.697302 -0.431482 -0.000060
0.712576 -0.433376 -0.000994
0.730633 -0.433182 -0.001094
0.747695 -0.431936 0.000592
0.765602 -0.432756 0.000779
0.780764 -0.432844 -0.000391
0.799711 -0.431332 -0.000896
0.816071 -0.432754 -0.000926
0.833502 -0.433408 -0.001140
0.849773 -0.432346 -0.001096
0.865013 -0.432685 0.000279
0.882737 -0.432596 -0.002170
0.898717 -0.432683 -0.001850
0.915300 -0.432811 -0.000563
0.931648 -0.430966 0.000255
0.949521 -0.432980 0.001065
0.967613 -0.433193 0.001890
0.981893 -0.431991 0.000507
1.002909 -0.433639 0.001401
-0.999863 -0.416899 -0.000354
-0.982064 -0.417184 -0.000198
-0.966316 -0.415272 0.000240
-0.949877 -0.417175 0.000439
-0.934058 -0.415321 0.001371
-0.915827 -0.418243 -0.000692
-0.900870 -0.418250 -0.000067
-0.881651 -0.417396 -0.002126
-0.864282 -0.416571 0.000059
-0.849404 -0.419528 0.001317
-0.832228 -0.417939 -0.000651
-0.815779 -0.418354 -0.000330
-0.797431 -0.415116 -0.000600
-0.782030 -0.416566 -0.000413
-0.765507 -0.416716 -0.000549
-0.748713 -0.417629 -0.001467
-0.728795 -0.416861 0.000327
-0.715359 -0.416510 -0.001446
-0.696527 -0.416588 0.000074
-0.681335 -0.416790 -0.000977
-0.663917 -0.417265 -0.000481
-0.647080 -0.416946 -0.000168
-0.631571 -0.418713 0.000843
-0.614781 -0.416629 -0.000780
-0.595834 -0.413086 0.000875
-0.579324 -0.414345 0.000544
-0.561984 -0.417818 0.001866
-0.546943 -0.416711 -0.000839
-0.529851 -0.417963 0.000924
-0.511614 -0.417802 0.002463
-0.495975 -0.417853 0.001341
-0.479993 -0.416747 -0.000297
-0.461619 -0.417370 0.000727
-0.445195 -0.417138 0.000194
-0.428087 -0.418726 -0.000133
-0.412081 -0.418319 0.002428
-0.395688 -0.415966 -0.000050
-0.377360 -0.417692 -0.000862
-0.361653 -0.417122 0.000786
-0.344842 -0.415083 0.000215
-0.326958 -0.415023 -0.001211
-0.310214 -0.417165 0.000750
-0.293015 -0.418354 0.000886
-0.276482 -0.415402 -0.000570
-0.260218 -0.418567 -0.000459
-0.245530 -0.414757 -0.000529
-0.226557 -0.418509 -0.001080
-0.209499 -0.416099 0.001272
-0.191859 -0.418032 0.001499
-0.178116 -0.417579 -0.000921
-0.160528 -0.417083 -0.000225
-0.141704 -0.417295 -0.000928
-0.126909 -0.416026 0.001596
-0.109574 -0.416655 0.002206
-0.094511 -0.416377 -0.001580
-0.074329 -0.417320 0.001452
-0.057078 -0.416817 -0.000845
-0.040365 -0.416757 0.000685
-0.023827 -0.417362 0.001247
-0.008442 -0.415169 0.000523
0.009606 -0.417479 -0.000091
0.025033 -0.417270 0.000450
0.041808 -0.415155 -0.000198
0.057627 -0.416106 0.001171
0.073611 -0.416882 0.000298
0.091722 -0.417620 0.000129
0.108945 -0.415854 0.000132
0.126292 -0.414195 -0.001643
0.143439 -0.416354 -0.000119
0.159099 -0.417152 -0.001612
0.176815 -0.417243 -0.000546
0.193133 -0.415182 -0.000735
0.210301 -0.418077 0.000377
0.227589 -0.415125 0.001184
0.242341 -0.416267 0.001043
0.260054 -0.417923 0.001536
0.276935 -0.417655 0.000093
0.295187 -0.415383 0.000160
0.311865 -0.416474 0.000048
0.328253 -0.417670 -0.000380
0.344808 -0.416186 -0.001638
0.362272 -0.416945 -0.000315
0.377670 -0.416397 0.001325
0.396208 -0.417733 -0.000004
0.411675 -0.415426 0.000343
0.428965 -0.417703 -0.000066
0.445857 -0.416674 0.000007
0.464311 -0.416778 -0.000077
0.479429 -0.417828 -0.000166
0.495036 -0.418027 0.000356
0.514227 -0.417040 -0.001248
0.528178 -0.417443 0.000958
0.547813 -0.416258 -0.000120
0.563761 -0.415402 0.000069
0.580494 -0.417154 0.002861
0.595923 -0.415552 -0.000386
0.612844 -0.417891 -0.001286
0.630938 -0.416320 -0.000702
0.648585 -0.414903 0.001713
0.664802 -0.417781 0.000432
0.680375 -0.418457 -0.001380
0.694385 -0.417576 0.001597
0.715522 -0.416709 -0.001847
0.731894 -0.417430 0.001163
0.747927 -0.417202 -0.001208
0.764266 -0.417221 -0.000200
0.781578 -0.416929 0.001312
0.796760 -0.417512 0.000341
0.813416 -0.416942 -0.000891
0.832997 -0.416958 -0.000493
0.849280 -0.417820 -0.000198
0.866494 -0.416348 -0.002309
0.884592 -0.414960 0.002967
0.898813 -0.417532 -0.000135
0.917670 -0.416719 -0.000447
0.934093 -0.417537 0.000132
0.951028 -0.415518 0.001400
0.967003 -0.416932 0.000737
0.983182 -0.417208 -0.000116
0.998881 -0.418007 -0.001254
-0.999022 -0.401666 -0.000412
-0.983558 -0.400251 0.000229
-0.968336 -0.400690 -0.000742
-0.951213 -0.399895 0.001506
-0.931328 -0.400004 0.000309
-0.915639 -0.401218 0.000938
-0.899533 -0.401959 0.000848
-0.882389 -0.401117 0.000474
-0.865045 -0.401362 -0.001560
-0.848545 -0.402184 0.001277
-0.831985 -0.400953 -0.000210
-0.814700 -0.400588 -0.000864
-0.798275 -0.400528 -0.001921
-0.779944 -0.401737 -0.000140
-0.765544 -0.401364 -0.000141
-0.749061 -0.400572 -0.001227
-0.728737 -0.402829 -0.000568
-0.713886 -0.401241 -0.000643
-0.698081 -0.400713 0.001716
-0.681015 -0.401550 0.000161
-0.662605 -0.400760 -0.000607
-0.648153 -0.401879 -0.000839
-0.629131 -0.400304 0.000769
-0.612424 -0.402788 0.000858
-0.597692 -0.400677 -0.001040
-0.581579 -0.399673 0.001260
-0.562860 -0.400500 0.000955
-0.546800 -0.400392 -0.000070
-0.527245 -0.402359 -0.001450
-0.514076 -0.400969 0.000096
-0.497232 -0.400624 -0.000391
-0.477850 -0.399976 -0.000419
-0.461840 -0.400559 0.002332
-0.444863 -0.400987 -0.000096
-0.429578 -0.401026 -0.000706
-0.412493 -0.400036 0.000254
-0.393470 -0.401210 0.000658
-0.378286 -0.402895 0.000093
-0.361892 -0.400150 0.000919
-0.345062 -0.400371 0.000282
-0.327896 -0.400553 0.001133
-0.311710 -0.400602 0.000437
-0.293902 -0.400543 0.000920
-0.278169 -0.401039 0.000310
-0.260282 -0.401925 -0.001288
-0.242169 -0.402361 -0.000280
-0.224111 -0.401444 0.000092
-0.209097 -0.400902 -0.000404
-0.193251 -0.399977 -0.001150
-0.175330 -0.402850 -0.000116
-0.158476 -0.401289 -0.000640
-0.142407 -0.401821 -0.001479
-0.125548 -0.400873 -0.000484
-0.108123 -0.400864 0.000035
-0.091958 -0.400394 0.000029
-0.074918 -0.402331 -0.000043
-0.058207 -0.399643 0.000040
-0.041846 -0.400225 -0.000873
-0.024236 -0.400393 -0.000530
-0.010305 -0.400843 -0.000126
0.009799 -0.401256 -0.000328
0.024810 -0.400869 0.000701
0.045366 -0.401790 0.000998
0.058314 -0.399653 -0.001014
0.074984 -0.403290 0.000160
0.091982 -0.400065 -0.000727
0.110688 -0.401484 -0.001379
0.125881 -0.399912 0.001292
0.142531 -0.402922 -0.000034
0.159950 -0.399370 0.001031
0.175587 -0.401314 -0.002583
0.194602 -0.400872 0.000341
0.209958 -0.400178 0.001727
0.226490 -0.400612 0.001493
0.244098 -0.401271 -0.001506
0.258719 -0.402736 0.001061
0.275304 -0.400020 0.001286
0.293697 -0.401231 -0.000179
0.310596 -0.401113 0.001353
0.329569 -0.400419 -0.001037
0.345213 -0.399715 -0.001494
0.362206 -0.400798 0.001047
0.377656 -0.402762 -0.000492
0.395980 -0.400300 -0.000408
0.410594 -0.401489 0.000256
0.427525 -0.402323 0.002117
0.444366 -0.401668 0.000148
0.460642 -0.400576 0.000960
0.481426 -0.400347 0.000854
0.494042 -0.399711 0.000256
0.514210 -0.402457 -0.000935
0.528375 -0.401817 0.001905
0.547722 -0.400668 0.000501
0.562981 -0.401092 -0.000412
0.581614 -0.400663 0.001684
0.596445 -0.400575 0.000676
0.613707 -0.401908 -0.000036
0.630765 -0.400676 -0.000206
0.648290 -0.400747 -0.000458
0.663539 -0.402316 -0.001622
0.679900 -0.401251 -0.000048
0.697978 -0.400859 0.000107
0.715526 -0.401824 -0.000629
0.730062 -0.401479 -0.001347
0.747475 -0.400484 0.001884
0.764194 -0.401578 0.000744
0.780906 -0.400434 -0.001207
0.800100 -0.401639 0.000089
0.813865 -0.399435 0.000723
0.833435 -0.400624 -0.000936
0.846954 -0.400976 -0.001361
0.864516 -0.400815 0.002041
0.882374 -0.400208 -0.001064
0.899270 -0.400981 -0.000211
0.916476 -0.402518 0.000874
0.931797 -0.401408 0.000749
0.950423 -0.399640 0.001557
0.966925 -0.401107 -0.000011
0.981969 -0.400526 -0.000276
0.999178 -0.402381 -0.000586
-1.000476 -0.384297 -0.000579
-0.982582 -0.385859 0.000319
-0.967463 -0.384818 0.000767
-0.949828 -0.384747 0.000473
-0.933293 -0.385015 -0.001423
-0.916552 -0.384867 0.000393
-0.898630 -0.385624 -0.000595
-0.883568 -0.386573 0.000367
-0.865057 -0.384958 -0.000130
-0.846522 -0.386033 0.000049
-0.834186 -0.385076 -0.001260
-0.814192 -0.384368 -0.000933
-0.798869 -0.385691 0.000125
-0.781358 -0.385525 0.000252
-0.763669 -0.385484 -0.000454
-0.746922 -0.385561 0.000579
-0.729619 -0.383944 -0.000031
-0.712448 -0.385764 0.000643
-0.694635 -0.384609 -0.000055
-0.681210 -0.384980 -0.000720
-0.665238 -0.384412 -0.002561
-0.648214 -0.384378 -0.001277
-0.630018 -0.385382 -0.000341
-0.613304 -0.385611 -0.000233
-0.596481 -0.386406 -0.001117
-0.581178 -0.386579 0.000753
-0.564380 -0.385599 -0.000127
-0.545676 -0.383049 -0.000076
-0.528822 -0.383669 -0.000499
-0.512829 -0.384417 0.000088
-0.496595 -0.384613 0.002392
-0.477372 -0.385646 0.000214
-0.460317 -0.384448 0.000182
-0.445793 -0.386054 0.000120
-0.428624 -0.385362 -0.001071
-0.412747 -0.385759 0.000839
-0.394650 -0.387678 -0.001045
-0.379464 -0.385283 0.000049
-0.363431 -0.384525 0.000911
-0.345055 -0.385290 -0.000751
-0.328785 -0.385666 -0.000403
-0.311081 -0.384188 -0.000201
-0.291909 -0.384490 -0.001255
-0.277278 -0.384335 -0.000670
-0.260499 -0.383943 -0.000430
-0.244695 -0.385661 0.001087
-0.227430 -0.386162 0.000478
-0.210760 -0.385103 0.001233
-0.193812 -0.386242 0.000688
-0.176702 -0.384893 0.000340
-0.158716 -0.386577 -0.002345
-0.143675 -0.385289 0.001271
-0.126291 -0.385236 0.001352
-0.107427 -0.385889 0.000957
-0.093247 -0.385267 0.000032
-0.075926 -0.385621 -0.000475
-0.059181 -0.386451 0.000303
-0.042484 -0.386132 0.000339
-0.024881 -0.384249 -0.000702
-0.007984 -0.384766 0.000088
0.007230 -0.385705 0.000531
0.025528 -0.385713 -0.000735
0.043049 -0.386250 -0.000467
0.058726 -0.386428 0.000807
0.075852 -0.384211 -0.000370
0.090381 -0.384786 0.000227
0.108203 -0.385646 0.000642
0.125286 -0.385546 0.001553
0.144724 -0.385105 0.002258
0.159922 -0.385686 -0.001207
0.175026 -0.385661 0.000213
0.193534 -0.386886 0.000036
0.208660 -0.383879 0.000609
0.226659 -0.386199 -0.000277
0.244934 -0.385761 0.000026
0.261367 -0.384564 0.000372
0.275761 -0.386976 -0.000116
0.294372 -0.385263 -0.001100
0.311355 -0.386044 -0.001567
0.327538 -0.384066 -0.001125
0.344013 -0.383778 -0.000190
0.362525 -0.386339 0.000179
0.378349 -0.385879 0.000418
0.394970 -0.386771 -0.000322
0.412393 -0.384603 -0.001550
0.430838 -0.386341 0.000252
0.446492 -0.383663 -0.000281
0.463768 -0.385428 0.001852
0.477969 -0.383244 -0.000337
0.495290 -0.386759 0.001523
0.513024 -0.384114 0.000229
0.527813 -0.385492 0.002071
0.546778 -0.385363 -0.000605
0.563394 -0.384851 0.001821
0.578691 -0.385867 0.000786
0.596406 -0.387035 -0.000676
0.613539 -0.386963 0.000684
0.629629 -0.385358 -0.000319
0.647988 -0.385929 -0.001525
0.664490 -0.385912 0.001395
0.681860 -0.386178 0.000535
0.697312 -0.384845 -0.001023
0.713456 -0.384445 -0.000040
0.731443 -0.385523 0.000873
0.748156 -0.383650 -0.000006
0.765993 -0.384610 -0.000136
0.780099 -0.385618 -0.000208
0.797039 -0.383278 -0.001259
0.816145 -0.386160 -0.001060
0.830721 -0.385287 -0.002020
0.851183 -0.386093 -0.000112
0.864534 -0.384822 0.000510
0.881925 -0.384085 0.000080
0.898917 -0.385738 0.000797
0.915529 -0.385075 -0.001038
0.933706 -0.386905 0.001672
0.949858 -0.385119 0.000683
0.966503 -0.385768 -0.000128
0.982255 -0.385090 -0.001369
1.000905 -0.385479 0.000088
-1.000529 -0.368706 -0.000022
-0.982823 -0.369062 0.001388
-0.966246 -0.369752 -0.001075
-0.948993 -0.369655 -0.000575
-0.934519 -0.368410 0.002295
-0.915214 -0.370223 0.000478
-0.898232 -0.369561 0.001181
-0.882217 -0.372391 0.000880
-0.864118 -0.369839 0.001057
-0.847765 -0.370327 -0.000297
-0.830346 -0.369194 0.000683
-0.812697 -0.368038 0.001501
-0.798218 -0.368383 0.000323
-0.782203 -0.370538 -0.001171
-0.764930 -0.367164 0.001389
-0.747265 -0.369432 0.000915
-0.732105 -0.368906 -0.000740
-0.714093 -0.370093 -0.000163
-0.698776 -0.371371 0.000125
-0.681609 -0.368325 -0.000649
-0.662206 -0.369311 -0.001032
-0.648070 -0.369360 0.000691
-0.630999 -0.368779 -0.002299
-0.613159 -0.370400 0.000996
-0.596427 -0.369784 -0.000800
-0.580826 -0.370492 -0.000146
-0.562821 -0.368833 -0.000323
-0.545162 -0.368056 -0.001107
-0.529283 -0.371985 0.000686
-0.511220 -0.369477 0.002502
-0.496113 -0.369360 -0.000826
-0.479669 -0.367725 -0.000981
-0.462173 -0.368405 0.000272
-0.445194 -0.369027 0.000190
-0.427664 -0.371644 0.000192
-0.410039 -0.369841 0.000302
-0.396269 -0.370810 -0.000216
-0.377695 -0.369553 0.001064
-0.359597 -0.368481 0.000615
-0.345556 -0.369334 0.001263
-0.326934 -0.370417 -0.001027
-0.312496 -0.369878 -0.001922
-0.291753 -0.372011 0.000544
-0.275948 -0.368281 0.001047
-0.260791 -0.371735 -0.000010
-0.241646 -0.369905 -0.001139
-0.227144 -0.371449 -0.000491
-0.209455 -0.371387 -0.002354
-0.191709 -0.369980 -0.002779
-0.176355 -0.371081 0.001250
-0.162521 -0.369865 0.000960
-0.143925 -0.367450 -0.000641
-0.126592 -0.370106 0.000373
-0.108490 -0.370183 -0.001583
-0.091662 -0.369947 0.000588
-0.075458 -0.369045 -0.001058
-0.057854 -0.368379 -0.000787
-0.039676 -0.368982 -0.000162
-0.025109 -0.370274 -0.000237
-0.009888 -0.367988 0.001392
0.009064 -0.370527 -0.000125
0.026330 -0.370074 0.000499
0.041639 -0.367996 0.000958
0.058011 -0.370595 0.001231
0.075092 -0.369866 -0.000531
0.093881 -0.370076 -0.001653
0.109856 -0.369615 -0.001118
0.125732 -0.370542 0.000051
0.143068 -0.368362 -0.000622
0.161351 -0.370038 0.000306
0.176705 -0.367799 0.000191
0.191768 -0.367998 -0.000352
0.209519 -0.371029 0.001496
0.228545 -0.369016 0.001759
0.242617 -0.371527 0.000027
0.258112 -0.368518 0.001899
0.277280 -0.370322 -0.000062
0.293571 -0.369182 -0.000810
0.311436 -0.370567 0.000600
0.327646 -0.368535 -0.000709
0.345155 -0.369528 -0.000923
0.360429 -0.370283 -0.000147
0.378680 -0.368836 -0.001407
0.393484 -0.369401 -0.001030
0.412032 -0.370943 -0.000569
0.429921 -0.371149 0.000760
0.443984 -0.370163 0.001718
0.461427 -0.368774 -0.001194
0.478001 -0.368824 0.000121
0.495474 -0.371701 -0.001274
0.512207 -0.370759 -0.000989
0.530776 -0.369118 -0.000380
0.545062 -0.369490 0.000286
0.563447 -0.369211 -0.000941
0.582658 -0.369773 -0.000230
0.598290 -0.370323 -0.000001
0.614009 -0.369413 0.000113
0.630301 -0.370449 -0.000054
0.647473 -0.370268 -0.000574
0.662618 -0.369198 -0.001361
0.681758 -0.369582 -0.000579
0.696921 -0.369478 -0.000346
0.715378 -0.369214 0.000462
0.730147 -0.369205 -0.000044
0.747966 -0.370400 -0.000295
0.762835 -0.369882 0.001167
0.780497 -0.368466 -0.000352
0.797700 -0.370996 -0.000435
0.815162 -0.369768 0.002880
0.832693 -0.370871 0.001808
0.849857 -0.368846 0.000980
0.865757 -0.371117 0.000107
0.882157 -0.370685 -0.000225
0.900023 -0.368205 -0.000041
0.916490 -0.369474 -0.000201
0.934279 -0.368733 -0.000815
0.949861 -0.370354 0.000900
0.965472 -0.368953 0.000103
0.982894 -0.370034 -0.000341
0.999686 -0.370232 0.000237
-0.999536 -0.352206 -0.000577
-0.984848 -0.353549 -0.000302
-0.964768 -0.353394 -0.001693
-0.950903 -0.353829 0.001438
-0.933440 -0.355530 0.000458
-0.915100 -0.353888 -0.000975
-0.899400 -0.353596 0.000147
-0.883389 -0.355128 -0.000838
-0.867287 -0.354132 0.000390
-0.850426 -0.352513 -0.000873
-0.831597 -0.354253 -0.000833
-0.815991 -0.353058 -0.001929
-0.801001 -0.353354 -0.000667
-0.780180 -0.353835 -0.000590
-0.764765 -0.353456 0.002611
-0.747855 -0.353899 -0.000630
-0.731891 -0.352473 0.000517
-0.715159 -0.354991 0.000530
-0.696789 -0.353840 -0.002166
-0.680144 -0.353372 0.000149
-0.664858 -0.353197 0.001778
-0.646061 -0.353915 0.000311
-0.628903 -0.353430 -0.000083
-0.611742 -0.353481 0.000546
-0.597352 -0.353873 0.001364
-0.580408 -0.353765 0.000707
-0.562564 -0.354864 0.000377
-0.545687 -0.353187 0.000859
-0.529498 -0.354362 0.000242
-0.512896 -0.354591 -0.000037
-0.497052 -0.352452 -0.000199
-0.480386 -0.354481 0.000174
-0.461624 -0.353732 -0.000429
-0.444663 -0.353063 0.000333
-0.431062 -0.354391 0.000575
-0.410407 -0.354292 0.002519
-0.395774 -0.353795 0.000630
-0.375900 -0.354752 -0.000677
-0.362849 -0.353808 -0.000146
-0.345290 -0.353915 0.000198
-0.328999 -0.353618 -0.000455
-0.311951 -0.352790 -0.000298
-0.293257 -0.353216 -0.000695
-0.275900 -0.353827 -0.001281
-0.259736 -0.354609 -0.001176
-0.245332 -0.352469 -0.000361
-0.226871 -0.352929 -0.001131
-0.210555 -0.354427 0.000178
-0.192711 -0.353126 0.000364
-0.175777 -0.356107 -0.001346
-0.160257 -0.355714 0.000765
-0.144585 -0.353464 -0.000893
-0.125647 -0.352760 0.001221
-0.109682 -0.354688 -0.000853
-0.091524 -0.354150 0.001707
-0.075947 -0.353343 0.001287
-0.060040 -0.354865 -0.000811
-0.042174 -0.353823 -0.000597
-0.025320 -0.352971 0.000453
-0.009383 -0.352678 -0.000427
0.008662 -0.354863 -0.000380
0.026171 -0.354699 -0.001714
0.043959 -0.353022 -0.000613
0.058975 -0.355088 0.000523
0.075114 -0.350879 -0.000182
0.091869 -0.354484 -0.000479
0.110819 -0.354200 -0.000072
0.126451 -0.354432 0.000184
0.142196 -0.351954 0.001808
0.160494 -0.352705 -0.000627
0.177273 -0.353699 0.000185
0.192608 -0.352637 -0.000495
0.210638 -0.353083 0.001121
0.226595 -0.353942 -0.000507
0.242728 -0.353554 -0.000540
0.259047 -0.354001 -0.000179
0.277996 -0.354414 0.001186
0.295979 -0.353684 -0.000625
0.311590 -0.354771 -0.002167
0.325399 -0.354228 -0.000049
0.344423 -0.354025 -0.000400
0.361869 -0.352448 -0.000353
0.379376 -0.353619 0.000431
0.394660 -0.351958 0.002071
0.412369 -0.355242 0.000935
0.429091 -0.355351 0.000359
0.446668 -0.354808 0.000678
0.463127 -0.354035 -0.000493
0.479548 -0.353698 0.000364
0.495174 -0.353468 -0.001382
0.511454 -0.355098 -0.000409
0.529828 -0.354444 0.000244
0.545304 -0.355420 -0.000153
0.564113 -0.354794 0.000796
0.578213 -0.352892 0.002075
0.595554 -0.353510 -0.001442
0.613523 -0.355308 -0.000635
0.629645 -0.353883 -0.000489
0.646416 -0.353887 0.001530
0.664306 -0.353503 0.000848
0.680604 -0.352808 -0.000558
0.698257 -0.353246 -0.002535
0.713054 -0.352987 -0.002260
0.731659 -0.353038 0.000297
0.747994 -0.354154 0.000697
0.764089 -0.353512 0.000872
0.782702 -0.354282 0.001252
0.798112 -0.354721 0.000221
0.813926 -0.353643 -0.000479
0.830954 -0.354085 -0.000817
0.849138 -0.352586 0.000427
0.863987 -0.352916 0.000378
0.883164 -0.354107 -0.000852
0.898848 -0.355800 0.000295
0.917044 -0.354315 -0.002013
0.933550 -0.353079 0.001237
0.948553 -0.355289 -0.000320
0.965672 -0.352148 -0.000632
0.983835 -0.354311 -0.000658
1.002246 -0.353830 -0.000592
-1.000306 -0.339158 -0.000539
-0.982443 -0.338775 -0.001310
-0.966966 -0.337840 -0.000274
-0.949957 -0.338387 0.000008
-0.934040 -0.339600 0.000781
-0.915250 -0.338756 0.000695
-0.901565 -0.339335 0.000248
-0.882032 -0.337603 0.001021
-0.862422 -0.337025 0.001031
-0.848276 -0.338026 0.001617
-0.830776 -0.337684 -0.000608
-0.816279 -0.339369 -0.001358
-0.798319 -0.338741 -0.001438
-0.781764 -0.337840 0.000262
-0.764553 -0.336129 -0.001388
-0.747718 -0.337296 0.000519
-0.730035 -0.339364 0.000553
-0.715427 -0.337213 -0.001052
-0.697896 -0.339812 0.000052
-0.681042 -0.339349 0.001376
-0.665162 -0.337533 0.001249
-0.646740 -0.339974 -0.000518
-0.628978 -0.337372 0.000684
-0.615138 -0.337529 0.000109
-0.596891 -0.336460 -0.001686
-0.580323 -0.338228 -0.001354
-0.562551 -0.339742 -0.001579
-0.547420 -0.337621 -0.001300
-0.528502 -0.339157 0.001120
-0.512512 -0.338303 0.000152
-0.496196 -0.337867 -0.001067
-0.478253 -0.336929 -0.001640
-0.460379 -0.337644 0.001202
-0.446090 -0.338260 -0.000930
-0.428631 -0.337107 0.000012
-0.412873 -0.339432 0.000445
-0.394479 -0.337513 -0.001060
-0.378938 -0.335938 0.000064
-0.362112 -0.337245 -0.000917
-0.344766 -0.337888 -0.000798
-0.326593 -0.337551 0.000611
-0.311115 -0.338600 0.000162
-0.294184 -0.338123 -0.000247
-0.277659 -0.337846 -0.001329
-0.260952 -0.338238 0.000306
-0.242529 -0.339806 -0.001317
-0.226797 -0.339896 0.000824
-0.210948 -0.337905 0.001203
-0.192368 -0.338138 0.000161
-0.174851 -0.337197 0.000455
-0.159423 -0.338535 -0.000482
-0.141337 -0.340037 0.000739
-0.123583 -0.337807 -0.001181
-0.109271 -0.339074 0.000357
-0.090240 -0.340688 0.001755
-0.074601 -0.338034 -0.000738
-0.056462 -0.339223 -0.000707
-0.043178 -0.339043 0.000631
-0.025707 -0.338936 -0.000377
-0.007326 -0.337729 -0.000838
0.007654 -0.338039 -0.001097
0.024307 -0.338285 0.000462
0.042868 -0.337272 0.000993
0.059369 -0.338702 -0.000051
0.075274 -0.339476 -0.000833
0.090931 -0.337011 -0.000036
0.108661 -0.337672 0.001300
0.125806 -0.337807 -0.000015
0.142859 -0.339625 0.002393
0.159706 -0.339760 -0.000640
0.175813 -0.338207 0.000697
0.192217 -0.338694 -0.001604
0.208693 -0.339384 0.000440
0.228326 -0.337476 -0.001012
0.243993 -0.339486 0.000481
0.258689 -0.338416 -0.000117
0.278666 -0.338818 -0.000082
0.292496 -0.337341 -0.000760
0.310943 -0.338738 0.000124
0.328244 -0.336984 -0.000174
0.345009 -0.339329 -0.002397
0.361486 -0.338380 0.002295
0.379559 -0.338513 0.000977
0.394313 -0.338783 0.001712
0.410891 -0.338419 0.000234
0.426717 -0.337051 0.001177
0.445629 -0.338168 0.000179
0.460994 -0.337328 0.000019
0.479849 -0.338027 -0.000011
0.496248 -0.338142 0.001005
0.511543 -0.338388 -0.001158
0.527438 -0.338916 0.002121
0.547367 -0.337306 -0.001352
0.562448 -0.339034 -0.000105
0.578920 -0.338537 -0.000226
0.596256 -0.338702 -0.000325
0.612342 -0.337549 -0.000023
0.630740 -0.337259 -0.001101
0.647250 -0.339057 -0.000447
0.663584 -0.339997 -0.001566
0.681784 -0.338777 0.000282
0.697270 -0.335296 0.000775
0.712912 -0.339500 -0.000107
0.729827 -0.338824 -0.001061
0.746545 -0.338644 0.001007
0.766172 -0.338265 -0.001531
0.782024 -0.337470 0.000124
0.799292 -0.338822 0.002098
0.813643 -0.338085 0.000356
0.831953 -0.338820 -0.001249
0.848102 -0.339012 0.001267
0.865210 -0.339182 0.000584
0.881038 -0.338192 0.001583
0.898969 -0.335769 0.001569
0.916475 -0.338639 -0.000366
0.931016 -0.337661 -0.001087
0.948582 -0.337385 -0.000160
0.966851 -0.337695 0.000498
0.983941 -0.336785 -0.000483
1.001489 -0.336734 0.001574
-1.001072 -0.321428 -0.001366
-0.984328 -0.322813 0.000017
-0.966814 -0.321933 -0.000108
-0.949453 -0.321642 0.001277
-0.933152 -0.324767 0.000539
-0.916751 -0.322001 -0.000297
-0.901432 -0.323374 0.000094
-0.882747 -0.322011 0.000482
-0.865559 -0.322212 -0.000555
-0.850270 -0.321755 0.000199
-0.833294 -0.323229 0.000914
-0.814571 -0.323427 0.001836
-0.799212 -0.322069 -0.001115
-0.783260 -0.322374 0.000419
-0.763898 -0.321716 -0.000031
-0.747480 -0.322183 0.001090
-0.731083 -0.323228 -0.000151
-0.713280 -0.323629 -0.000669
-0.697137 -0.320814 0.000765
-0.680281 -0.323006 0.000648
-0.664377 -0.322350 0.000208
-0.647947 -0.321684 -0.001676
-0.631128 -0.320427 -0.001159
-0.612814 -0.322420 0.000672
-0.597806 -0.321767 0.001729
-0.578758 -0.322005 0.000060
-0.563720 -0.321695 0.001226
-0.544830 -0.323524 0.000838
-0.530038 -0.323888 -0.000965
-0.515182 -0.323943 0.002318
-0.495316 -0.321361 -0.001708
-0.477862 -0.322751 -0.000300
-0.463002 -0.322085 0.000487
-0.446441 -0.323390 0.000109
-0.428401 -0.323461 0.000438
-0.411474 -0.322559 0.001498
-0.395569 -0.321891 -0.001230
-0.377224 -0.322908 -0.000080
-0.361523 -0.322409 0.000928
-0.344924 -0.322521 -0.000465
-0.327568 -0.322734 0.000880
-0.310928 -0.324550 0.000284
-0.292820 -0.322774 0.000354
-0.277809 -0.319899 -0.000286
-0.260212 -0.321813 0.000680
-0.244341 -0.321972 -0.001039
-0.228071 -0.322955 -0.001326
-0.211211 -0.320889 -0.000470
-0.193382 -0.322658 -0.002339
-0.176312 -0.322246 0.001387
-0.159731 -0.322730 0.000143
-0.143186 -0.322363 0.001644
-0.124140 -0.322770 -0.000600
-0.109401 -0.321923 0.001091
-0.091264 -0.324177 0.000156
-0.074982 -0.323218 0.001947
-0.059844 -0.323178 -0.001694
-0.043965 -0.322063 0.000993
-0.025131 -0.321768 0.000313
-0.009013 -0.322480 0.000629
0.007338 -0.323067 -0.000680
0.024261 -0.322998 0.001140
0.041572 -0.322822 0.001467
0.057262 -0.323222 0.000926
0.076352 -0.321992 -0.001040
0.092755 -0.322102 -0.000443
0.108572 -0.322682 0.003351
0.127211 -0.321944 0.000744
0.142112 -0.322860 -0.000298
0.159481 -0.323092 0.001946
0.177174 -0.323301 -0.000115
0.193439 -0.323787 0.002330
0.210548 -0.321933 0.001740
0.227936 -0.324108 -0.001284
0.244762 -0.321814 -0.000306
0.260841 -0.322194 -0.001068
0.276751 -0.321273 -0.000821
0.293884 -0.322574 -0.000262
0.309249 -0.322686 0.000395
0.327706 -0.322441 0.001874
0.343806 -0.322595 0.001010
0.361262 -0.323020 -0.000160
0.378768 -0.321344 0.001213
0.393972 -0.323002 0.001259
0.412989 -0.322660 0.000627
0.428797 -0.321436 -0.000248
0.445293 -0.322072 -0.000853
0.461401 -0.322772 -0.000005
0.479102 -0.322158 -0.000607
0.495446 -0.323746 0.000699
0.511486 -0.324179 0.000888
0.528761 -0.321473 0.000454
0.546986 -0.321431 0.000111
0.560687 -0.321997 0.000316
0.579575 -0.323345 -0.000288
0.597821 -0.321508 0.001078
0.613264 -0.324040 -0.000772
0.629630 -0.323067 -0.001171
0.647556 -0.323749 0.001306
0.664525 -0.321558 0.001980
0.682426 -0.323455 -0.001649
0.696984 -0.322412 0.000039
0.713782 -0.322839 0.000801
0.731104 -0.323889 0.000079
0.746913 -0.322459 -0.001554
0.764496 -0.323433 0.000255
0.780846 -0.322920 -0.000059
0.796660 -0.323042 -0.001289
0.814649 -0.323462 -0.001443
0.832762 -0.321822 0.000189
0.847887 -0.321292 0.000860
0.866357 -0.321593 0.001029
0.883628 -0.322997 -0.000985
0.898187 -0.322432 0.000089
0.915997 -0.322997 0.001686
0.933790 -0.322717 -0.001495
0.950457 -0.323162 -0.000975
0.966066 -0.323393 -0.000341
0.983949 -0.321406 -0.000062
0.998670 -0.322528 0.000840
-1.001323 -0.306506 0.000508
-0.983033 -0.307644 -0.000536
-0.967478 -0.307426 0.000435
-0.948449 -0.307965 -0.000493
-0.932648 -0.306515 0.001456
-0.914333 -0.307032 0.000134
-0.898386 -0.308531 0.000332
-0.881283 -0.307355 -0.001154
-0.865768 -0.305723 0.000518
-0.846364 -0.306683 0.000982
-0.832719 -0.307126 0.000855
-0.815550 -0.307976 0.000478
-0.797822 -0.306523 -0.000824
-0.782842 -0.306861 -0.000038
-0.766446 -0.307637 -0.000283
-0.747697 -0.306590 -0.000409
-0.729834 -0.307796 -0.000249
-0.714713 -0.305871 -0.000175
-0.697561 -0.306245 0.001560
-0.680390 -0.306780 0.000087
-0.663981 -0.305616 -0.000895
-0.646110 -0.307878 0.000595
-0.629728 -0.306457 0.000451
-0.612574 -0.304267 0.000572
-0.595785 -0.306322 0.000038
-0.578214 -0.305177 0.001090
-0.563014 -0.308704 -0.000241
-0.545728 -0.307001 -0.001016
-0.529785 -0.306567 0.000618
-0.511380 -0.305139 -0.001045
-0.495557 -0.306061 0.001062
-0.478681 -0.307209 0.000003
-0.463492 -0.305879 0.000707
-0.446585 -0.307063 -0.001125
-0.428959 -0.307400 -0.001270
-0.413507 -0.306726 -0.001022
-0.394518 -0.307381 -0.002219
-0.377219 -0.306082 -0.001095
-0.361593 -0.308517 -0.000410
-0.344185 -0.305345 -0.000401
-0.328581 -0.306475 0.000592
-0.311131 -0.307562 0.000241
-0.296231 -0.306611 -0.000799
-0.276956 -0.306463 -0.000605
-0.258425 -0.306261 0.000207
-0.243575 -0.305627 0.001834
-0.226373 -0.307015 0.000494
-0.212518 -0.305815 0.000878
-0.191598 -0.305738 -0.000301
-0.177243 -0.306339 0.000947
-0.159539 -0.307887 -0.000125
-0.141609 -0.307177 -0.001942
-0.125822 -0.306924 -0.001961
-0.109418 -0.305435 -0.000227
-0.092269 -0.307149 -0.001033
-0.074312 -0.305277 0.000507
-0.059922 -0.306178 -0.000979
-0.041563 -0.307860 0.000013
-0.026273 -0.306559 -0.000476
-0.006908 -0.307834 -0.000439
0.009073 -0.305071 -0.000250
0.023911 -0.306382 -0.000786
0.042224 -0.308329 0.000169
0.058294 -0.307104 0.000830
0.074066 -0.307487 -0.000653
0.091840 -0.305946 -0.000526
0.109621 -0.307059 -0.000004
0.124735 -0.308626 -0.000796
0.142895 -0.305537 0.002395
0.160814 -0.306272 0.000184
0.176325 -0.306409 -0.000918
0.192822 -0.307903 -0.000286
0.211450 -0.307307 -0.000471
0.226659 -0.306151 -0.000426
0.243946 -0.307264 0.002266
0.260688 -0.304951 0.000406
0.277987 -0.307065 -0.000951
0.294782 -0.306321 -0.000560
0.309780 -0.306710 -0.000519
0.329838 -0.307578 -0.001357
0.344995 -0.305546 -0.000614
0.361035 -0.308251 -0.000460
0.379196 -0.307093 0.000019
0.395111 -0.307113 0.000377
0.411339 -0.305848 -0.001857
0.428739 -0.307039 0.000463
0.445105 -0.306588 -0.001759
0.461642 -0.306688 -0.000055
0.479379 -0.306312 0.000305
0.494354 -0.307466 0.000954
0.513379 -0.308171 -0.000352
0.529418 -0.307976 0.000060
0.545428 -0.307779 0.000502
0.563734 -0.306432 -0.000676
0.579499 -0.306951 -0.001546
0.598880 -0.307131 0.000265
0.614159 -0.304601 0.001353
0.630471 -0.306356 0.000062
0.646703 -0.307012 -0.000723
0.664238 -0.307211 0.000416
0.680372 -0.306106 -0.002708
0.696982 -0.308139 0.000482
0.714391 -0.307904 -0.001399
0.731842 -0.305650 0.000595
0.747169 -0.307388 -0.000934
0.762981 -0.307843 0.000747
0.782040 -0.306401 0.000338
0.799134 -0.306921 0.000619
0.814350 -0.306386 0.001121
0.830488 -0.305254 0.001902
0.850116 -0.307367 -0.000734
0.864508 -0.307227 0.001178
0.882826 -0.308081 -0.000935
0.899158 -0.306171 0.001022
0.914565 -0.307025 -0.000557
0.933825 -0.305574 -0.000718
0.950554 -0.307120 0.000088
0.966130 -0.304171 0.001008
0.982620 -0.307319 -0.000137
1.002517 -0.305764 0.000028
-0.998827 -0.290699 0.000609
-0.983698 -0.292699 -0.000806
-0.965473 -0.290600 -0.001086
-0.950718 -0.290208 0.000580
-0.932167 -0.291276 -0.000366
-0.917600 -0.290721 0.000582
-0.899364 -0.290859 -0.000600
-0.881739 -0.291090 -0.000553
-0.864575 -0.290397 0.000926
-0.848839 -0.290730 0.001666
-0.830475 -0.290199 0.000262
-0.816970 -0.291108 -0.000527
-0.799925 -0.291653 0.000784
-0.781583 -0.291928 0.000097
-0.764413 -0.290339 0.001113
-0.749114 -0.292956 0.000621
-0.731347 -0.291617 0.001211
-0.713466 -0.290233 0.000132
-0.697236 -0.291793 -0.000219
-0.679769 -0.289501 -0.000022
-0.664355 -0.294206 0.000224
-0.645442 -0.288890 -0.000235
-0.631730 -0.289920 -0.001315
-0.613654 -0.291611 0.000969
-0.595738 -0.290252 0.001084
-0.581997 -0.291082 -0.000671
-0.564365 -0.292603 0.001380
-0.546770 -0.291630 0.001114
-0.528786 -0.291318 0.000703
-0.511468 -0.291002 -0.001004
-0.497257 -0.291061 -0.000266
-0.478921 -0.290069 0.000116
-0.462643 -0.292544 0.001057
-0.447196 -0.289766 0.000850
-0.426552 -0.291098 -0.000193
-0.412103 -0.290387 0.000199
-0.395001 -0.288891 0.000404
-0.378003 -0.291132 -0.001573
-0.361356 -0.289355 -0.000293
-0.343870 -0.290955 0.000700
-0.325428 -0.290221 0.000648
-0.311055 -0.291238 -0.000467
-0.294485 -0.291637 -0.000526
-0.278704 -0.289804 -0.000977
-0.259280 -0.290234 0.001011
-0.243771 -0.290510 -0.000260
-0.225754 -0.289316 0.000338
-0.210868 -0.289949 -0.001017
-0.192531 -0.290945 -0.000021
-0.177043 -0.292005 0.002112
-0.160500 -0.291179 0.001568
-0.142012 -0.292233 -0.000208
-0.127029 -0.291512 0.000814
-0.108485 -0.291412 0.000193
-0.090023 -0.291293 -0.001666
-0.075018 -0.292015 0.000811
-0.059610 -0.291525 0.001320
-0.041324 -0.290000 -0.000394
-0.024698 -0.289268 -0.001306
-0.008912 -0.291707 -0.000698
0.006811 -0.292715 0.000446
0.025225 -0.290481 -0.000037
0.042582 -0.291168 0.001314
0.058822 -0.291848 -0.000712
0.075394 -0.291843 0.000049
0.091484 -0.291123 0.000657
0.108741 -0.290460 -0.001552
0.126133 -0.291761 0.000408
0.140961 -0.291164 0.000249
0.158569 -0.291419 -0.003051
0.178685 -0.290940 -0.000155
0.194657 -0.291793 -0.000160
0.212632 -0.292073 0.000429
0.226856 -0.290675 0.002105
0.244508 -0.291433 0.001006
0.261299 -0.290661 0.000787
0.279150 -0.290990 -0.000009
0.295119 -0.290830 -0.001033
0.309816 -0.291851 -0.001088
0.328142 -0.292143 -0.000657
0.344996 -0.290387 0.000884
0.362391 -0.289989 0.000746
0.378729 -0.290273 0.000356
0.394342 -0.291204 -0.000920
0.411632 -0.292278 0.000149
0.428666 -0.290466 0.000335
0.444863 -0.290855 -0.001165
0.462831 -0.290807 0.000724
0.478020 -0.291071 -0.000179
0.496455 -0.289508 0.000798
0.512803 -0.290799 0.000611
0.528907 -0.290730 -0.000007
0.545103 -0.290622 -0.000636
0.564139 -0.290691 0.003106
0.580602 -0.290817 0.001118
0.597826 -0.290381 0.000316
0.613434 -0.291207 0.000721
0.630178 -0.291702 -0.000448
0.646791 -0.293256 0.000640
0.663420 -0.289713 -0.000305
0.680410 -0.293067 -0.000343
0.697066 -0.291302 -0.000773
0.714077 -0.289669 0.000113
0.729775 -0.290334 -0.000427
0.748147 -0.290717 -0.000377
0.765924 -0.292375 0.000549
0.780261 -0.293742 0.000870
0.800003 -0.291235 -0.002006
0.814348 -0.290609 -0.000992
0.831030 -0.289607 -0.000043
0.848171 -0.291103 -0.000702
0.866644 -0.289489 0.000278
0.883133 -0.290234 0.000911
0.898474 -0.292197 0.000958
0.915783 -0.291142 0.000361
0.932585 -0.292679 0.001018
0.950435 -0.291242 0.001948
0.966931 -0.291605 -0.000756
0.983837 -0.290024 0.000004
0.997993 -0.293209 -0.000286
-1.000708 -0.274311 -0.000067
-0.981922 -0.275685 0.000060
-0.965081 -0.274731 0.000949
-0.950113 -0.275358 -0.001454
-0.931051 -0.275776 -0.000862
-0.915667 -0.274411 -0.001795
-0.900751 -0.274583 -0.001702
-0.882236 -0.275840 0.001860
-0.867114 -0.274369 -0.000185
-0.848631 -0.277066 0.000066
-0.832408 -0.274653 0.000853
-0.815566 -0.277379 0.000516
-0.798879 -0.275056 0.000374
-0.783507 -0.275259 0.001619
-0.764365 -0.273761 -0.000967
-0.748192 -0.276179 0.000599
-0.731042 -0.274369 -0.000352
-0.714524 -0.273999 0.000869
-0.697066 -0.274174 -0.001021
-0.678860 -0.276152 0.000775
-0.663995 -0.276316 0.000316
-0.646898 -0.276132 -0.001769
-0.630102 -0.275991 0.000658
-0.613680 -0.276105 0.001010
-0.596689 -0.275231 0.000724
-0.578600 -0.273918 -0.001404
-0.563493 -0.273830 0.000291
-0.546719 -0.275158 -0.001206
-0.530132 -0.275063 0.000864
-0.513524 -0.274424 -0.000538
-0.495462 -0.274789 0.000748
-0.479474 -0.275061 0.000214
-0.462834 -0.275290 0.000231
-0.446002 -0.274337 0.001624
-0.428083 -0.274240 0.001621
-0.411665 -0.276108 -0.000701
-0.395638 -0.276647 0.000210
-0.378458 -0.273062 -0.000682
-0.362470 -0.274123 0.001177
-0.344740 -0.275508 -0.001318
-0.327330 -0.273265 -0.001161
-0.310819 -0.274402 -0.000664
-0.293425 -0.275449 -0.000855
-0.276806 -0.274321 -0.000382
-0.262804 -0.277091 0.001200
-0.244360 -0.274928 -0.002438
-0.227108 -0.277380 -0.000244
-0.207399 -0.278344 0.000184
-0.193370 -0.276508 -0.000600
-0.177806 -0.274154 0.000059
-0.159439 -0.274176 -0.001068
-0.143802 -0.274645 0.000129
-0.125597 -0.276022 -0.000567
-0.109653 -0.275051 -0.001721
-0.091798 -0.274103 -0.001404
-0.074982 -0.275177 0.000612
-0.059186 -0.274468 0.001010
-0.042936 -0.275531 0.000448
-0.026554 -0.274811 0.000998
-0.009282 -0.274480 0.001462
0.007934 -0.275859 -0.000553
0.025404 -0.275815 -0.000151
0.041724 -0.274531 0.000595
0.059395 -0.276178 0.001175
0.075326 -0.276101 0.000605
0.092978 -0.275993 -0.000180
0.110586 -0.275220 -0.000605
0.124636 -0.277081 -0.000201
0.142279 -0.275324 0.001113
0.158809 -0.275299 -0.000083
0.176144 -0.273911 -0.000162
0.194765 -0.273926 -0.000796
0.209942 -0.276163 -0.000713
0.226846 -0.274330 0.000364
0.245191 -0.275930 -0.000863
0.260090 -0.276975 0.000159
0.277366 -0.276031 -0.000635
0.295470 -0.274811 0.000808
0.310568 -0.277245 -0.000766
0.327858 -0.274663 0.000276
0.344112 -0.274984 -0.000909
0.361915 -0.275089 0.000003
0.380269 -0.274947 -0.001308
0.394898 -0.274545 -0.001273
0.413608 -0.274507 -0.000178
0.426553 -0.275462 -0.000726
0.444861 -0.277688 0.002019
0.462341 -0.274808 0.000760
0.479011 -0.274978 0.000122
0.495638 -0.276240 -0.000490
0.512685 -0.274263 0.003007
0.530153 -0.275654 -0.002157
0.543723 -0.276128 -0.000818
0.563261 -0.276234 -0.002800
0.579577 -0.275757 0.000347
0.598547 -0.275522 0.001310
0.614780 -0.275773 -0.000358
0.630522 -0.274110 -0.000639
0.647292 -0.275324 -0.000298
0.663044 -0.275467 -0.000057
0.682329 -0.274626 -0.000700
0.696489 -0.275065 -0.001017
0.716498 -0.276376 0.000139
0.731177 -0.274633 -0.000367
0.748139 -0.275738 0.001466
0.764286 -0.274634 -0.000106
0.781986 -0.274464 0.000001
0.798166 -0.276087 -0.001117
0.813622 -0.275049 0.002541
0.831396 -0.275060 -0.000147
0.847357 -0.274516 0.000900
0.863275 -0.274607 -0.000413
0.882940 -0.275243 0.001100
0.900156 -0.274998 0.000651
0.915193 -0.276060 0.000827
0.931969 -0.275598 -0.000442
0.948174 -0.275604 0.000657
0.967310 -0.276329 0.000656
0.982802 -0.275153 0.000001
0.998955 -0.274620 0.001425
-1.000761 -0.259836 0.000671
-0.982116 -0.259333 -0.000419
-0.966069 -0.261486 0.000044
-0.951625 -0.259977 0.000988
-0.934153 -0.261845 -0.000356
-0.915931 -0.260600 0.000760
-0.899209 -0.260550 -0.000151
-0.883200 -0.260390 0.000023
-0.866935 -0.260657 -0.000696
-0.848284 -0.258415 -0.001091
-0.833396 -0.259861 0.001252
-0.816493 -0.260059 0.000447
-0.796945 -0.260408 0.000993
-0.780513 -0.258656 0.000602
-0.763517 -0.257992 0.003092
-0.745804 -0.259226 -0.000862
-0.731176 -0.260129 0.000212
-0.715693 -0.260294 -0.001241
-0.698065 -0.260888 0.000261
-0.681577 -0.259741 -0.000051
-0.664813 -0.258481 -0.000019
-0.647478 -0.259507 -0.001012
-0.629092 -0.259980 -0.002063
-0.613116 -0.261138 -0.000296
-0.597743 -0.260510 -0.000696
-0.578459 -0.260508 0.000894
-0.561944 -0.259825 0.000569
-0.546966 -0.258226 0.000613
-0.528263 -0.259131 -0.000837
-0.512341 -0.258565 0.000926
-0.494267 -0.260191 -0.000790
-0.479920 -0.259176 -0.000978
-0.461173 -0.259748 0.000612
-0.445453 -0.261378 -0.000915
-0.427744 -0.258580 0.001557
-0.412316 -0.260010 -0.000185
-0.395289 -0.258276 -0.000255
-0.379221 -0.260140 -0.000686
-0.362258 -0.259862 -0.000214
-0.345762 -0.259773 -0.000490
-0.327465 -0.258922 -0.001303
-0.312791 -0.259610 -0.000449
-0.293963 -0.259296 -0.000220
-0.275689 -0.259372 -0.002469
-0.259829 -0.260228 -0.000157
-0.243297 -0.260338 -0.000747
-0.225849 -0.259406 0.000536
-0.209642 -0.258158 -0.000346
-0.194798 -0.259511 0.000857
-0.176147 -0.259652 0.001212
-0.161055 -0.260612 0.000622
-0.141805 -0.259174 -0.002166
-0.126101 -0.262406 0.000745
-0.107719 -0.259005 0.001553
-0.090768 -0.258609 0.001446
-0.077301 -0.259309 -0.000875
-0.060774 -0.259330 0.001170
-0.040966 -0.259000 -0.000750
-0.025795 -0.260347 0.000433
-0.010104 -0.259737 -0.000776
0.010202 -0.260788 0.001024
0.026234 -0.260078 -0.000732
0.043414 -0.258319 -0.000588
0.058303 -0.259606 0.000112
0.075448 -0.260041 0.000390
0.092545 -0.259720 -0.001585
0.109664 -0.260099 0.000692
0.124902 -0.258938 -0.001544
0.142826 -0.260060 0.000822
0.159143 -0.258806 0.000211
0.176620 -0.260349 0.001345
0.192691 -0.261213 -0.002125
0.210722 -0.258821 -0.001708
0.227861 -0.260462 -0.000512
0.244515 -0.257880 -0.000136
0.260332 -0.261287 0.001581
0.278153 -0.260153 0.000850
0.294274 -0.259290 0.001847
0.311190 -0.260250 0.000080
0.327386 -0.258443 0.002047
0.344359 -0.260111 -0.000197
0.361448 -0.260762 0.000252
0.379280 -0.259610 0.000087
0.393861 -0.258828 -0.001105
0.411209 -0.258180 0.000863
0.427458 -0.259955 0.000621
0.446797 -0.260123 -0.001585
0.462015 -0.260799 -0.002055
0.479133 -0.258446 0.000325
0.495635 -0.259516 -0.001152
0.512139 -0.257919 -0.000922
0.529576 -0.260097 -0.000885
0.544357 -0.258472 0.000004
0.562185 -0.260449 0.001793
0.578716 -0.257314 0.001433
0.595866 -0.259825 -0.000694
0.613921 -0.256695 0.000361
0.629664 -0.257851 0.000159
0.647354 -0.259181 0.000090
0.664831 -0.258606 -0.000280
0.679133 -0.258884 0.001496
0.697413 -0.260261 -0.001032
0.715067 -0.259104 0.001255
0.731883 -0.260879 -0.000984
0.745980 -0.259061 -0.000248
0.766138 -0.259849 0.003004
0.782221 -0.261551 0.000676
0.798068 -0.259373 -0.000672
0.812191 -0.260844 0.001875
0.833287 -0.258888 0.000449
0.848572 -0.260569 0.000425
0.865512 -0.258646 -0.000597
0.883783 -0.259596 0.000169
0.899634 -0.258859 -0.001064
0.915053 -0.260475 0.000554
0.932904 -0.259144 0.000369
0.950026 -0.258876 -0.001080
0.968059 -0.259130 0.000802
0.982840 -0.260983 -0.000326
0.999413 -0.259757 -0.000160
-0.998107 -0.245695 -0.000673
-0.984172 -0.244922 -0.002459
-0.968027 -0.243807 -0.000329
-0.948871 -0.244154 -0.000059
-0.933470 -0.244984 -0.000480
-0.915635 -0.246861 -0.000657
-0.899093 -0.242802 -0.000097
-0.882976 -0.244693 0.001928
-0.865883 -0.244185 0.000190
-0.848531 -0.243418 -0.000305
-0.832889 -0.244968 0.000699
-0.815440 -0.243287 -0.001535
-0.797868 -0.242656 -0.001151
-0.781156 -0.241871 0.001880
-0.764980 -0.243485 0.000134
-0.745925 -0.243563 0.000185
-0.731497 -0.244481 0.000480
-0.714748 -0.243708 0.000158
-0.695751 -0.244673 -0.000710
-0.680479 -0.244054 -0.001479
-0.662402 -0.244464 -0.000294
-0.645788 -0.243658 -0.000774
-0.629567 -0.242670 -0.002077
-0.611837 -0.242480 -0.002351
-0.597108 -0.243369 -0.000499
-0.579773 -0.243221 0.001488
-0.563647 -0.243849 0.000522
-0.545396 -0.243550 0.001292
-0.529064 -0.245923 -0.000735
-0.513253 -0.243278 0.000628
-0.495954 -0.243056 -0.000323
-0.477946 -0.242896 -0.000068
-0.461195 -0.243941 0.001460
-0.444887 -0.244518 -0.000257
-0.429223 -0.243111 0.000817
-0.412562 -0.246183 -0.000782
-0.393354 -0.243491 0.000463
-0.378006 -0.245543 0.001745
-0.360582 -0.243266 -0.000571
-0.345146 -0.244754 -0.000590
-0.327040 -0.244124 0.002915
-0.310053 -0.244725 -0.000521
-0.294982 -0.242898 -0.001016
-0.277069 -0.242711 0.002317
-0.259955 -0.242970 -0.000183
-0.243068 -0.243850 -0.002182
-0.227054 -0.245789 0.000585
-0.210208 -0.242300 0.000709
-0.193392 -0.244745 -0.000494
-0.177036 -0.243117 0.000157
-0.161668 -0.242682 0.002701
-0.143162 -0.243726 -0.000549
-0.127425 -0.242800 -0.000613
-0.109786 -0.244622 0.000046
-0.093264 -0.244365 -0.000723
-0.076062 -0.243305 -0.000147
-0.058273 -0.246131 0.000724
-0.042865 -0.245756 -0.000773
-0.024163 -0.242085 -0.000112
-0.009676 -0.243799 0.000467
0.007810 -0.244379 -0.000087
0.025184 -0.245236 0.000369
0.041369 -0.244187 -0.000877
0.058287 -0.244776 0.000289
0.075618 -0.244877 -0.000044
0.091427 -0.245719 -0.000209
0.108740 -0.243522 -0.000853
0.125910 -0.243364 0.000112
0.143786 -0.244171 -0.002127
0.160900 -0.245085 -0.000131
0.178393 -0.243432 0.001350
0.191648 -0.243923 -0.000369
0.210659 -0.243818 -0.000642
0.227944 -0.243275 -0.000670
0.244544 -0.242548 -0.000614
0.260620 -0.243188 -0.000382
0.276915 -0.243178 0.001148
0.292193 -0.242904 -0.000085
0.311612 -0.243758 -0.000765
0.326812 -0.243504 -0.001357
0.344456 -0.245314 0.001416
0.362346 -0.244000 -0.001247
0.378129 -0.243858 -0.001293
0.395665 -0.242808 0.000674
0.411043 -0.243987 -0.001826
0.428762 -0.242798 -0.000336
0.445714 -0.242917 -0.000544
0.461445 -0.244699 -0.000109
0.478919 -0.243765 0.000004
0.496077 -0.244219 0.000046
0.511624 -0.242492 -0.000882
0.529483 -0.243408 -0.000533
0.546311 -0.243434 0.000519
0.562690 -0.245176 -0.001356
0.578788 -0.244860 -0.000892
0.598839 -0.245178 -0.001047
0.612281 -0.243321 0.001000
0.630243 -0.243591 0.000335
0.646187 -0.244261 0.000901
0.663572 -0.244073 0.000986
0.679867 -0.244480 0.000522
0.697585 -0.243760 0.000117
0.713379 -0.242645 -0.002361
0.730515 -0.243420 0.000831
0.749042 -0.243033 -0.000381
0.764238 -0.243694 0.001077
0.781782 -0.243902 0.001131
0.798193 -0.244439 -0.000528
0.815231 -0.245658 0.000723
0.831364 -0.244405 0.000154
0.848239 -0.245265 -0.000787
0.865681 -0.243044 -0.000585
0.883540 -0.245290 -0.001619
0.899880 -0.245576 -0.000166
0.917072 -0.244959 -0.001447
0.932569 -0.243697 -0.001595
0.949934 -0.242026 0.000570
0.965711 -0.244352 -0.001241
0.983047 -0.242111 0.000057
1.000538 -0.243796 0.000400
-1.000780 -0.227905 0.001779
-0.983943 -0.227842 0.000577
-0.965850 -0.229565 0.000473
-0.947562 -0.228657 -0.000485
-0.932530 -0.227624 0.000330
-0.915874 -0.230668 0.000129
-0.899504 -0.229368 -0.001226
-0.879793 -0.227969 -0.000508
-0.864678 -0.229643 -0.001132
-0.847808 -0.226223 0.000885
-0.832937 -0.229194 0.000555
-0.813861 -0.228688 -0.000134
-0.800118 -0.228231 0.000217
-0.780908 -0.227672 0.000079
-0.764895 -0.226856 0.000612
-0.746557 -0.228761 -0.000386
-0.732567 -0.228244 0.001291
-0.712849 -0.227443 0.001117
-0.697574 -0.226932 0.002742
-0.680504 -0.227741 0.000579
-0.663976 -0.229767 0.000561
-0.647475 -0.226532 -0.001001
-0.629282 -0.227183 0.000528
-0.613968 -0.227106 0.001484
-0.597392 -0.228784 0.001017
-0.579962 -0.227700 0.000449
-0.562943 -0.227880 0.000949
-0.547682 -0.227263 -0.000853
-0.527727 -0.229045 -0.000118
-0.512875 -0.228504 0.000101
-0.495222 -0.226486 -0.000470
-0.480227 -0.229024 0.000909
-0.461536 -0.231009 -0.000033
-0.445845 -0.226656 -0.000242
-0.428217 -0.227692 0.001337
-0.411963 -0.227831 -0.000730
-0.394954 -0.228153 -0.000866
-0.379110 -0.227890 0.001144
-0.362980 -0.229538 0.000512
-0.344040 -0.226187 0.000138
-0.326625 -0.227407 0.000553
-0.310896 -0.228911 0.000238
-0.295910 -0.227810 -0.001022
-0.277711 -0.228892 0.000588
-0.260526 -0.228643 -0.000992
-0.245605 -0.227939 -0.000722
-0.226865 -0.228268 -0.001289
-0.209898 -0.229915 -0.001363
-0.192495 -0.227669 -0.000865
-0.175177 -0.226879 0.000152
-0.159950 -0.225025 0.000544
-0.141528 -0.226474 0.001302
-0.128159 -0.227137 -0.000462
-0.108701 -0.227920 0.000173
-0.091315 -0.228799 0.000810
-0.073582 -0.228223 -0.000544
-0.059826 -0.228280 -0.001240
-0.041918 -0.228805 0.000643
-0.025444 -0.229307 0.001217
-0.007796 -0.228582 -0.000154
0.007839 -0.228309 -0.001404
0.025693 -0.228010 -0.000776
0.040526 -0.226394 -0.000326
0.059514 -0.228347 0.001384
0.076560 -0.227224 -0.001267
0.091986 -0.227412 0.001310
0.110133 -0.227284 0.000391
0.127104 -0.225977 -0.000069
0.141487 -0.228992 0.000489
0.158990 -0.227532 -0.000381
0.177872 -0.227732 0.000372
0.192633 -0.228137 0.000392
0.211335 -0.229583 0.000531
0.226045 -0.227417 -0.002460
0.244666 -0.227113 0.001540
0.261093 -0.228149 0.001475
0.277894 -0.227959 -0.000339
0.293591 -0.230034 0.000790
0.310041 -0.227625 -0.001471
0.327690 -0.228173 -0.001018
0.343209 -0.228646 0.001211
0.359541 -0.227732 -0.000167
0.378831 -0.228779 0.002341
0.394845 -0.229733 0.001117
0.412009 -0.228293 0.001274
0.429657 -0.227824 -0.000197
0.445763 -0.227527 0.000904
0.461711 -0.228383 0.000215
0.478961 -0.228451 0.001348
0.496288 -0.226784 0.000924
0.511275 -0.227804 -0.000253
0.527538 -0.227478 -0.000833
0.546440 -0.228502 0.000249
0.565693 -0.229116 0.001076
0.580070 -0.228275 0.000517
0.597944 -0.227886 0.000712
0.613481 -0.230142 -0.002288
0.630250 -0.229934 0.001004
0.648696 -0.227847 0.000601
0.664144 -0.227755 -0.000300
0.680302 -0.226693 0.000340
0.696542 -0.228001 0.001082
0.713291 -0.228022 -0.000440
0.731352 -0.225871 0.000202
0.748688 -0.228478 -0.000589
0.766034 -0.227268 0.000144
0.781628 -0.230025 0.000744
0.798051 -0.227576 0.001095
0.814981 -0.227433 0.000256
0.830682 -0.227280 0.000187
0.848352 -0.227019 0.000922
0.866080 -0.228397 -0.000988
0.882428 -0.227275 0.000284
0.899322 -0.228114 -0.000967
0.914832 -0.227803 0.001021
0.932417 -0.227341 -0.000650
0.950136 -0.228936 -0.000898
0.965470 -0.227526 -0.002255
0.982800 -0.227352 0.000185
1.002698 -0.228389 -0.000234
-0.998520 -0.212196 0.000062
-0.982346 -0.212433 -0.000508
-0.966119 -0.212080 -0.001086
-0.950031 -0.212103 -0.002215
-0.931947 -0.214525 0.000398
-0.917154 -0.213752 0.001677
-0.899050 -0.212985 0.000712
-0.881250 -0.213649 0.001102
-0.864658 -0.211537 0.001063
-0.848773 -0.213265 -0.000520
-0.831017 -0.212325 -0.000361
-0.813184 -0.212256 0.000659
-0.797411 -0.213355 -0.000251
-0.780298 -0.210550 -0.000727
-0.765060 -0.211179 -0.001209
-0.747684 -0.212268 -0.000978
-0.729040 -0.212477 -0.001109
-0.715458 -0.210887 -0.000647
-0.697074 -0.214128 -0.000935
-0.681654 -0.212767 0.000039
-0.664092 -0.212295 0.000169
-0.647901 -0.213531 0.000071
-0.630941 -0.211378 -0.000251
-0.613118 -0.212911 0.000355
-0.596737 -0.213948 0.000656
-0.579058 -0.213209 0.000496
-0.561858 -0.214297 -0.001008
-0.547106 -0.212071 -0.000443
-0.529480 -0.212988 0.000356
-0.511666 -0.213515 0.000734
-0.495672 -0.212660 -0.000009
-0.478765 -0.212885 -0.000063
-0.460325 -0.210303 -0.001182
-0.444555 -0.211400 0.000576
-0.428380 -0.212683 -0.001375
-0.412553 -0.212901 -0.001030
-0.395589 -0.212712 0.001185
-0.376452 -0.212472 -0.000346
-0.360927 -0.212149 -0.000057
-0.345382 -0.210120 -0.000990
-0.328097 -0.212353 0.000894
-0.310842 -0.213267 -0.001681
-0.292080 -0.212231 -0.000502
-0.275152 -0.212352 -0.000689
-0.259650 -0.211952 -0.000906
-0.242706 -0.211682 0.001314
-0.227465 -0.212942 0.000100
-0.210022 -0.213815 0.000422
-0.192899 -0.213752 0.000406
-0.175458 -0.214232 -0.000614
-0.161183 -0.211608 -0.000514
-0.143496 -0.211949 -0.000822
-0.125267 -0.210861 -0.000173
-0.109606 -0.211092 0.000342
-0.091891 -0.212473 0.000459
-0.076366 -0.213274 -0.001817
-0.057613 -0.212956 -0.000531
-0.041573 -0.212936 0.000376
-0.025679 -0.213498 0.000534
-0.007462 -0.213544 0.001875
0.008336 -0.215411 -0.000629
0.024832 -0.211826 -0.002538
0.041604 -0.212652 -0.000879
0.058497 -0.212712 0.000291
0.074087 -0.211887 0.000431
0.092255 -0.212540 -0.001859
0.108039 -0.211899 -0.001426
0.125500 -0.211892 0.000959
0.143854 -0.213576 0.000043
0.159898 -0.212380 0.000463
0.177478 -0.212380 0.000878
0.193102 -0.211675 -0.001044
0.211724 -0.212597 0.001318
0.227817 -0.213488 -0.001015
0.243543 -0.212231 0.000601
0.262672 -0.211455 0.001783
0.278183 -0.212156 -0.000230
0.294940 -0.213972 0.000325
0.310285 -0.210757 0.000338
0.328424 -0.212632 -0.000259
0.345363 -0.210952 0.001337
0.362259 -0.211106 0.000616
0.378161 -0.211795 0.000324
0.396088 -0.214252 0.000546
0.412070 -0.213227 0.000131
0.429306 -0.212214 -0.000278
0.446805 -0.213414 0.000042
0.461775 -0.211517 0.000241
0.480325 -0.212673 -0.001297
0.496259 -0.212513 0.002119
0.512367 -0.212634 -0.001675
0.527819 -0.212452 0.000060
0.545905 -0.211792 -0.001416
0.564478 -0.212869 0.001256
0.580870 -0.212525 0.000077
0.597579 -0.212639 -0.000176
0.613459 -0.213080 0.000721
0.629406 -0.212732 -0.000646
0.646713 -0.211991 0.000352
0.664341 -0.211625 -0.000055
0.679659 -0.211792 0.001486
0.699696 -0.213899 0.001509
0.715315 -0.213564 -0.000618
0.731136 -0.209845 0.000270
0.748066 -0.212562 0.000707
0.765585 -0.211222 -0.001105
0.780607 -0.210874 -0.000132
0.798599 -0.210534 -0.000500
0.814468 -0.210771 -0.000702
0.831129 -0.211317 0.000504
0.850403 -0.211472 -0.000542
0.865333 -0.212631 -0.000223
0.883108 -0.211792 -0.001052
0.899145 -0.210868 0.000093
0.916352 -0.212483 -0.001412
0.933057 -0.212029 0.001307
0.948858 -0.212481 -0.001194
0.965670 -0.211788 0.000413
0.983422 -0.211794 -0.000279
0.998325 -0.213967 -0.000528
-1.000446 -0.195696 -0.000744
-0.983964 -0.195488 0.000413
-0.966588 -0.197072 0.000902
-0.948852 -0.195004 0.001889
-0.933635 -0.196884 0.000047
-0.915798 -0.196195 0.000190
-0.897818 -0.195677 0.000426
-0.881662 -0.197214 -0.000097
-0.864051 -0.195701 0.000273
-0.848983 -0.196535 0.002546
-0.831592 -0.198897 0.000528
-0.812968 -0.195649 0.000704
-0.798932 -0.195612 -0.001427
-0.781937 -0.197080 -0.000561
-0.765321 -0.195914 -0.000083
-0.750015 -0.195577 -0.001448
-0.730662 -0.196663 -0.001038
-0.714793 -0.195426 -0.000845
-0.698270 -0.197082 0.000391
-0.679093 -0.196367 0.000587
-0.663508 -0.198034 -0.000204
-0.646641 -0.196052 0.000552
-0.629933 -0.197585 0.000102
-0.615377 -0.195550 0.000528
-0.597731 -0.196318 0.000012
-0.580611 -0.196477 -0.000202
-0.562660 -0.197711 0.000857
-0.543315 -0.197128 0.000373
-0.529767 -0.197479 0.000674
-0.512577 -0.196723 0.000006
-0.496489 -0.195992 0.000118
-0.478155 -0.197035 -0.000500
-0.462861 -0.197847 -0.000703
-0.445508 -0.196293 -0.000293
-0.428667 -0.197488 0.000433
-0.413782 -0.195745 -0.001647
-0.393209 -0.196665 -0.000181
-0.377221 -0.196172 -0.000031
-0.360869 -0.197585 -0.001185
-0.345671 -0.198046 0.000386
-0.328396 -0.198076 -0.001848
-0.309187 -0.196216 0.000024
-0.293838 -0.196927 0.000354
-0.277095 -0.197304 0.000350
-0.261713 -0.196470 0.002030
-0.244153 -0.196447 -0.003379
-0.226395 -0.196591 -0.000481
-0.211190 -0.196100 -0.000729
-0.193648 -0.197070 -0.000184
-0.176475 -0.196258 0.000521
-0.160111 -0.194979 -0.000942
-0.143680 -0.195682 0.000812
-0.124769 -0.197053 -0.000504
-0.110607 -0.196528 0.000351
-0.090835 -0.197825 -0.000611
-0.073715 -0.196464 0.000046
-0.058272 -0.196443 -0.000042
-0.042167 -0.197412 -0.000202
-0.024337 -0.197331 -0.001935
-0.008684 -0.195993 -0.000867
0.008469 -0.196291 -0.000214
0.025528 -0.196628 -0.000208
0.043478 -0.196425 -0.000240
0.059554 -0.195275 0.000834
0.077275 -0.195474 -0.000721
0.094197 -0.195731 -0.002286
0.108739 -0.196902 0.000169
0.125111 -0.194686 -0.000801
0.141700 -0.195815 0.001469
0.159919 -0.196850 0.000117
0.175273 -0.196301 0.001252
0.192646 -0.195868 0.001992
0.209612 -0.196747 -0.000899
0.225879 -0.198014 0.002252
0.243838 -0.195993 -0.000447
0.260167 -0.196181 -0.002115
0.277703 -0.197765 -0.000946
0.293861 -0.196739 -0.000568
0.308807 -0.196212 -0.000665
0.327413 -0.197827 0.001252
0.345171 -0.197313 0.000348
0.360379 -0.197770 -0.000087
0.378756 -0.197209 0.001412
0.395414 -0.196992 0.000680
0.412331 -0.198804 -0.000434
0.429363 -0.196840 -0.000413
0.446491 -0.195538 -0.000083
0.462515 -0.196502 0.000538
0.479127 -0.196148 -0.002413
0.492901 -0.196853 0.000924
0.512021 -0.199048 0.002040
0.530324 -0.196116 0.000240
0.546907 -0.197205 0.000140
0.564530 -0.196726 0.000371
0.577202 -0.196467 0.000240
0.596219 -0.197276 -0.000829
0.611827 -0.196881 -0.000140
0.630425 -0.197028 -0.000179
0.647494 -0.196576 0.000809
0.663825 -0.196122 0.001461
0.681975 -0.196108 -0.000182
0.698950 -0.194532 -0.000433
0.713441 -0.197901 0.002654
0.730203 -0.197113 -0.000825
0.746593 -0.196105 -0.000427
0.764217 -0.197404 0.000927
0.783497 -0.198112 0.000179
0.798311 -0.195590 -0.001501
0.814325 -0.196536 -0.000928
0.832753 -0.197673 0.001457
0.847864 -0.198256 0.001328
0.865268 -0.196699 -0.000065
0.883298 -0.194400 0.000552
0.899000 -0.196380 -0.000518
0.916504 -0.197914 -0.000745
0.932753 -0.196792 0.000468
0.951520 -0.195831 -0.000651
0.966903 -0.197396 0.000546
0.984129 -0.196233 0.000596
1.000531 -0.196425 -0.000508
-1.000749 -0.181001 -0.000967
-0.983719 -0.179425 0.001370
-0.966687 -0.181568 -0.000605
-0.950814 -0.179638 0.000692
-0.932668 -0.180144 -0.000829
-0.915621 -0.182244 0.001677
-0.899504 -0.181046 0.000293
-0.882017 -0.182034 -0.000477
-0.865919 -0.181438 -0.000086
-0.849682 -0.181842 0.000137
-0.832218 -0.180660 -0.001372
-0.814137 -0.181342 -0.000773
-0.798808 -0.181275 -0.000660
-0.781610 -0.181767 -0.000309
-0.764811 -0.182132 -0.000496
-0.748869 -0.180613 0.001408
-0.731764 -0.180728 0.000423
-0.714599 -0.180525 0.000699
-0.697487 -0.181313 -0.000646
-0.680973 -0.180832 0.000213
-0.664250 -0.179520 0.001841
-0.646105 -0.181630 -0.000320
-0.628969 -0.181518 -0.000072
-0.613873 -0.181516 -0.000513
-0.597553 -0.180285 -0.000409
-0.579898 -0.179402 0.001689
-0.563593 -0.181282 0.000278
-0.546148 -0.181524 0.000929
-0.529533 -0.181079 -0.000132
-0.513337 -0.182295 -0.000330
-0.495844 -0.181676 -0.001115
-0.479146 -0.178228 -0.000831
-0.463111 -0.180856 0.000780
-0.445070 -0.178776 -0.000667
-0.428262 -0.180007 0.000142
-0.411166 -0.181741 -0.000956
-0.394131 -0.181508 -0.000310
-0.379038 -0.180198 -0.001580
-0.361172 -0.179310 -0.000978
-0.343996 -0.182624 0.000165
-0.328537 -0.181833 0.000147
-0.310884 -0.181244 -0.000510
-0.294539 -0.181191 -0.000174
-0.276280 -0.184130 0.000479
-0.261379 -0.180769 0.000151
-0.243787 -0.178891 0.000017
-0.227344 -0.181617 0.000845
-0.209899 -0.180742 0.000535
-0.193803 -0.181853 0.000829
-0.177132 -0.181238 0.000159
-0.159436 -0.180947 0.001886
-0.143127 -0.180642 -0.000206
-0.127124 -0.181223 -0.000632
-0.108697 -0.180462 -0.000140
-0.091778 -0.179758 0.000562
-0.077633 -0.179987 0.001918
-0.058951 -0.179908 0.000881
-0.042815 -0.181121 -0.000049
-0.025864 -0.182494 -0.001409
-0.009159 -0.180464 0.001540
0.007132 -0.180833 0.001461
0.023522 -0.181854 -0.002772
0.042948 -0.181857 0.000275
0.057086 -0.181244 0.001221
0.075086 -0.180041 -0.000858
0.092442 -0.182377 0.000194
0.110481 -0.182421 0.000822
0.127181 -0.180084 -0.001566
0.143133 -0.182014 -0.001041
0.159197 -0.179970 -0.000342
0.176973 -0.180986 -0.001888
0.194081 -0.183241 -0.000205
0.209778 -0.181852 0.001315
0.227195 -0.181509 0.000442
0.243596 -0.181977 -0.000072
0.261519 -0.179990 -0.000248
0.275721 -0.180453 -0.000421
0.293721 -0.181245 -0.000614
0.310150 -0.180337 -0.001463
0.327901 -0.179554 -0.000774
0.345659 -0.182208 0.000016
0.362680 -0.178945 0.000026
0.378460 -0.182036 0.001124
0.395358 -0.182369 -0.000435
0.413061 -0.181612 0.000857
0.428257 -0.182083 0.000120
0.445261 -0.180520 0.000627
0.462015 -0.183135 -0.000675
0.478678 -0.180659 -0.000065
0.494678 -0.180489 -0.000770
0.513882 -0.179793 -0.001095
0.529360 -0.180810 0.001442
0.546695 -0.180557 0.000957
0.561663 -0.181589 0.000861
0.578590 -0.179542 -0.000707
0.596760 -0.182078 -0.000707
0.612084 -0.181804 0.000629
0.630322 -0.181317 0.000389
0.646628 -0.181629 -0.001412
0.664425 -0.180077 0.000890
0.681283 -0.179301 -0.000625
0.699889 -0.178938 -0.000080
0.715182 -0.180565 0.000634
0.732407 -0.180335 -0.000334
0.748382 -0.181125 -0.000787
0.764623 -0.180324 0.000707
0.781394 -0.182754 -0.000239
0.798665 -0.181251 -0.000405
0.814782 -0.181751 0.001488
0.832657 -0.179285 0.000677
0.849609 -0.181426 -0.000570
0.865326 -0.179465 -0.001343
0.883574 -0.181766 0.000873
0.899526 -0.178823 -0.000245
0.915234 -0.181475 -0.000698
0.932804 -0.179574 -0.000048
0.950269 -0.182009 0.000148
0.965891 -0.181772 0.001172
0.983807 -0.182579 -0.000892
1.001551 -0.181313 -0.000744
-0.998682 -0.166278 -0.000145
-0.984553 -0.165131 0.000804
-0.967088 -0.164989 -0.000957
-0.951021 -0.164270 -0.000653
-0.931802 -0.164329 -0.000744
-0.914370 -0.164378 -0.000151
-0.897988 -0.164192 0.000276
-0.882401 -0.164186 -0.002201
-0.865652 -0.166269 0.001801
-0.847239 -0.164500 0.001277
-0.831905 -0.166227 0.001586
-0.815042 -0.164217 0.000242
-0.796555 -0.165003 0.001900
-0.782225 -0.165076 -0.000673
-0.762588 -0.166477 0.001980
-0.748512 -0.164863 -0.000864
-0.731104 -0.165815 -0.000923
-0.714544 -0.165690 0.001504
-0.696661 -0.165685 0.000392
-0.678004 -0.165999 -0.002139
-0.663973 -0.164120 -0.001041
-0.645123 -0.164753 0.000778
-0.628028 -0.165790 0.000818
-0.614445 -0.163876 0.000586
-0.594673 -0.165283 -0.002160
-0.582312 -0.164450 -0.002284
-0.562660 -0.164739 -0.000253
-0.546340 -0.166416 -0.000359
-0.529598 -0.165513 -0.001230
-0.513384 -0.164156 -0.000073
-0.495063 -0.166934 -0.001263
-0.481798 -0.165400 -0.000265
-0.461657 -0.166428 -0.000788
-0.444501 -0.164397 -0.000722
-0.429915 -0.164994 -0.000543
-0.413338 -0.165091 -0.001552
-0.395396 -0.166839 0.002055
-0.377461 -0.168058 -0.000878
-0.362628 -0.166759 0.001885
-0.343315 -0.166241 0.000636
-0.329191 -0.165985 0.000424
-0.309531 -0.164407 -0.001636
-0.294442 -0.165648 -0.000821
-0.277056 -0.165431 -0.001807
-0.259884 -0.163893 0.000643
-0.243686 -0.165773 0.000438
-0.227990 -0.167023 0.002566
-0.209560 -0.164162 0.000517
-0.193878 -0.165540 -0.000463
-0.176752 -0.167028 0.001145
-0.160896 -0.165023 -0.001744
-0.142423 -0.165500 -0.000112
-0.125836 -0.166316 0.000062
-0.109295 -0.164775 0.000112
-0.091630 -0.163976 -0.000568
-0.075067 -0.163470 0.000021
-0.058600 -0.163796 -0.000887
-0.041398 -0.164837 0.000615
-0.026044 -0.164728 0.000928
-0.007858 -0.164242 -0.000375
0.009703 -0.165057 0.000253
0.023493 -0.164917 -0.001311
0.041887 -0.166307 0.000269
0.058760 -0.165162 0.001006
0.076988 -0.165161 -0.000504
0.091795 -0.165846 0.000177
0.110465 -0.163416 -0.000857
0.125270 -0.165234 0.000427
0.141992 -0.164625 -0.001101
0.160205 -0.166096 -0.000279
0.179420 -0.163514 0.000192
0.192860 -0.165114 0.000203
0.211115 -0.165052 0.000158
0.228126 -0.165626 0.000437
0.245171 -0.164961 0.000773
0.260808 -0.164828 -0.002471
0.277463 -0.164687 -0.000547
0.294423 -0.165252 0.001309
0.307977 -0.165876 -0.000359
0.328930 -0.165105 0.001439
0.345004 -0.165096 0.001768
0.362917 -0.165103 -0.001109
0.378242 -0.164952 0.000835
0.396051 -0.165028 0.001103
0.411368 -0.166009 0.001921
0.428578 -0.166162 0.000459
0.446712 -0.164030 0.001002
0.460435 -0.162978 -0.000451
0.479314 -0.165291 0.001074
0.494806 -0.166166 0.000352
0.513751 -0.165733 0.000212
0.529844 -0.163848 -0.000025
0.546579 -0.165086 0.000630
0.563679 -0.165519 -0.000266
0.579724 -0.165605 0.000560
0.598308 -0.164305 -0.000166
0.613081 -0.163443 0.000878
0.630172 -0.165549 -0.000401
0.647695 -0.165610 0.001087
0.663607 -0.165336 0.000445
0.680413 -0.164365 0.001244
0.697236 -0.164979 0.000787
0.713333 -0.164898 -0.000697
0.731477 -0.165492 -0.000427
0.748012 -0.165643 -0.000023
0.764843 -0.167141 -0.001751
0.782019 -0.165419 -0.001328
0.798624 -0.164940 -0.000097
0.815904 -0.163616 0.000748
0.832588 -0.165748 0.000219
0.848276 -0.164456 0.000738
0.864006 -0.165978 -0.000585
0.882956 -0.163980 0.000500
0.900096 -0.164237 -0.000266
0.916376 -0.165801 -0.000385
0.934017 -0.165593 -0.002359
0.950853 -0.164026 -0.001741
0.966707 -0.164978 0.000764
0.983456 -0.164651 0.000487
0.999604 -0.162149 -0.000971
-0.998645 -0.149467 -0.000870
-0.983466 -0.148442 0.000935
-0.967224 -0.149635 0.000252
-0.948411 -0.148554 -0.000881
-0.932327 -0.149638 0.000791
-0.915763 -0.147565 0.001329
-0.899966 -0.149352 -0.000470
-0.882412 -0.149203 -0.002642
-0.866383 -0.149680 0.001128
-0.848336 -0.149081 0.000053
-0.831364 -0.148841 0.001153
-0.816520 -0.147460 0.000495
-0.798305 -0.149048 0.000312
-0.781824 -0.148976 0.000331
-0.764025 -0.149944 0.000182
-0.748636 -0.149926 0.000743
-0.729881 -0.148260 0.000063
-0.715409 -0.147119 0.000640
-0.696653 -0.148616 0.002136
-0.680517 -0.149143 0.000875
-0.665457 -0.151246 0.000727
-0.648187 -0.148763 0.001169
-0.630777 -0.151494 0.000818
-0.612138 -0.149177 0.000536
-0.596030 -0.150932 -0.000947
-0.580760 -0.150083 -0.000005
-0.563708 -0.150505 0.000509
-0.545281 -0.147935 -0.000357
-0.529045 -0.148392 0.001711
-0.512365 -0.148719 0.001815
-0.495521 -0.149344 -0.000479
-0.479682 -0.150432 0.000651
-0.463704 -0.149214 0.000253
-0.444682 -0.148978 0.002326
-0.427557 -0.149975 0.000691
-0.412656 -0.151055 -0.000786
-0.394204 -0.150440 0.001711
-0.377475 -0.150845 -0.000159
-0.361872 -0.147999 0.001114
-0.344548 -0.150131 0.000379
-0.327706 -0.149353 -0.001430
-0.309083 -0.151977 0.000712
-0.293627 -0.150248 -0.000497
-0.277785 -0.149659 -0.000767
-0.260133 -0.149291 -0.000501
-0.242732 -0.150918 -0.000341
-0.226924 -0.149725 0.000337
-0.210732 -0.149837 -0.001675
-0.194922 -0.149960 -0.002822
-0.175192 -0.150236 -0.000062
-0.157873 -0.149432 -0.000492
-0.144322 -0.148369 -0.001249
-0.128047 -0.148107 0.000231
-0.108075 -0.149317 -0.000478
-0.092629 -0.149061 0.001040
-0.075952 -0.149284 0.000593
-0.058843 -0.149249 0.000052
-0.041262 -0.150149 0.001933
-0.024534 -0.150540 0.000112
-0.007316 -0.148689 -0.000602
0.006809 -0.150315 -0.000520
0.025472 -0.149886 0.001105
0.042173 -0.148702 0.001179
0.058667 -0.151176 -0.000557
0.076462 -0.149575 -0.001133
0.090512 -0.149463 -0.000178
0.109917 -0.151162 0.000393
0.124938 -0.147933 0.000413
0.142741 -0.147764 0.001089
0.159808 -0.148283 0.000044
0.177605 -0.149993 0.000705
0.192132 -0.149106 0.000386
0.210757 -0.148680 -0.000544
0.226564 -0.151981 -0.000514
0.243576 -0.149210 -0.000426
0.259990 -0.149883 0.000208
0.276375 -0.148097 0.000090
0.293024 -0.148688 -0.001472
0.312187 -0.150877 0.000768
0.329535 -0.150910 0.000651
0.343847 -0.150513 -0.000466
0.360510 -0.149812 -0.001799
0.379510 -0.148321 -0.000160
0.397093 -0.149130 0.000240
0.410422 -0.150031 -0.000306
0.428172 -0.150584 -0.000819
0.443605 -0.149884 -0.000171
0.462429 -0.147964 0.000270
0.478999 -0.149718 0.000081
0.496703 -0.149072 -0.000699
0.512515 -0.149696 0.001735
0.530954 -0.149705 -0.000740
0.546133 -0.149212 0.000625
0.563215 -0.148253 0.000810
0.578776 -0.150828 -0.000326
0.595500 -0.150386 -0.000370
0.614056 -0.149076 0.003536
0.631045 -0.150518 -0.000789
0.646415 -0.149495 0.000677
0.664463 -0.152157 0.001104
0.680994 -0.150440 -0.000214
0.698114 -0.148027 -0.002505
0.713411 -0.149283 0.001140
0.730739 -0.149977 -0.000082
0.746883 -0.147715 0.001592
0.763136 -0.148497 0.000312
0.782414 -0.148789 -0.001497
0.796562 -0.148135 0.001064
0.814127 -0.149553 -0.002626
0.830957 -0.148699 0.000557
0.847803 -0.149625 0.001269
0.865277 -0.148390 0.000613
0.882743 -0.148999 -0.000511
0.899026 -0.149693 0.001086
0.916371 -0.148124 0.000982
0.932964 -0.150066 0.001997
0.949274 -0.149860 0.002190
0.966043 -0.147379 -0.000607
0.984319 -0.150563 0.000160
1.001687 -0.149386 0.001144
-1.000494 -0.133179 0.000058
-0.984810 -0.131439 -0.001280
-0.967056 -0.132905 0.000470
-0.946882 -0.134714 0.001085
-0.933403 -0.132927 -0.000229
-0.915269 -0.133483 0.000636
-0.900768 -0.134028 -0.000151
-0.881274 -0.132691 0.002078
-0.865332 -0.133446 0.001322
-0.848134 -0.132673 0.001067
-0.832076 -0.133695 -0.001825
-0.814788 -0.134656 -0.000217
-0.799934 -0.131835 -0.001270
-0.779818 -0.133791 0.000108
-0.767009 -0.133964 -0.001523
-0.746533 -0.133671 -0.000728
-0.729521 -0.133363 -0.000148
-0.714561 -0.132499 0.000815
-0.697440 -0.135432 -0.000376
-0.681135 -0.132922 -0.002261
-0.664209 -0.133666 -0.000232
-0.647109 -0.134735 -0.000490
-0.631122 -0.135474 -0.001223
-0.614597 -0.133162 -0.000698
-0.595598 -0.134323 -0.000847
-0.579485 -0.133562 0.001009
-0.563146 -0.135293 -0.001478
-0.546767 -0.132280 -0.001610
-0.531802 -0.134444 0.000473
-0.513322 -0.133348 0.000486
-0.496126 -0.134845 -0.001255
-0.480050 -0.132348 -0.000511
-0.461792 -0.134967 0.001862
-0.446188 -0.132377 0.002234
-0.428287 -0.134318 0.001220
-0.413768 -0.133633 0.001265
-0.396648 -0.133559 0.000643
-0.378540 -0.134169 0.001913
-0.362292 -0.133531 -0.001004
-0.344408 -0.133157 -0.000441
-0.328167 -0.133475 -0.001055
-0.312464 -0.131447 0.000027
-0.294215 -0.133121 0.001517
-0.275980 -0.134054 0.001731
-0.258330 -0.133725 0.001354
-0.242724 -0.132204 -0.001360
-0.227039 -0.132262 -0.000207
-0.211431 -0.134376 -0.000342
-0.193392 -0.133810 -0.001791
-0.175932 -0.132854 0.002607
-0.160929 -0.133755 -0.000348
-0.141197 -0.133700 -0.000048
-0.124533 -0.133950 -0.000220
-0.107361 -0.135036 -0.000956
-0.091551 -0.133921 0.001135
-0.077049 -0.133092 0.000439
-0.059050 -0.133446 -0.000208
-0.041257 -0.133165 0.001279
-0.025260 -0.135228 0.001656
-0.007893 -0.133712 -0.000839
0.008276 -0.133102 -0.001557
0.025964 -0.133271 0.001059
0.041456 -0.132951 -0.000219
0.058150 -0.131089 -0.000896
0.074981 -0.133290 0.001418
0.091319 -0.135036 0.001256
0.107723 -0.134087 0.000275
0.125870 -0.133208 0.000238
0.143516 -0.133341 -0.000508
0.161202 -0.133973 0.000734
0.175350 -0.133433 -0.001140
0.193894 -0.132106 0.000095
0.210991 -0.132432 -0.000728
0.226438 -0.134155 -0.001680
0.245364 -0.136302 0.000721
0.260258 -0.133698 -0.000449
0.276885 -0.134427 -0.000903
0.294292 -0.133582 0.000828
0.311917 -0.134542 0.001283
0.327412 -0.134314 0.000152
0.343954 -0.135563 0.002646
0.361843 -0.134886 0.000431
0.380749 -0.134216 -0.000587
0.396421 -0.133091 0.000727
0.410517 -0.133207 0.000952
0.430033 -0.134629 -0.000814
0.447116 -0.135638 -0.000265
0.463132 -0.132459 0.000344
0.478315 -0.132612 0.000589
0.495286 -0.132507 -0.002064
0.512964 -0.133611 0.001241
0.530692 -0.132075 -0.001356
0.546821 -0.134788 0.001295
0.562153 -0.133470 -0.001320
0.579043 -0.133606 0.000766
0.598064 -0.133941 0.000816
0.613194 -0.134852 0.000078
0.629782 -0.133271 0.000365
0.647273 -0.134270 0.000581
0.665493 -0.132621 0.001460
0.681646 -0.134795 -0.001312
0.697189 -0.132900 0.000779
0.713434 -0.132472 0.002225
0.731098 -0.133097 0.001792
0.746741 -0.133749 -0.001442
0.765019 -0.134703 -0.000478
0.781080 -0.136850 -0.001436
0.799984 -0.134053 0.000682
0.813955 -0.133968 0.001052
0.832318 -0.132846 -0.000667
0.847954 -0.133941 -0.000616
0.865524 -0.134403 0.000011
0.881693 -0.133971 0.000529
0.898939 -0.133920 -0.000604
0.915735 -0.133299 0.000059
0.931778 -0.132655 0.000510
0.949829 -0.134772 -0.002810
0.966714 -0.133538 0.000154
0.983074 -0.133619 -0.000816
0.999509 -0.133077 -0.001907
-0.999078 -0.118612 -0.000237
-0.983572 -0.117116 0.000470
-0.967395 -0.117510 0.000696
-0.948473 -0.117902 -0.000769
-0.935042 -0.118442 -0.001143
-0.916621 -0.118157 0.000107
-0.898331 -0.118272 -0.000467
-0.882583 -0.118186 -0.001305
-0.864006 -0.117670 0.000081
-0.847461 -0.117846 0.000739
-0.830210 -0.119478 0.000569
-0.815828 -0.118719 -0.000630
-0.797995 -0.116702 -0.000463
-0.780334 -0.117043 0.000423
-0.765254 -0.117450 0.001143
-0.749587 -0.118728 0.001541
-0.730452 -0.118434 -0.000936
-0.714962 -0.117462 0.000832
-0.699163 -0.115649 -0.000365
-0.677761 -0.117493 0.001002
-0.664949 -0.119518 0.001392
-0.648801 -0.118475 -0.002313
-0.630184 -0.118809 -0.000670
-0.613719 -0.117599 0.000574
-0.595369 -0.118565 -0.002135
-0.579344 -0.118548 0.001692
-0.562089 -0.118784 0.000686
-0.546406 -0.118622 0.000126
-0.528686 -0.118479 0.000133
-0.513639 -0.119027 0.001584
-0.495549 -0.118789 0.001208
-0.477738 -0.117990 0.000149
-0.460245 -0.116909 -0.000491
-0.444948 -0.118352 0.000152
-0.429782 -0.117570 0.000094
-0.411936 -0.119655 0.000742
-0.393461 -0.118080 -0.001194
-0.378537 -0.117516 0.000699
-0.360887 -0.117709 -0.001196
-0.344282 -0.118409 -0.000142
-0.328501 -0.117371 -0.000807
-0.311392 -0.118195 0.000643
-0.294929 -0.119306 -0.001046
-0.277991 -0.119262 0.000124
-0.259076 -0.117952 -0.000233
-0.243371 -0.116566 -0.002579
-0.224834 -0.118404 -0.000360
-0.208545 -0.118972 0.000414
-0.191894 -0.118341 -0.000486
-0.177894 -0.118562 -0.000626
-0.159295 -0.117310 -0.000370
-0.142692 -0.119084 -0.000716
-0.127735 -0.117695 -0.001039
-0.108668 -0.117365 0.001040
-0.092770 -0.119685 0.000805
-0.075111 -0.117543 0.000322
-0.061535 -0.119272 -0.000860
-0.043277 -0.116656 0.000116
-0.023470 -0.118154 0.001381
-0.006436 -0.119823 -0.001327
0.007092 -0.118720 -0.000543
0.024124 -0.116998 0.000760
0.041029 -0.118468 -0.000373
0.059350 -0.117214 -0.000926
0.075669 -0.118541 0.000919
0.093125 -0.116669 -0.000583
0.108791 -0.117798 -0.001391
0.127693 -0.116347 -0.000169
0.141865 -0.116684 -0.000240
0.159469 -0.116819 -0.001605
0.175776 -0.118980 -0.000877
0.194975 -0.117832 -0.000811
0.210067 -0.116247 -0.001762
0.226178 -0.117552 -0.000139
0.242683 -0.117863 0.000833
0.259275 -0.116574 -0.000943
0.277198 -0.119380 0.000030
0.295868 -0.118204 -0.000754
0.311147 -0.119122 -0.001574
0.327842 -0.118277 0.000847
0.343765 -0.117193 0.001348
0.362730 -0.119640 -0.000023
0.376648 -0.119161 -0.001703
0.394912 -0.118310 -0.001225
0.410667 -0.117117 0.002424
0.428260 -0.120250 -0.000866
0.444846 -0.120501 0.000548
0.462040 -0.119427 -0.000885
0.479244 -0.119078 -0.001367
0.495213 -0.118150 0.000960
0.513177 -0.116910 -0.001686
0.531041 -0.117843 -0.000559
0.545525 -0.119636 0.002011
0.562333 -0.118549 0.000723
0.580018 -0.118489 0.001511
0.598002 -0.118330 0.000350
0.613562 -0.117421 -0.000671
0.631240 -0.117816 0.001075
0.648149 -0.119091 -0.002343
0.664661 -0.119833 0.000577
0.681537 -0.119037 -0.000500
0.698108 -0.119026 0.000045
0.713583 -0.118054 0.000336
0.730682 -0.117493 -0.000397
0.748420 -0.117990 0.000435
0.765108 -0.118322 -0.000215
0.779453 -0.118709 0.000983
0.797794 -0.117976 -0.001517
0.814493 -0.117332 0.000517
0.832346 -0.117677 0.000297
0.851310 -0.117295 0.001513
0.866214 -0.117885 0.000516
0.884791 -0.118204 0.000469
0.899161 -0.118763 0.000772
0.916205 -0.118583 -0.000436
0.931746 -0.119189 0.000681
0.948687 -0.120087 0.001463
0.965837 -0.119389 -0.000247
0.983142 -0.117406 -0.000486
1.000922 -0.118786 0.000815
-0.998679 -0.103077 0.000878
-0.983750 -0.102273 -0.000382
-0.966388 -0.101130 0.001085
-0.949740 -0.102924 0.000280
-0.933746 -0.102252 -0.001170
-0.916687 -0.102722 -0.001247
-0.899828 -0.103833 0.001796
-0.883618 -0.099552 -0.000101
-0.867579 -0.101217 -0.000717
-0.849411 -0.102538 -0.002045
-0.832179 -0.101171 -0.000149
-0.813579 -0.102445 0.000676
-0.798823 -0.101493 -0.001314
-0.782553 -0.101427 -0.000468
-0.763725 -0.102292 -0.000599
-0.746591 -0.101849 -0.000630
-0.731165 -0.101654 0.000804
-0.715915 -0.101031 0.001014
-0.697884 -0.103019 0.000503
-0.679228 -0.102204 -0.001521
-0.664060 -0.101853 -0.000489
-0.647964 -0.102038 -0.000458
-0.630637 -0.101679 0.000412
-0.613201 -0.104326 0.000666
-0.598342 -0.104061 0.001493
-0.578866 -0.101888 0.001253
-0.563013 -0.101656 0.000538
-0.544389 -0.101383 -0.001099
-0.531725 -0.102407 -0.000820
-0.510751 -0.101786 0.000480
-0.495419 -0.102558 0.002127
-0.478826 -0.104050 -0.000645
-0.464852 -0.100906 0.002029
-0.447065 -0.099938 -0.000935
-0.428040 -0.102552 0.000670
-0.412564 -0.099209 -0.000697
-0.394765 -0.103287 -0.001050
-0.378541 -0.101127 -0.000718
-0.362217 -0.101866 -0.001275
-0.345604 -0.101963 -0.000721
-0.327233 -0.102034 -0.000150
-0.311899 -0.101570 0.000644
-0.294270 -0.102809 0.000548
-0.277676 -0.102519 -0.001319
-0.260338 -0.101393 -0.000420
-0.241684 -0.104074 0.000963
-0.227926 -0.103168 -0.000563
-0.209260 -0.102372 0.000686
-0.194029 -0.102199 -0.000134
-0.177796 -0.101775 -0.002125
-0.160838 -0.102885 -0.000954
-0.143768 -0.103165 -0.001177
-0.126556 -0.101885 0.000178
-0.111260 -0.101379 -0.000923
-0.090955 -0.102525 0.001651
-0.076908 -0.101524 -0.001087
-0.059544 -0.101314 0.000691
-0.042037 -0.102733 0.001279
-0.025621 -0.102494 -0.000253
-0.007512 -0.101502 0.001454
0.009136 -0.102191 0.000793
0.023859 -0.104333 0.001631
0.042512 -0.102828 -0.000693
0.056907 -0.100972 0.001628
0.074797 -0.102646 -0.000418
0.092977 -0.102950 -0.001011
0.108583 -0.102018 -0.000310
0.126838 -0.101013 -0.000423
0.142677 -0.103827 0.000168
0.159158 -0.102941 -0.000038
0.175733 -0.101796 0.000868
0.194246 -0.103898 0.000230
0.210886 -0.104303 -0.000439
0.224864 -0.103058 0.000203
0.242171 -0.104666 0.000682
0.260939 -0.101247 0.000173
0.277229 -0.101788 -0.000337
0.294104 -0.102930 0.000359
0.310844 -0.101320 -0.000691
0.330107 -0.101673 -0.000552
0.343542 -0.101908 0.000720
0.360671 -0.102770 0.000351
0.376816 -0.103046 0.001849
0.394605 -0.103794 -0.001295
0.412578 -0.100476 0.001282
0.428645 -0.101514 -0.000220
0.445319 -0.102638 0.000257
0.460806 -0.101582 -0.000895
0.478641 -0.101081 0.000695
0.496528 -0.101683 -0.000524
0.512951 -0.101432 0.000585
0.529789 -0.100960 -0.001423
0.546850 -0.102328 -0.001021
0.562730 -0.103626 0.000171
0.579900 -0.102049 0.000104
0.596857 -0.100289 0.000433
0.611962 -0.101833 0.000924
0.630854 -0.101154 -0.000651
0.647514 -0.102503 -0.000553
0.664712 -0.102236 -0.001231
0.681177 -0.101329 -0.001467
0.698084 -0.102226 0.000698
0.713505 -0.102728 0.002048
0.729515 -0.102234 0.001019
0.746651 -0.102435 0.001041
0.763985 -0.102756 -0.001031
0.780590 -0.102299 0.000032
0.798899 -0.102921 0.001122
0.814771 -0.102897 -0.000352
0.831677 -0.101929 0.000314
0.848184 -0.101277 -0.000994
0.864785 -0.101850 -0.000164
0.883464 -0.103155 0.001767
0.898892 -0.101253 -0.001319
0.916530 -0.102245 0.000978
0.932872 -0.101722 -0.002219
0.950733 -0.103711 -0.000224
0.966105 -0.102129 0.000776
0.982830 -0.102920 0.001068
0.999379 -0.101849 0.001178
-0.999496 -0.087269 0.000597
-0.982759 -0.084442 0.000723
-0.968192 -0.086490 -0.000988
-0.947680 -0.086772 0.000697
-0.932773 -0.085569 0.000758
-0.914942 -0.088386 0.002180
-0.899005 -0.086752 0.000959
-0.881493 -0.087072 -0.001088
-0.866864 -0.086475 0.000071
-0.848938 -0.084982 0.000093
-0.832043 -0.086205 0.001424
-0.816253 -0.088428 -0.001404
-0.799881 -0.086498 0.000147
-0.781689 -0.085701 0.001729
-0.763272 -0.085826 0.000940
-0.747703 -0.085512 0.000428
-0.730348 -0.088245 -0.000445
-0.712888 -0.086057 0.001072
-0.698271 -0.086562 -0.000103
-0.681980 -0.086375 0.001167
-0.663788 -0.085835 0.000966
-0.646591 -0.086734 0.000291
-0.629794 -0.086388 0.001023
-0.613144 -0.086111 -0.000241
-0.595400 -0.086480 -0.000463
-0.581732 -0.086166 -0.000942
-0.562682 -0.087461 0.000064
-0.545412 -0.086268 -0.001164
-0.530861 -0.085848 -0.001250
-0.511580 -0.086271 -0.000073
-0.494254 -0.084881 0.000357
-0.479278 -0.086487 0.000099
-0.461844 -0.086310 0.000514
-0.445117 -0.087228 0.001252
-0.427724 -0.086685 0.000454
-0.412095 -0.088263 -0.001116
-0.395737 -0.086656 0.000180
-0.378989 -0.085731 -0.000533
-0.362080 -0.085885 0.000790
-0.344558 -0.086168 0.000045
-0.329112 -0.084945 0.001247
-0.312440 -0.086672 -0.001324
-0.294477 -0.087597 -0.000625
-0.278326 -0.087511 0.000641
-0.260100 -0.086368 -0.000178
-0.244776 -0.086920 -0.001208
-0.227360 -0.086143 0.000076
-0.210917 -0.086432 0.000020
-0.192828 -0.085781 -0.000147
-0.177059 -0.087019 0.000096
-0.159064 -0.087010 0.000002
-0.143283 -0.087942 0.001192
-0.124883 -0.084493 0.000117
-0.109165 -0.088053 0.000329
-0.091494 -0.088104 0.000976
-0.074036 -0.085571 0.001678
-0.059597 -0.085721 -0.000388
-0.041167 -0.086664 -0.000144
-0.024548 -0.086125 -0.000434
-0.010296 -0.086851 -0.000110
0.009557 -0.085358 -0.001232
0.025105 -0.085959 -0.001616
0.043017 -0.086812 0.000042
0.059498 -0.085913 0.001203
0.075648 -0.086862 0.002082
0.092434 -0.086062 -0.000734
0.108355 -0.085665 0.000323
0.126046 -0.087020 0.001370
0.143868 -0.086960 -0.000288
0.158635 -0.084980 0.001318
0.176585 -0.086431 0.000047
0.194524 -0.085927 0.000227
0.208414 -0.086419 -0.000847
0.227937 -0.086026 -0.001570
0.245644 -0.085299 0.001881
0.260172 -0.086682 0.000568
0.278439 -0.085642 0.000566
0.293381 -0.088396 0.000694
0.310940 -0.084470 -0.001197
0.327066 -0.086460 -0.000542
0.343525 -0.086008 0.000179
0.359554 -0.085913 0.001613
0.378872 -0.087722 -0.001333
0.395242 -0.087714 0.000803
0.411583 -0.085741 -0.000379
0.428271 -0.085546 -0.000646
0.445123 -0.086783 -0.000839
0.462897 -0.085148 -0.000090
0.478315 -0.087318 0.001273
0.495702 -0.086759 0.000658
0.513554 -0.086618 0.001137
0.528562 -0.086465 -0.000225
0.546782 -0.087346 0.001070
0.562604 -0.087184 0.000175
0.579105 -0.085814 -0.001602
0.593971 -0.088380 0.001351
0.614992 -0.085121 -0.000251
0.631261 -0.085748 0.001597
0.647385 -0.086431 -0.001112
0.663586 -0.085744 0.000672
0.682947 -0.088144 0.000046
0.698167 -0.086864 0.002032
0.714559 -0.086126 -0.000063
0.730697 -0.084692 0.000473
0.747933 -0.087430 0.000795
0.765231 -0.086108 0.000322
0.781698 -0.086420 -0.001380
0.799423 -0.086238 0.000163
0.816831 -0.086872 -0.000195
0.829439 -0.085670 -0.001359
0.846700 -0.084492 0.000086
0.866575 -0.085558 -0.000579
0.884939 -0.086608 -0.000018
0.899797 -0.086188 0.000105
0.916446 -0.086794 0.000145
0.933067 -0.086993 -0.001056
0.949370 -0.087356 -0.000645
0.966808 -0.086426 -0.000381
0.982813 -0.084343 -0.000868
1.001477 -0.086299 0.001239
-1.000284 -0.071043 -0.000616
-0.986600 -0.071177 0.001199
-0.967794 -0.070332 0.000248
-0.950695 -0.071983 -0.000412
-0.932590 -0.071161 0.000126
-0.916432 -0.072122 0.001776
-0.899679 -0.069047 0.001665
-0.882639 -0.069498 0.000145
-0.867333 -0.072775 0.002216
-0.849692 -0.071023 0.000535
-0.832224 -0.072099 -0.000521
-0.816975 -0.069736 -0.000583
-0.799361 -0.070297 -0.000860
-0.781082 -0.068864 0.001398
-0.765892 -0.070381 0.001585
-0.746812 -0.070396 -0.000267
-0.733178 -0.070321 -0.001008
-0.712677 -0.071500 0.000513
-0.697094 -0.071163 -0.001197
-0.679901 -0.071844 0.001488
-0.664282 -0.071470 0.000973
-0.650308 -0.069406 -0.000070
-0.629923 -0.070805 -0.000465
-0.612428 -0.072673 -0.000388
-0.596621 -0.070681 -0.000253
-0.578799 -0.070653 -0.000001
-0.562800 -0.071000 0.000896
-0.546882 -0.070678 0.001240
-0.528893 -0.070528 -0.000544
-0.513249 -0.070931 0.000178
-0.494066 -0.070519 0.000102
-0.477845 -0.070572 0.000261
-0.464746 -0.068305 -0.000551
-0.444015 -0.069961 0.000684
-0.429621 -0.070273 0.000354
-0.412592 -0.071236 0.000844
-0.396168 -0.070321 -0.000242
-0.377486 -0.069542 -0.000303
-0.360712 -0.069945 0.001151
-0.343327 -0.070809 0.000614
-0.327629 -0.070163 0.000435
-0.309488 -0.069619 -0.001017
-0.295587 -0.068910 0.000017
-0.278050 -0.069198 0.001408
-0.260055 -0.071165 -0.001746
-0.241626 -0.071825 0.000885
-0.227030 -0.072149 -0.001028
-0.210097 -0.071115 0.000293
-0.193600 -0.070249 -0.001281
-0.174598 -0.071207 0.000653
-0.160393 -0.070830 -0.000354
-0.142028 -0.069950 0.001124
-0.126946 -0.072270 0.000820
-0.109516 -0.069104 0.000433
-0.093594 -0.070973 0.000349
-0.075241 -0.071058 -0.001278
-0.058754 -0.069797 -0.000535
-0.040727 -0.071589 0.000029
-0.024267 -0.070481 0.000974
-0.009106 -0.071091 0.000314
0.008281 -0.069842 0.001326
0.025563 -0.072669 -0.000018
0.041848 -0.071797 0.000535
0.057968 -0.070635 -0.000253
0.075768 -0.071203 -0.001259
0.092289 -0.072565 0.000563
0.108985 -0.068052 0.000737
0.126878 -0.070164 -0.000577
0.143242 -0.071764 0.001374
0.158534 -0.071838 0.001053
0.176160 -0.072666 -0.001544
0.195226 -0.070199 0.000780
0.210151 -0.070583 -0.000009
0.227312 -0.068981 0.000194
0.244559 -0.070731 0.001435
0.259476 -0.069980 -0.000769
0.277101 -0.071447 -0.001084
0.294409 -0.069510 0.000397
0.311752 -0.071017 0.000057
0.328063 -0.068258 0.001469
0.342596 -0.071071 -0.000171
0.362004 -0.071513 -0.001332
0.379913 -0.071194 0.001064
0.393653 -0.070916 -0.000042
0.411765 -0.072987 -0.000338
0.429086 -0.071128 -0.000801
0.446676 -0.071269 -0.002405
0.461350 -0.070831 0.000817
0.478900 -0.071615 -0.000018
0.496379 -0.071753 0.001042
0.512763 -0.070604 0.001525
0.530661 -0.068865 -0.001021
0.546819 -0.070836 -0.000830
0.562234 -0.070757 -0.000896
0.580480 -0.070641 0.000159
0.595259 -0.070590 -0.000056
0.612327 -0.069814 -0.000226
0.628919 -0.072507 -0.000880
0.645740 -0.070277 0.000397
0.665031 -0.070394 0.000485
0.681309 -0.069753 -0.000046
0.696803 -0.070753 0.000095
0.715908 -0.070217 0.000057
0.729671 -0.070549 -0.000390
0.748428 -0.070455 -0.001310
0.764228 -0.071233 -0.000467
0.780900 -0.069963 -0.000233
0.798166 -0.071804 0.002253
0.813514 -0.068964 -0.001626
0.830956 -0.069458 -0.000558
0.849501 -0.071547 0.001247
0.866009 -0.069931 0.000245
0.882263 -0.071634 0.000679
0.900329 -0.071664 -0.001148
0.914316 -0.072005 0.001875
0.934397 -0.069215 -0.001046
0.949953 -0.071815 0.000436
0.968237 -0.071208 0.000536
0.981409 -0.070133 -0.001520
0.999667 -0.069501 0.000551
-1.000817 -0.054947 -0.000139
-0.983173 -0.055989 0.000010
-0.964841 -0.053038 -0.002104
-0.948581 -0.055200 -0.000207
-0.931657 -0.054294 0.001050
-0.914177 -0.053707 0.000913
-0.898305 -0.056203 -0.000662
-0.883367 -0.056945 0.000397
-0.865669 -0.055528 -0.000120
-0.849374 -0.055497 -0.000778
-0.831792 -0.054014 -0.001433
-0.814229 -0.055478 -0.001783
-0.798376 -0.055495 0.000202
-0.780767 -0.054985 0.000477
-0.766295 -0.055376 0.001046
-0.747995 -0.055133 0.000106
-0.731714 -0.054319 -0.000995
-0.715167 -0.055630 -0.001884
-0.696418 -0.054830 -0.000818
-0.681335 -0.053918 -0.000675
-0.662880 -0.055623 -0.000856
-0.647168 -0.053858 -0.000473
-0.629590 -0.054905 0.000206
-0.616249 -0.055649 0.000597
-0.596241 -0.054493 0.001789
-0.577286 -0.055742 -0.000062
-0.562225 -0.055808 0.001694
-0.547681 -0.055838 0.000373
-0.529677 -0.054776 0.001191
-0.513175 -0.054477 -0.000735
-0.496197 -0.056427 -0.000439
-0.478584 -0.055584 -0.000904
-0.461290 -0.055051 0.002135
-0.445622 -0.054136 0.000806
-0.426642 -0.055033 -0.001668
-0.412312 -0.052816 0.000305
-0.394127 -0.055142 0.001143
-0.378136 -0.054481 0.001350
-0.360274 -0.054985 -0.001844
-0.345268 -0.054969 -0.000141
-0.327444 -0.055524 0.001470
-0.309340 -0.054637 0.001431
-0.295299 -0.054210 -0.001130
-0.277880 -0.056031 0.000618
-0.260102 -0.053888 -0.000796
-0.243766 -0.055760 0.000112
-0.226372 -0.054604 0.001942
-0.211908 -0.055337 -0.000934
-0.192545 -0.056048 -0.002501
-0.177114 -0.055116 -0.000727
-0.157693 -0.056426 -0.001171
-0.143567 -0.054295 0.000355
-0.126608 -0.055967 -0.000310
-0.110041 -0.055191 -0.000102
-0.093589 -0.055025 -0.001488
-0.074903 -0.053813 0.001833
-0.056712 -0.055879 -0.001025
-0.043075 -0.056692 0.000854
-0.025636 -0.054970 0.000238
-0.008975 -0.055414 -0.001027
0.008902 -0.054097 -0.000156
0.025684 -0.054931 -0.000903
0.043430 -0.054796 -0.001832
0.058695 -0.057126 -0.000810
0.075450 -0.055061 -0.000008
0.092337 -0.055098 0.000972
0.108606 -0.055864 0.002438
0.127058 -0.054285 -0.002051
0.143611 -0.053880 0.000984
0.161295 -0.055378 0.000697
0.177624 -0.053338 -0.000294
0.195093 -0.056113 0.000607
0.210141 -0.055725 -0.000961
0.227793 -0.056461 0.000801
0.243824 -0.057574 0.000641
0.260292 -0.055484 -0.000465
0.275702 -0.055247 0.000497
0.293094 -0.055109 0.001923
0.310517 -0.053782 0.000313
0.325663 -0.056345 0.000343
0.342960 -0.055088 0.000668
0.361195 -0.054998 -0.000357
0.379571 -0.053484 -0.001564
0.395419 -0.054569 -0.001822
0.411488 -0.053994 0.000931
0.428476 -0.053910 -0.000555
0.445249 -0.056233 -0.001085
0.462696 -0.054301 -0.000840
0.478970 -0.055790 -0.000120
0.496994 -0.055622 0.000536
0.511377 -0.056115 -0.000072
0.529085 -0.056385 0.000517
0.546776 -0.057058 -0.000041
0.562329 -0.054059 -0.001803
0.579527 -0.055895 0.000276
0.596250 -0.054726 0.000307
0.612569 -0.054704 0.001136
0.629697 -0.055515 0.000549
0.648327 -0.055249 0.001510
0.664915 -0.054386 0.000517
0.680331 -0.053852 0.001396
0.698707 -0.054006 -0.000461
0.713735 -0.055161 -0.001043
0.732091 -0.055746 0.000875
0.748007 -0.056317 -0.000023
0.765149 -0.055518 -0.000140
0.781327 -0.052481 0.001144
0.797961 -0.055493 -0.002169
0.815270 -0.054265 0.000401
0.832501 -0.055959 0.001243
0.848314 -0.055495 -0.000612
0.865634 -0.055035 0.000971
0.882969 -0.054856 0.002265
0.899534 -0.055653 -0.000376
0.916706 -0.055199 -0.000267
0.930584 -0.054277 -0.001059
0.948921 -0.056149 0.001633
0.965731 -0.054452 -0.001819
0.983858 -0.056519 -0.001217
0.999873 -0.055003 -0.000541
-0.998484 -0.037664 -0.000416
-0.983468 -0.040914 0.000877
-0.967225 -0.038860 -0.000793
-0.948330 -0.039804 -0.000193
-0.932045 -0.038363 0.000495
-0.915760 -0.040641 -0.000333
-0.901103 -0.038204 0.000277
-0.883018 -0.040173 0.001266
-0.866139 -0.038468 0.000849
-0.847137 -0.039511 0.000448
-0.832853 -0.039209 0.000815
-0.816839 -0.040735 0.000034
-0.798577 -0.039155 0.001098
-0.781759 -0.041139 0.000292
-0.766357 -0.040670 -0.000352
-0.746970 -0.040631 0.000133
-0.731785 -0.039774 0.000652
-0.713935 -0.036657 -0.002516
-0.697835 -0.041668 -0.000867
-0.680209 -0.038888 -0.000405
-0.662295 -0.040573 0.001161
-0.647745 -0.041317 0.000494
-0.630100 -0.039022 -0.001207
-0.612207 -0.038812 0.001337
-0.596854 -0.038438 -0.000518
-0.580633 -0.038500 0.000242
-0.562496 -0.040157 -0.000880
-0.546965 -0.039673 0.001025
-0.530045 -0.038815 0.000271
-0.512957 -0.036444 0.000782
-0.497911 -0.040016 0.000140
-0.479853 -0.037608 0.001000
-0.463020 -0.039019 -0.000832
-0.446483 -0.040069 -0.000735
-0.426771 -0.039252 -0.000225
-0.412332 -0.038996 -0.001270
-0.394735 -0.038527 -0.000918
-0.378135 -0.038530 -0.000018
-0.359809 -0.038053 0.000642
-0.343070 -0.040588 0.001859
-0.328773 -0.038220 -0.000067
-0.310816 -0.037931 -0.000425
-0.293631 -0.040136 0.001243
-0.276025 -0.038790 0.000016
-0.260865 -0.040804 0.000717
-0.245392 -0.039906 -0.000617
-0.226807 -0.038728 0.000691
-0.208954 -0.040733 0.001100
-0.193361 -0.040663 -0.001218
-0.173901 -0.040760 0.000964
-0.159803 -0.038396 0.000525
-0.141525 -0.040027 -0.000456
-0.126402 -0.038690 0.000034
-0.110567 -0.039117 0.000987
-0.091521 -0.039092 -0.000854
-0.074931 -0.039255 -0.001568
-0.058491 -0.039737 0.000737
-0.042692 -0.039784 -0.000582
-0.026242 -0.038961 0.001018
-0.005871 -0.039651 -0.001840
0.008490 -0.038988 -0.001099
0.026320 -0.040597 0.002858
0.042112 -0.039102 -0.000483
0.058956 -0.038473 0.001956
0.075858 -0.040660 -0.000311
0.091536 -0.040493 0.000817
0.108283 -0.037819 -0.000010
0.127210 -0.039082 0.000268
0.141835 -0.040462 0.001094
0.158224 -0.039111 0.000029
0.174787 -0.038999 -0.001075
0.192664 -0.040504 0.002595
0.209619 -0.037703 -0.001182
0.226751 -0.039374 -0.001553
0.244559 -0.037207 0.001157
0.261346 -0.038772 -0.000480
0.277756 -0.039163 -0.000451
0.293662 -0.039852 0.000870
0.311397 -0.039343 0.000335
0.326535 -0.038747 0.001699
0.344933 -0.038140 -0.000016
0.361902 -0.040367 0.000858
0.376909 -0.039857 -0.002389
0.395835 -0.039056 0.001290
0.413959 -0.037583 -0.000889
0.429920 -0.039452 -0.000922
0.446901 -0.038595 0.001254
0.462258 -0.041085 -0.000225
0.478196 -0.040263 -0.001257
0.493674 -0.040017 0.000903
0.512377 -0.038742 0.000238
0.528560 -0.040866 0.000800
0.546510 -0.038632 -0.000872
0.561301 -0.039742 -0.001063
0.578482 -0.040295 -0.001750
0.595304 -0.042562 -0.000144
0.614744 -0.039934 0.000646
0.628979 -0.038629 0.000454
0.647488 -0.040046 -0.001167
0.663666 -0.040451 0.001373
0.681756 -0.039289 0.000305
0.696024 -0.038019 0.000916
0.715118 -0.038435 0.002348
0.732830 -0.040083 -0.000651
0.748332 -0.038987 0.001179
0.764098 -0.038250 0.000374
0.781664 -0.040610 0.000226
0.798539 -0.039322 0.000505
0.814219 -0.038486 0.001269
0.831047 -0.040490 0.001226
0.848585 -0.039746 0.000535
0.866779 -0.041619 -0.002846
0.880902 -0.038673 0.000192
0.899844 -0.039838 0.000166
0.916753 -0.038867 -0.000855
0.934231 -0.040641 -0.001648
0.950732 -0.039516 0.000306
0.964964 -0.038673 0.002605
0.982242 -0.039793 0.000526
0.999643 -0.040546 0.000401
-1.001289 -0.023051 0.001290
-0.982072 -0.022473 0.000745
-0.965374 -0.022917 0.000813
-0.949883 -0.022544 -0.001125
-0.932496 -0.023621 0.000436
-0.914871 -0.022102 -0.002204
-0.897758 -0.021850 0.001101
-0.879919 -0.023205 -0.000263
-0.864516 -0.024959 -0.000364
-0.846825 -0.023680 0.001399
-0.830667 -0.025302 -0.000054
-0.815097 -0.024671 0.002073
-0.798914 -0.024336 -0.000510
-0.782125 -0.022364 -0.001418
-0.765586 -0.020962 0.000622
-0.747360 -0.023884 0.001283
-0.732115 -0.024003 0.000171
-0.715043 -0.023843 -0.000797
-0.695290 -0.022581 0.000263
-0.681509 -0.024090 0.001412
-0.664889 -0.022954 -0.000372
-0.646815 -0.024093 -0.000466
-0.629410 -0.024163 0.001533
-0.614123 -0.023556 0.001548
-0.596504 -0.023622 -0.000529
-0.580181 -0.024310 0.000129
-0.563730 -0.024151 -0.001715
-0.545154 -0.022505 0.000033
-0.529989 -0.022987 0.000932
-0.512899 -0.024782 -0.000486
-0.497622 -0.022811 0.000500
-0.479041 -0.023544 -0.000345
-0.461385 -0.024360 -0.002054
-0.445651 -0.022909 0.001114
-0.429575 -0.023081 0.000057
-0.413556 -0.024197 0.000180
-0.392884 -0.024788 0.000766
-0.377350 -0.023920 -0.001076
-0.362257 -0.023818 0.001538
-0.344941 -0.024255 -0.000698
-0.325059 -0.024831 0.000233
-0.310496 -0.024260 0.000163
-0.294358 -0.023130 -0.001290
-0.278093 -0.024270 0.000677
-0.260033 -0.024382 -0.001698
-0.244322 -0.023181 -0.000963
-0.227810 -0.023662 0.000090
-0.211414 -0.024423 0.001802
-0.193420 -0.025207 0.000547
-0.175754 -0.024853 0.000064
-0.157936 -0.023778 0.000712
-0.143831 -0.024128 0.001182
-0.126667 -0.022344 -0.001120
-0.109550 -0.024609 -0.000258
-0.092867 -0.024402 -0.000557
-0.074948 -0.025267 0.000107
-0.060828 -0.024382 -0.000535
-0.040466 -0.022880 0.001101
-0.025776 -0.024971 0.002762
-0.007323 -0.022851 0.000323
0.009218 -0.024333 0.000862
0.025692 -0.023544 -0.000020
0.041267 -0.021665 -0.000042
0.058019 -0.023223 0.001439
0.076180 -0.024093 -0.000403
0.090837 -0.024482 -0.000320
0.109986 -0.024068 0.000497
0.125744 -0.023335 0.001084
0.141912 -0.021333 0.000883
0.156786 -0.023622 -0.000045
0.177110 -0.023406 0.001593
0.193559 -0.022853 -0.000681
0.209804 -0.023893 0.001048
0.229175 -0.024133 -0.001490
0.244205 -0.021683 0.000339
0.259696 -0.024008 -0.000766
0.276247 -0.023334 0.000158
0.292499 -0.021545 0.000395
0.312243 -0.023948 -0.000324
0.327536 -0.024411 -0.000057
0.343372 -0.025241 0.002159
0.362061 -0.022845 -0.001456
0.376049 -0.025003 0.000577
0.395867 -0.022550 -0.000986
0.411576 -0.023893 0.001525
0.427897 -0.025028 0.000468
0.446733 -0.024736 -0.001212
0.461686 -0.022861 0.000258
0.480852 -0.024184 -0.000070
0.496545 -0.024202 -0.000913
0.513257 -0.023851 0.000286
0.530025 -0.025220 0.000073
0.545624 -0.024919 -0.001603
0.562154 -0.022675 0.000031
0.581087 -0.023621 -0.000098
0.596633 -0.023542 0.001159
0.612679 -0.022057 0.000712
0.630369 -0.023981 -0.000378
0.645871 -0.024662 0.000157
0.662470 -0.021763 -0.002834
0.680927 -0.024248 0.000878
0.696950 -0.023177 0.000662
0.713868 -0.025061 -0.000650
0.731194 -0.023807 0.001716
0.748100 -0.022290 -0.000366
0.765633 -0.023089 0.000480
0.781940 -0.021895 -0.000129
0.795660 -0.023434 0.001382
0.816755 -0.021971 0.000684
0.829609 -0.022345 0.000023
0.848749 -0.024922 0.001184
0.865575 -0.024678 0.000923
0.881792 -0.023428 0.000603
0.898702 -0.022076 0.000076
0.916468 -0.022625 -0.000627
0.931924 -0.023015 0.002066
0.949214 -0.024642 0.000763
0.966882 -0.022934 -0.001792
0.984899 -0.021564 0.000912
0.997986 -0.023281 -0.001937
-0.999371 -0.005968 -0.000690
-0.983459 -0.005943 0.001152
-0.967245 -0.008232 -0.000342
-0.949773 -0.008897 0.001721
-0.933864 -0.008822 0.002596
-0.916032 -0.009309 0.000876
-0.900999 -0.007477 -0.000833
-0.882096 -0.008303 -0.001142
-0.864968 -0.007599 0.000188
-0.852272 -0.007741 0.000603
-0.830731 -0.008027 0.000309
-0.815799 -0.007745 -0.000399
-0.798651 -0.006627 0.000612
-0.781160 -0.007600 -0.000733
-0.764678 -0.006434 -0.001124
-0.748398 -0.006276 0.001016
-0.730799 -0.007526 -0.000907
-0.713547 -0.006220 0.000279
-0.698384 -0.007866 0.000065
-0.678858 -0.007384 -0.000682
-0.664648 -0.008512 -0.000688
-0.647675 -0.007320 0.000501
-0.628642 -0.006497 -0.000656
-0.611358 -0.007173 0.001358
-0.597342 -0.006980 -0.000003
-0.580790 -0.008265 -0.000856
-0.563052 -0.008275 -0.000396
-0.546549 -0.010145 0.000153
-0.529640 -0.007096 0.000912
-0.513517 -0.007375 0.001471
-0.497683 -0.007648 -0.000448
-0.478390 -0.009403 -0.000795
-0.463531 -0.009077 -0.000919
-0.445620 -0.007220 -0.000573
-0.429751 -0.007684 0.000031
-0.411196 -0.007449 -0.000315
-0.393886 -0.006821 -0.000355
-0.379078 -0.008146 -0.000459
-0.361305 -0.006950 0.000084
-0.344470 -0.007533 0.001359
-0.326164 -0.007578 0.001794
-0.310475 -0.007566 0.000761
-0.293742 -0.007000 -0.000368
-0.276809 -0.008284 -0.001330
-0.258859 -0.007176 0.000196
-0.244046 -0.007913 0.001133
-0.227117 -0.006879 0.001006
-0.210764 -0.006790 -0.001057
-0.192975 -0.009583 -0.001988
-0.176642 -0.007494 0.000857
-0.160106 -0.008431 0.000055
-0.142202 -0.007512 -0.000977
-0.126663 -0.008514 -0.000333
-0.109753 -0.008914 0.000589
-0.092509 -0.006486 0.000746
-0.074413 -0.008033 0.000370
-0.058908 -0.009210 0.001001
-0.041577 -0.008046 -0.001895
-0.026019 -0.008168 0.001626
-0.007958 -0.007125 -0.000756
0.006913 -0.008120 -0.001192
0.024838 -0.006288 0.000048
0.041519 -0.006392 -0.000311
0.058045 -0.007131 0.001223
0.073764 -0.006963 0.000525
0.090670 -0.006210 -0.000246
0.107769 -0.009046 -0.000727
0.124728 -0.008839 0.001329
0.142810 -0.006804 0.000061
0.158024 -0.008198 -0.001446
0.176285 -0.007479 0.000527
0.192427 -0.006905 0.000749
0.209552 -0.007697 0.000752
0.228011 -0.008893 0.000783
0.244698 -0.006081 -0.001009
0.259867 -0.006120 0.000462
0.279098 -0.010940 0.002903
0.293819 -0.006118 0.000368
0.309924 -0.006249 -0.002558
0.326523 -0.006352 -0.001566
0.345414 -0.006565 0.000715
0.363482 -0.006714 -0.001130
0.377902 -0.008981 -0.000472
0.396187 -0.007145 0.001521
0.410609 -0.008030 -0.000751
0.428624 -0.007558 -0.002218
0.445775 -0.007134 -0.001501
0.461751 -0.006556 -0.000213
0.479114 -0.008591 0.001441
0.496137 -0.008160 -0.000933
0.512513 -0.007934 0.000865
0.528588 -0.008162 0.001308
0.545919 -0.007668 -0.000839
0.564370 -0.009209 -0.000090
0.580237 -0.010224 -0.000596
0.595923 -0.008624 0.000539
0.612987 -0.010034 -0.000669
0.631228 -0.009451 0.001260
0.646955 -0.007420 0.001959
0.663477 -0.009109 0.000445
0.681456 -0.009274 0.001517
0.697049 -0.006169 -0.001171
0.715443 -0.005784 0.002026
0.729905 -0.008475 -0.000224
0.748941 -0.006822 -0.000204
0.763130 -0.007190 -0.000021
0.781875 -0.008474 -0.000102
0.797587 -0.008186 -0.000032
0.815443 -0.007458 0.001463
0.831202 -0.009161 -0.000124
0.848259 -0.007501 -0.000654
0.865684 -0.007419 -0.001357
0.881524 -0.008362 -0.000046
0.898750 -0.008200 -0.000027
0.914853 -0.008722 -0.001868
0.932338 -0.008107 0.001788
0.948954 -0.008040 -0.000208
0.963812 -0.008678 -0.001024
0.982266 -0.007426 -0.000750
1.001432 -0.007038 -0.000105
-1.001738 0.008184 0.000702
-0.983248 0.009613 -0.001133
-0.966590 0.006661 -0.000583
-0.950044 0.008114 0.001267
-0.931034 0.009246 0.000203
-0.915504 0.008017 0.000505
-0.899622 0.007506 0.001908
-0.882948 0.007592 0.000392
-0.865520 0.008567 -0.000400
-0.849418 0.008899 -0.000095
-0.830317 0.007591 0.000555
-0.814427 0.007763 0.000994
-0.798713 0.007302 -0.000584
-0.781692 0.008424 -0.000346
-0.764229 0.008145 -0.000301
-0.748735 0.008758 0.001080
-0.728905 0.007902 0.000325
-0.715388 0.006732 -0.000887
-0.696887 0.009361 -0.000657
-0.681925 0.008223 0.000021
-0.664120 0.007470 -0.001482
-0.648054 0.009688 -0.000657
-0.630382 0.007487 0.000013
-0.611862 0.008306 0.000354
-0.598520 0.007323 -0.001607
-0.579135 0.006208 0.000166
-0.563945 0.007133 0.000382
-0.544374 0.007875 0.001201
-0.529571 0.008008 -0.000239
-0.513856 0.005960 -0.000541
-0.496402 0.005931 0.000752
-0.477115 0.009483 -0.000067
-0.461206 0.007922 0.000704
-0.447001 0.006493 0.000885
-0.427510 0.006611 -0.000572
-0.410591 0.007610 0.000083
-0.394534 0.007386 0.000779
-0.378484 0.006814 -0.002266
-0.361740 0.006778 0.001325
-0.344730 0.007749 -0.000797
-0.329696 0.006913 0.000761
-0.310323 0.007538 0.000332
-0.296363 0.008271 0.001222
-0.277134 0.007028 -0.000977
-0.260900 0.008628 -0.002201
-0.242979 0.008031 -0.000064
-0.225896 0.008644 -0.001099
-0.209505 0.008062 0.000301
-0.193192 0.009364 -0.001052
-0.176540 0.008058 -0.000637
-0.160730 0.010458 -0.000460
-0.142859 0.007388 -0.000243
-0.126227 0.007330 -0.000300
-0.109087 0.007667 0.000958
-0.092028 0.008517 -0.000863
-0.075216 0.006355 -0.001345
-0.057891 0.007174 -0.000661
-0.041758 0.009251 -0.000809
-0.025130 0.007714 -0.000898
-0.009024 0.007437 -0.000600
0.008952 0.009759 -0.001474
0.026248 0.007835 0.000155
0.041875 0.007534 -0.001062
0.057453 0.008666 0.000781
0.075635 0.007986 0.000724
0.093662 0.006992 0.001392
0.107785 0.008019 -0.000442
0.129238 0.009355 0.001454
0.142659 0.008346 -0.000177
0.160171 0.007330 -0.001077
0.175447 0.007429 -0.001067
0.193540 0.007268 -0.001239
0.210708 0.007246 0.000170
0.227463 0.008557 0.000881
0.243723 0.008684 -0.001154
0.260273 0.007139 -0.000013
0.276124 0.007027 0.001081
0.295496 0.008410 -0.000966
0.309548 0.007617 0.000087
0.327365 0.008578 0.000907
0.344356 0.008362 0.000536
0.360448 0.006965 0.000327
0.377238 0.008943 -0.000478
0.393026 0.008904 -0.000838
0.412173 0.007245 -0.000157
0.429046 0.005683 0.000532
0.444500 0.008377 -0.000659
0.460808 0.006580 -0.001831
0.478530 0.009001 -0.000092
0.495948 0.007323 0.000350
0.511391 0.005749 -0.000331
0.530635 0.007129 -0.000431
0.547055 0.006861 0.001117
0.563132 0.005583 0.002300
0.579390 0.008365 -0.001576
0.596234 0.006942 0.000415
0.613391 0.007914 0.001239
0.628978 0.006514 0.000828
0.647957 0.008258 0.000836
0.661307 0.010816 -0.002824
0.682561 0.006924 -0.000889
0.697962 0.006263 -0.000128
0.713785 0.006176 0.001066
0.731414 0.007071 -0.001640
0.747546 0.008549 -0.000228
0.763888 0.008071 0.000502
0.782010 0.008759 -0.001156
0.799539 0.007455 -0.000435
0.816044 0.007988 0.000413
0.832614 0.005962 -0.001054
0.848530 0.006607 0.000218
0.863470 0.005481 0.002844
0.882291 0.007589 -0.000500
0.900940 0.008959 0.000241
0.917133 0.008781 -0.000879
0.931398 0.008649 -0.000351
0.949709 0.008854 0.001106
0.965515 0.007165 -0.000748
0.983297 0.007532 0.000132
1.000496 0.005891 -0.001579
-0.999791 0.024453 0.000410
-0.985021 0.021832 0.001978
-0.966562 0.022654 0.000200
-0.947936 0.022974 -0.000291
-0.932663 0.023796 -0.000207
-0.916643 0.025799 0.000551
-0.899423 0.023946 -0.001359
-0.882088 0.021979 -0.001156
-0.866016 0.022479 -0.000281
-0.848070 0.023335 0.000792
-0.832039 0.024812 -0.000559
-0.815382 0.023986 -0.000242
-0.798850 0.021803 0.001782
-0.779617 0.022515 -0.000130
-0.764675 0.024003 0.000283
-0.746877 0.023805 -0.001167
-0.729677 0.021576 -0.000083
-0.713607 0.023898 0.000186
-0.697940 0.024545 0.001246
-0.680808 0.024067 -0.000450
-0.663996 0.024226 -0.000438
-0.647568 0.023309 -0.001492
-0.630358 0.024921 0.000528
-0.614238 0.023547 -0.001121
-0.596268 0.022812 -0.000387
-0.579083 0.022716 0.000865
-0.563181 0.023687 -0.002079
-0.546536 0.023151 -0.000219
-0.529836 0.022590 -0.000268
-0.512404 0.024401 -0.001607
-0.497450 0.023683 0.000434
-0.476311 0.023073 -0.000677
-0.461825 0.023302 -0.000444
-0.445351 0.025504 -0.000582
-0.430666 0.023743 -0.001075
-0.412809 0.023094 -0.000601
-0.393923 0.022708 0.000302
-0.377800 0.022891 0.000119
-0.362897 0.022960 -0.001240
-0.344166 0.024507 0.000136
-0.328403 0.024242 -0.000103
-0.309614 0.024774 -0.001307
-0.294238 0.022815 -0.001982
-0.277018 0.021082 0.000809
-0.262284 0.022682 0.000881
-0.243739 0.024301 -0.000438
-0.226267 0.023370 -0.000170
-0.210438 0.024656 -0.000376
-0.193843 0.022619 -0.000781
-0.177327 0.025045 0.001384
-0.159183 0.022817 0.000650
-0.143582 0.022753 -0.001281
-0.126894 0.023488 -0.000150
-0.109870 0.022725 0.001718
-0.091270 0.022866 -0.001081
-0.074243 0.024200 0.000698
-0.058099 0.023164 0.001022
-0.041623 0.024934 0.000563
-0.025892 0.024240 0.000706
-0.009701 0.023638 -0.000535
0.007523 0.024488 0.001227
0.025012 0.023313 0.001161
0.041598 0.023290 -0.000612
0.059129 0.023160 0.001168
0.076418 0.025568 0.002127
0.092136 0.023743 -0.000179
0.109016 0.021985 0.001329
0.125212 0.023798 0.000394
0.142442 0.022158 -0.000947
0.160823 0.023825 0.000361
0.175209 0.023290 -0.000388
0.194129 0.023217 0.001316
0.210692 0.023706 -0.000314
0.226604 0.024118 0.000169
0.243971 0.025042 -0.000793
0.259355 0.022199 -0.000119
0.277817 0.022303 0.000089
0.294841 0.025498 -0.000685
0.310474 0.024262 0.001096
0.329267 0.022779 -0.000939
0.344257 0.027051 0.000314
0.362183 0.023625 0.001109
0.378463 0.024132 -0.000255
0.392850 0.024100 -0.000781
0.411608 0.025734 0.000232
0.427081 0.025582 -0.000993
0.445489 0.023426 0.000816
0.460441 0.025604 -0.001000
0.479483 0.022781 0.000516
0.495864 0.023012 0.000506
0.512085 0.023301 0.000753
0.528071 0.024500 0.001730
0.546276 0.024537 -0.002480
0.564118 0.025491 -0.001167
0.581913 0.023701 -0.001138
0.596424 0.022302 0.000326
0.613470 0.022319 -0.000363
0.630658 0.023790 0.002322
0.647242 0.023149 0.001267
0.662666 0.023401 -0.000018
0.682679 0.024504 -0.001659
0.697066 0.022982 -0.000345
0.712847 0.025632 -0.001602
0.729898 0.024009 -0.001244
0.748026 0.023112 0.000112
0.764517 0.022616 0.001433
0.782604 0.022328 0.001662
0.798181 0.022536 -0.001410
0.814893 0.023951 -0.000628
0.831093 0.025099 -0.001022
0.848753 0.024131 0.000808
0.866014 0.022914 0.000205
0.881504 0.022886 -0.000993
0.899836 0.022477 -0.000208
0.914284 0.024639 -0.000393
0.932516 0.023243 -0.000905
0.948774 0.022783 -0.001506
0.965743 0.023191 0.001639
0.984949 0.024166 0.000226
0.998026 0.023924 -0.000086
-1.000620 0.039544 0.000019
-0.983637 0.039798 -0.000767
-0.964640 0.039339 0.001914
-0.948523 0.037002 0.000886
-0.932234 0.039360 0.000528
-0.914882 0.039170 -0.000194
-0.900177 0.037072 -0.000155
-0.882509 0.040062 -0.000659
-0.866443 0.036929 -0.000824
-0.848949 0.038982 0.001252
-0.832879 0.040434 0.000590
-0.814030 0.040036 -0.001337
-0.797666 0.039354 0.001386
-0.780622 0.037677 0.001289
-0.765861 0.039645 0.000595
-0.748877 0.039078 0.001335
-0.730205 0.039376 -0.000533
-0.716120 0.040877 0.000277
-0.697713 0.041366 -0.000402
-0.682621 0.037478 -0.000407
-0.663400 0.040287 0.000780
-0.647224 0.040760 0.001737
-0.629745 0.039351 0.001538
-0.612805 0.041392 -0.001077
-0.595176 0.038106 -0.000018
-0.579378 0.040201 -0.000816
-0.562563 0.039118 0.000930
-0.546422 0.038842 -0.000172
-0.530211 0.039492 0.000559
-0.511959 0.038954 0.000426
-0.496253 0.040881 0.000716
-0.480059 0.038871 -0.000276
-0.461885 0.039857 -0.000001
-0.446970 0.038360 0.001801
-0.428820 0.038347 0.000801
-0.413643 0.040986 0.001393
-0.394326 0.037881 -0.000480
-0.378973 0.039263 -0.000642
-0.363204 0.038222 -0.001538
-0.345400 0.040522 0.000631
-0.325900 0.038309 0.000965
-0.308884 0.038260 -0.001877
-0.294339 0.038662 -0.001074
-0.277991 0.038793 -0.000465
-0.259694 0.038703 -0.000948
-0.242444 0.038873 0.001333
-0.226575 0.038775 0.000907
-0.209834 0.040171 0.000445
-0.194167 0.039398 0.000177
-0.177029 0.040181 -0.001098
-0.159968 0.039475 -0.001445
-0.141762 0.039599 -0.001259
-0.125945 0.039509 0.001552
-0.109005 0.039293 0.000559
-0.092584 0.041261 0.002013
-0.076745 0.037733 0.000733
-0.058696 0.039059 0.001067
-0.042349 0.039651 -0.001896
-0.023466 0.038900 -0.000763
-0.008066 0.036673 0.001124
0.007401 0.039291 -0.001537
0.024534 0.038826 0.001046
0.043697 0.039097 0.001452
0.058741 0.039229 -0.000664
0.076032 0.039197 0.000923
0.093706 0.039270 0.000767
0.109384 0.040701 0.000439
0.126874 0.038925 0.001244
0.142327 0.039083 -0.000511
0.160020 0.037631 0.000199
0.177416 0.041519 0.002038
0.193926 0.040048 -0.002039
0.209861 0.039844 -0.000722
0.225812 0.039260 0.001298
0.245515 0.039033 -0.000833
0.260912 0.039107 -0.000229
0.276421 0.038741 -0.000177
0.293392 0.039913 -0.001204
0.310053 0.038435 -0.000490
0.328178 0.038165 -0.000508
0.343377 0.039810 0.000343
0.361015 0.039866 -0.000117
0.376867 0.039763 -0.000032
0.395160 0.039417 -0.000111
0.412851 0.039839 -0.000362
0.428339 0.039957 0.000067
0.446408 0.037974 -0.001904
0.462588 0.039422 0.000960
0.479683 0.040066 -0.000519
0.497227 0.036240 -0.000276
0.513030 0.039499 -0.001691
0.531064 0.038246 0.000052
0.545336 0.039072 -0.000036
0.564517 0.040538 0.001020
0.579598 0.039396 0.001037
0.594889 0.040920 -0.000592
0.613185 0.038643 -0.000754
0.632144 0.039331 0.000364
0.646187 0.039510 -0.001981
0.664274 0.039231 -0.001014
0.680548 0.038334 0.000702
0.697536 0.037778 -0.000803
0.713522 0.038866 -0.001319
0.732137 0.038525 0.000938
0.748143 0.039112 -0.000462
0.765196 0.037406 -0.000908
0.779908 0.039422 -0.000316
0.799144 0.040732 0.001366
0.814320 0.039450 0.000683
0.833067 0.040000 0.001424
0.850318 0.038623 0.001294
0.865380 0.038674 0.000933
0.881867 0.038717 -0.001133
0.897408 0.038843 -0.000068
0.918560 0.038619 0.000958
0.932338 0.039647 0.001886
0.949988 0.039915 0.000750
0.966441 0.038864 0.000714
0.982383 0.038514 0.000323
1.001223 0.037961 0.000667
-1.000666 0.054437 0.000655
-0.983953 0.053275 0.000477
-0.964829 0.055404 -0.001163
-0.948322 0.054924 0.000508
-0.932027 0.053552 0.001333
-0.915601 0.056989 0.000413
-0.899780 0.055395 -0.001478
-0.882405 0.057456 -0.000786
-0.866305 0.055312 -0.002488
-0.849769 0.055751 -0.001925
-0.832768 0.055851 -0.001134
-0.814672 0.056006 0.001734
-0.797629 0.056221 -0.002945
-0.781410 0.054789 0.000360
-0.763834 0.054840 -0.000411
-0.749064 0.055993 -0.000304
-0.730935 0.057116 0.000732
-0.716782 0.053488 0.001357
-0.697545 0.055275 0.002214
-0.681694 0.054129 -0.000357
-0.666642 0.055730 0.000224
-0.645722 0.055090 -0.000991
-0.630074 0.056767 -0.000978
-0.612706 0.054848 -0.000012
-0.597754 0.054332 -0.000448
-0.580181 0.054168 -0.000606
-0.563138 0.054988 0.000127
-0.546521 0.054976 -0.000764
-0.531497 0.055680 -0.000095
-0.512915 0.053768 0.000599
-0.494358 0.055553 0.001444
-0.479072 0.055204 0.001316
-0.462417 0.054375 0.000175
-0.447094 0.055242 0.000509
-0.430166 0.053899 0.000376
-0.412385 0.056725 -0.001041
-0.395397 0.054360 0.000668
-0.380597 0.054919 -0.001645
-0.362078 0.053596 0.000673
-0.344388 0.056342 -0.000106
-0.325942 0.055287 0.000440
-0.310438 0.055646 -0.001423
-0.293357 0.057351 -0.000149
-0.278581 0.053203 -0.000175
-0.259125 0.054129 -0.000957
-0.243475 0.054931 -0.002335
-0.226706 0.054068 -0.000764
-0.209694 0.055264 0.000308
-0.194249 0.054310 -0.000648
-0.176385 0.053551 0.000172
-0.159243 0.055367 -0.000242
-0.143463 0.054955 -0.000395
-0.126504 0.053814 -0.000407
-0.109219 0.054795 -0.000551
-0.093078 0.055237 -0.002199
-0.075426 0.054677 0.000298
-0.058231 0.056536 0.001637
-0.043469 0.054539 -0.000864
-0.024601 0.054149 0.000499
-0.007364 0.054512 0.001249
0.009055 0.056761 -0.001466
0.025832 0.055406 0.003611
0.041173 0.054930 -0.000747
0.058659 0.055107 0.000173
0.075963 0.056485 -0.001744
0.093146 0.055615 -0.000272
0.109658 0.056663 0.001320
0.126539 0.054250 0.000078
0.142982 0.055978 -0.001475
0.160647 0.054469 0.001031
0.176170 0.056183 0.000814
0.193503 0.054722 -0.000443
0.210660 0.054995 0.000948
0.226587 0.054155 -0.000991
0.243443 0.055681 0.001036
0.261768 0.054874 -0.002126
0.276731 0.055766 0.000424
0.293276 0.055003 0.000308
0.310294 0.054195 0.000858
0.329394 0.054663 0.000068
0.344822 0.055412 0.000289
0.360202 0.056322 0.001448
0.377661 0.054144 -0.001342
0.392626 0.054326 -0.000513
0.411717 0.054349 0.000380
0.430091 0.053442 0.000932
0.446342 0.054840 0.000575
0.461792 0.055442 0.000281
0.478312 0.054769 0.001878
0.494670 0.054166 0.000705
0.513728 0.055239 0.000091
0.529103 0.053476 0.000495
0.545735 0.054540 0.000874
0.562955 0.052882 -0.001063
0.580713 0.053591 -0.000961
0.595978 0.053990 0.000626
0.612770 0.054693 0.001817
0.631740 0.054574 -0.000384
0.645845 0.054201 0.000644
0.665595 0.055330 0.000957
0.680939 0.054659 -0.002246
0.696286 0.054387 0.000480
0.713824 0.054420 -0.000854
0.731621 0.055151 0.000128
0.747846 0.055692 0.001788
0.764848 0.052997 -0.000575
0.782801 0.054585 0.000617
0.797386 0.054909 -0.000473
0.815579 0.054787 -0.000607
0.833080 0.055218 0.000560
0.848275 0.057607 -0.000051
0.864935 0.056996 0.000484
0.882385 0.054757 -0.000125
0.899141 0.055511 0.000363
0.914739 0.055748 -0.000098
0.933246 0.054945 0.000369
0.949981 0.055742 0.000749
0.967795 0.055863 0.000612
0.984429 0.054575 -0.000950
1.000365 0.055046 0.002008
-0.999782 0.071023 -0.001186
-0.984512 0.072058 -0.001383
-0.965178 0.070211 0.000200
-0.948311 0.070877 0.000880
-0.932616 0.071620 -0.000593
-0.915895 0.068601 -0.001033
-0.901438 0.072845 -0.000980
-0.881363 0.069291 0.002249
-0.864067 0.070299 -0.000334
-0.848963 0.071559 -0.001159
-0.831790 0.072696 -0.000967
-0.814596 0.070116 -0.000589
-0.798731 0.070428 0.000255
-0.781234 0.072252 0.001298
-0.764186 0.071375 -0.000980
-0.746166 0.070910 0.000593
-0.731630 0.070745 0.000693
-0.714990 0.070306 0.000817
-0.696441 0.071061 0.001851
-0.678551 0.071468 -0.000867
-0.662288 0.071073 0.000018
-0.646500 0.071289 0.000187
-0.628847 0.069946 -0.000510
-0.611666 0.070084 -0.001181
-0.596704 0.073106 -0.000168
-0.580202 0.070280 0.000853
-0.562560 0.069725 0.002056
-0.546485 0.069193 0.000068
-0.527207 0.067653 -0.000209
-0.512154 0.071182 0.000888
-0.496843 0.069127 0.000583
-0.478913 0.070248 -0.000077
-0.464125 0.071801 -0.000907
-0.445557 0.071384 0.000292
-0.428424 0.069465 0.001470
-0.412055 0.071141 0.000587
-0.395340 0.070705 0.001909
-0.378249 0.072728 0.001273
-0.360689 0.070785 0.001646
-0.346120 0.071904 0.000468
-0.327837 0.071248 0.000398
-0.310459 0.072872 0.001187
-0.294311 0.070628 0.001876
-0.278274 0.070124 -0.001079
-0.260926 0.069414 -0.000741
-0.243710 0.071425 -0.000792
-0.227555 0.072826 0.000786
-0.209365 0.072725 0.001035
-0.191497 0.070741 0.000690
-0.174970 0.069277 -0.002067
-0.161768 0.069083 -0.001907
-0.141879 0.070705 0.000476
-0.125751 0.071390 0.000312
-0.109903 0.070388 0.000159
-0.094163 0.072852 -0.000281
-0.074508 0.071875 -0.000048
-0.057351 0.070546 -0.000497
-0.043897 0.071812 0.000141
-0.024427 0.071021 0.000773
-0.007006 0.072053 -0.000156
0.008194 0.070261 0.000661
0.026572 0.068402 -0.000834
0.042805 0.070744 -0.001896
0.058444 0.071313 0.000411
0.076029 0.071511 -0.001124
0.092515 0.073371 -0.000819
0.109309 0.071583 -0.000279
0.127149 0.072425 -0.000147
0.143130 0.070315 0.000465
0.160227 0.069983 -0.000540
0.177652 0.072026 -0.001179
0.193376 0.070097 -0.000958
0.209520 0.071744 -0.000510
0.227361 0.071109 -0.000183
0.243171 0.070663 0.000409
0.261241 0.069120 0.000015
0.277253 0.069840 0.000534
0.294595 0.070105 0.000162
0.311353 0.071091 -0.001691
0.326967 0.071240 0.001681
0.343207 0.069742 0.000940
0.360845 0.070637 0.000343
0.378923 0.071651 0.000577
0.396150 0.069151 0.000406
0.413470 0.071129 -0.000478
0.429740 0.069153 -0.001321
0.444746 0.070739 -0.000734
0.462920 0.068560 0.000906
0.479813 0.070876 -0.001452
0.495607 0.070446 0.000077
0.512621 0.071391 0.000040
0.529976 0.070426 -0.000152
0.545631 0.071326 0.000660
0.564284 0.072006 -0.000942
0.581739 0.071718 0.001590
0.595641 0.070489 0.000040
0.612945 0.071320 -0.000671
0.629691 0.070930 -0.000855
0.647790 0.071510 0.001484
0.662104 0.069942 0.000262
0.680977 0.070130 0.000478
0.697876 0.070614 -0.000459
0.714653 0.069913 0.000657
0.730944 0.071759 0.000191
0.746065 0.070528 0.001318
0.764919 0.072595 -0.000841
0.782168 0.070440 -0.001361
0.799929 0.071285 -0.000575
0.814751 0.069249 0.000830
0.831171 0.070482 0.002254
0.848360 0.072218 -0.000709
0.866031 0.071709 -0.001190
0.884477 0.070992 -0.000369
0.897588 0.071297 -0.002107
0.916045 0.070674 0.000107
0.932466 0.070590 0.001375
0.948625 0.070103 -0.000103
0.965682 0.069830 0.000700
0.982802 0.070531 -0.000626
0.998319 0.069512 -0.000763
-1.000211 0.086575 0.001744
-0.984716 0.088236 0.000614
-0.964774 0.087476 0.000484
-0.949164 0.087511 0.000532
-0.933192 0.086524 -0.001319
-0.916232 0.084298 0.000106
-0.899695 0.086207 -0.001078
-0.884417 0.085715 0.001271
-0.865259 0.086932 -0.000256
-0.848203 0.087618 0.001110
-0.831512 0.087415 -0.000609
-0.815721 0.088015 0.000987
-0.798837 0.086196 -0.000314
-0.781623 0.086345 -0.000174
-0.762963 0.085554 0.000541
-0.748488 0.086735 0.000876
-0.729829 0.085312 0.000601
-0.714934 0.086260 0.000991
-0.698241 0.084632 -0.000306
-0.680189 0.086262 0.000988
-0.663998 0.086976 0.000320
-0.646967 0.086159 0.000304
-0.630952 0.086530 0.001465
-0.614572 0.085986 -0.001233
-0.597794 0.087386 0.000773
-0.578198 0.086836 0.001195
-0.563787 0.084810 -0.000120
-0.546156 0.084711 0.000561
-0.528714 0.087480 0.000661
-0.511599 0.087111 0.002018
-0.495553 0.087512 0.000485
-0.478577 0.086070 -0.000715
-0.463072 0.087773 -0.001215
-0.443873 0.085596 -0.001344
-0.428736 0.087468 -0.000667
-0.414752 0.088407 -0.000017
-0.394597 0.087330 0.001630
-0.377175 0.086174 -0.000724
-0.361771 0.087676 0.001851
-0.344736 0.088204 -0.000012
-0.328515 0.087960 0.001993
-0.312365 0.086852 -0.000943
-0.292318 0.087729 -0.000378
-0.277046 0.086815 -0.000095
-0.261251 0.086259 0.000395
-0.244854 0.086686 0.000386
-0.227083 0.085548 -0.000404
-0.210442 0.086861 0.001461
-0.194226 0.086341 -0.000453
-0.176169 0.086787 0.001471
-0.159955 0.087224 0.000426
-0.143891 0.087149 -0.001043
-0.125964 0.087653 -0.000561
-0.109331 0.087825 0.000768
-0.090771 0.086235 -0.001952
-0.076081 0.088411 0.001684
-0.058221 0.086678 0.000655
-0.041835 0.087457 0.000421
-0.026324 0.087181 0.000979
-0.010509 0.085861 0.000805
0.007805 0.086024 -0.000822
0.023949 0.086399 -0.001677
0.040326 0.085904 0.000049
0.058483 0.087876 -0.001266
0.077380 0.085963 0.000058
0.092701 0.087420 0.000883
0.108152 0.086054 -0.001648
0.124458 0.085530 0.000087
0.142864 0.085832 0.002576
0.158751 0.087422 -0.000988
0.176172 0.085622 -0.000822
0.193208 0.088321 0.001505
0.209228 0.087255 0.000559
0.225682 0.087239 -0.000038
0.243701 0.086859 -0.000218
0.260899 0.085153 0.002666
0.277907 0.085859 -0.001650
0.292110 0.085573 0.002189
0.311315 0.088012 0.000683
0.327610 0.087809 -0.000928
0.345403 0.086045 -0.000158
0.362690 0.087420 -0.000355
0.379742 0.087867 -0.000367
0.394302 0.087659 -0.001028
0.413882 0.087401 -0.000179
0.428424 0.086534 -0.000450
0.446900 0.087141 -0.002194
0.462945 0.088537 -0.000721
0.479098 0.087817 0.000184
0.496697 0.085545 -0.000682
0.513110 0.087752 0.000485
0.530236 0.085851 0.001088
0.545524 0.086556 0.000332
0.562711 0.086710 0.000945
0.577110 0.087333 0.000335
0.597761 0.086984 -0.001593
0.613013 0.086422 -0.001246
0.630977 0.087983 -0.000012
0.647281 0.085968 -0.000431
0.665176 0.084684 -0.000058
0.682203 0.086725 -0.001201
0.696479 0.087461 0.000269
0.712837 0.086580 0.000174
0.730694 0.084598 0.001376
0.747331 0.086634 -0.000376
0.763361 0.087116 0.000665
0.781195 0.085688 -0.000892
0.798077 0.086067 0.002440
0.816642 0.086929 -0.001542
0.831013 0.086957 0.000969
0.848724 0.087162 -0.000807
0.866297 0.089169 0.000820
0.881423 0.087533 -0.001037
0.897933 0.086821 -0.001024
0.916432 0.084864 0.001707
0.932266 0.085479 -0.000412
0.948809 0.087019 0.002124
0.966876 0.087849 0.000358
0.982774 0.086422 0.000759
1.002500 0.087853 -0.000326
-0.999944 0.103791 -0.001292
-0.982817 0.101858 0.000630
-0.966873 0.101961 0.002239
-0.951209 0.103531 -0.000598
-0.933685 0.100934 0.000474
-0.916974 0.103275 -0.000634
-0.900017 0.102182 -0.000449
-0.882169 0.102237 0.000546
-0.865356 0.103447 -0.001776
-0.849032 0.102833 0.000279
-0.830792 0.101229 0.000154
-0.816226 0.101537 -0.000125
-0.797353 0.102512 -0.000283
-0.780752 0.100974 0.001256
-0.762881 0.101653 -0.000693
-0.749356 0.102076 0.001547
-0.731347 0.102473 -0.000484
-0.713807 0.101665 0.000602
-0.696807 0.103002 -0.000542
-0.681863 0.102599 -0.001245
-0.663732 0.101715 -0.000660
-0.648166 0.100890 0.000693
-0.630308 0.101585 -0.001850
-0.613869 0.101804 0.001596
-0.595222 0.103240 -0.001400
-0.581083 0.103840 0.000117
-0.561821 0.102066 0.002676
-0.547156 0.102244 0.000407
-0.526589 0.103086 0.001326
-0.513440 0.102556 0.000120
-0.495208 0.103414 0.000746
-0.479396 0.102416 0.000620
-0.463236 0.102699 -0.001616
-0.444189 0.104370 0.001579
-0.428425 0.103622 -0.000967
-0.411789 0.101876 0.000009
-0.394676 0.102592 0.001819
-0.378206 0.103574 -0.000267
-0.361320 0.099579 0.001543
-0.344287 0.102468 0.000829
-0.326944 0.102363 0.001159
-0.309349 0.101301 0.000523
-0.294464 0.102913 -0.000301
-0.277985 0.102944 -0.000540
-0.261102 0.102763 -0.000107
-0.243257 0.102569 0.001473
-0.226741 0.103262 0.000392
-0.209151 0.102187 0.000609
-0.192210 0.102263 -0.000895
-0.178244 0.102045 -0.000793
-0.159427 0.102731 -0.001312
-0.141727 0.101537 -0.000406
-0.126306 0.101034 0.000015
-0.108457 0.101641 0.001235
-0.091663 0.103118 -0.001148
-0.074594 0.102059 -0.002079
-0.058903 0.103569 0.000115
-0.043112 0.102519 0.000375
-0.025322 0.101808 0.001987
-0.008719 0.102401 -0.000844
0.009172 0.101979 -0.000122
0.025301 0.102511 0.000965
0.041734 0.104435 0.000553
0.057091 0.101612 -0.001096
0.075068 0.102715 -0.000172
0.090755 0.103133 0.000272
0.109629 0.101946 -0.000271
0.124722 0.102982 0.000853
0.142350 0.100724 0.001426
0.158706 0.102881 0.000066
0.175679 0.102189 -0.001015
0.193241 0.102445 -0.001065
0.209634 0.102428 -0.001174
0.227256 0.102194 0.000326
0.244144 0.101558 -0.002875
0.262500 0.103867 -0.000596
0.275937 0.101652 -0.000521
0.295043 0.104652 0.001191
0.310648 0.102861 -0.000837
0.327510 0.103894 -0.000786
0.343370 0.102885 -0.000130
0.360959 0.103103 0.000143
0.378099 0.102556 0.001591
0.395357 0.102111 -0.000731
0.412161 0.103661 0.000855
0.430305 0.100542 -0.000230
0.445646 0.100486 0.000503
0.461680 0.102775 -0.001093
0.478459 0.103465 0.000578
0.495377 0.103411 -0.000804
0.513271 0.102210 -0.001161
0.528488 0.101183 0.000348
0.545651 0.102740 0.001839
0.563438 0.101612 -0.001385
0.577378 0.100472 -0.001070
0.597473 0.103016 -0.000294
0.613524 0.102804 0.000429
0.629568 0.101627 -0.002741
0.647742 0.100794 0.000361
0.665320 0.103123 -0.000403
0.678765 0.102759 -0.000223
0.698753 0.100957 0.000624
0.713180 0.103997 0.000178
0.730605 0.103758 -0.000500
0.746926 0.102784 -0.000280
0.762450 0.101401 -0.000015
0.781171 0.103008 -0.000644
0.798734 0.103659 0.000024
0.816078 0.103129 -0.002226
0.831572 0.100173 -0.000658
0.849837 0.104240 0.000905
0.865154 0.101376 0.002329
0.881005 0.102044 -0.000297
0.900647 0.102588 0.000218
0.914840 0.103363 0.000121
0.933584 0.102153 0.001317
0.949346 0.103420 0.000560
0.966077 0.101826 0.001697
0.981762 0.105524 -0.001605
0.999933 0.102414 0.002076
-0.999060 0.118096 -0.000319
-0.983795 0.118838 0.000631
-0.966155 0.118480 0.000677
-0.951128 0.118757 0.000542
-0.933018 0.117339 0.001560
-0.916185 0.116458 0.001247
-0.898359 0.116844 -0.000748
-0.882947 0.117735 0.000464
-0.864955 0.117214 -0.001634
-0.848053 0.118017 0.001191
-0.831804 0.120424 -0.000315
-0.815216 0.119607 0.001205
-0.798321 0.116191 0.000035
-0.780754 0.116228 -0.000993
-0.764069 0.117371 -0.000916
-0.747519 0.117825 0.001680
-0.730414 0.117801 0.000757
-0.713315 0.117483 0.001698
-0.697706 0.118201 0.001354
-0.680140 0.118007 0.000630
-0.664872 0.118260 -0.000505
-0.647709 0.117999 -0.000482
-0.630288 0.118560 0.000824
-0.611404 0.117240 -0.001530
-0.596163 0.117122 -0.000830
-0.580307 0.118078 -0.000004
-0.563379 0.117932 -0.000350
-0.546717 0.115712 0.000243
-0.528906 0.117069 0.000769
-0.511682 0.119274 0.000721
-0.495573 0.116475 -0.000246
-0.477441 0.119835 0.000149
-0.460364 0.117544 -0.003422
-0.446065 0.119425 0.001471
-0.427946 0.117831 -0.001566
-0.412013 0.117223 0.001515
-0.393891 0.118442 0.000950
-0.378088 0.118684 -0.000165
-0.361359 0.117152 0.000754
-0.346590 0.117801 0.000277
-0.328864 0.119663 -0.000323
-0.310686 0.118373 0.001951
-0.294496 0.115857 -0.000557
-0.278216 0.117404 0.000404
-0.260694 0.118773 0.000260
-0.242210 0.118858 0.000087
-0.228233 0.117940 -0.002052
-0.211594 0.117973 -0.002166
-0.191588 0.119203 -0.000620
-0.175340 0.116512 -0.001268
-0.157716 0.117335 0.000713
-0.141772 0.117936 -0.001291
-0.126785 0.118249 0.001077
-0.109636 0.118506 -0.001472
-0.091735 0.117011 -0.001439
-0.075388 0.117574 -0.000808
-0.059057 0.115931 -0.001649
-0.043079 0.119712 0.001250
-0.025794 0.117414 0.000521
-0.009998 0.118335 0.002039
0.007624 0.118653 0.001450
0.025465 0.118685 0.000670
0.040249 0.116860 0.001276
0.059103 0.119257 -0.002143
0.075836 0.116763 0.000964
0.093595 0.118122 -0.001256
0.109726 0.118563 -0.000496
0.126166 0.117172 -0.001282
0.141960 0.117082 0.000235
0.159457 0.116996 0.001037
0.175618 0.117302 -0.000193
0.194930 0.118758 0.000066
0.211551 0.117609 -0.000193
0.226560 0.117338 0.000603
0.243791 0.118263 0.000151
0.260203 0.118059 0.000106
0.276780 0.116523 0.000945
0.292919 0.119281 -0.000161
0.312556 0.119852 0.000895
0.327672 0.117779 -0.001930
0.346326 0.117878 -0.000123
0.362948 0.120478 0.000365
0.378318 0.116499 0.000808
0.394961 0.117029 0.000609
0.410890 0.117356 -0.000143
0.428440 0.116813 -0.000061
0.446045 0.118268 0.001657
0.461086 0.116410 0.001348
0.478526 0.117764 0.001434
0.496658 0.116402 0.002471
0.512611 0.119556 -0.000888
0.529410 0.119021 -0.001016
0.546926 0.118573 0.000793
0.562066 0.117482 -0.001278
0.579729 0.118205 0.001108
0.597357 0.116766 0.002151
0.612084 0.117130 0.000170
0.630573 0.119275 -0.001306
0.648234 0.117767 0.001522
0.663815 0.118640 -0.000068
0.681304 0.116147 0.000192
0.698357 0.118011 0.000549
0.714465 0.116652 -0.000805
0.731468 0.118577 0.000248
0.747666 0.117834 -0.000257
0.764332 0.115657 0.000680
0.781417 0.117019 -0.000505
0.798366 0.118801 0.001307
0.813791 0.116990 -0.001689
0.830046 0.117157 -0.000216
0.848636 0.115687 0.000489
0.863545 0.118016 -0.000079
0.881909 0.118489 0.000535
0.898491 0.117671 -0.001492
0.915957 0.117008 -0.001119
0.932890 0.117741 0.001133
0.949271 0.117396 0.000215
0.965783 0.118169 0.000179
0.982185 0.117310 -0.000155
0.999371 0.118331 -0.000595
-0.999743 0.133428 -0.001261
-0.983297 0.132266 0.000694
-0.966595 0.134375 0.000580
-0.948683 0.133153 0.000222
-0.933242 0.134775 -0.000027
-0.914932 0.134203 0.001673
-0.899080 0.134562 0.001529
-0.882057 0.133772 -0.000150
-0.864834 0.132455 -0.001448
-0.849038 0.133718 -0.000920
-0.831240 0.133639 0.001463
-0.812558 0.136195 0.001636
-0.798711 0.133970 0.000263
-0.780695 0.133637 -0.000243
-0.764446 0.132983 -0.000586
-0.747004 0.131005 -0.000491
-0.732182 0.133708 0.000816
-0.712843 0.134394 -0.000160
-0.698503 0.133376 -0.001101
-0.680751 0.133700 0.000979
-0.662113 0.133656 -0.000285
-0.646632 0.133202 -0.000936
-0.629770 0.134212 -0.001836
-0.612970 0.130993 0.000561
-0.596578 0.134066 0.001736
-0.579971 0.133879 -0.000465
-0.564146 0.134061 -0.001532
-0.546694 0.135638 -0.000799
-0.528893 0.132349 -0.000505
-0.512016 0.134409 -0.001736
-0.494652 0.132743 0.001054
-0.477386 0.132465 0.001737
-0.461938 0.134840 -0.002193
-0.445319 0.134138 -0.000789
-0.427940 0.135965 0.000082
-0.410913 0.131069 0.001708
-0.395098 0.133482 0.001978
-0.378653 0.133086 -0.000695
-0.361848 0.134182 0.001031
-0.342733 0.135715 -0.000455
-0.327586 0.135027 0.000136
-0.311503 0.132023 -0.000853
-0.293483 0.134286 -0.001550
-0.278519 0.133848 -0.001942
-0.261422 0.133901 0.000722
-0.242286 0.134478 0.001038
-0.228977 0.133906 -0.001006
-0.209336 0.132714 0.001381
-0.192691 0.134368 0.000045
-0.176021 0.134061 -0.001297
-0.159338 0.132715 -0.000193
-0.144371 0.134057 -0.000096
-0.126155 0.133303 -0.000988
-0.109931 0.132513 0.000239
-0.093402 0.133803 0.001859
-0.074159 0.132761 -0.000541
-0.058045 0.133362 -0.001819
-0.039895 0.134301 -0.000923
-0.023876 0.132422 0.001302
-0.010280 0.132156 0.001173
0.008353 0.134437 0.000099
0.025354 0.133521 0.001308
0.040419 0.135218 -0.000104
0.057024 0.134382 0.000479
0.077540 0.133641 0.000032
0.092593 0.133827 -0.001742
0.106931 0.132889 0.000322
0.125076 0.133965 -0.000510
0.143626 0.134691 -0.000616
0.160344 0.134735 0.001300
0.176629 0.134639 0.001034
0.193933 0.133627 -0.001704
0.210679 0.133889 -0.001049
0.226552 0.133730 -0.000600
0.244406 0.132378 -0.000475
0.262213 0.133150 -0.000420
0.278608 0.132280 0.000131
0.293998 0.133600 0.000279
0.309948 0.134057 -0.000975
0.327912 0.133525 -0.000965
0.343760 0.133403 -0.000341
0.359663 0.132846 -0.000750
0.376892 0.133418 -0.001842
0.393810 0.131978 0.000439
0.411996 0.134706 -0.000740
0.429481 0.134245 0.001514
0.446574 0.133250 -0.001617
0.461586 0.134438 0.000058
0.478940 0.135618 0.000179
0.492899 0.133729 0.000281
0.514633 0.134301 0.002403
0.530350 0.133507 -0.000360
0.546151 0.134323 0.000078
0.563700 0.133466 0.000304
0.581002 0.133804 -0.001172
0.596925 0.133950 -0.000748
0.614157 0.133087 -0.000408
0.629993 0.134554 0.000164
0.647004 0.134054 -0.001067
0.664662 0.133833 -0.000049
0.681207 0.133050 0.000471
0.696782 0.133739 0.002058
0.715280 0.134177 0.001317
0.730343 0.134273 0.000226
0.746412 0.132994 0.001828
0.765049 0.132874 0.000709
0.781668 0.133915 -0.000225
0.797826 0.133736 -0.001122
0.814175 0.133214 -0.000349
0.832288 0.133714 0.000291
0.849452 0.133103 -0.001778
0.865943 0.135135 0.001474
0.881717 0.134823 0.000966
0.899870 0.132874 -0.000032
0.917363 0.132423 0.000865
0.933156 0.133821 -0.001671
0.950649 0.131715 -0.001833
0.964445 0.135264 -0.000790
0.982861 0.133758 -0.001553
1.000879 0.134983 -0.001111
-0.999955 0.149733 -0.000378
-0.983376 0.150973 -0.001086
-0.966224 0.149231 -0.000341
-0.950442 0.150242 0.000581
-0.932915 0.149829 -0.000709
-0.916555 0.151790 -0.000557
-0.898342 0.148750 0.000627
-0.884116 0.149571 0.001346
-0.865842 0.148700 0.001432
-0.848801 0.148798 -0.000678
-0.833539 0.151013 0.001823
-0.816972 0.150432 0.000270
-0.799732 0.151726 0.001443
-0.780601 0.150029 0.001137
-0.763712 0.150026 0.000051
-0.748482 0.149704 -0.000522
-0.729993 0.148133 -0.000302
-0.716397 0.150817 0.000192
-0.695399 0.148496 -0.000789
-0.682017 0.148395 0.000042
-0.664164 0.148911 -0.002089
-0.644581 0.148251 0.000591
-0.629873 0.149586 -0.000234
-0.614199 0.150785 0.000822
-0.596975 0.150782 -0.000485
-0.578001 0.149649 0.000484
-0.564723 0.149079 0.000551
-0.546337 0.150162 0.000742
-0.529861 0.150428 0.000002
-0.511103 0.149300 -0.002741
-0.494990 0.149904 0.000931
-0.479668 0.149697 0.001085
-0.461519 0.148642 0.001025
-0.447102 0.149548 -0.000059
-0.428874 0.149787 0.001686
-0.411595 0.147705 -0.000575
-0.396253 0.150070 0.000774
-0.378286 0.150291 -0.000713
-0.361592 0.149172 0.001367
-0.343886 0.149940 0.000687
-0.327508 0.150031 0.001639
-0.310755 0.150548 0.000090
-0.294010 0.148523 0.000507
-0.279132 0.148937 0.000375
-0.259912 0.150714 0.000043
-0.241914 0.149266 0.000159
-0.227495 0.149389 0.001600
-0.210746 0.149381 0.000950
-0.193356 0.148966 0.000283
-0.177219 0.150680 0.001237
-0.161539 0.149107 -0.000287
-0.142149 0.150610 0.000998
-0.127278 0.149690 0.001210
-0.108827 0.148362 0.001036
-0.091799 0.149053 0.000235
-0.075958 0.148021 0.000023
-0.058654 0.148090 -0.003093
-0.042461 0.148543 0.000673
-0.023946 0.148096 0.000202
-0.009482 0.149731 -0.001017
0.009576 0.150982 0.001840
0.024552 0.150585 -0.001065
0.041855 0.149318 -0.000755
0.058851 0.151482 -0.000634
0.075682 0.149547 0.001343
0.091382 0.150260 0.001414
0.105262 0.148941 0.000132
0.125514 0.147692 0.000510
0.142506 0.149925 0.000941
0.160237 0.149646 -0.000639
0.174595 0.148289 0.001455
0.193860 0.150134 -0.000587
0.209545 0.150166 0.000310
0.226263 0.148620 -0.000277
0.244697 0.148197 -0.001554
0.258799 0.149152 -0.000103
0.278912 0.149431 -0.001532
0.293762 0.147776 -0.001507
0.310479 0.149723 0.000104
0.327023 0.149591 -0.000020
0.343250 0.149661 0.000154
0.360769 0.149973 0.000094
0.377842 0.149560 0.000332
0.394886 0.149597 0.001464
0.412904 0.147905 0.000777
0.428779 0.149686 -0.000679
0.445688 0.150839 0.000818
0.460973 0.148800 -0.000729
0.479974 0.150211 -0.001343
0.497861 0.148478 0.001290
0.512822 0.150714 -0.001905
0.528250 0.148751 -0.000521
0.546569 0.150335 -0.000952
0.563457 0.151100 -0.000002
0.580040 0.149459 -0.000113
0.596025 0.148048 -0.000815
0.614247 0.148706 -0.000384
0.629133 0.148891 -0.001795
0.647156 0.149581 0.000744
0.664410 0.148581 -0.002190
0.680234 0.150396 -0.001184
0.697286 0.151758 0.000433
0.714702 0.149967 -0.001513
0.730207 0.149346 -0.000297
0.746504 0.150555 -0.001462
0.764448 0.151326 -0.000511
0.781567 0.150670 -0.000282
0.798773 0.147946 -0.000406
0.815051 0.148135 0.000508
0.830756 0.148843 -0.001459
0.849002 0.150083 0.001061
0.863142 0.150468 0.001585
0.883253 0.149162 -0.000776
0.899058 0.149694 0.000381
0.915223 0.151025 0.000823
0.931932 0.148958 -0.001681
0.948026 0.150915 -0.000021
0.966544 0.149378 0.000417
0.982527 0.151728 0.000002
0.999969 0.148095 0.000058
-0.999426 0.163996 0.001103
-0.980872 0.166291 0.001092
-0.966401 0.165194 0.000529
-0.950960 0.165289 -0.000770
-0.931905 0.166977 0.000452
-0.916976 0.163871 0.001499
-0.899522 0.163808 -0.000161
-0.881517 0.164986 0.000947
-0.863743 0.165845 0.000838
-0.847369 0.165052 0.001180
-0.831193 0.163412 0.000733
-0.814701 0.163285 0.000097
-0.798334 0.164649 0.001263
-0.781908 0.166695 -0.000656
-0.765970 0.165113 0.000793
-0.748379 0.164715 0.000920
-0.731014 0.162972 -0.001084
-0.713164 0.165456 -0.000894
-0.697638 0.165739 -0.000760
-0.680138 0.166173 0.000011
-0.663770 0.166176 0.000026
-0.646853 0.164678 -0.000937
-0.629157 0.164764 -0.001432
-0.612700 0.164912 -0.001349
-0.594540 0.165088 -0.000758
-0.579300 0.163683 -0.000480
-0.564114 0.163259 0.000986
-0.546114 0.166465 -0.000214
-0.528059 0.164107 0.000775
-0.512785 0.166255 -0.000519
-0.494922 0.164826 -0.000230
-0.479714 0.165551 -0.000432
-0.462501 0.165018 0.000468
-0.444674 0.166236 0.000348
-0.428193 0.167887 -0.000685
-0.410639 0.162989 -0.000173
-0.394902 0.165849 -0.000290
-0.380097 0.165279 0.000269
-0.360934 0.164342 0.000306
-0.343283 0.164293 -0.000553
-0.327537 0.165360 0.001320
-0.311129 0.164790 -0.000046
-0.292717 0.165962 -0.002036
-0.276918 0.165067 -0.000288
-0.259843 0.164367 0.002257
-0.244335 0.166253 0.001194
-0.225566 0.164935 -0.000543
-0.209819 0.164410 0.000317
-0.190721 0.164416 -0.000555
-0.176516 0.165237 0.000961
-0.158209 0.164892 0.000341
-0.143401 0.166525 0.001462
-0.125932 0.167155 -0.000973
-0.109134 0.164549 -0.000667
-0.092110 0.164512 -0.001609
-0.076710 0.163656 0.000917
-0.058729 0.166475 0.000166
-0.041438 0.166757 0.000321
-0.022895 0.165470 -0.001220
-0.007571 0.165197 0.000829
0.008408 0.162207 -0.000160
0.024405 0.164879 -0.000270
0.041253 0.165781 0.000286
0.058574 0.162917 -0.000174
0.075246 0.165133 -0.000196
0.092101 0.165544 -0.000483
0.108004 0.165564 -0.001055
0.125604 0.164592 0.000202
0.142753 0.164797 -0.000836
0.159172 0.165132 0.000759
0.175987 0.164853 0.001879
0.193045 0.165490 0.000408
0.209140 0.165316 -0.001106
0.225928 0.164004 0.001439
0.243463 0.166446 0.000979
0.259139 0.166685 -0.001514
0.277747 0.165203 0.000358
0.294698 0.165230 -0.000927
0.311503 0.164539 0.000343
0.328729 0.165257 -0.000560
0.343189 0.165028 -0.000129
0.360875 0.165195 0.000189
0.377548 0.165955 0.001868
0.395811 0.165607 -0.001752
0.411571 0.162876 0.001065
0.429758 0.165007 0.000826
0.445737 0.164962 0.000657
0.462109 0.164147 -0.002238
0.477946 0.166310 -0.001838
0.495173 0.165507 0.000730
0.511549 0.166901 -0.000938
0.530638 0.165121 0.000280
0.545608 0.164576 -0.000415
0.563883 0.164544 -0.000826
0.579600 0.165085 -0.000434
0.596432 0.165989 0.001902
0.613464 0.165092 0.001248
0.628397 0.165755 -0.000159
0.647964 0.164120 -0.001592
0.663342 0.166342 -0.001887
0.679994 0.165094 0.000132
0.698579 0.165123 -0.000627
0.712289 0.165928 0.001597
0.731452 0.165871 -0.000072
0.748309 0.164039 -0.000829
0.764409 0.163638 -0.000596
0.781416 0.163772 -0.000701
0.797914 0.165675 0.000016
0.813613 0.164163 -0.000272
0.833261 0.164366 0.001030
0.847955 0.163883 -0.000490
0.865971 0.164986 -0.000605
0.881600 0.165628 0.000965
0.897468 0.165139 -0.000345
0.916578 0.165612 0.000082
0.931063 0.163715 -0.001172
0.949279 0.166365 -0.000261
0.966593 0.166149 0.000459
0.981975 0.166064 -0.001046
1.000758 0.166356 -0.001228
-0.999833 0.181109 0.000913
-0.981980 0.180801 0.000568
-0.966063 0.181277 -0.000939
-0.949639 0.180990 0.000932
-0.932861 0.183068 -0.000176
-0.915029 0.181750 0.001228
-0.899932 0.181354 0.000419
-0.882152 0.180656 0.001930
-0.864778 0.179972 -0.000013
-0.849405 0.183726 -0.000509
-0.832629 0.178467 -0.000345
-0.816749 0.179945 -0.000496
-0.798401 0.179321 0.000762
-0.782087 0.181847 0.001192
-0.764492 0.180027 0.000426
-0.748320 0.180108 -0.000524
-0.731044 0.180296 0.001560
-0.715421 0.179981 0.000609
-0.695568 0.180339 -0.000731
-0.680146 0.182954 -0.000322
-0.662493 0.181127 0.000950
-0.647498 0.182678 0.001554
-0.629810 0.178799 -0.000678
-0.614009 0.181822 0.000731
-0.597280 0.182144 -0.000646
-0.579612 0.180442 -0.001640
-0.564404 0.181108 0.001106
-0.546594 0.180792 0.002098
-0.529865 0.180061 0.000707
-0.512727 0.181105 -0.000606
-0.495507 0.182220 0.000335
-0.477462 0.180066 0.000734
-0.461982 0.180637 -0.000291
-0.445570 0.180839 0.000800
-0.428809 0.181052 -0.000356
-0.411771 0.182081 0.000166
-0.394694 0.181822 0.000775
-0.379516 0.181967 -0.000013
-0.361424 0.181934 0.000297
-0.343826 0.180705 -0.001422
-0.326196 0.180723 -0.000509
-0.312466 0.182084 0.002552
-0.295571 0.180227 -0.001675
-0.276996 0.183259 -0.000868
-0.260301 0.179637 0.000057
-0.244206 0.181039 -0.001430
-0.226305 0.181210 0.000343
-0.208554 0.181288 -0.000703
-0.193560 0.182312 0.000348
-0.176727 0.181422 0.000065
-0.159784 0.180806 -0.001007
-0.142456 0.180881 0.000646
-0.126721 0.180553 0.000306
-0.107794 0.180772 -0.001019
-0.090929 0.181749 -0.000601
-0.075081 0.181211 0.000898
-0.056571 0.180709 -0.000120
-0.042324 0.180247 -0.000750
-0.023599 0.181876 -0.000511
-0.007846 0.181147 0.000164
0.007820 0.179979 0.001667
0.025785 0.181222 -0.000258
0.040998 0.180499 -0.002554
0.057572 0.181933 0.000616
0.076222 0.182350 0.000087
0.093189 0.179761 -0.000237
0.108437 0.182334 -0.000236
0.126614 0.181667 0.000149
0.143795 0.180236 0.000435
0.158324 0.182511 0.000897
0.176715 0.181220 -0.000486
0.192135 0.180601 -0.000002
0.209398 0.182010 0.000032
0.228402 0.181500 -0.000307
0.243940 0.182932 -0.000310
0.261090 0.180713 0.000213
0.275625 0.181181 -0.000047
0.295706 0.179748 0.000540
0.311301 0.181279 -0.002107
0.327783 0.181044 -0.001373
0.344850 0.180833 -0.001562
0.360118 0.181548 0.001883
0.377193 0.180412 0.001526
0.393560 0.181216 0.000371
0.412484 0.179221 -0.001521
0.427331 0.180406 -0.000474
0.445829 0.180639 -0.001197
0.461811 0.182679 0.000598
0.478912 0.179944 -0.000083
0.496167 0.181977 0.000248
0.512924 0.180420 0.000434
0.530222 0.180010 0.000404
0.547064 0.181178 0.001401
0.563536 0.181073 0.000770
0.580415 0.182985 -0.000633
0.596820 0.180450 -0.000326
0.612295 0.181469 -0.000902
0.630881 0.181269 -0.000190
0.647481 0.181388 -0.001616
0.662379 0.181287 0.000291
0.680907 0.179557 -0.001160
0.696983 0.180824 -0.000867
0.714239 0.179683 -0.000438
0.732692 0.179590 -0.000307
0.748795 0.180173 -0.001345
0.764940 0.178563 0.000438
0.780357 0.180970 0.000493
0.797558 0.181124 -0.000579
0.815564 0.180695 0.000032
0.832444 0.182002 0.000895
0.849455 0.179371 -0.001080
0.865907 0.181071 -0.001336
0.882266 0.181524 -0.000405
0.899040 0.180949 -0.000742
0.916956 0.179737 0.000368
0.931122 0.179960 -0.001565
0.947946 0.181887 -0.000569
0.965423 0.182469 -0.000783
0.982382 0.181731 -0.000433
1.000010 0.180995 -0.000590
-0.998716 0.197126 -0.000160
-0.983521 0.195811 -0.000760
-0.968111 0.196944 -0.001629
-0.949231 0.197454 -0.000737
-0.934854 0.195653 0.000165
-0.914960 0.195917 -0.000727
-0.899933 0.195928 -0.001308
-0.881647 0.196234 -0.001569
-0.863818 0.196923 0.001301
-0.848584 0.198380 0.000859
-0.831380 0.196107 -0.000451
-0.817252 0.196639 -0.000799
-0.798131 0.196284 -0.000023
-0.782617 0.195648 0.000837
-0.765220 0.197215 0.000030
-0.746968 0.197042 0.000114
-0.731618 0.195221 -0.000651
-0.714615 0.195782 -0.000839
-0.696944 0.197238 0.000237
-0.680015 0.196915 0.000009
-0.663162 0.195533 -0.002072
-0.645740 0.197902 0.000464
-0.631307 0.196570 -0.000384
-0.614988 0.197359 0.001283
-0.596929 0.194885 0.000199
-0.581531 0.196604 -0.000842
-0.561004 0.195738 -0.001139
-0.545023 0.196088 0.000667
-0.528729 0.197218 0.001162
-0.513938 0.196750 0.000210
-0.495730 0.195043 -0.000399
-0.479764 0.196152 -0.000682
-0.462403 0.196549 -0.002155
-0.446641 0.196773 -0.000869
-0.429598 0.196702 -0.001796
-0.410781 0.196865 0.000794
-0.395589 0.196611 0.002343
-0.378578 0.196246 0.001233
-0.361451 0.196569 0.000120
-0.344175 0.196480 0.001283
-0.327800 0.196845 -0.000767
-0.311523 0.196607 0.000079
-0.296283 0.196674 -0.000138
-0.277301 0.195640 0.001463
-0.259739 0.196636 0.000969
-0.245548 0.195709 0.000119
-0.225828 0.197163 -0.000063
-0.211402 0.197551 -0.001908
-0.193763 0.197534 -0.000308
-0.175418 0.196699 -0.000377
-0.157873 0.194811 -0.000011
-0.143157 0.195909 0.000443
-0.125196 0.197330 -0.000728
-0.108490 0.197774 -0.002070
-0.092489 0.197382 -0.000190
-0.074922 0.195359 0.000682
-0.059471 0.195756 -0.000109
-0.042650 0.196171 -0.002207
-0.025889 0.197199 -0.000067
-0.008897 0.195745 -0.000435
0.008077 0.196400 -0.001189
0.025643 0.198346 -0.001238
0.043055 0.198601 -0.001840
0.059091 0.196263 -0.000322
0.077139 0.194546 -0.002185
0.091343 0.196726 0.002407
0.107186 0.196868 -0.000714
0.125632 0.196452 -0.001158
0.143554 0.196285 -0.000209
0.158259 0.197315 -0.001008
0.173950 0.196547 0.000665
0.193792 0.196297 0.001989
0.210014 0.197188 0.001350
0.227018 0.197095 0.000753
0.244568 0.194837 -0.000686
0.261437 0.195518 -0.000194
0.277474 0.196470 0.000153
0.293190 0.196931 -0.001202
0.311539 0.196483 0.000172
0.327370 0.196945 -0.000547
0.343273 0.195885 0.000850
0.360425 0.194925 -0.001130
0.376345 0.196955 -0.000125
0.395590 0.196529 -0.000736
0.410963 0.195358 -0.000397
0.427978 0.195126 -0.000602
0.445303 0.196619 0.001029
0.461013 0.196081 -0.001620
0.478380 0.194423 -0.001216
0.495579 0.196525 -0.000229
0.511629 0.197833 -0.001504
0.530123 0.196703 0.001213
0.546654 0.198153 -0.000677
0.563138 0.196974 -0.000695
0.580459 0.197177 -0.000681
0.595887 0.195165 0.001803
0.615139 0.197364 0.002004
0.630223 0.196013 0.000830
0.646597 0.196603 -0.000537
0.664430 0.196202 0.000243
0.681638 0.195762 -0.000891
0.695502 0.196687 0.001134
0.716159 0.195386 0.000138
0.730742 0.196657 0.000827
0.747916 0.197127 0.000510
0.764116 0.195174 0.000207
0.781882 0.196793 -0.001826
0.799611 0.195046 -0.000681
0.818639 0.196947 0.000590
0.830993 0.195146 -0.000964
0.848849 0.197115 -0.000687
0.864718 0.197237 -0.000844
0.883436 0.195725 -0.000056
0.900616 0.197320 -0.000559
0.916707 0.194808 -0.000457
0.933654 0.195981 -0.001702
0.949092 0.196966 0.001806
0.966029 0.195545 -0.000675
0.983856 0.196781 0.000134
1.000091 0.195663 -0.001258
-0.999000 0.213161 -0.000436
-0.982772 0.211658 0.000164
-0.965484 0.210575 -0.001947
-0.950348 0.211201 -0.001829
-0.933211 0.213126 -0.000780
-0.917792 0.211972 0.002171
-0.898450 0.212008 -0.000570
-0.883265 0.212706 0.001270
-0.865369 0.212224 -0.001252
-0.849500 0.211503 0.001309
-0.832207 0.212687 0.000153
-0.814727 0.212649 0.001107
-0.796685 0.212094 0.000111
-0.780535 0.213252 0.001370
-0.765470 0.212239 0.000885
-0.746972 0.213000 -0.001556
-0.731442 0.210698 -0.000995
-0.714135 0.211679 0.001460
-0.697182 0.213574 -0.001651
-0.680027 0.214001 0.000309
-0.664946 0.212518 0.000734
-0.646415 0.211826 0.000621
-0.630843 0.212598 -0.000057
-0.613084 0.212743 0.001311
-0.597992 0.211540 -0.001219
-0.579138 0.212272 0.001426
-0.563641 0.212467 0.000786
-0.545931 0.212850 -0.000616
-0.529808 0.212435 0.001070
-0.510995 0.210512 0.000907
-0.495019 0.212025 -0.000043
-0.478626 0.210929 -0.000898
-0.462424 0.211714 0.001242
-0.443953 0.213022 -0.000057
-0.427829 0.210408 0.001417
-0.412308 0.211491 0.001866
-0.394688 0.211965 -0.000556
-0.377125 0.214191 -0.000339
-0.362009 0.213993 0.000407
-0.345491 0.213146 -0.000373
-0.327901 0.209868 0.000955
-0.310450 0.212826 -0.002268
-0.293786 0.211987 0.000717
-0.277518 0.211731 -0.000594
-0.259437 0.213091 0.001090
-0.243729 0.213041 -0.000124
-0.225397 0.211395 0.000033
-0.209858 0.211673 -0.000247
-0.194803 0.212266 -0.000683
-0.175870 0.211869 0.000138
-0.157651 0.213228 0.001939
-0.143424 0.211832 0.000668
-0.125194 0.210942 0.000492
-0.110918 0.211804 0.000589
-0.092450 0.211898 -0.001056
-0.075394 0.212916 -0.000467
-0.059251 0.210950 0.000425
-0.043534 0.213194 0.000079
-0.023862 0.212272 -0.000285
-0.007409 0.211288 0.001241
0.008768 0.212797 0.000436
0.024965 0.212369 0.000754
0.041879 0.213745 -0.001399
0.058618 0.213164 -0.000400
0.077877 0.211524 -0.000276
0.092394 0.209095 0.001404
0.109603 0.213383 0.001929
0.124672 0.210163 -0.001257
0.144486 0.212351 -0.001240
0.158939 0.212488 -0.001269
0.176927 0.211142 -0.000995
0.192990 0.212044 -0.000655
0.209801 0.211973 0.000124
0.226036 0.213136 0.000051
0.242782 0.212212 0.000078
0.261445 0.214839 0.001111
0.278977 0.212408 0.002349
0.294959 0.214134 -0.000523
0.311211 0.213398 -0.001216
0.328814 0.212974 -0.000122
0.343685 0.213853 0.001563
0.359766 0.213188 -0.001674
0.378739 0.212703 0.000160
0.392188 0.213209 0.000498
0.412606 0.211030 0.000708
0.429357 0.211252 0.000978
0.447149 0.209619 0.000570
0.464368 0.213796 -0.001446
0.479495 0.212113 0.000662
0.495899 0.212137 0.002116
0.511447 0.211564 0.001721
0.529605 0.214333 0.002482
0.546646 0.211268 -0.000085
0.562629 0.212372 -0.001239
0.579981 0.212963 0.001206
0.597192 0.212035 -0.000091
0.612763 0.213518 0.000526
0.629614 0.211411 -0.000481
0.645199 0.211988 0.000679
0.665093 0.214415 -0.000809
0.679039 0.214112 0.000528
0.698724 0.211831 0.001622
0.712339 0.213972 0.001091
0.731145 0.213083 0.001009
0.749198 0.211973 0.000466
0.765394 0.212385 -0.000646
0.782842 0.213116 -0.002429
0.797449 0.212115 0.000498
0.815539 0.211668 -0.000949
0.831248 0.212742 0.001896
0.846450 0.212526 -0.000120
0.865069 0.212361 -0.001101
0.883239 0.211993 0.000439
0.898319 0.211063 0.000185
0.916587 0.211338 0.000539
0.932658 0.213196 -0.002467
0.948951 0.212327 -0.000280
0.967703 0.212728 -0.001022
0.982375 0.212297 0.000061
1.001031 0.212455 -0.001712
-0.999704 0.227140 0.000310
-0.982028 0.229721 -0.002043
-0.964670 0.228211 0.001588
-0.950072 0.226691 0.000022
-0.931048 0.229385 -0.000977
-0.916452 0.230354 -0.000740
-0.899898 0.229985 -0.001190
-0.881204 0.229689 0.001233
-0.865197 0.227393 -0.000163
-0.847356 0.228464 -0.001101
-0.832267 0.227732 0.001513
-0.813477 0.228316 -0.000960
-0.799001 0.227076 -0.000773
-0.780630 0.229618 0.001467
-0.763137 0.228549 0.000848
-0.748582 0.227016 0.000044
-0.731455 0.229453 -0.001089
-0.715444 0.228032 0.000500
-0.698628 0.228211 0.000382
-0.679598 0.227610 0.002109
-0.663545 0.227885 0.000944
-0.647658 0.227830 -0.001036
-0.631939 0.226604 0.000105
-0.615046 0.227427 -0.001109
-0.597022 0.228279 0.000013
-0.580217 0.227794 0.000633
-0.563570 0.229450 -0.000355
-0.545969 0.228966 -0.000983
-0.528826 0.228973 -0.001334
-0.511331 0.228107 -0.001052
-0.495664 0.228311 -0.000378
-0.479210 0.228990 -0.001102
-0.460914 0.228881 0.001143
-0.444748 0.227960 -0.000464
-0.428653 0.230101 -0.001891
-0.411741 0.228072 0.000109
-0.394907 0.228634 -0.000132
-0.378868 0.227361 0.000012
-0.361060 0.229041 -0.001198
-0.342930 0.228425 -0.000128
-0.325821 0.229026 0.000239
-0.311432 0.227102 0.000472
-0.293862 0.228695 0.000153
-0.276872 0.228780 0.000219
-0.262335 0.227604 -0.000849
-0.243159 0.229358 0.000033
-0.228677 0.230354 -0.000378
-0.210162 0.228645 -0.000306
-0.192302 0.227772 0.000261
-0.176848 0.229512 -0.001130
-0.158986 0.227885 0.002147
-0.142519 0.228772 0.000555
-0.125625 0.226744 0.001087
-0.109724 0.226668 -0.000547
-0.092204 0.227115 0.001056
-0.075190 0.228704 0.000713
-0.058680 0.226737 -0.000357
-0.041211 0.227929 0.001146
-0.027652 0.225591 0.000277
-0.007149 0.227851 -0.000864
0.009478 0.229698 -0.000972
0.024334 0.227666 0.000113
0.043228 0.226724 -0.000151
0.057641 0.227868 0.000514
0.075261 0.228260 -0.000338
0.091484 0.228485 0.001422
0.108578 0.226244 -0.000339
0.125644 0.228881 -0.000718
0.143774 0.228674 -0.000389
0.158321 0.228478 0.000256
0.175342 0.230545 -0.000097
0.193168 0.228250 -0.000947
0.209660 0.228720 0.000376
0.227065 0.227582 -0.000239
0.242663 0.228624 -0.000278
0.261936 0.228905 -0.000126
0.278195 0.229666 0.000698
0.293227 0.227833 0.001468
0.311917 0.227753 -0.000397
0.327151 0.228983 -0.001311
0.346247 0.227188 0.000211
0.360003 0.228858 -0.001311
0.379059 0.228410 0.001654
0.395332 0.228037 0.000373
0.411460 0.226659 -0.001589
0.427967 0.229712 -0.000238
0.447972 0.229557 -0.000615
0.461880 0.227427 0.000056
0.479660 0.226556 -0.001033
0.496263 0.228850 0.000236
0.511545 0.227438 0.000319
0.528148 0.227603 -0.002798
0.545436 0.225419 0.000624
0.562731 0.228322 -0.000525
0.578813 0.227212 0.000140
0.594906 0.227668 0.000216
0.612970 0.228295 0.000389
0.629066 0.230372 0.000553
0.646413 0.227501 -0.000228
0.663895 0.229695 0.000307
0.680892 0.230145 -0.000634
0.697494 0.227789 0.000982
0.716608 0.227675 0.001375
0.730376 0.228816 -0.000564
0.747229 0.228200 0.001576
0.766175 0.229926 -0.000551
0.780908 0.227169 -0.000986
0.798658 0.227349 0.000757
0.815475 0.228474 -0.002574
0.834192 0.228010 0.000574
0.849216 0.227039 0.001371
0.864395 0.226395 0.000648
0.882053 0.227818 0.000893
0.899068 0.226666 0.000822
0.916679 0.227000 0.001026
0.932706 0.227060 -0.001062
0.951682 0.227281 -0.001473
0.965437 0.227529 -0.000312
0.983586 0.227203 0.000919
0.999025 0.227018 0.000200
-0.998856 0.242191 -0.000522
-0.981968 0.244491 0.000525
-0.966831 0.243547 0.000128
-0.949337 0.243368 -0.000856
-0.932768 0.243137 0.001232
-0.915452 0.244168 0.001842
-0.899671 0.244893 -0.000269
-0.879685 0.243395 -0.000247
-0.866516 0.242370 -0.001273
-0.848014 0.244532 -0.000114
-0.831526 0.242270 -0.000057
-0.815984 0.243242 -0.000847
-0.799116 0.242557 0.000251
-0.781684 0.242790 -0.000941
-0.763759 0.246119 -0.001603
-0.747027 0.243179 -0.000491
-0.730917 0.244769 0.001590
-0.714447 0.241591 -0.000701
-0.697165 0.243244 0.000917
-0.679589 0.244069 0.001667
-0.662765 0.243953 -0.000532
-0.646555 0.241181 -0.000558
-0.630022 0.242780 0.000309
-0.613480 0.244556 0.000025
-0.597171 0.244105 -0.000242
-0.579659 0.243895 0.000239
-0.560746 0.242706 0.000700
-0.546113 0.243495 -0.000197
-0.529438 0.243600 -0.001177
-0.512700 0.245715 0.000116
-0.496067 0.244461 -0.000346
-0.478122 0.245686 -0.000389
-0.462667 0.245246 -0.001769
-0.444960 0.244908 -0.001433
-0.427136 0.243776 0.001190
-0.411870 0.245369 -0.001958
-0.394625 0.243229 0.001370
-0.376737 0.244463 -0.000825
-0.361453 0.242820 -0.001541
-0.342211 0.243692 0.000429
-0.328287 0.242902 -0.000014
-0.311778 0.243463 -0.001208
-0.294708 0.243857 -0.002174
-0.277828 0.243295 0.000261
-0.260457 0.242910 0.000440
-0.243394 0.245294 0.001081
-0.226132 0.244734 0.001042
-0.212761 0.244980 -0.000673
-0.192361 0.243456 0.001559
-0.175724 0.243244 -0.001666
-0.160664 0.245880 -0.002396
-0.142794 0.245394 -0.000356
-0.126343 0.243651 0.000134
-0.108780 0.245512 -0.000646
-0.092280 0.243619 -0.000345
-0.075868 0.243173 -0.000608
-0.058624 0.244296 0.001409
-0.042538 0.245816 -0.001288
-0.025250 0.244209 -0.001381
-0.010380 0.242296 -0.000620
0.005893 0.244337 0.001598
0.024375 0.244582 -0.000068
0.040918 0.241971 0.001288
0.057925 0.244211 -0.001437
0.076110 0.245148 -0.000854
0.093970 0.243320 0.000336
0.109466 0.242571 0.000629
0.126303 0.244936 0.001752
0.142699 0.242498 0.001007
0.160904 0.242819 -0.000101
0.177483 0.242163 -0.001110
0.193807 0.243726 0.000384
0.211802 0.243246 0.001397
0.228266 0.244835 -0.001111
0.241944 0.243758 -0.001347
0.261684 0.243804 -0.001942
0.277859 0.243950 0.000171
0.292716 0.242600 -0.002084
0.312077 0.243773 0.000023
0.327594 0.243222 -0.000701
0.347527 0.245374 -0.001041
0.359208 0.243032 -0.000210
0.378482 0.242579 -0.002053
0.393686 0.243526 0.000058
0.412859 0.244514 -0.001771
0.428846 0.243260 0.000056
0.445956 0.243602 -0.000783
0.462077 0.244541 0.001976
0.481286 0.243888 0.000178
0.497540 0.244881 0.000168
0.512609 0.244407 0.001720
0.530093 0.244363 -0.000505
0.545248 0.243014 -0.000312
0.560791 0.243304 -0.001078
0.579442 0.244561 0.000340
0.596191 0.243753 0.000933
0.612947 0.243833 -0.000465
0.629749 0.244297 0.000744
0.647807 0.244165 0.000563
0.665776 0.244162 -0.000693
0.680330 0.244127 0.000379
0.696874 0.244049 -0.001443
0.715210 0.243808 -0.000313
0.732122 0.243852 -0.000189
0.747724 0.242774 0.000530
0.765312 0.244894 0.000637
0.781131 0.243911 0.000382
0.798376 0.246013 -0.001677
0.815136 0.244634 0.000885
0.832289 0.242344 -0.000374
0.848530 0.242897 0.001104
0.867167 0.244301 0.000879
0.883092 0.243985 0.000054
0.898432 0.243663 -0.001042
0.915866 0.244332 -0.001103
0.933611 0.245324 -0.002436
0.950171 0.243243 -0.000320
0.965240 0.241655 0.000137
0.984235 0.243175 -0.000566
0.999278 0.243269 -0.000102
-1.000204 0.260013 -0.000007
-0.982215 0.259116 0.001943
-0.965186 0.259655 0.000536
-0.950984 0.261113 0.001631
-0.931876 0.258323 0.000750
-0.916123 0.258103 -0.000632
-0.898497 0.259582 0.000383
-0.880894 0.261227 -0.000662
-0.865850 0.258605 -0.001153
-0.848004 0.257764 0.002085
-0.831975 0.257630 -0.001072
-0.815552 0.258461 -0.000619
-0.798234 0.258724 -0.001412
-0.781674 0.259581 -0.000152
-0.764330 0.259508 0.000939
-0.746255 0.260318 0.001250
-0.732485 0.260585 -0.000794
-0.715283 0.260427 -0.000516
-0.697697 0.258717 -0.000554
-0.681407 0.259381 0.000613
-0.664440 0.258855 0.000681
-0.647802 0.258929 -0.000669
-0.629489 0.258854 -0.000893
-0.610848 0.261164 0.001166
-0.598039 0.260537 0.000591
-0.579961 0.258599 -0.000234
-0.561435 0.258860 -0.001336
-0.543816 0.258492 -0.001296
-0.528241 0.259772 0.000081
-0.511077 0.261914 -0.000642
-0.496125 0.259709 0.000373
-0.478161 0.259967 -0.001737
-0.462706 0.259836 0.003226
-0.443946 0.259933 -0.000910
-0.428949 0.260094 0.000710
-0.412386 0.259799 -0.001930
-0.396083 0.261096 -0.000104
-0.377647 0.258623 0.001266
-0.361920 0.258889 -0.001964
-0.343992 0.259317 -0.000278
-0.327172 0.259308 0.001219
-0.312955 0.259717 0.000208
-0.292787 0.259131 -0.001965
-0.276146 0.260673 0.000008
-0.260464 0.259721 -0.000771
-0.240712 0.259161 -0.000232
-0.226893 0.259038 0.000883
-0.210632 0.258078 0.001791
-0.194738 0.258404 -0.000955
-0.176422 0.260315 -0.000158
-0.160090 0.260522 -0.001268
-0.142109 0.259942 0.000149
-0.127672 0.259272 -0.000080
-0.108451 0.260067 0.000288
-0.092778 0.260293 -0.000139
-0.074180 0.259007 -0.001269
-0.057687 0.259984 0.001107
-0.044011 0.258185 0.000445
-0.025450 0.260688 0.000259
-0.007021 0.258791 -0.000174
0.007885 0.260097 0.000814
0.024879 0.259432 0.000166
0.041393 0.260158 -0.000445
0.058166 0.258453 0.000530
0.075601 0.259992 -0.001014
0.091631 0.261638 0.000247
0.109225 0.260294 0.000295
0.125119 0.258092 0.000383
0.143004 0.259668 -0.001616
0.159393 0.259369 -0.000227
0.174708 0.257642 -0.000315
0.192197 0.258640 -0.000489
0.211294 0.260366 -0.001041
0.226563 0.258754 -0.000002
0.244423 0.259584 0.000221
0.259125 0.258909 0.000802
0.278476 0.258356 0.000150
0.294984 0.258965 0.000609
0.309647 0.260658 0.001309
0.327892 0.259281 0.000906
0.343969 0.260250 0.000308
0.362546 0.259618 -0.000411
0.380418 0.259047 0.000232
0.395077 0.259989 0.000505
0.410949 0.260098 -0.001177
0.428805 0.260283 0.002318
0.443474 0.259480 0.000533
0.460499 0.259274 0.000381
0.479315 0.258106 0.002348
0.494882 0.259752 0.001175
0.510616 0.258972 0.000401
0.529186 0.258603 -0.002048
0.546555 0.258669 -0.000019
0.562083 0.260048 -0.001786
0.581741 0.260174 -0.001923
0.596732 0.258723 -0.002712
0.613299 0.260178 0.000052
0.630143 0.259350 0.000625
0.646083 0.259222 -0.000601
0.664150 0.260151 -0.000752
0.680737 0.258515 0.000066
0.697761 0.259194 0.001923
0.716163 0.259297 0.000979
0.733126 0.260899 0.000101
0.747376 0.259584 0.001735
0.764504 0.258705 -0.001005
0.781126 0.260257 -0.001508
0.798062 0.258733 0.000355
0.814394 0.259879 -0.000653
0.833338 0.258231 0.000580
0.847991 0.260919 -0.000182
0.867008 0.258213 0.000018
0.884094 0.259416 -0.001194
0.899529 0.260880 -0.000711
0.915672 0.259265 -0.001059
0.932965 0.260026 -0.000056
0.949212 0.258254 0.000473
0.966963 0.258610 0.000712
0.983902 0.258487 0.001222
1.000321 0.259283 0.000314
-0.998665 0.275629 -0.001596
-0.983233 0.275074 0.000676
-0.965155 0.275662 -0.001933
-0.949817 0.275814 -0.000534
-0.934446 0.276258 -0.001081
-0.916409 0.275384 -0.000578
-0.901157 0.277253 -0.000832
-0.881766 0.274696 -0.000509
-0.864652 0.274182 0.000106
-0.846953 0.275415 0.000350
-0.832868 0.275176 0.000674
-0.814176 0.276367 0.000319
-0.799132 0.277059 -0.001637
-0.781863 0.274448 0.000196
-0.764926 0.275469 0.002910
-0.749250 0.274384 0.001250
-0.731402 0.273783 0.000879
-0.714451 0.276114 -0.000357
-0.698162 0.275428 0.001695
-0.681631 0.274767 -0.000045
-0.663680 0.274940 -0.001298
-0.647939 0.275323 -0.000342
-0.627307 0.275455 -0.002076
-0.614202 0.277052 0.000839
-0.597198 0.274852 -0.000544
-0.578052 0.275681 -0.000277
-0.562785 0.275221 0.000270
-0.543922 0.271817 0.000309
-0.528066 0.276650 -0.001481
-0.511679 0.276425 -0.000636
-0.496319 0.275571 0.001324
-0.477286 0.274780 -0.001340
-0.460470 0.276073 0.000865
-0.445627 0.275722 0.000335
-0.429937 0.276793 0.001147
-0.410511 0.274940 -0.000903
-0.396868 0.275003 0.001540
-0.378237 0.275922 0.001533
-0.360130 0.276452 -0.001228
-0.344374 0.274804 -0.001636
-0.328095 0.273194 -0.001856
-0.313140 0.276163 0.000906
-0.292576 0.274092 0.000562
-0.276006 0.274241 0.001257
-0.260610 0.274130 -0.001031
-0.243260 0.273923 0.000500
-0.226280 0.275329 -0.000741
-0.210162 0.273496 0.000638
-0.192552 0.275882 0.000392
-0.173877 0.273929 -0.000407
-0.160979 0.275459 0.001093
-0.143706 0.274421 0.000600
-0.124787 0.275321 -0.000792
-0.108913 0.276449 0.001419
-0.091867 0.275780 0.000535
-0.074560 0.276788 -0.001128
-0.060071 0.275452 -0.000546
-0.040439 0.275484 0.000638
-0.025124 0.275088 0.001374
-0.006994 0.277129 0.000397
0.008348 0.275761 0.002420
0.024452 0.275120 -0.000277
0.040237 0.275726 -0.000101
0.059496 0.277552 -0.000637
0.077368 0.275148 0.001161
0.090725 0.274419 0.000184
0.107293 0.276495 0.000233
0.125159 0.274851 -0.001585
0.141805 0.275423 -0.001668
0.161228 0.276409 0.000773
0.176589 0.275377 -0.000546
0.195777 0.276838 -0.000615
0.210839 0.275906 -0.000793
0.226197 0.275154 0.000661
0.243684 0.275189 0.000410
0.260033 0.274375 0.001967
0.275704 0.274826 -0.001158
0.295921 0.276312 0.000771
0.308865 0.276034 0.000970
0.328455 0.277161 -0.003715
0.345012 0.274365 0.001156
0.360503 0.275392 -0.000078
0.376535 0.274808 -0.000159
0.396530 0.275322 0.000195
0.411845 0.276971 0.000619
0.428607 0.275538 0.000787
0.445801 0.275029 0.000792
0.463034 0.276559 -0.001723
0.478189 0.273426 -0.000291
0.497085 0.275434 -0.000644
0.511903 0.276860 0.001629
0.528919 0.276665 0.001523
0.545659 0.275139 0.001293
0.564871 0.276715 -0.001263
0.580724 0.274738 -0.002370
0.599913 0.274720 -0.000994
0.614121 0.275624 -0.001348
0.629760 0.275527 -0.001276
0.648407 0.275253 0.000028
0.661898 0.273617 -0.000863
0.680570 0.275334 -0.001370
0.695934 0.274956 0.001463
0.714829 0.275403 -0.000345
0.733146 0.274642 0.000125
0.749196 0.274077 -0.001837
0.764781 0.274171 0.001104
0.781064 0.274000 0.000644
0.796760 0.275431 -0.000347
0.816580 0.273959 0.000212
0.832072 0.275152 0.000286
0.850352 0.276548 -0.000074
0.867193 0.274015 -0.000022
0.881250 0.273050 0.000163
0.899406 0.274686 -0.000631
0.915249 0.274344 -0.001976
0.932860 0.274911 -0.001038
0.950893 0.275187 0.000218
0.966684 0.272536 0.000654
0.980551 0.273977 0.000342
1.000197 0.276818 -0.000253
-1.000308 0.291470 0.000697
-0.983092 0.291159 -0.000397
-0.967890 0.290739 0.000125
-0.949645 0.291481 -0.000269
-0.932363 0.290169 0.000853
-0.916516 0.290874 -0.000768
-0.899246 0.290411 -0.000421
-0.879684 0.290450 -0.000140
-0.865727 0.290261 0.000761
-0.848967 0.291730 0.000882
-0.832376 0.290896 0.000555
-0.815576 0.291715 0.000316
-0.799026 0.290847 -0.003474
-0.783035 0.290544 -0.002211
-0.765253 0.291507 -0.001650
-0.746038 0.290478 -0.000833
-0.730774 0.291375 0.001003
-0.713812 0.290172 -0.000249
-0.698085 0.290829 -0.001054
-0.681207 0.289974 0.001075
-0.664355 0.290630 0.001040
-0.647108 0.292338 0.001247
-0.630283 0.291092 -0.000483
-0.613263 0.290027 0.000109
-0.593234 0.290145 0.000104
-0.578777 0.291962 -0.001212
-0.564106 0.292968 0.000469
-0.545987 0.291945 0.001334
-0.530765 0.289434 -0.000846
-0.512592 0.292078 -0.000540
-0.494800 0.291658 -0.000812
-0.477947 0.292806 0.000462
-0.462855 0.291590 0.000495
-0.444217 0.292327 -0.000015
-0.429246 0.290842 -0.000901
-0.411300 0.291784 -0.000438
-0.395351 0.291765 0.002466
-0.379410 0.291146 -0.000231
-0.362225 0.291971 0.000526
-0.343493 0.288918 0.000666
-0.327090 0.290759 0.000633
-0.312936 0.291871 0.000907
-0.294446 0.290757 0.001091
-0.276892 0.293147 -0.000137
-0.259720 0.291751 -0.001011
-0.240772 0.290728 0.000122
-0.227432 0.289606 -0.001034
-0.209409 0.291508 0.001103
-0.193732 0.292261 0.000936
-0.176381 0.291556 -0.000734
-0.158155 0.290648 -0.000870
-0.143493 0.291710 0.000676
-0.126970 0.289072 0.001662
-0.108011 0.289934 0.000043
-0.093407 0.290212 -0.000937
-0.076234 0.291291 0.000783
-0.058034 0.290582 -0.000064
-0.042807 0.291722 -0.000439
-0.024856 0.291472 0.002853
-0.008612 0.291481 0.000513
0.007654 0.291240 -0.000712
0.025626 0.290179 -0.000122
0.042430 0.293045 -0.001599
0.057866 0.291884 0.000278
0.075711 0.291372 0.001007
0.092692 0.289668 -0.000702
0.108908 0.290123 -0.000583
0.125649 0.290772 -0.000732
0.142983 0.289989 0.000531
0.161960 0.290669 0.000690
0.175924 0.289850 -0.001065
0.192272 0.291349 0.000125
0.209665 0.290795 0.000178
0.226701 0.290910 -0.000290
0.243505 0.291561 0.000037
0.261385 0.291238 0.000354
0.277792 0.290660 -0.000386
0.294216 0.290978 0.000904
0.309821 0.292086 -0.000354
0.328134 0.291067 -0.000282
0.344492 0.290557 0.000091
0.360644 0.293337 0.000831
0.379132 0.289422 0.000746
0.396533 0.291472 -0.001118
0.411747 0.290197 -0.000278
0.430100 0.290212 0.001482
0.445255 0.290212 -0.000371
0.460943 0.291585 -0.001004
0.480226 0.291720 -0.001226
0.496236 0.290037 -0.000068
0.513085 0.290038 0.001347
0.529286 0.292010 -0.000190
0.548064 0.291015 0.000787
0.562265 0.289531 0.000223
0.579832 0.290013 0.000323
0.597720 0.290533 -0.000773
0.612174 0.291888 0.000265
0.629987 0.292775 0.001766
0.647143 0.290569 -0.000927
0.664776 0.292262 0.000661
0.680656 0.291526 0.001435
0.696719 0.291557 0.000376
0.712680 0.291669 0.002080
0.731075 0.291883 0.000787
0.748176 0.291002 0.000799
0.764427 0.290401 -0.001006
0.780459 0.290535 0.000116
0.798883 0.289617 0.001612
0.814162 0.290848 -0.001598
0.832413 0.290331 -0.001504
0.848311 0.289191 0.000977
0.866838 0.292218 0.001922
0.882964 0.290736 -0.001145
0.899597 0.291175 0.000444
0.916238 0.289710 0.000899
0.934065 0.291269 -0.000904
0.949283 0.289898 -0.000555
0.965417 0.291060 -0.000805
0.984561 0.292146 0.000178
0.999880 0.291891 0.000303
-1.000096 0.306288 -0.000791
-0.983630 0.307302 -0.000519
-0.965300 0.307177 -0.001366
-0.948941 0.306564 0.000543
-0.933835 0.306774 0.000182
-0.915489 0.307007 -0.000751
-0.901399 0.307100 -0.000303
-0.883653 0.306544 0.000611
-0.865784 0.307684 0.001055
-0.848435 0.306859 -0.000443
-0.832210 0.308156 0.001183
-0.813914 0.307288 0.001039
-0.799721 0.306237 0.000009
-0.778517 0.306955 -0.000792
-0.764628 0.306861 0.001401
-0.746814 0.305013 -0.000295
-0.730625 0.306266 -0.000580
-0.713570 0.307414 -0.000363
-0.697167 0.306411 -0.000355
-0.682187 0.305912 0.000107
-0.661672 0.308226 -0.000928
-0.648243 0.307552 -0.002083
-0.630555 0.305942 0.000632
-0.613282 0.305704 0.001478
-0.595775 0.305930 0.000209
-0.580338 0.305446 -0.000950
-0.562312 0.306784 0.001644
-0.547296 0.307529 -0.000064
-0.528955 0.307157 -0.000097
-0.512967 0.307223 -0.001224
-0.495679 0.307634 -0.001806
-0.479040 0.307774 0.001151
-0.461033 0.306016 0.000860
-0.444522 0.306893 -0.000628
-0.428604 0.306642 -0.001263
-0.410911 0.307644 0.000409
-0.394866 0.306952 -0.000577
-0.379083 0.306105 0.000483
-0.362257 0.306828 0.000787
-0.345097 0.307254 -0.000279
-0.327695 0.306609 0.000058
-0.311090 0.307654 0.000524
-0.293288 0.305040 -0.000344
-0.278557 0.305764 0.000460
-0.259547 0.306537 -0.000878
-0.244316 0.306611 -0.000687
-0.225370 0.307704 0.000292
-0.209282 0.307478 -0.000807
-0.193720 0.306226 -0.001185
-0.175490 0.305031 -0.000308
-0.159725 0.307054 -0.000530
-0.141629 0.306708 0.002172
-0.126109 0.307286 -0.000927
-0.108773 0.307694 -0.000646
-0.093556 0.308685 -0.000221
-0.075621 0.307320 -0.000864
-0.057635 0.305195 0.000221
-0.040918 0.306132 -0.001581
-0.025178 0.307397 -0.000559
-0.007392 0.305581 -0.000528
0.007186 0.306614 -0.000623
0.023079 0.305656 0.000128
0.040213 0.305549 0.001219
0.059904 0.308476 -0.002021
0.074227 0.305969 0.000326
0.093643 0.306005 0.000162
0.110293 0.308250 0.000254
0.125318 0.306817 0.000911
0.141633 0.304252 -0.000226
0.160719 0.305992 -0.000612
0.176431 0.305891 0.001813
0.193067 0.304172 0.000042
0.208126 0.308641 -0.000772
0.227038 0.307246 0.000283
0.242808 0.310256 0.000800
0.260193 0.306905 0.000901
0.276486 0.306893 -0.000813
0.293704 0.306910 0.001271
0.311941 0.306644 0.000163
0.327889 0.304949 -0.000459
0.345233 0.308905 -0.000813
0.362595 0.308490 0.000368
0.381451 0.304803 0.000563
0.394534 0.307742 0.000728
0.409041 0.306232 -0.000559
0.427116 0.307250 -0.001386
0.444623 0.305369 0.001827
0.461626 0.306553 0.000948
0.479019 0.307078 -0.001259
0.495049 0.307236 -0.001150
0.511344 0.306846 -0.002186
0.529923 0.306783 -0.000193
0.546723 0.306706 0.000813
0.561322 0.306517 -0.000034
0.580461 0.304856 -0.001105
0.597680 0.306175 -0.000601
0.612918 0.307095 0.000980
0.629456 0.306887 0.000036
0.647376 0.306744 -0.001313
0.664284 0.306334 -0.000401
0.681759 0.304266 0.000882
0.697694 0.306338 -0.000753
0.716617 0.308173 0.000510
0.729936 0.304913 0.000201
0.747043 0.308833 -0.001115
0.765202 0.309023 0.000497
0.781670 0.308085 -0.000563
0.798025 0.306983 0.000055
0.814415 0.307202 0.000103
0.832419 0.305858 0.000119
0.848591 0.306245 -0.000727
0.866397 0.308304 -0.000584
0.883524 0.306329 0.000435
0.899874 0.306240 0.000176
0.918345 0.308529 -0.000538
0.932767 0.308405 -0.000394
0.949785 0.306188 0.001050
0.966284 0.308103 -0.000395
0.983742 0.308936 -0.000355
0.999446 0.306729 0.000578
-1.000794 0.323792 -0.000254
-0.982954 0.323647 0.001161
-0.967707 0.323736 -0.001130
-0.950767 0.322061 -0.000608
-0.933573 0.325067 0.000650
-0.916357 0.322401 -0.001208
-0.899570 0.322842 -0.000302
-0.882406 0.321171 0.002321
-0.866143 0.323119 0.000582
-0.846823 0.323306 -0.000215
-0.830464 0.323081 -0.000154
-0.816041 0.320113 0.001407
-0.799665 0.322222 0.000996
-0.781442 0.321728 -0.000123
-0.764891 0.321769 -0.000379
-0.746449 0.322282 0.000183
-0.731890 0.321877 -0.000375
-0.712692 0.322914 -0.000738
-0.697477 0.321112 0.000252
-0.680440 0.322944 0.000576
-0.663060 0.323807 0.000915
-0.647352 0.322816 0.000155
-0.628928 0.321709 0.000941
-0.614345 0.321092 0.000972
-0.595390 0.324107 -0.000035
-0.580041 0.321539 0.001031
-0.561643 0.323829 -0.001188
-0.545617 0.322398 0.000352
-0.530205 0.322397 0.000362
-0.511423 0.323246 -0.000395
-0.497515 0.321112 -0.001330
-0.480569 0.321693 0.003032
-0.463167 0.324302 -0.001351
-0.444846 0.322132 -0.001466
-0.427488 0.320076 -0.000139
-0.412779 0.321864 -0.001626
-0.393483 0.322149 -0.003287
-0.376585 0.323709 0.001234
-0.362164 0.323253 0.000818
-0.343711 0.322854 0.000048
-0.326372 0.322436 0.000986
-0.311367 0.323694 -0.000885
-0.294924 0.321778 -0.000320
-0.279603 0.323389 0.001040
-0.261176 0.322311 -0.000217
-0.244349 0.323072 -0.000194
-0.225005 0.322977 0.000057
-0.208859 0.324434 -0.000172
-0.192895 0.322358 -0.000505
-0.174886 0.322589 -0.000261
-0.159163 0.321670 -0.000212
-0.140628 0.323469 -0.000152
-0.124774 0.321509 0.001452
-0.109660 0.321579 0.001514
-0.093170 0.321664 0.001114
-0.075796 0.323112 0.000389
-0.059464 0.321669 -0.000485
-0.042829 0.323048 -0.000677
-0.025089 0.322529 -0.000594
-0.008001 0.322923 -0.000288
0.009222 0.321343 0.001696
0.026609 0.322293 -0.000580
0.042139 0.321839 0.000315
0.058039 0.323412 -0.000216
0.074822 0.321648 0.001539
0.092422 0.322113 -0.000244
0.109941 0.322920 0.000436
0.125320 0.321350 0.000541
0.143573 0.323536 -0.001259
0.159841 0.323673 -0.001549
0.176924 0.322129 -0.001805
0.193705 0.321715 0.000104
0.210549 0.323346 0.000101
0.225344 0.323084 0.001199
0.243907 0.323090 0.000787
0.260630 0.320968 -0.001076
0.279452 0.321579 -0.001565
0.293950 0.321356 0.001461
0.310914 0.324567 -0.002195
0.327704 0.320879 -0.000440
0.344510 0.322690 -0.000338
0.361089 0.321913 0.000824
0.377691 0.322124 -0.000603
0.395881 0.322482 -0.001335
0.411380 0.322334 -0.001096
0.429584 0.321957 0.001305
0.445787 0.322455 0.000467
0.461596 0.323973 -0.000795
0.478832 0.322482 0.000677
0.493446 0.322891 -0.001502
0.513112 0.323890 -0.000571
0.528009 0.322555 -0.000800
0.543874 0.323492 -0.001006
0.561727 0.321838 -0.000737
0.580250 0.324605 0.000070
0.596783 0.322357 0.002048
0.612465 0.321243 0.000450
0.628654 0.322836 -0.001160
0.645920 0.322025 -0.001547
0.663403 0.321760 -0.000974
0.679831 0.320173 0.001356
0.697902 0.320742 0.000404
0.713230 0.320629 -0.000922
0.729405 0.322093 0.000059
0.749177 0.323311 0.000632
0.764421 0.322944 0.002744
0.781998 0.321735 0.002214
0.798907 0.322676 -0.000015
0.815152 0.323789 -0.000499
0.832222 0.321501 0.000479
0.849512 0.323364 -0.001146
0.866464 0.322017 -0.001759
0.882508 0.322075 0.000786
0.898240 0.323195 0.000023
0.915809 0.323713 0.001989
0.931715 0.321476 -0.000521
0.948407 0.322505 0.001436
0.966350 0.321153 -0.000444
0.982729 0.321547 -0.000812
0.998494 0.323132 0.000169
-1.000133 0.337193 -0.000217
-0.983246 0.340142 -0.000609
-0.966108 0.337131 -0.000662
-0.949897 0.340172 0.000232
-0.931444 0.336785 0.000041
-0.914745 0.337358 -0.001283
-0.900533 0.338632 0.000135
-0.881100 0.337616 -0.001486
-0.865471 0.338508 -0.000196
-0.847642 0.338078 -0.000340
-0.832670 0.338232 0.002670
-0.815602 0.336734 0.000634
-0.798366 0.338319 -0.000269
-0.779866 0.338371 -0.000518
-0.765352 0.339971 0.001894
-0.748707 0.337981 -0.000540
-0.731561 0.338942 0.000148
-0.712617 0.338617 -0.000558
-0.696619 0.337836 -0.000951
-0.680741 0.337447 0.000003
-0.662669 0.339200 0.000067
-0.649118 0.339339 -0.000042
-0.628945 0.337516 0.001269
-0.613144 0.340356 -0.000935
-0.596312 0.336423 -0.000136
-0.579721 0.335889 -0.000622
-0.560837 0.338215 -0.001003
-0.545111 0.339103 -0.001445
-0.529987 0.336799 0.000968
-0.512004 0.337324 0.000056
-0.495594 0.337545 0.000185
-0.477127 0.336513 -0.002048
-0.461929 0.336966 -0.000719
-0.444091 0.337806 -0.000267
-0.426772 0.338039 0.000741
-0.411785 0.337742 0.000110
-0.396656 0.338884 -0.000158
-0.375976 0.337032 -0.000852
-0.361603 0.338023 0.000847
-0.343768 0.337593 -0.000669
-0.327520 0.338712 -0.000982
-0.311056 0.338224 0.000235
-0.293891 0.338792 0.000110
-0.277384 0.335507 0.000341
-0.259531 0.340696 0.000503
-0.244747 0.336962 -0.000864
-0.226858 0.337646 0.000575
-0.209330 0.339244 -0.001655
-0.191887 0.338568 0.001197
-0.176221 0.339899 -0.001665
-0.160317 0.336609 0.000540
-0.143166 0.338143 0.000151
-0.124713 0.339072 0.000366
-0.108844 0.338805 -0.000954
-0.091123 0.337111 -0.000614
-0.075255 0.339327 0.001880
-0.059024 0.336816 0.000910
-0.043158 0.339768 0.001149
-0.024795 0.337182 0.000416
-0.007920 0.337049 -0.001049
0.007890 0.337926 -0.001201
0.025089 0.336064 -0.000607
0.042425 0.339602 0.000669
0.060401 0.338039 -0.000578
0.075275 0.337420 0.000689
0.092762 0.339153 0.000671
0.108272 0.338565 0.000345
0.125128 0.338402 0.000611
0.141711 0.339054 0.001823
0.158530 0.338460 0.000835
0.179125 0.338268 -0.000646
0.192574 0.339499 -0.000141
0.209755 0.339144 -0.000484
0.227450 0.339635 0.001271
0.244454 0.337261 -0.000529
0.258852 0.336271 -0.000275
0.276752 0.335682 0.000046
0.293995 0.335944 0.000696
0.311119 0.338753 0.000241
0.327575 0.338604 -0.001607
0.344351 0.338482 -0.000936
0.362507 0.339828 0.001418
0.378825 0.340669 0.000020
0.395290 0.337399 0.000705
0.412320 0.338727 0.001434
0.428257 0.338175 -0.000204
0.445203 0.336972 0.000121
0.460195 0.339011 0.000400
0.478275 0.338864 -0.000051
0.495110 0.337034 0.000958
0.510738 0.336738 -0.000647
0.528911 0.337917 0.000908
0.547091 0.339183 0.001402
0.563876 0.339308 -0.000324
0.582697 0.339160 0.001019
0.593521 0.340112 0.002852
0.614759 0.339052 0.001615
0.630437 0.337625 0.000833
0.646156 0.335808 0.002252
0.664506 0.338693 0.001137
0.680356 0.338440 -0.001062
0.697221 0.340220 -0.001129
0.713767 0.339292 -0.000144
0.732184 0.338140 -0.000273
0.747847 0.337978 0.000102
0.765248 0.338413 0.000360
0.780746 0.339921 0.001250
0.798416 0.338132 0.001715
0.813559 0.336640 -0.001901
0.831535 0.339404 0.001159
0.849769 0.337788 0.000183
0.865060 0.339398 -0.000006
0.880896 0.338595 -0.000144
0.900271 0.338480 0.000263
0.914835 0.336610 -0.000813
0.931935 0.339318 -0.000108
0.950460 0.337258 -0.000289
0.966760 0.335925 0.000029
0.984048 0.338864 -0.000326
1.001209 0.338108 0.000696
-0.999875 0.353945 -0.000185
-0.983686 0.352779 -0.000002
-0.966362 0.353961 0.000632
-0.948675 0.354309 0.000658
-0.930988 0.354164 -0.000240
-0.916359 0.356077 -0.000244
-0.898440 0.353811 -0.000859
-0.882554 0.353564 -0.001624
-0.866320 0.353737 0.000258
-0.848728 0.353169 0.001499
-0.831712 0.353560 -0.000353
-0.816239 0.354494 -0.000972
-0.796195 0.354397 0.001597
-0.780632 0.352619 0.001763
-0.764136 0.353983 -0.000318
-0.750131 0.354360 0.001334
-0.730606 0.352252 0.000280
-0.713181 0.354250 -0.002780
-0.697085 0.354821 0.000584
-0.681981 0.353030 -0.001493
-0.661740 0.355578 0.000211
-0.647207 0.354089 0.000738
-0.631407 0.354589 -0.000481
-0.614154 0.354049 0.000698
-0.595688 0.353610 -0.000013
-0.578692 0.353519 0.001275
-0.563759 0.352931 -0.000010
-0.546557 0.352189 0.001828
-0.530030 0.354871 0.000775
-0.511807 0.354436 -0.000081
-0.495256 0.352442 0.000144
-0.480672 0.353267 0.001265
-0.461923 0.354980 -0.000016
-0.446363 0.351684 -0.002863
-0.429632 0.355826 0.000438
-0.412357 0.353931 -0.000210
-0.394904 0.354813 0.000399
-0.378558 0.352466 -0.000256
-0.362248 0.354535 -0.000473
-0.344915 0.353359 -0.000134
-0.327013 0.352723 0.001413
-0.310902 0.351663 -0.000351
-0.293748 0.352791 0.000890
-0.275999 0.352568 0.001035
-0.261080 0.354053 0.000298
-0.242975 0.354431 -0.001371
-0.228115 0.353691 -0.000172
-0.208811 0.354279 0.001919
-0.192832 0.354262 -0.001617
-0.176814 0.353635 -0.000292
-0.161041 0.354030 -0.000709
-0.143374 0.354623 0.000898
-0.126143 0.354726 0.000579
-0.112193 0.354371 -0.000227
-0.093679 0.354753 0.000651
-0.076100 0.355138 0.000698
-0.059072 0.353553 -0.001330
-0.041756 0.355257 -0.000615
-0.025998 0.353729 -0.000683
-0.010589 0.353291 0.000009
0.008161 0.354067 0.000970
0.025752 0.353978 0.000332
0.041066 0.353250 0.001938
0.059217 0.354514 -0.001037
0.075422 0.353523 -0.001094
0.090828 0.356260 -0.000301
0.108775 0.354105 0.001168
0.127080 0.352752 -0.000048
0.143163 0.352891 0.000360
0.159374 0.351816 0.001040
0.176790 0.353228 0.000115
0.193314 0.353558 -0.001914
0.209842 0.354949 0.001373
0.227130 0.354205 -0.000814
0.244106 0.354435 -0.000974
0.260094 0.354464 -0.000134
0.276281 0.352576 0.000324
0.293549 0.354185 -0.000601
0.311010 0.355196 0.000097
0.328798 0.355604 0.000764
0.346844 0.354496 0.000197
0.359760 0.354506 -0.000338
0.377363 0.353953 0.000654
0.395215 0.352806 0.000524
0.412473 0.355824 -0.001228
0.430259 0.353542 0.000033
0.445666 0.354331 0.000494
0.463443 0.353693 0.001479
0.479515 0.355354 -0.000460
0.496357 0.353871 0.001078
0.512971 0.353417 -0.001149
0.529982 0.351654 0.000305
0.544350 0.353336 -0.002946
0.563093 0.353214 0.001424
0.579556 0.354199 -0.000252
0.595808 0.353491 0.000893
0.614061 0.353621 -0.000656
0.631059 0.354414 0.001378
0.646684 0.354415 0.000182
0.662896 0.355277 0.000285
0.680263 0.355531 0.000713
0.697304 0.354700 -0.001707
0.714062 0.353601 -0.000554
0.733063 0.353342 -0.000642
0.747921 0.353688 -0.000804
0.764680 0.353009 -0.000183
0.780529 0.354220 -0.000086
0.798466 0.354914 0.000928
0.813743 0.352502 -0.000803
0.831811 0.354011 0.001020
0.847639 0.353564 0.000915
0.866038 0.354428 -0.000257
0.882498 0.353258 -0.001987
0.900619 0.353610 -0.001930
0.915676 0.353832 -0.002171
0.930934 0.353138 0.000659
0.949290 0.354550 -0.000414
0.966414 0.353160 0.000588
0.984108 0.352847 -0.000756
0.999427 0.353461 -0.000276
-1.001465 0.373077 0.000656
-0.983060 0.369566 -0.001193
-0.966285 0.369017 -0.001319
-0.949916 0.370295 0.000772
-0.932555 0.369920 -0.001241
-0.916750 0.369966 -0.000373
-0.899158 0.368903 -0.000932
-0.882020 0.369464 0.001341
-0.863692 0.371306 -0.001201
-0.849936 0.368923 -0.002500
-0.830371 0.369149 -0.001211
-0.815583 0.368887 0.001682
-0.800326 0.371038 0.002404
-0.782083 0.370931 -0.000069
-0.763894 0.367845 -0.002298
-0.747812 0.368559 0.000631
-0.730314 0.369609 -0.000086
-0.714315 0.368983 0.000120
-0.698880 0.369751 0.001209
-0.680597 0.369048 -0.001657
-0.664692 0.369424 -0.000303
-0.647103 0.367261 0.002049
-0.628960 0.369237 0.001497
-0.613386 0.371097 -0.000692
-0.597439 0.367804 0.000187
-0.580470 0.369481 0.000460
-0.562231 0.370943 -0.000084
-0.546952 0.368085 -0.000542
-0.531040 0.369691 0.001020
-0.512187 0.368740 -0.001210
-0.495514 0.369053 0.000132
-0.477513 0.370631 -0.000078
-0.463789 0.369048 0.001160
-0.446580 0.369268 0.001326
-0.428800 0.369445 0.000029
-0.412116 0.369430 -0.000145
-0.395123 0.370983 0.001333
-0.379763 0.368567 0.001357
-0.360266 0.369789 0.000402
-0.345373 0.370373 0.000686
-0.326782 0.369399 -0.000517
-0.311186 0.368173 -0.001121
-0.293998 0.370013 -0.001156
-0.277041 0.369249 0.000163
-0.259083 0.369830 -0.000799
-0.245514 0.369732 0.001499
-0.226976 0.369377 -0.000845
-0.209691 0.370650 -0.001427
-0.194017 0.370596 0.000738
-0.177412 0.367270 0.000325
-0.160150 0.370553 0.001728
-0.143258 0.369909 0.000228
-0.126714 0.370557 -0.000626
-0.109875 0.369466 -0.000478
-0.090961 0.369810 -0.000364
-0.075271 0.368723 -0.000315
-0.059923 0.369322 -0.000256
-0.044194 0.367333 0.001037
-0.028171 0.368954 -0.000294
-0.009547 0.370962 0.002053
0.009056 0.369201 -0.000974
0.026251 0.370534 0.000481
0.039421 0.369977 0.000450
0.058533 0.368616 0.001279
0.074597 0.369148 -0.002029
0.093659 0.369723 -0.001957
0.109670 0.369612 0.000413
0.126947 0.370857 0.000101
0.142419 0.369036 -0.000511
0.159279 0.369329 -0.000849
0.176228 0.368906 0.000249
0.191185 0.369668 0.001470
0.209239 0.371169 -0.000969
0.227316 0.370419 -0.000546
0.243002 0.370174 -0.000325
0.261339 0.369869 -0.001126
0.278262 0.369262 0.000274
0.293853 0.369131 -0.001037
0.310968 0.369337 -0.000337
0.329225 0.369399 -0.000078
0.344686 0.370239 0.000371
0.361706 0.369250 -0.000723
0.379377 0.369239 -0.001246
0.394957 0.369629 0.001407
0.412620 0.369542 0.002906
0.429657 0.369298 -0.000934
0.445431 0.369599 -0.000640
0.462580 0.369724 -0.000721
0.479993 0.368528 0.000541
0.495300 0.370018 0.000394
0.512613 0.369700 0.001491
0.529149 0.371267 -0.000216
0.545294 0.371070 0.000786
0.561818 0.371214 0.001008
0.579580 0.371535 -0.000856
0.596247 0.369497 0.000014
0.611911 0.369697 -0.000418
0.629059 0.369997 0.000086
0.646593 0.369533 -0.000515
0.662420 0.368647 -0.000907
0.679342 0.369839 0.001556
0.699711 0.370309 -0.000349
0.715837 0.369646 -0.002352
0.730386 0.368602 0.001198
0.747594 0.369452 -0.000282
0.766006 0.369493 0.001279
0.779636 0.370604 -0.001344
0.799165 0.370070 0.000160
0.814253 0.369862 0.000507
0.831198 0.368019 0.001463
0.848903 0.369536 0.000359
0.866338 0.369240 -0.000676
0.882202 0.369240 0.001136
0.898513 0.369268 -0.000376
0.914717 0.368404 -0.001138
0.931415 0.369703 0.000993
0.948850 0.370575 0.001360
0.967276 0.369235 0.001376
0.984258 0.371410 0.000164
0.998159 0.369491 -0.001434
-1.000140 0.385993 -0.001217
-0.983997 0.385228 0.001073
-0.967382 0.384252 0.000523
-0.949812 0.385394 -0.001198
-0.932458 0.387127 -0.000313
-0.914422 0.384956 -0.001236
-0.899628 0.384102 -0.000665
-0.884213 0.386349 0.000818
-0.864318 0.385795 0.000651
-0.848436 0.385245 0.000154
-0.832627 0.384852 -0.000243
-0.816018 0.384706 -0.000342
-0.797034 0.385980 -0.001424
-0.783553 0.385248 -0.000365
-0.767114 0.384366 0.001135
-0.746354 0.385477 -0.000385
-0.732161 0.386495 0.000769
-0.713701 0.385959 -0.000252
-0.697035 0.386895 -0.000619
-0.681051 0.385218 -0.000043
-0.665779 0.385555 0.001118
-0.646350 0.384663 -0.000897
-0.630440 0.386463 0.000313
-0.613383 0.385929 0.001439
-0.597450 0.384511 -0.001479
-0.578071 0.385421 0.000920
-0.565080 0.386982 -0.001947
-0.547519 0.386990 0.000905
-0.529410 0.384446 0.000647
-0.513288 0.385829 0.001367
-0.496686 0.384825 -0.000145
-0.476985 0.385030 -0.000598
-0.462247 0.385753 0.001345
-0.446790 0.384822 0.000934
-0.428411 0.385724 -0.000061
-0.411491 0.385755 -0.001496
-0.396059 0.385539 0.000489
-0.378388 0.384506 -0.000385
-0.360130 0.385019 0.000177
-0.343603 0.384277 0.000008
-0.328200 0.384144 0.000796
-0.311738 0.386691 0.000145
-0.295480 0.384743 -0.000637
-0.277572 0.387493 0.000131
-0.258499 0.386050 0.002181
-0.244216 0.385971 -0.000909
-0.227075 0.386887 0.000666
-0.208269 0.384937 0.000627
-0.193975 0.386905 -0.001024
-0.176680 0.384293 0.000564
-0.159639 0.384546 0.000813
-0.142414 0.386552 -0.000912
-0.124783 0.384642 0.000008
-0.107744 0.385827 -0.000118
-0.092225 0.385332 -0.000367
-0.075861 0.384053 -0.000902
-0.058345 0.386968 0.000886
-0.041172 0.385701 -0.000052
-0.026691 0.386516 -0.000605
-0.007558 0.386515 -0.000080
0.008835 0.385093 -0.000251
0.025885 0.386771 0.000156
0.041489 0.385253 -0.001008
0.058145 0.386654 -0.001401
0.075587 0.384781 0.000070
0.094037 0.387040 0.001050
0.110223 0.385014 0.001543
0.127043 0.383668 -0.000262
0.143437 0.384570 0.000452
0.159298 0.385372 -0.000262
0.177692 0.382644 0.000261
0.193655 0.387167 -0.000827
0.211664 0.385524 -0.000379
0.225497 0.384789 -0.000694
0.244319 0.385358 -0.000862
0.261323 0.384807 -0.000267
0.277107 0.384206 -0.001169
0.293105 0.385334 0.001141
0.310632 0.385989 -0.000936
0.328739 0.386878 -0.000529
0.344668 0.386040 0.000730
0.360966 0.385218 0.000404
0.378690 0.385372 -0.001214
0.395702 0.386742 -0.000735
0.410717 0.385704 0.000227
0.428199 0.386876 -0.000137
0.446325 0.386846 -0.000764
0.462740 0.385794 0.000925
0.478304 0.386755 0.000412
0.495478 0.384615 0.000260
0.513713 0.386166 -0.000347
0.529375 0.387448 0.000046
0.546921 0.386663 0.000412
0.563287 0.385898 0.001597
0.578365 0.385411 -0.000785
0.597112 0.385130 -0.000823
0.613692 0.384653 0.001936
0.632255 0.386922 0.000505
0.646135 0.385522 -0.000939
0.663531 0.383930 -0.000110
0.680527 0.386167 -0.000718
0.697594 0.384507 0.000800
0.713366 0.384847 0.000475
0.730913 0.385389 -0.001574
0.748832 0.384930 0.000251
0.765575 0.386441 0.000850
0.779694 0.383669 -0.000976
0.798687 0.385251 0.000222
0.815065 0.386008 -0.001717
0.831996 0.384943 -0.001898
0.849779 0.385334 0.000391
0.865706 0.386087 -0.000859
0.881408 0.385219 0.000962
0.899044 0.385513 -0.000432
0.915212 0.386219 -0.000690
0.931445 0.384692 -0.001744
0.949145 0.383806 0.000764
0.967776 0.386245 0.001164
0.982588 0.385511 0.001490
0.999457 0.386031 0.000201
-0.998794 0.400456 0.001288
-0.984621 0.400991 0.000004
-0.965937 0.401330 -0.000264
-0.948487 0.401359 -0.000015
-0.932242 0.402277 0.000260
-0.917202 0.401143 0.000618
-0.899139 0.402235 0.000143
-0.882605 0.400410 0.002133
-0.863736 0.402104 -0.001763
-0.849611 0.400473 -0.000150
-0.832366 0.399741 0.001311
-0.816496 0.402518 0.000019
-0.798228 0.401045 0.000630
-0.780869 0.401432 -0.000843
-0.765027 0.401734 0.001124
-0.747599 0.399611 0.000098
-0.730920 0.400776 0.000205
-0.712828 0.402211 -0.000100
-0.696278 0.402294 0.000064
-0.680251 0.400368 0.001329
-0.662138 0.399681 0.001253
-0.648110 0.400664 -0.001437
-0.629922 0.400938 -0.001681
-0.609973 0.401244 0.001229
-0.597481 0.401458 0.000062
-0.580405 0.400604 -0.000280
-0.561976 0.400095 -0.000055
-0.547247 0.401211 -0.000155
-0.530006 0.403427 0.000135
-0.512160 0.401442 0.000450
-0.497276 0.401353 -0.000603
-0.477412 0.400264 -0.000836
-0.461577 0.400547 0.001243
-0.444452 0.399308 0.000605
-0.428406 0.401913 0.001221
-0.411719 0.400105 -0.001641
-0.397879 0.402584 0.000808
-0.376763 0.401109 -0.000331
-0.359738 0.400763 0.000960
-0.343935 0.400199 0.000731
-0.329036 0.401252 0.000935
-0.312358 0.402158 0.000605
-0.293826 0.400533 0.001099
-0.278720 0.400082 -0.000712
-0.259503 0.400169 -0.000797
-0.243521 0.399337 0.000193
-0.226699 0.400663 0.000638
-0.209016 0.402337 0.000421
-0.193259 0.400931 -0.001099
-0.176590 0.400744 0.000536
-0.158935 0.400271 0.000094
-0.143976 0.401056 -0.001356
-0.126776 0.400875 -0.000318
-0.107713 0.399976 -0.000161
-0.091946 0.401970 -0.002812
-0.073908 0.400595 -0.000758
-0.058994 0.400916 0.000635
-0.041306 0.400386 -0.000029
-0.024551 0.401005 0.000807
-0.007826 0.400809 -0.000164
0.008658 0.400482 -0.000509
0.024627 0.400195 -0.000384
0.040691 0.400025 -0.000953
0.058862 0.400864 0.000737
0.075765 0.400145 0.000328
0.092034 0.401943 -0.001458
0.110247 0.400256 -0.000579
0.126033 0.401479 -0.000486
0.143526 0.401618 0.001115
0.159560 0.402063 0.000680
0.174957 0.400189 -0.001200
0.193879 0.401073 -0.000793
0.208348 0.398420 -0.000089
0.224920 0.400364 -0.000786
0.243546 0.401806 -0.001241
0.259597 0.401379 0.001328
0.277566 0.402714 -0.000946
0.295709 0.399788 -0.000254
0.311465 0.401936 0.000614
0.327364 0.400354 -0.001856
0.344346 0.400973 -0.001851
0.362103 0.401310 0.001154
0.375662 0.400788 0.000730
0.396087 0.401658 -0.002107
0.409731 0.400874 -0.000172
0.427327 0.399467 -0.000114
0.445373 0.400407 -0.000209
0.460942 0.401240 0.000671
0.479838 0.402109 0.001545
0.496521 0.401070 -0.000135
0.512779 0.401643 0.000675
0.529025 0.400691 0.000789
0.545026 0.401581 -0.000529
0.564091 0.401839 -0.000061
0.579506 0.400665 -0.000878
0.596329 0.400536 0.001246
0.612876 0.400770 -0.001485
0.630582 0.401993 0.002454
0.647051 0.400299 0.000646
0.662516 0.400213 0.000748
0.679967 0.401380 -0.000032
0.696052 0.400414 0.000349
0.713843 0.400129 0.001273
0.730880 0.401714 0.001535
0.748225 0.402002 -0.000031
0.762877 0.398422 -0.000093
0.782220 0.400890 -0.001582
0.798932 0.401280 0.000529
0.815686 0.400493 0.000055
0.831519 0.401396 0.001902
0.849501 0.401458 0.000537
0.865040 0.401474 0.000064
0.883888 0.399117 -0.000191
0.900202 0.401556 -0.000051
0.916704 0.401053 -0.001222
0.935127 0.403168 0.000729
0.948740 0.400673 -0.000151
0.967327 0.400528 0.001564
0.982976 0.402596 0.000562
0.997972 0.401503 0.001319
-1.001596 0.415797 0.000400
-0.983927 0.417912 0.000526
-0.965320 0.415652 -0.000370
-0.950683 0.416242 0.000380
-0.932746 0.415622 0.000422
-0.915858 0.416676 0.000445
-0.898036 0.417295 0.001652
-0.882060 0.416375 0.003351
-0.865154 0.417293 0.000176
-0.848241 0.416505 0.002182
-0.830957 0.417591 -0.000514
-0.815379 0.417908 0.000358
-0.798517 0.416391 -0.000811
-0.780477 0.415807 0.000796
-0.766036 0.417685 -0.001142
-0.746184 0.419110 0.001367
-0.730174 0.415603 0.000578
-0.715932 0.417013 -0.000022
-0.696364 0.417487 -0.001906
-0.681976 0.417491 -0.001003
-0.662581 0.414127 0.000065
-0.645961 0.417424 -0.000209
-0.629343 0.417927 0.000603
-0.614270 0.415890 -0.000017
-0.595592 0.415049 -0.000030
-0.578175 0.417195 -0.000372
-0.563610 0.416852 0.000103
-0.546988 0.417026 0.001656
-0.530085 0.417494 -0.000132
-0.512814 0.416282 -0.001481
-0.496368 0.416334 -0.000196
-0.478552 0.416403 -0.000338
-0.462026 0.415064 -0.000203
-0.445702 0.417168 0.001275
-0.428148 0.418368 0.000498
-0.410088 0.416905 0.000232
-0.395643 0.416239 0.000377
-0.378244 0.418278 -0.000282
-0.361580 0.417205 -0.000934
-0.344976 0.416860 0.000162
-0.326893 0.416976 0.000357
-0.311369 0.415828 0.001470
-0.293849 0.415078 0.000004
-0.277242 0.416214 0.000447
-0.260683 0.415852 -0.001410
-0.244915 0.418679 -0.000263
-0.225883 0.415687 0.001175
-0.210676 0.416317 -0.000300
-0.191854 0.416679 -0.000275
-0.176284 0.415417 -0.000963
-0.161322 0.417584 -0.000142
-0.141602 0.416686 -0.000363
-0.126650 0.416758 0.000789
-0.108913 0.417884 -0.000850
-0.091089 0.414828 0.000110
-0.076055 0.415653 0.000918
-0.058058 0.416718 0.001301
-0.042349 0.416238 0.000260
-0.026097 0.417127 0.002601
-0.007127 0.416923 0.001795
0.007959 0.416031 -0.002802
0.022559 0.416813 0.001635
0.041805 0.417778 -0.001166
0.059582 0.415719 0.000151
0.075560 0.418361 0.000966
0.093480 0.416731 -0.001352
0.108486 0.415842 -0.000248
0.125623 0.416395 0.000382
0.143074 0.416340 -0.000664
0.159605 0.417090 -0.000587
0.176016 0.415604 -0.000574
0.194734 0.416247 -0.000782
0.210806 0.416950 -0.000099
0.225785 0.416780 0.000733
0.245822 0.416210 -0.000966
0.259897 0.418246 -0.001684
0.276239 0.416063 -0.001490
0.293711 0.417459 -0.001021
0.313411 0.415851 -0.000541
0.327603 0.416625 -0.000910
0.344885 0.418007 0.000118
0.361290 0.413833 -0.000689
0.378305 0.418500 -0.000236
0.394977 0.415950 -0.001482
0.412098 0.416446 -0.000274
0.428667 0.417600 -0.001460
0.445600 0.417609 0.000119
0.461927 0.416257 0.000841
0.479892 0.417044 -0.000584
0.495344 0.418033 -0.000754
0.512855 0.417618 0.000096
0.531329 0.416847 0.001767
0.547203 0.414408 0.000500
0.562292 0.416183 -0.000682
0.578656 0.418464 -0.000854
0.595664 0.417276 -0.001190
0.613845 0.415099 -0.000656
0.628919 0.417209 0.001511
0.645822 0.414953 0.000023
0.663460 0.417705 0.000874
0.681573 0.417251 0.000431
0.697876 0.418445 -0.000164
0.715701 0.417340 -0.000470
0.732880 0.418656 0.000817
0.749889 0.416879 -0.000821
0.764443 0.417425 0.000952
0.780231 0.416243 0.001939
0.798094 0.415105 0.001430
0.815196 0.415570 -0.000748
0.832080 0.416664 -0.000911
0.849776 0.416769 -0.000708
0.866243 0.417197 -0.000750
0.883460 0.417020 0.000566
0.900814 0.417763 -0.001105
0.914708 0.416764 -0.001809
0.931919 0.416407 0.001733
0.950056 0.416734 0.000161
0.966084 0.416825 0.001157
0.984578 0.418315 0.002009
1.000980 0.417192 0.000568
-0.999203 0.431659 -0.000778
-0.983733 0.431943 0.000759
-0.965951 0.433471 0.000054
-0.949670 0.431844 -0.000377
-0.933709 0.433310 -0.001933
-0.914145 0.431753 -0.000400
-0.898317 0.432189 -0.000333
-0.881975 0.431740 -0.001204
-0.865116 0.432208 0.000630
-0.847903 0.434118 -0.001123
-0.833616 0.433960 -0.000424
-0.815131 0.432766 0.001968
-0.796568 0.433151 0.000359
-0.782038 0.432843 0.000529
-0.765540 0.433215 -0.001211
-0.748943 0.431223 -0.000460
-0.732188 0.433141 0.000848
-0.713092 0.433885 -0.000165
-0.697778 0.432501 -0.000430
-0.679362 0.432969 -0.000012
-0.664843 0.431900 0.000428
-0.647965 0.431764 0.001712
-0.630684 0.432215 0.001402
-0.615033 0.430078 0.000321
-0.597453 0.434573 -0.001260
-0.579277 0.433096 0.000808
-0.562618 0.432521 -0.000190
-0.544357 0.433685 0.000012
-0.530033 0.433608 -0.001505
-0.514628 0.432981 -0.000665
-0.495121 0.431907 -0.000582
-0.479276 0.431722 0.000097
-0.462551 0.433669 0.000464
-0.444421 0.432289 -0.000754
-0.427356 0.430724 0.001252
-0.411275 0.432160 0.000015
-0.393996 0.432783 0.000145
-0.378681 0.431358 -0.000341
-0.360003 0.432948 -0.000340
-0.345000 0.432875 0.001227
-0.328193 0.431218 0.000799
-0.311673 0.433225 -0.000070
-0.293366 0.431636 0.000444
-0.277507 0.432416 0.001234
-0.260373 0.432932 -0.000948
-0.246209 0.433052 0.000020
-0.228248 0.431906 -0.000403
-0.209773 0.433604 -0.000645
-0.193126 0.432109 0.000214
-0.175787 0.432664 0.000516
-0.159191 0.431109 0.001068
-0.142821 0.433830 -0.000792
-0.124921 0.432791 -0.000726
-0.110040 0.432227 -0.002010
-0.092591 0.433749 -0.001677
-0.076738 0.432900 -0.000215
-0.058472 0.431956 -0.000426
-0.042991 0.430716 0.000610
-0.025779 0.432903 -0.001017
-0.008789 0.431899 -0.001215
0.009389 0.433607 -0.002028
0.025681 0.432836 -0.001794
0.040611 0.433578 0.000424
0.056783 0.433040 -0.000478
0.073064 0.432479 -0.000263
0.091260 0.432032 0.001051
0.110330 0.431616 0.000601
0.124945 0.433843 -0.000800
0.143810 0.431753 -0.001118
0.161648 0.432258 -0.000295
0.178251 0.435745 0.000093
0.193424 0.433436 0.000344
0.208024 0.432395 -0.000953
0.225766 0.432599 0.000520
0.243105 0.432541 0.000315
0.260683 0.433444 0.001823
0.277433 0.431328 0.000994
0.294156 0.433071 -0.000859
0.311953 0.431662 -0.000191
0.327074 0.430994 0.000784
0.346195 0.434549 -0.000796
0.359432 0.432574 0.001173
0.376412 0.432487 0.000774
0.394584 0.433329 0.000413
0.408942 0.431041 0.001636
0.427316 0.431800 -0.000482
0.445384 0.431714 0.000076
0.461513 0.434041 -0.000678
0.478681 0.434306 -0.000946
0.496795 0.432077 0.000422
0.511300 0.431713 -0.000466
0.529533 0.432380 -0.000452
0.546063 0.432883 0.000934
0.562149 0.431608 -0.000755
0.580968 0.432939 0.000095
0.596056 0.434373 0.000509
0.612326 0.432631 0.000651
0.630649 0.431761 -0.000130
0.645836 0.432697 0.001270
0.664939 0.433269 0.001274
0.680239 0.432435 0.000637
0.697430 0.432254 -0.000944
0.714515 0.432841 -0.000607
0.732392 0.432264 -0.001376
0.747518 0.434128 0.000063
0.765334 0.432842 0.000126
0.781870 0.432806 -0.000328
0.797259 0.432107 -0.001015
0.814740 0.432186 0.000414
0.831790 0.433377 0.001731
0.847929 0.433263 0.001231
0.866179 0.432703 0.001904
0.883658 0.432316 -0.001326
0.899379 0.433592 0.001359
0.915264 0.430833 0.001039
0.930919 0.433904 0.000046
0.949135 0.432037 0.000871
0.965884 0.432458 -0.000222
0.984684 0.432243 0.000353
1.001365 0.432355 -0.000775
-1.000900 0.446168 0.000029
-0.983160 0.448882 0.001743
-0.965586 0.446080 -0.000877
-0.949575 0.449407 -0.001110
-0.931216 0.449147 0.001338
-0.915134 0.447129 -0.001657
-0.898884 0.447738 -0.001590
-0.881225 0.448334 0.002494
-0.865120 0.448804 0.000078
-0.849293 0.448403 -0.000178
-0.831632 0.448054 0.000295
-0.813852 0.449418 -0.001052
-0.798780 0.449892 0.001812
-0.780617 0.448619 -0.001470
-0.766158 0.449187 -0.000417
-0.748605 0.449637 -0.000914
-0.730352 0.449066 0.001020
-0.714699 0.449530 -0.001136
-0.696802 0.448850 0.000265
-0.681162 0.447652 0.001105
-0.664714 0.448641 -0.000075
-0.647661 0.449259 -0.000846
-0.629805 0.448515 -0.002338
-0.613205 0.448340 -0.000961
-0.596519 0.449041 -0.000223
-0.578597 0.449019 -0.000273
-0.564792 0.447354 -0.000568
-0.545423 0.449338 0.001161
-0.529830 0.447879 0.000395
-0.512530 0.448421 -0.000184
-0.496570 0.447090 0.001301
-0.478087 0.448149 0.000426
-0.461783 0.448266 -0.000337
-0.446086 0.446859 -0.001964
-0.428023 0.446570 -0.000343
-0.412093 0.447933 0.001189
-0.394676 0.448636 0.000616
-0.379429 0.448876 0.000370
-0.360722 0.449439 -0.000114
-0.345235 0.447387 -0.000544
-0.327072 0.446789 -0.000135
-0.310942 0.447625 -0.000312
-0.294143 0.449869 0.000519
-0.277934 0.447326 -0.001612
-0.259118 0.447570 0.000390
-0.245428 0.446540 0.000732
-0.228105 0.448487 0.000534
-0.209965 0.448481 -0.001526
-0.193213 0.448047 -0.001099
-0.176242 0.447460 -0.000751
-0.159449 0.447606 -0.000762
-0.144763 0.446259 0.001095
-0.126483 0.450055 0.001473
-0.108993 0.448263 -0.000034
-0.091983 0.447395 0.000316
-0.075526 0.449114 -0.002047
-0.059853 0.448718 0.000128
-0.043482 0.449096 0.000413
-0.024431 0.447729 0.002418
-0.006200 0.449072 0.001447
0.009405 0.448128 0.000005
0.024479 0.449413 0.000469
0.040924 0.448384 0.000598
0.059156 0.449946 -0.000420
0.073591 0.449233 0.001247
0.089766 0.450508 -0.000516
0.108827 0.449573 0.001850
0.125613 0.449563 0.001001
0.141507 0.447110 0.001822
0.160402 0.447199 -0.000202
0.177098 0.447016 0.001552
0.192417 0.448334 0.001154
0.211727 0.447661 0.000744
0.227821 0.448804 0.000644
0.243633 0.449074 0.000042
0.260085 0.448779 0.000197
0.276959 0.447189 -0.001121
0.293816 0.448291 0.001402
0.311220 0.448896 -0.000125
0.327066 0.449141 0.000990
0.345164 0.448209 -0.001441
0.361786 0.447974 0.001455
0.378501 0.448042 -0.001229
0.394005 0.447846 0.000812
0.412360 0.447911 -0.000895
0.431048 0.450024 -0.000573
0.445712 0.448612 0.000895
0.463355 0.448099 0.001567
0.478861 0.446232 -0.001801
0.495461 0.449135 0.000024
0.513054 0.447221 0.001330
0.529625 0.448333 -0.002320
0.545550 0.449002 -0.001820
0.562951 0.448204 0.000111
0.580273 0.449646 0.000762
0.596358 0.447550 -0.000531
0.613688 0.447570 0.000450
0.630879 0.449819 0.002051
0.647231 0.447985 -0.001580
0.663131 0.449289 -0.000784
0.680140 0.447944 0.000447
0.697833 0.447424 -0.000426
0.714211 0.448828 0.000314
0.731727 0.446759 0.000780
0.750238 0.448106 0.002230
0.765676 0.448498 -0.000070
0.780437 0.447520 -0.000478
0.797908 0.447048 0.000714
0.814095 0.450132 -0.000762
0.832525 0.446968 -0.000354
0.848306 0.448397 0.000663
0.864442 0.448750 -0.000829
0.881798 0.449189 0.000542
0.899156 0.448136 -0.000470
0.916115 0.448579 0.000770
0.934186 0.448130 0.001006
0.950327 0.447453 0.001044
0.966625 0.447907 0.001702
0.983222 0.449389 -0.000998
0.999979 0.449256 0.000604
-1.000363 0.462448 0.000332
-0.983033 0.465637 -0.000141
-0.967634 0.463697 0.000278
-0.951301 0.464092 -0.001096
-0.934264 0.464265 -0.001461
-0.915939 0.464807 -0.000410
-0.899262 0.464327 -0.000037
-0.882948 0.464469 -0.001458
-0.866756 0.466216 0.001041
-0.848355 0.465088 -0.000987
-0.830874 0.465473 -0.000004
-0.813469 0.462648 0.000283
-0.798142 0.463722 0.000042
-0.781621 0.462880 0.000995
-0.764050 0.461660 -0.001386
-0.748152 0.463700 0.000260
-0.731424 0.462706 -0.001968
-0.715407 0.463632 -0.002041
-0.697449 0.463994 0.001235
-0.681048 0.463126 -0.000986
-0.664850 0.465541 0.000232
-0.647897 0.464805 -0.000271
-0.629667 0.463914 0.002279
-0.614824 0.464665 0.001855
-0.596241 0.463822 0.000782
-0.578993 0.464859 -0.000761
-0.564019 0.464939 0.000084
-0.546521 0.461979 -0.000691
-0.529806 0.466177 0.000139
-0.511605 0.463384 -0.000212
-0.496119 0.464755 -0.000419
-0.480782 0.463517 0.000376
-0.463534 0.463006 -0.000520
-0.445671 0.464093 0.000830
-0.429710 0.463252 -0.000004
-0.412940 0.462851 -0.000946
-0.394804 0.465436 -0.001277
-0.377251 0.464027 -0.000736
-0.361029 0.463940 -0.001455
-0.344017 0.464145 0.000814
-0.329372 0.464513 0.000928
-0.309905 0.462677 0.002085
-0.293591 0.464183 0.000010
-0.277065 0.465105 0.000016
-0.260008 0.465970 0.001318
-0.246385 0.465325 -0.000519
-0.225047 0.465157 -0.001877
-0.209118 0.463303 -0.000896
-0.194541 0.464506 -0.001034
-0.176615 0.465255 -0.000940
-0.159687 0.462179 -0.000446
-0.142631 0.464296 0.000401
-0.126173 0.465124 -0.001181
-0.110194 0.464133 -0.000031
-0.094045 0.464769 0.000378
-0.076581 0.464197 0.000903
-0.057966 0.462570 0.001098
-0.041162 0.465259 -0.000214
-0.027296 0.463635 -0.001050
-0.007498 0.463747 -0.000407
0.009723 0.464389 -0.000003
0.025364 0.463413 0.000392
0.041671 0.465363 -0.000975
0.059386 0.463497 -0.001722
0.076624 0.464276 -0.000875
0.091034 0.464785 -0.001071
0.108273 0.463460 -0.000710
0.127349 0.462987 -0.001630
0.144471 0.464881 -0.000665
0.159559 0.463985 -0.000788
0.175905 0.463725 0.000396
0.193877 0.464808 0.001117
0.212012 0.462735 -0.000874
0.229126 0.464864 0.000322
0.243836 0.462990 -0.000402
0.262299 0.463448 0.001864
0.275953 0.463253 0.000262
0.294080 0.463375 -0.000332
0.311988 0.465713 0.001090
0.329028 0.464830 -0.000551
0.342742 0.464544 -0.001175
0.361850 0.462245 -0.000995
0.378424 0.463731 -0.000184
0.393134 0.464538 -0.001672
0.409522 0.463378 -0.001564
0.430344 0.463606 0.000726
0.446225 0.463122 0.000396
0.461693 0.464516 0.000440
0.479800 0.464893 0.000088
0.497133 0.464868 -0.000462
0.513070 0.463401 0.000965
0.529667 0.464181 -0.000812
0.546482 0.462865 -0.000730
0.562375 0.463237 0.000991
0.578803 0.464922 -0.000303
0.598187 0.464123 -0.000043
0.613317 0.464138 -0.001945
0.630201 0.465085 0.001303
0.645741 0.463265 0.000129
0.663984 0.464458 0.002617
0.681101 0.463952 0.000126
0.695650 0.464970 0.000819
0.714639 0.464378 0.000583
0.730173 0.463268 0.000407
0.747184 0.464499 -0.000704
0.765189 0.464050 -0.000571
0.784744 0.464188 -0.000210
0.798783 0.464170 -0.001012
0.815302 0.462205 -0.000458
0.833016 0.464806 0.000250
0.849232 0.463145 0.000248
0.863730 0.464012 -0.000179
0.880138 0.464694 -0.000067
0.899412 0.463707 0.001846
0.916393 0.464868 0.000175
0.934215 0.464852 -0.000323
0.949563 0.463571 -0.000872
0.966838 0.464478 0.001091
0.982681 0.462865 0.001534
1.000868 0.462380 0.000719
-0.999518 0.478894 -0.000078
-0.984011 0.480964 -0.002183
-0.967949 0.479521 -0.000379
-0.949902 0.479535 0.001229
-0.932086 0.477974 -0.001275
-0.915490 0.481301 -0.001702
-0.899204 0.479555 -0.001397
-0.883371 0.479315 0.000370
-0.864023 0.481893 -0.000778
-0.849374 0.480555 -0.000458
-0.831004 0.479954 0.000062
-0.813261 0.478648 -0.000149
-0.798904 0.480539 0.000649
-0.781760 0.479676 -0.000800
-0.764298 0.480364 -0.000658
-0.747534 0.478662 0.000762
-0.731738 0.480054 -0.002004
-0.714252 0.481328 -0.000940
-0.696874 0.478925 0.000920
-0.679871 0.479957 0.000582
-0.664317 0.479501 0.000279
-0.645632 0.479833 -0.000125
-0.630536 0.479330 0.001490
-0.613908 0.479706 0.000116
-0.596880 0.478826 0.001014
-0.578983 0.480042 -0.000654
-0.565593 0.479310 -0.000294
-0.546472 0.480276 0.000614
-0.527967 0.480757 0.000343
-0.512046 0.478362 0.002458
-0.496748 0.480532 -0.000061
-0.479163 0.479997 -0.000656
-0.462027 0.480952 -0.001101
-0.446432 0.479073 -0.000531
-0.427224 0.479510 0.001132
-0.411592 0.481602 -0.002078
-0.393808 0.478980 -0.000014
-0.378791 0.480599 0.000171
-0.359683 0.480607 -0.001218
-0.344698 0.479782 -0.000295
-0.326300 0.478886 0.000205
-0.310591 0.479070 -0.000503
-0.293329 0.479426 -0.000992
-0.276991 0.479956 0.000400
-0.260108 0.478623 -0.000008
-0.244168 0.480007 -0.001644
-0.225982 0.480871 -0.000559
-0.210067 0.480135 -0.000134
-0.194587 0.479800 0.000946
-0.175027 0.479202 0.000706
-0.159774 0.480086 0.001170
-0.143332 0.480682 -0.000215
-0.125654 0.480386 -0.001486
-0.110103 0.481272 0.000503
-0.090744 0.479775 0.001036
-0.073442 0.479521 -0.000378
-0.058264 0.478220 -0.001615
-0.042198 0.479785 -0.001482
-0.025467 0.479778 -0.000888
-0.009207 0.480272 0.000475
0.006860 0.479405 0.000791
0.024619 0.479072 -0.001633
0.042007 0.479944 -0.000308
0.058964 0.479478 -0.000876
0.073657 0.481632 -0.000448
0.094008 0.479760 -0.000053
0.108884 0.477598 0.001099
0.128337 0.479949 0.001979
0.142287 0.479484 0.001082
0.160079 0.479142 -0.000265
0.176729 0.478906 -0.000008
0.190982 0.479807 -0.000640
0.208919 0.480837 -0.001140
0.224581 0.480617 0.001472
0.243580 0.481493 -0.000032
0.259531 0.479270 -0.000387
0.277731 0.479871 0.002306
0.292895 0.479679 -0.000121
0.310802 0.478865 -0.000670
0.328206 0.479765 -0.001028
0.343089 0.481251 -0.002361
0.361719 0.480253 -0.001405
0.378738 0.479613 0.001416
0.395561 0.479408 0.000774
0.411555 0.480905 0.000431
0.427297 0.478567 0.000065
0.446064 0.479517 -0.000678
0.462993 0.478268 0.000550
0.479341 0.481715 0.000337
0.495362 0.478471 0.001748
0.512186 0.480334 0.000984
0.530177 0.477965 0.000526
0.546258 0.479731 -0.000354
0.563302 0.479938 0.000187
0.578765 0.479638 0.001360
0.597532 0.478592 -0.003241
0.614031 0.478892 0.000334
0.630430 0.480058 -0.000197
0.647012 0.479455 0.000762
0.666977 0.479649 -0.000315
0.679618 0.481386 -0.000407
0.696361 0.480057 -0.000559
0.716967 0.479423 -0.000403
0.730153 0.479169 -0.000296
0.749015 0.478844 -0.001063
0.765091 0.479963 -0.000505
0.781441 0.479263 -0.001164
0.797743 0.479773 0.000607
0.814529 0.479587 -0.000866
0.830131 0.477833 0.001046
0.848901 0.478944 0.001540
0.865789 0.479284 0.001688
0.882205 0.480478 0.001758
0.899582 0.479870 0.001722
0.916619 0.479884 0.000189
0.932644 0.479757 0.000254
0.948295 0.479677 0.000724
0.965249 0.480918 0.000068
0.983159 0.479959 -0.001379
1.000439 0.482337 0.000631
-1.000120 0.494991 -0.001984
-0.983700 0.493933 -0.000005
-0.966738 0.497027 -0.000274
-0.950622 0.497020 -0.000294
-0.933734 0.495111 0.000850
-0.916516 0.494575 0.000149
-0.899402 0.496653 -0.000936
-0.881429 0.495644 -0.001424
-0.865582 0.495661 0.000459
-0.849480 0.494791 -0.001146
-0.832786 0.496193 0.002157
-0.814412 0.495217 -0.001679
-0.797754 0.494699 -0.000906
-0.781105 0.497161 -0.000179
-0.763518 0.495418 -0.000679
-0.749358 0.494651 -0.001283
-0.731097 0.494732 -0.000781
-0.712571 0.496030 0.000126
-0.698375 0.495549 0.001757
-0.682475 0.494483 0.001029
-0.664543 0.496060 0.000347
-0.647079 0.494663 0.000448
-0.631781 0.498310 0.000915
-0.613614 0.496057 -0.002506
-0.596734 0.495990 0.000512
-0.579518 0.496043 0.000315
-0.563491 0.495253 -0.000821
-0.545286 0.497394 0.001710
-0.528621 0.496322 -0.000122
-0.514590 0.495797 0.000367
-0.495132 0.495863 -0.000654
-0.479572 0.493868 -0.001006
-0.460825 0.494970 0.000393
-0.445175 0.496859 0.000608
-0.427731 0.495383 -0.001270
-0.412008 0.495068 0.001260
-0.395518 0.495984 -0.000950
-0.378558 0.495285 -0.000432
-0.360050 0.497263 -0.000553
-0.344655 0.494968 -0.000548
-0.329629 0.493498 0.000679
-0.311614 0.494507 0.000509
-0.294053 0.495040 0.000507
-0.277944 0.494484 0.001077
-0.261072 0.495779 0.000046
-0.243071 0.495942 0.000650
-0.227973 0.495318 0.000860
-0.209819 0.496168 -0.001129
-0.192625 0.495670 -0.000379
-0.176912 0.495919 0.000342
-0.162016 0.496627 -0.000594
-0.142421 0.496196 -0.001814
-0.126719 0.494544 0.000112
-0.110029 0.495527 0.000754
-0.093490 0.497772 -0.002229
-0.074607 0.498094 -0.000291
-0.058172 0.495455 -0.000714
-0.041570 0.494364 0.000444
-0.025487 0.494509 0.000674
-0.009024 0.495488 -0.001334
0.007848 0.494000 -0.000966
0.024508 0.494062 -0.000985
0.042689 0.495071 -0.000260
0.059874 0.494416 0.000900
0.074557 0.495612 0.000722
0.090583 0.494811 -0.001166
0.109702 0.496315 0.000871
0.126539 0.496953 0.001099
0.143019 0.495503 -0.000053
0.160670 0.496081 0.000121
0.175985 0.496639 -0.000415
0.194554 0.495325 0.000814
0.210651 0.493808 -0.000989
0.227913 0.496745 0.001722
0.244070 0.497135 0.000947
0.260212 0.495864 0.000411
0.277351 0.496182 -0.000725
0.292708 0.495061 -0.001604
0.310061 0.494713 -0.001991
0.328185 0.494634 0.001898
0.343974 0.495286 0.000687
0.360693 0.496327 0.000832
0.378301 0.496054 0.000158
0.395667 0.497624 -0.000606
0.410733 0.494183 0.000138
0.428364 0.496396 -0.000207
0.445420 0.493729 -0.000348
0.463992 0.496769 -0.000428
0.478134 0.495457 -0.000311
0.496645 0.495862 0.000391
0.511116 0.495968 -0.000432
0.530235 0.495078 0.000108
0.546817 0.494224 -0.000769
0.563210 0.493573 -0.000807
0.579201 0.495694 0.000551
0.594273 0.495850 -0.000330
0.612646 0.495791 0.000525
0.630783 0.494405 -0.001254
0.646255 0.495565 0.000849
0.661277 0.494286 0.000164
0.682655 0.496795 -0.001687
0.696607 0.495506 0.000340
0.712939 0.496103 -0.000683
0.731016 0.494931 0.001722
0.748999 0.495536 0.000148
0.765150 0.495422 -0.000160
0.782457 0.496218 -0.000006
0.798700 0.494604 -0.001391
0.816160 0.494754 -0.000646
0.830589 0.494841 0.001486
0.849296 0.495267 -0.001179
0.866951 0.494035 0.000394
0.881816 0.495121 -0.000879
0.899405 0.496099 -0.000312
0.916352 0.493489 -0.000180
0.932437 0.496364 0.000724
0.948830 0.496016 0.001562
0.965587 0.494605 -0.000508
0.981932 0.497068 0.000331
1.000610 0.494517 0.000355
-1.000693 0.513338 -0.000025
-0.984936 0.511509 0.002400
-0.966823 0.512003 -0.000347
-0.948502 0.511806 -0.000952
-0.933199 0.511699 -0.002254
-0.916201 0.511194 0.001959
-0.899081 0.509903 -0.001345
-0.881781 0.512356 0.001032
-0.866221 0.511663 -0.002259
-0.848224 0.511712 0.000809
-0.831179 0.511163 0.001511
-0.814257 0.510045 0.000433
-0.796690 0.512621 -0.000186
-0.782384 0.512151 -0.001105
-0.763335 0.512645 0.001169
-0.745705 0.510513 0.001042
-0.730794 0.509408 0.001416
-0.713498 0.510627 0.000604
-0.696102 0.510242 -0.000445
-0.680679 0.510928 0.000568
-0.665030 0.511857 0.000399
-0.647752 0.511320 0.000798
-0.632073 0.510164 -0.000550
-0.614354 0.509354 -0.001093
-0.598737 0.509650 -0.000696
-0.580002 0.511714 -0.001350
-0.563103 0.511672 0.000298
-0.545834 0.510760 0.001179
-0.529117 0.511356 0.000128
-0.511514 0.511602 -0.000824
-0.494681 0.509513 0.000994
-0.478693 0.510364 0.001932
-0.462367 0.510202 0.000175
-0.446282 0.510652 0.001458
-0.428742 0.512462 -0.000386
-0.411308 0.513174 -0.000568
-0.397419 0.511680 0.000304
-0.377510 0.512304 0.001155
-0.361395 0.511337 0.001360
-0.343926 0.512832 -0.000363
-0.327550 0.509389 -0.000592
-0.308804 0.511718 -0.000466
-0.293127 0.510219 -0.000329
-0.278392 0.509946 0.000152
-0.262151 0.509422 -0.000490
-0.242820 0.511305 -0.000796
-0.226978 0.510896 -0.001677
-0.211442 0.510583 -0.001521
-0.193471 0.512141 0.000044
-0.177582 0.509327 0.000909
-0.158524 0.511257 -0.000322
-0.143562 0.511621 -0.001153
-0.126295 0.512483 0.000484
-0.108876 0.511966 -0.000501
-0.093456 0.510118 0.000180
-0.075861 0.511446 -0.000367
-0.059482 0.510739 -0.000193
-0.040948 0.510125 -0.000187
-0.023858 0.510200 0.002349
-0.009385 0.511812 0.000906
0.007203 0.511900 0.000234
0.026057 0.511520 0.001334
0.041504 0.509038 -0.001558
0.057980 0.510758 -0.000342
0.074479 0.510410 0.000131
0.091486 0.511249 -0.002860
0.110872 0.511100 0.001316
0.125586 0.511351 -0.000243
0.141081 0.511475 -0.000288
0.159210 0.511227 0.000593
0.176860 0.511718 0.002141
0.193365 0.511898 0.001462
0.209622 0.510632 -0.001316
0.226098 0.512545 0.000278
0.244656 0.511504 -0.000167
0.259906 0.511704 -0.000326
0.277034 0.511284 0.000938
0.293141 0.512107 0.000328
0.311240 0.512290 -0.001480
0.328158 0.510812 -0.000058
0.344182 0.511124 0.000850
0.359991 0.512341 -0.000013
0.378634 0.512525 -0.000568
0.394229 0.509648 -0.002389
0.410190 0.509765 0.000767
0.427789 0.509462 0.002772
0.444125 0.514440 -0.000028
0.462142 0.510636 0.000553
0.479339 0.512814 0.002606
0.494925 0.510297 0.001728
0.511140 0.511881 -0.000539
0.531228 0.510389 0.000006
0.546422 0.510608 -0.000736
0.563891 0.510802 0.000309
0.580228 0.511004 -0.000235
0.596505 0.513079 0.000290
0.613638 0.510798 0.000155
0.630650 0.512451 0.000123
0.646518 0.509364 0.000016
0.663469 0.511512 -0.000395
0.682329 0.510616 -0.001671
0.696297 0.510482 0.001243
0.713913 0.511757 -0.000540
0.731349 0.509890 0.001088
0.748756 0.511720 -0.000377
0.764794 0.512653 -0.001216
0.780391 0.509777 0.001227
0.799033 0.511100 0.000728
0.815136 0.511583 0.001308
0.830579 0.511063 -0.000636
0.850268 0.510755 0.001123
0.865469 0.513100 0.000774
0.884123 0.511066 -0.000113
0.901477 0.511466 -0.001504
0.915922 0.509405 0.000250
0.934400 0.511616 0.001012
0.951523 0.511835 -0.001203
0.966780 0.510802 0.000655
0.981146 0.511444 0.001509
1.001267 0.510791 0.000369
-0.999248 0.526802 -0.001454
-0.983066 0.527909 0.001228
-0.965790 0.524439 0.001118
-0.949289 0.527720 -0.000078
-0.932709 0.529799 -0.001054
-0.915038 0.526289 0.002668
-0.901132 0.527858 0.000356
-0.884366 0.527111 0.000738
-0.865328 0.528706 -0.000052
-0.846129 0.527076 0.000683
-0.831222 0.527258 0.000236
-0.814639 0.527645 0.000028
-0.798405 0.527939 0.000499
-0.781171 0.527550 0.001822
-0.763582 0.526442 -0.000790
-0.746825 0.527299 -0.001358
-0.729708 0.525878 -0.000262
-0.713645 0.525808 0.000025
-0.697534 0.526964 0.000568
-0.680578 0.527201 -0.001152
-0.665560 0.527951 0.000625
-0.645697 0.526041 0.000607
-0.630101 0.528501 -0.000284
-0.611645 0.526601 0.001133
-0.596073 0.526799 -0.001352
-0.581596 0.526513 0.000620
-0.562845 0.525859 0.000500
-0.545291 0.525965 0.001056
-0.528290 0.526888 -0.000853
-0.512843 0.525822 -0.001623
-0.495528 0.525036 -0.000438
-0.480647 0.527643 -0.000816
-0.461622 0.527068 -0.000616
-0.444231 0.527271 -0.000217
-0.428491 0.527444 -0.000768
-0.412949 0.527497 -0.000342
-0.393970 0.525447 -0.000850
-0.378032 0.527395 0.000786
-0.360948 0.527451 0.003276
-0.343108 0.525034 0.001350
-0.327976 0.528301 -0.000568
-0.309451 0.525752 0.001154
-0.294499 0.527547 0.000576
-0.277890 0.526856 -0.000054
-0.260491 0.526302 -0.001629
-0.243243 0.526710 0.001258
-0.227627 0.526581 0.001195
-0.211540 0.525216 0.000233
-0.192148 0.525377 0.000156
-0.177204 0.527874 -0.000126
-0.160380 0.528802 0.001976
-0.143147 0.527089 0.000349
-0.126256 0.525774 0.000756
-0.107988 0.524671 0.002360
-0.093142 0.527918 0.000244
-0.076535 0.526654 -0.001001
-0.058288 0.527533 0.000970
-0.041646 0.526008 -0.000619
-0.024247 0.526856 0.001630
-0.008909 0.526674 0.000573
0.009079 0.525257 0.001270
0.025386 0.526518 -0.000992
0.041973 0.526264 -0.000283
0.057287 0.527279 -0.002924
0.076475 0.528096 -0.000954
0.091846 0.527286 -0.000585
0.109043 0.527100 -0.000601
0.125968 0.526461 -0.000527
0.143777 0.525784 0.000613
0.160286 0.527606 -0.001347
0.176805 0.528001 -0.001027
0.194147 0.526907 0.000251
0.209587 0.526536 0.001561
0.229410 0.524331 -0.000359
0.245608 0.527842 -0.001516
0.258748 0.526548 0.000877
0.277651 0.527722 -0.000174
0.293798 0.525588 -0.001737
0.312552 0.526583 -0.001830
0.328387 0.527256 0.000532
0.345681 0.528034 0.000474
0.362166 0.526214 0.000029
0.377060 0.527202 0.001656
0.394985 0.526941 0.001184
0.409710 0.528257 -0.000502
0.428850 0.527461 -0.000394
0.444723 0.526926 -0.002324
0.462231 0.524842 -0.001185
0.476408 0.525612 0.000465
0.494471 0.527717 0.001104
0.513095 0.527723 0.000507
0.530772 0.527257 0.000452
0.546754 0.527354 0.000223
0.562741 0.525431 0.000224
0.577621 0.526733 0.001125
0.595856 0.526717 0.002552
0.614053 0.527403 0.000285
0.629519 0.527868 0.000391
0.646804 0.526733 0.000111
0.662658 0.526984 0.000448
0.679980 0.525253 -0.000282
0.697315 0.529661 -0.000529
0.714411 0.526947 -0.000046
0.731931 0.526126 -0.000144
0.748529 0.527850 0.000334
0.763685 0.529070 -0.000016
0.780077 0.524675 -0.000082
0.799513 0.525799 0.000199
0.816952 0.527189 -0.001314
0.832305 0.525221 -0.000456
0.848854 0.528315 -0.000314
0.865813 0.526886 -0.001965
0.883067 0.527497 -0.000423
0.899172 0.524683 -0.001512
0.918439 0.528021 0.002298
0.933033 0.526302 -0.000605
0.949716 0.527003 -0.000036
0.964880 0.528640 -0.000202
0.982659 0.525899 0.000802
1.000345 0.527401 -0.002867
-1.001122 0.542798 0.000521
-0.982353 0.542524 0.000819
-0.965399 0.543897 -0.000151
-0.949861 0.543655 0.000995
-0.934496 0.543116 -0.000134
-0.916815 0.543320 0.000459
-0.899217 0.542331 -0.001247
-0.883299 0.541602 0.000720
-0.866591 0.543018 -0.000505
-0.848356 0.542111 -0.000867
-0.832313 0.542711 -0.000192
-0.814828 0.542243 0.000315
-0.799251 0.543625 0.001546
-0.781854 0.542008 -0.001109
-0.763677 0.541310 -0.001479
-0.749617 0.543499 0.000518
-0.730695 0.542480 0.000922
-0.716960 0.542986 -0.000807
-0.696246 0.542763 -0.001266
-0.681887 0.542889 -0.000598
-0.664681 0.541582 0.001186
-0.646587 0.542475 -0.001191
-0.629790 0.543223 -0.001889
-0.612824 0.541686 -0.000766
-0.596356 0.543286 0.000305
-0.579841 0.541419 0.000262
-0.563080 0.543538 -0.000034
-0.545981 0.542709 -0.000424
-0.527775 0.541976 -0.000916
-0.513025 0.543375 -0.000552
-0.495299 0.543063 -0.000514
-0.479651 0.542280 0.000977
-0.460875 0.542694 0.001545
-0.444151 0.542144 -0.000970
-0.428186 0.543820 0.001385
-0.411492 0.544041 0.001024
-0.395544 0.541136 0.000787
-0.375467 0.542464 0.000761
-0.361943 0.541861 -0.000500
-0.343695 0.542832 -0.000722
-0.329399 0.542830 -0.000408
-0.312156 0.542550 -0.000105
-0.294197 0.542991 -0.000473
-0.277391 0.543492 -0.000573
-0.259224 0.543388 0.001470
-0.243549 0.542897 0.001663
-0.226581 0.543281 -0.000763
-0.209883 0.543231 -0.001137
-0.194874 0.541486 0.000986
-0.177368 0.543576 -0.002403
-0.161122 0.541873 -0.000002
-0.144340 0.541636 0.000561
-0.126720 0.543082 -0.000420
-0.109124 0.541969 -0.001244
-0.091453 0.540749 0.000967
-0.074788 0.542448 0.000404
-0.058201 0.541796 0.000753
-0.041749 0.543414 0.000473
-0.026120 0.540586 0.000549
-0.007804 0.541525 0.000700
0.008091 0.542711 0.000503
0.024797 0.540299 0.002758
0.042471 0.541308 -0.000091
0.057929 0.543620 -0.000882
0.077694 0.542576 -0.000371
0.094975 0.542686 0.002115
0.108675 0.543757 -0.001840
0.126278 0.544090 0.000695
0.143314 0.541391 0.001019
0.160712 0.542488 -0.001019
0.174830 0.542291 0.000037
0.192214 0.544063 -0.000734
0.210924 0.540345 -0.000630
0.227591 0.543298 -0.000286
0.244636 0.545407 -0.000136
0.260570 0.543422 -0.000651
0.278271 0.542035 0.001037
0.295334 0.541715 0.001379
0.311566 0.544137 -0.001416
0.328242 0.541970 0.000912
0.343940 0.543030 0.000591
0.361847 0.542076 -0.000268
0.376613 0.541463 -0.000201
0.395253 0.543223 -0.000526
0.412560 0.542784 0.002582
0.428127 0.543990 0.000370
0.444933 0.543270 -0.000261
0.463981 0.543405 0.000458
0.478900 0.542328 -0.000346
0.497183 0.541491 -0.000559
0.513045 0.542567 -0.001555
0.530034 0.543739 0.000882
0.547006 0.542054 0.001009
0.563848 0.541458 -0.000684
0.579797 0.543535 0.000229
0.596617 0.542789 -0.000269
0.614584 0.541420 -0.000937
0.630121 0.543419 0.001102
0.647041 0.542920 0.000160
0.662973 0.543589 0.001779
0.678896 0.541874 0.000891
0.697652 0.542403 -0.001451
0.713841 0.543243 0.001143
0.730842 0.542576 0.000622
0.749468 0.542276 -0.000115
0.764014 0.542440 -0.000125
0.781177 0.542185 0.000841
0.800025 0.541126 0.001301
0.816827 0.542824 -0.001523
0.832391 0.542255 0.000454
0.847952 0.542389 -0.000182
0.865030 0.543623 0.002450
0.883052 0.541410 0.000467
0.898502 0.543372 0.001568
0.916370 0.543337 0.000812
0.931771 0.542562 -0.000626
0.949972 0.540921 -0.000903
0.967041 0.541987 -0.000346
0.985677 0.542608 -0.000422
1.000325 0.543262 0.000098
-0.999770 0.560182 0.001142
-0.982004 0.557904 -0.000304
-0.964444 0.560021 -0.001009
-0.949776 0.558987 0.000858
-0.933306 0.556957 0.000484
-0.915535 0.558168 -0.000713
-0.898741 0.560310 0.001075
-0.881625 0.556777 -0.001334
-0.866783 0.556761 0.000501
-0.848118 0.559779 0.002087
-0.831749 0.558419 0.001343
-0.813308 0.557620 0.000061
-0.797422 0.558296 0.000266
-0.782187 0.557280 0.001976
-0.764352 0.555834 -0.001224
-0.747470 0.557678 -0.001617
-0.731918 0.558712 -0.002751
-0.713443 0.558076 0.000999
-0.697598 0.558379 -0.000579
-0.680176 0.555476 0.001203
-0.663993 0.558449 0.000004
-0.646352 0.558568 -0.000141
-0.628870 0.559118 -0.001897
-0.612804 0.557399 0.001256
-0.595437 0.561073 -0.000848
-0.580582 0.558458 -0.000900
-0.562692 0.557465 0.000922
-0.547102 0.556917 -0.001461
-0.529141 0.557479 -0.000374
-0.511807 0.557569 -0.000310
-0.498739 0.557874 0.001526
-0.479206 0.557458 0.001432
-0.461609 0.559002 0.000480
-0.444370 0.559224 0.002498
-0.427405 0.557492 -0.000684
-0.409738 0.558625 -0.001517
-0.394636 0.557052 0.000626
-0.380618 0.558528 -0.001042
-0.362263 0.558344 -0.000241
-0.343849 0.558141 0.000035
-0.328228 0.558169 -0.001936
-0.310391 0.557788 -0.000791
-0.292048 0.557263 0.000862
-0.276126 0.558572 -0.001497
-0.260934 0.557791 0.000992
-0.242871 0.558703 0.000169
-0.226330 0.559694 0.001109
-0.210890 0.558830 0.000487
-0.193229 0.558487 0.000459
-0.175719 0.558543 -0.001000
-0.158899 0.558727 0.000491
-0.142808 0.558735 -0.001046
-0.124857 0.560900 -0.000878
-0.110957 0.558821 0.001395
-0.091062 0.559947 0.000478
-0.075499 0.557639 -0.000739
-0.057593 0.558305 0.000006
-0.041603 0.559563 0.000478
-0.024127 0.556643 -0.001742
-0.006940 0.557025 -0.001529
0.006985 0.558240 -0.002111
0.025372 0.557045 0.000061
0.041351 0.558788 0.001070
0.058272 0.558500 -0.000737
0.076502 0.559289 -0.000417
0.092151 0.557921 -0.000230
0.109764 0.558451 0.001998
0.126947 0.558290 -0.000831
0.144257 0.557876 0.001152
0.158948 0.557764 -0.001187
0.176368 0.558638 0.000621
0.191925 0.556923 0.000121
0.210273 0.557914 0.000028
0.225641 0.559160 -0.002693
0.243767 0.557000 0.000174
0.260413 0.557688 0.000084
0.278347 0.558317 -0.000185
0.294324 0.557553 0.000424
0.310454 0.557319 0.001097
0.328632 0.559037 0.000883
0.344378 0.557980 -0.001259
0.360155 0.559938 0.002364
0.378656 0.559229 -0.000349
0.395443 0.557613 -0.000870
0.411040 0.558108 -0.001349
0.428165 0.556784 -0.001767
0.445081 0.558185 -0.002012
0.462927 0.560034 -0.001722
0.479991 0.558700 -0.001770
0.496708 0.558028 -0.001506
0.510790 0.559365 0.000154
0.531528 0.558487 -0.000887
0.547922 0.558295 -0.000252
0.562512 0.557618 0.001026
0.580487 0.557202 0.000074
0.595583 0.560057 0.000158
0.612477 0.558610 -0.001458
0.627942 0.558337 -0.000174
0.645745 0.558504 -0.000273
0.663489 0.559509 0.000667
0.680160 0.560617 0.000488
0.698325 0.556577 0.000394
0.711178 0.558388 -0.000887
0.731395 0.559324 0.001849
0.748916 0.558985 0.000268
0.764190 0.558464 0.001272
0.781629 0.557709 -0.001955
0.798040 0.556376 -0.000376
0.813599 0.558036 -0.000579
0.832723 0.559527 0.001273
0.849676 0.558759 0.000516
0.865825 0.558941 0.000498
0.880927 0.558347 0.001767
0.900578 0.559680 -0.001755
0.916949 0.558177 0.000894
0.932371 0.558165 -0.001046
0.950025 0.558842 0.000847
0.968335 0.558639 0.000267
0.983646 0.558345 0.000737
0.999787 0.557027 -0.001617
-1.000327 0.573978 0.001276
-0.982799 0.573626 0.000933
-0.966641 0.574234 -0.001499
-0.949797 0.574795 -0.000403
-0.934434 0.573515 -0.001794
-0.914924 0.574944 -0.000588
-0.900151 0.575005 -0.000616
-0.882510 0.572311 -0.000187
-0.865772 0.574446 0.000167
-0.848487 0.574893 -0.001555
-0.830908 0.575249 0.002367
-0.815443 0.574600 0.000560
-0.795794 0.573811 0.000376
-0.781784 0.573687 0.001224
-0.765333 0.575187 -0.001499
-0.747275 0.573744 0.001255
-0.729474 0.573601 -0.001315
-0.712169 0.573909 -0.000158
-0.697858 0.574400 0.001406
-0.681239 0.573785 -0.000003
-0.663694 0.574168 -0.001040
-0.648328 0.572469 -0.000619
-0.631322 0.573166 -0.000772
-0.613077 0.573074 -0.000316
-0.598192 0.575978 -0.000265
-0.581820 0.572627 0.000834
-0.562922 0.572958 0.000118
-0.546595 0.574261 0.000898
-0.529119 0.573828 -0.000542
-0.514141 0.573848 0.001096
-0.494489 0.574516 0.000368
-0.481253 0.574375 -0.000375
-0.462139 0.574418 -0.000363
-0.445085 0.574743 0.001040
-0.429016 0.574698 -0.000814
-0.411190 0.574193 0.000485
-0.395326 0.573635 0.001094
-0.378022 0.576560 -0.000591
-0.359514 0.573246 0.000363
-0.344975 0.575603 0.000917
-0.329232 0.572494 0.000193
-0.310938 0.573200 0.001433
-0.293451 0.573807 -0.001092
-0.275783 0.573406 0.000301
-0.259640 0.573590 0.000663
-0.245637 0.574268 -0.000813
-0.228165 0.573867 -0.000537
-0.210036 0.573418 0.000857
-0.192460 0.573512 0.000489
-0.177062 0.573627 -0.001679
-0.159882 0.573651 -0.000255
-0.141649 0.573609 0.001651
-0.127064 0.572823 -0.000835
-0.110405 0.577717 -0.000040
-0.091546 0.575298 0.000886
-0.076316 0.575880 -0.001188
-0.059546 0.574709 -0.000620
-0.042726 0.574310 -0.001019
-0.026892 0.574933 0.000244
-0.008240 0.573728 0.000751
0.008561 0.575400 0.001307
0.025771 0.572994 0.001175
0.042163 0.573713 -0.000296
0.060025 0.574661 -0.000067
0.075516 0.575672 -0.000696
0.091414 0.574329 0.000427
0.108937 0.575360 0.002311
0.126322 0.574244 -0.002204
0.142614 0.574396 0.000472
0.159343 0.572616 0.000426
0.177284 0.574605 -0.001958
0.193328 0.575941 0.000295
0.209520 0.574722 0.000013
0.227710 0.572235 0.000605
0.244679 0.573826 -0.001256
0.259346 0.574088 0.000540
0.278734 0.575635 0.000413
0.295157 0.575374 0.000453
0.309668 0.573942 0.001204
0.327543 0.575147 0.000013
0.344699 0.577325 0.001658
0.361371 0.574154 0.000074
0.379940 0.573378 -0.000844
0.395827 0.573921 -0.000182
0.411550 0.572801 -0.000337
0.431370 0.574829 -0.000142
0.445824 0.573392 0.002253
0.461392 0.572982 0.001807
0.479749 0.573451 -0.001453
0.495461 0.574585 0.000173
0.512284 0.575259 -0.000862
0.529161 0.576531 0.000420
0.545823 0.572922 -0.001988
0.562306 0.573474 -0.001009
0.577666 0.573336 -0.000416
0.599164 0.573607 0.000662
0.611301 0.573949 -0.000369
0.630789 0.574726 0.000401
0.646125 0.574602 -0.000879
0.663378 0.574215 -0.000202
0.681122 0.573555 0.000640
0.698211 0.573907 0.002079
0.715064 0.575786 0.000453
0.729370 0.575046 -0.000877
0.748086 0.572659 0.001911
0.764206 0.574449 -0.000394
0.781660 0.575479 0.001209
0.798977 0.573250 0.001221
0.814106 0.575806 0.000760
0.832926 0.574169 -0.000760
0.849351 0.575305 -0.002450
0.867371 0.574857 -0.000799
0.882357 0.574663 -0.001011
0.899066 0.575374 -0.001122
0.915975 0.573046 -0.000238
0.932605 0.574246 0.001065
0.949629 0.574199 0.001036
0.966547 0.574088 -0.000248
0.985534 0.575103 0.001013
1.000661 0.574353 0.000866
-1.002817 0.589442 -0.000787
-0.982081 0.590567 0.000020
-0.967550 0.591140 -0.001255
-0.948782 0.590353 0.000348
-0.934002 0.589136 -0.000467
-0.915186 0.590255 0.000968
-0.899134 0.591326 -0.000265
-0.880789 0.590233 0.000890
-0.865249 0.590463 -0.000612
-0.847618 0.588734 -0.000657
-0.830549 0.587692 -0.000693
-0.814030 0.590054 0.001018
-0.800103 0.587219 -0.000111
-0.780829 0.590824 -0.002181
-0.765439 0.590701 -0.000135
-0.747658 0.591451 -0.001310
-0.729333 0.589629 -0.000288
-0.715065 0.589595 0.000744
-0.700108 0.589340 0.000979
-0.680158 0.589603 0.000556
-0.663101 0.590634 0.000969
-0.648922 0.589618 0.000531
-0.629726 0.591162 0.000855
-0.612311 0.588359 -0.000445
-0.597631 0.588758 0.000692
-0.579918 0.590425 0.000851
-0.562046 0.589830 0.000577
-0.545774 0.589593 0.000795
-0.529595 0.591437 -0.000209
-0.511838 0.591885 -0.000632
-0.494892 0.590763 -0.000440
-0.479186 0.589159 -0.000024
-0.461037 0.586700 -0.002707
-0.446131 0.590872 0.000450
-0.428771 0.590144 -0.001309
-0.412726 0.589837 0.000930
-0.394535 0.589213 0.000026
-0.379087 0.589145 0.000140
-0.361224 0.589369 0.001988
-0.345237 0.589441 0.000390
-0.328146 0.590206 0.002007
-0.311794 0.589469 0.000280
-0.294224 0.589390 0.001893
-0.277107 0.590051 0.000153
-0.259556 0.589924 0.000613
-0.244501 0.590013 -0.001093
-0.226376 0.588837 0.001328
-0.210342 0.587693 -0.000306
-0.192700 0.590192 0.001822
-0.177330 0.587533 0.000092
-0.159679 0.591356 -0.000988
-0.142307 0.589519 -0.001528
-0.126536 0.589747 0.000043
-0.110268 0.589971 -0.000155
-0.093617 0.588005 -0.001869
-0.075538 0.589569 -0.000194
-0.058536 0.586822 0.000117
-0.042945 0.589200 -0.000407
-0.024665 0.590657 -0.001541
-0.008346 0.589645 0.000794
0.009053 0.591099 -0.000331
0.023792 0.589772 0.001300
0.042541 0.589940 -0.000153
0.058388 0.591126 -0.001961
0.074944 0.589339 -0.000175
0.091607 0.590401 0.001662
0.108577 0.590978 0.000585
0.127474 0.590741 0.001280
0.142488 0.588721 0.000742
0.160507 0.590255 -0.002179
0.175524 0.590679 -0.000612
0.191067 0.590291 -0.002036
0.209749 0.590834 -0.001018
0.225840 0.586512 -0.000171
0.243467 0.589833 0.000429
0.260432 0.591542 -0.000214
0.277358 0.588995 -0.000424
0.292513 0.590962 -0.000747
0.309919 0.589125 0.000919
0.327870 0.589200 0.000325
0.345715 0.589294 0.000142
0.360437 0.590428 0.001712
0.377998 0.590022 0.001109
0.395671 0.589948 0.000488
0.412882 0.589355 0.001292
0.428615 0.588446 0.000630
0.444640 0.589334 -0.000303
0.461066 0.589406 -0.001754
0.479158 0.589644 -0.001717
0.493493 0.590004 -0.000218
0.511876 0.590846 0.001273
0.528351 0.589138 0.001042
0.545074 0.590887 -0.001092
0.563182 0.591352 -0.001714
0.581302 0.588900 0.000499
0.596363 0.587642 -0.000942
0.613018 0.590488 0.000078
0.629264 0.589758 -0.001474
0.647046 0.590144 -0.000073
0.663363 0.589755 -0.000815
0.679481 0.588529 0.000480
0.697568 0.590044 0.000436
0.712893 0.589576 0.000442
0.732102 0.588145 0.001058
0.747145 0.588943 -0.001406
0.766053 0.591475 -0.000156
0.781280 0.589641 -0.000834
0.797004 0.588625 -0.000580
0.813444 0.588445 -0.001189
0.833696 0.589865 -0.000313
0.849408 0.587594 0.000301
0.865128 0.588382 0.000065
0.882839 0.589636 -0.000489
0.898886 0.590378 -0.001040
0.916201 0.590122 -0.000282
0.931332 0.592416 -0.000745
0.951288 0.589276 0.000484
0.965289 0.587435 0.000706
0.982718 0.590707 -0.000947
0.999706 0.591147 0.000662
-1.000322 0.603506 -0.000488
-0.983055 0.606803 0.000495
-0.965064 0.606392 -0.000989
-0.949296 0.606165 -0.002526
-0.932970 0.606162 0.000523
-0.915378 0.605684 0.001215
-0.898458 0.605870 0.000178
-0.882151 0.606133 -0.000593
-0.865145 0.604364 -0.000092
-0.847388 0.604528 -0.000374
-0.832423 0.606657 0.001128
-0.814291 0.603254 0.000089
-0.798117 0.606083 -0.000205
-0.782206 0.605070 -0.000937
-0.763284 0.603910 -0.000309
-0.748728 0.607602 -0.000051
-0.730436 0.603694 0.000755
-0.714104 0.604596 0.000903
-0.697773 0.606149 0.000162
-0.681219 0.606422 0.000289
-0.663363 0.605438 -0.000059
-0.648354 0.605656 0.000317
-0.629818 0.606876 0.000034
-0.613582 0.604655 0.000033
-0.597271 0.605536 -0.000194
-0.579551 0.605378 -0.000584
-0.563760 0.607596 0.001453
-0.545082 0.606361 0.001473
-0.528978 0.606787 0.000393
-0.513548 0.605216 0.000835
-0.495477 0.605227 -0.000116
-0.478885 0.604849 0.000661
-0.462031 0.604970 -0.000260
-0.446133 0.604879 -0.001210
-0.427844 0.605431 0.000171
-0.411803 0.605197 -0.000171
-0.395179 0.606335 0.000062
-0.377860 0.605105 0.001395
-0.361565 0.606201 0.000272
-0.345357 0.605374 -0.000888
-0.327035 0.603941 0.001424
-0.311794 0.606969 -0.000432
-0.295155 0.605337 -0.000356
-0.278668 0.605304 0.000926
-0.261221 0.605639 -0.000272
-0.243648 0.604859 -0.001340
-0.226760 0.605069 -0.001359
-0.210030 0.604450 -0.001213
-0.190586 0.604888 0.001661
-0.176018 0.604702 -0.000475
-0.160960 0.604851 -0.000415
-0.141856 0.604124 0.001122
-0.127125 0.607796 0.000608
-0.109678 0.604355 0.000967
-0.093012 0.605565 -0.001164
-0.076808 0.607751 0.000129
-0.060195 0.606343 0.000213
-0.042061 0.603055 -0.001421
-0.025615 0.606026 -0.000351
-0.006833 0.604273 0.001042
0.006519 0.605544 -0.001448
0.022775 0.606113 0.001866
0.041489 0.607561 0.000438
0.057600 0.606040 -0.000706
0.075639 0.605342 0.000010
0.094507 0.605436 0.000140
0.108440 0.606687 0.001143
0.127188 0.606058 0.000271
0.143268 0.605202 -0.002574
0.161766 0.605202 -0.000599
0.176473 0.605776 -0.001203
0.195173 0.604964 0.000475
0.209103 0.606377 -0.000294
0.228734 0.604202 -0.001055
0.244422 0.607286 0.000736
0.261597 0.605249 -0.000926
0.277650 0.604119 -0.000751
0.294838 0.604775 -0.000049
0.309955 0.605825 -0.000824
0.328235 0.604863 0.000390
0.344640 0.606133 -0.000975
0.361656 0.608111 -0.000433
0.377696 0.606130 0.000340
0.396156 0.604739 -0.001022
0.412362 0.604310 0.000731
0.428021 0.605668 0.000304
0.445989 0.605360 -0.000371
0.461598 0.603976 -0.001333
0.480227 0.605633 0.001046
0.494822 0.606019 0.000103
0.513349 0.605573 -0.002132
0.530216 0.605179 -0.000100
0.547282 0.606688 0.000390
0.563209 0.606077 -0.001115
0.577903 0.605127 -0.000912
0.595745 0.605856 -0.000293
0.614434 0.605426 -0.000886
0.629918 0.606555 -0.002138
0.647793 0.604733 0.002062
0.665584 0.606082 0.000357
0.680031 0.605394 0.001311
0.697391 0.605162 -0.000943
0.714062 0.606079 0.000615
0.730400 0.606612 -0.000793
0.748419 0.605363 -0.001258
0.764626 0.606354 -0.000541
0.781842 0.605284 0.000275
0.798526 0.605243 0.000158
0.813770 0.605604 0.001621
0.832021 0.604291 0.001193
0.848594 0.606676 -0.000352
0.865719 0.605301 0.003162
0.881744 0.605456 0.002690
0.898341 0.604909 -0.000597
0.916661 0.605007 -0.000852
0.932955 0.605849 0.001498
0.949933 0.604780 0.001975
0.963829 0.604062 -0.000094
0.983125 0.604571 -0.000775
1.001283 0.605492 0.000332
-0.999167 0.620518 -0.000224
-0.982811 0.621994 0.001899
-0.966471 0.620045 0.001073
-0.950381 0.620972 0.000601
-0.933218 0.619403 0.000737
-0.917403 0.618883 -0.002771
-0.898594 0.618158 -0.001129
-0.883367 0.621440 -0.000356
-0.864188 0.621412 0.000190
-0.850162 0.621476 0.000231
-0.831935 0.621165 -0.000254
-0.814714 0.621960 -0.000680
-0.796504 0.622209 0.000037
-0.781076 0.620617 -0.000186
-0.764022 0.619810 -0.001917
-0.747127 0.620995 -0.000356
-0.730993 0.621814 -0.000654
-0.713420 0.620923 0.001221
-0.696280 0.621573 -0.000277
-0.680731 0.620305 0.000615
-0.662951 0.620664 -0.002134
-0.645556 0.620290 0.001411
-0.632265 0.620371 -0.000426
-0.613069 0.620302 0.000267
-0.595256 0.622476 -0.000644
-0.580193 0.623292 -0.000579
-0.561589 0.624013 0.000054
-0.544803 0.619772 -0.000605
-0.529017 0.623472 -0.001185
-0.512657 0.620809 0.000708
-0.496264 0.619760 0.000485
-0.478510 0.620391 0.000136
-0.461357 0.620401 0.000864
-0.444535 0.621863 -0.001080
-0.428358 0.619639 0.000098
-0.411419 0.622337 0.000631
-0.394973 0.622265 0.002050
-0.375746 0.621097 -0.000916
-0.360644 0.622008 -0.000308
-0.342986 0.622360 0.000090
-0.325850 0.620267 -0.000813
-0.311816 0.623298 0.000793
-0.294516 0.620328 -0.000261
-0.277937 0.622193 -0.001176
-0.260437 0.621798 0.000890
-0.242595 0.620330 0.000700
-0.225782 0.621598 -0.002039
-0.211123 0.621268 0.001117
-0.192112 0.621161 -0.000185
-0.176068 0.620831 -0.000841
-0.160132 0.620225 0.000369
-0.140657 0.621538 0.001067
-0.126896 0.621887 -0.001483
-0.109364 0.620592 -0.000526
-0.093682 0.620208 -0.002042
-0.076816 0.620968 0.001122
-0.059821 0.622542 -0.000255
-0.044119 0.621475 0.000191
-0.026756 0.620673 -0.001227
-0.009544 0.622184 0.000675
0.008552 0.619903 -0.000216
0.024737 0.621987 0.000388
0.041227 0.622466 0.002272
0.059644 0.620119 -0.000474
0.075158 0.621927 -0.002656
0.091840 0.619894 -0.000821
0.108868 0.623594 -0.000137
0.127719 0.621609 0.000163
0.142714 0.622646 0.001136
0.158786 0.622103 -0.000933
0.175005 0.620164 0.000581
0.192392 0.619710 -0.001100
0.209931 0.623179 0.001453
0.226493 0.619466 -0.000673
0.242805 0.621044 -0.000082
0.259021 0.620874 -0.000887
0.277648 0.620086 -0.001176
0.292144 0.621305 -0.000987
0.309610 0.619156 -0.000921
0.327025 0.621463 0.000883
0.343669 0.622263 -0.000908
0.362632 0.621980 0.000750
0.376973 0.621269 0.000814
0.397269 0.621580 0.000527
0.410796 0.620451 0.000907
0.427724 0.621344 -0.001106
0.445863 0.620446 -0.000854
0.460323 0.621412 0.000902
0.479322 0.621631 -0.000342
0.495327 0.622776 -0.000971
0.512897 0.622865 -0.000923
0.529150 0.621240 0.001158
0.545606 0.619839 -0.000671
0.564522 0.619816 0.000231
0.578910 0.622195 0.000611
0.597639 0.621623 -0.000570
0.612725 0.620399 0.000864
0.630846 0.621788 0.000126
0.646606 0.623090 -0.000123
0.664956 0.622540 -0.000365
0.679795 0.620718 -0.000476
0.695789 0.622376 -0.000446
0.714028 0.620518 0.000319
0.730165 0.621255 0.000283
0.747848 0.621632 0.000915
0.763263 0.620252 -0.001325
0.781775 0.623055 -0.000904
0.799489 0.621328 -0.002214
0.815018 0.619242 0.000752
0.832663 0.621116 0.000121
0.849313 0.622137 0.002479
0.865966 0.621308 0.001782
0.882341 0.620921 -0.000988
0.897636 0.621721 -0.000630
0.917569 0.620662 0.001075
0.932206 0.622028 0.001394
0.948893 0.621995 0.000335
0.966513 0.621652 0.000277
0.982412 0.621172 -0.000253
1.000180 0.621036 -0.001875
-1.000181 0.636586 0.000605
-0.983974 0.635521 0.000205
-0.965969 0.637533 -0.000293
-0.949086 0.636609 -0.001405
-0.934695 0.637854 -0.000375
-0.915667 0.636687 -0.000331
-0.897547 0.637682 0.000742
-0.882733 0.635726 0.001947
-0.864065 0.638245 0.000329
-0.847201 0.636372 0.000118
-0.832518 0.637895 0.001304
-0.814415 0.636899 0.000328
-0.797387 0.637470 0.000121
-0.780257 0.637737 -0.001660
-0.764861 0.636842 -0.000130
-0.747025 0.636581 -0.001693
-0.733233 0.637074 0.000622
-0.714322 0.637824 -0.000379
-0.697763 0.637558 -0.000228
-0.681127 0.638444 0.002192
-0.663782 0.636400 0.000367
-0.646974 0.636498 -0.001336
-0.629954 0.636702 -0.000278
-0.611827 0.636531 0.000025
-0.596875 0.637654 0.000880
-0.581871 0.636027 -0.000550
-0.564099 0.636842 -0.001236
-0.548447 0.637259 -0.000722
-0.531273 0.635968 0.000557
-0.511820 0.638594 0.000546
-0.495973 0.637563 -0.000427
-0.478825 0.638206 0.000342
-0.464414 0.636074 0.002087
-0.444282 0.636763 -0.000259
-0.426894 0.637232 0.001836
-0.411741 0.636918 -0.000957
-0.394860 0.637027 -0.000157
-0.378379 0.637667 -0.000750
-0.359942 0.638836 0.000423
-0.343561 0.638359 0.001347
-0.326636 0.636649 -0.000355
-0.308576 0.637915 -0.000480
-0.295618 0.637032 0.000268
-0.277384 0.637766 0.001877
-0.259723 0.637329 0.000011
-0.242170 0.636832 0.001862
-0.225683 0.635968 0.001199
-0.211402 0.636281 0.001362
-0.192687 0.636737 -0.000487
-0.177377 0.635724 0.001734
-0.159412 0.635593 0.000104
-0.142005 0.637109 -0.001878
-0.125538 0.638013 -0.000654
-0.107714 0.637417 -0.000795
-0.092382 0.638540 -0.000708
-0.074681 0.635748 -0.000444
-0.060090 0.638871 0.002431
-0.040197 0.635421 0.000251
-0.025391 0.636571 0.001190
-0.007495 0.636679 0.000175
0.008521 0.638964 -0.001652
0.025330 0.637422 0.000251
0.040131 0.636930 0.000406
0.059815 0.636391 0.000158
0.075371 0.636307 -0.000423
0.092395 0.635716 -0.001119
0.109633 0.637563 0.000407
0.125884 0.636259 -0.000581
0.143797 0.638157 0.000744
0.160269 0.637049 0.000467
0.175994 0.636634 -0.001438
0.193805 0.638534 0.000581
0.210498 0.637906 0.000233
0.226490 0.637462 0.001393
0.244741 0.634942 0.000252
0.260320 0.637078 -0.000456
0.277176 0.637024 -0.001404
0.295608 0.637130 -0.001360
0.310540 0.636850 0.001046
0.328117 0.637290 0.000034
0.342969 0.637202 0.001004
0.361638 0.637730 0.000249
0.378872 0.636578 0.000256
0.393253 0.636991 0.001519
0.411341 0.639183 0.000400
0.426049 0.638356 -0.001317
0.446836 0.636110 0.000382
0.462509 0.636789 -0.000193
0.477446 0.637974 0.000093
0.493936 0.638164 -0.001680
0.511792 0.635967 0.000023
0.530501 0.635738 -0.000307
0.545528 0.636149 0.001752
0.563005 0.635989 0.000481
0.580184 0.636774 0.001274
0.597058 0.638231 0.002045
0.613825 0.637205 0.000692
0.629128 0.635891 0.000840
0.649205 0.636029 0.000214
0.662643 0.637066 -0.001522
0.679120 0.638859 -0.001033
0.697921 0.637293 0.000422
0.714688 0.636413 0.000115
0.731552 0.637764 -0.000988
0.747796 0.636342 0.001143
0.764897 0.637124 -0.000545
0.780609 0.636428 -0.000055
0.796526 0.637853 -0.000758
0.815135 0.639371 0.000183
0.831581 0.638663 0.000032
0.848632 0.638602 0.001265
0.865852 0.636206 0.000411
0.881934 0.637261 0.000303
0.897934 0.639178 0.000496
0.916120 0.636913 -0.001775
0.933282 0.636660 -0.000490
0.948793 0.637119 -0.000254
0.966511 0.637144 0.000072
0.983269 0.636321 -0.001476
1.000913 0.636357 -0.001222
-1.000975 0.652782 -0.001280
-0.980528 0.654711 -0.000273
-0.965913 0.654078 -0.000642
-0.951402 0.653842 0.001092
-0.934463 0.652816 -0.002256
-0.915308 0.652703 -0.000755
-0.899788 0.653568 0.000519
-0.882401 0.654040 0.000032
-0.867294 0.654166 -0.000633
-0.848285 0.651889 -0.000300
-0.833558 0.651805 -0.000496
-0.815324 0.652336 -0.001193
-0.797809 0.652987 0.000207
-0.782483 0.653692 -0.001060
-0.764985 0.652352 0.000595
-0.747774 0.652190 0.001390
-0.730026 0.652337 0.000393
-0.713890 0.651542 0.001189
-0.698368 0.652607 0.000504
-0.680061 0.651142 0.000855
-0.661531 0.651887 -0.000191
-0.646162 0.653153 0.001484
-0.630626 0.654622 -0.001633
-0.612251 0.651733 0.000751
-0.595691 0.652662 -0.000747
-0.579099 0.654524 -0.000295
-0.562800 0.652917 -0.000992
-0.546548 0.653177 -0.000446
-0.528109 0.652229 0.001106
-0.511907 0.652833 -0.000510
-0.493877 0.653130 -0.000783
-0.479782 0.653321 0.000159
-0.460981 0.650814 0.001634
-0.445730 0.652698 -0.000122
-0.428491 0.650082 -0.000252
-0.412477 0.653097 0.000618
-0.392610 0.652752 -0.002708
-0.376799 0.652278 0.001181
-0.361918 0.653847 0.001029
-0.346513 0.653899 0.000965
-0.329267 0.653272 -0.000196
-0.309543 0.651951 -0.000617
-0.294238 0.654933 -0.000761
-0.276485 0.652740 -0.000605
-0.258350 0.653117 -0.001291
-0.243841 0.652984 -0.000453
-0.227362 0.651451 0.000138
-0.211908 0.652919 0.001248
-0.193329 0.651424 -0.001020
-0.177189 0.653757 -0.000060
-0.160156 0.650823 0.000163
-0.142841 0.654571 0.002612
-0.122749 0.652759 0.000630
-0.109970 0.653420 -0.000025
-0.091729 0.654248 -0.001640
-0.075033 0.652676 0.000499
-0.058734 0.652552 0.002657
-0.042137 0.653158 -0.000450
-0.025190 0.653075 -0.000921
-0.008554 0.653190 0.000230
0.010087 0.654244 0.000560
0.025551 0.652447 -0.000814
0.044023 0.652015 0.000516
0.057537 0.650288 0.000282
0.075003 0.652804 -0.001636
0.091015 0.651864 0.000181
0.108129 0.653607 0.000427
0.124553 0.653870 -0.001464
0.143632 0.652840 0.000726
0.160884 0.651937 0.002147
0.176826 0.652332 -0.001883
0.191691 0.652248 -0.001237
0.210301 0.651225 -0.001224
0.228286 0.651262 -0.002430
0.243250 0.652538 0.000398
0.260130 0.652000 -0.000278
0.277545 0.654543 -0.000429
0.292456 0.654042 0.000969
0.310815 0.653834 -0.000047
0.328086 0.651774 -0.000002
0.343163 0.655575 -0.000802
0.362097 0.652884 -0.000373
0.378037 0.652625 0.000584
0.394353 0.654616 0.002513
0.411272 0.654216 0.000777
0.428815 0.653367 -0.001122
0.445595 0.653893 -0.000728
0.462333 0.652070 -0.002032
0.479194 0.652244 0.000479
0.495206 0.651692 -0.000343
0.510393 0.653460 -0.000700
0.529165 0.653900 -0.001076
0.545209 0.653511 -0.000031
0.564252 0.654958 0.001344
0.580757 0.653269 -0.000219
0.597214 0.652476 -0.001377
0.613595 0.652225 -0.001736
0.631276 0.651791 0.001044
0.647486 0.653067 -0.000780
0.664028 0.653270 -0.000134
0.679866 0.652113 -0.001691
0.695823 0.651833 0.000794
0.712655 0.652168 0.000200
0.728897 0.653335 0.002594
0.747274 0.653186 0.000663
0.765451 0.651088 -0.001231
0.780687 0.652870 -0.000427
0.796687 0.651995 0.001543
0.813804 0.653468 -0.001247
0.831172 0.654254 -0.000781
0.849353 0.652661 -0.002003
0.865225 0.653194 0.000580
0.884122 0.653318 0.000833
0.900354 0.652876 0.001290
0.915715 0.653700 0.000518
0.932790 0.652817 -0.001585
0.948513 0.654439 0.000090
0.965123 0.653148 0.000586
0.983665 0.654077 0.000998
1.001725 0.652040 -0.002334
-1.000471 0.668686 0.002250
-0.985405 0.666413 0.000087
-0.965497 0.669599 0.000546
-0.948594 0.666714 -0.002395
-0.932364 0.668206 -0.000235
-0.917095 0.668535 -0.001201
-0.898913 0.668525 -0.000921
-0.881219 0.668551 0.000915
-0.864058 0.668352 0.000271
-0.848673 0.666904 0.000246
-0.831756 0.668773 0.000979
-0.814065 0.668085 0.000275
-0.799256 0.668661 0.001219
-0.780551 0.669022 -0.001582
-0.765137 0.669514 0.000207
-0.749899 0.667139 -0.000502
-0.731859 0.668471 0.000563
-0.714551 0.668443 -0.000164
-0.699681 0.668071 -0.002288
-0.680265 0.669974 0.000218
-0.665844 0.668681 0.001378
-0.646686 0.670413 -0.000187
-0.629030 0.667961 -0.000523
-0.613817 0.666191 -0.000284
-0.596396 0.667740 -0.002182
-0.579624 0.668329 -0.000428
-0.563274 0.670870 -0.000711
-0.546248 0.667126 -0.000530
-0.529516 0.668791 -0.000041
-0.511457 0.668642 0.000005
-0.495921 0.669482 0.000054
-0.479981 0.669407 -0.000579
-0.461820 0.666110 0.000084
-0.444050 0.668735 -0.001667
-0.428602 0.667100 -0.001010
-0.413016 0.668460 0.000326
-0.394656 0.669013 -0.000572
-0.378166 0.669717 -0.000852
-0.361193 0.668823 -0.000244
-0.344321 0.669755 0.000279
-0.329284 0.666719 0.000451
-0.311789 0.669329 0.000523
-0.294273 0.667392 0.000768
-0.278097 0.667155 0.002276
-0.260454 0.668068 -0.000639
-0.242654 0.670487 -0.001726
-0.227215 0.670790 0.000395
-0.209818 0.669127 0.002053
-0.192469 0.669076 -0.001535
-0.174429 0.668545 -0.000835
-0.158815 0.665988 0.000171
-0.144088 0.668926 0.000825
-0.125896 0.668867 -0.001200
-0.108976 0.670146 0.001012
-0.093122 0.669035 0.001582
-0.076215 0.669708 -0.001853
-0.058613 0.666413 0.000527
-0.042610 0.668410 0.000932
-0.026058 0.669103 0.000017
-0.009291 0.668861 0.001485
0.007537 0.667184 0.000776
0.025436 0.666808 -0.000757
0.042016 0.667284 0.001385
0.057564 0.669590 0.000362
0.077777 0.667979 0.000078
0.092911 0.669406 -0.000442
0.110104 0.668953 0.000797
0.125866 0.668908 0.000756
0.142886 0.667712 -0.000442
0.161014 0.669062 0.000567
0.174912 0.669417 0.000118
0.191302 0.670667 -0.001982
0.209813 0.668952 0.000521
0.227410 0.667444 0.000883
0.243248 0.667910 0.000870
0.259172 0.669607 -0.001058
0.276511 0.669756 -0.000349
0.294404 0.668462 0.002095
0.312109 0.668940 -0.001572
0.328558 0.668945 0.001264
0.346049 0.667357 0.001548
0.362562 0.666967 0.000579
0.378206 0.668601 -0.000894
0.394466 0.669799 0.000368
0.411264 0.668748 0.000667
0.427485 0.667817 -0.000420
0.446305 0.670997 0.000738
0.461125 0.668322 -0.000011
0.478518 0.668135 0.000300
0.496150 0.667379 -0.000810
0.509122 0.667575 -0.001121
0.529743 0.667670 0.000706
0.545883 0.668691 0.000877
0.564213 0.668184 -0.001327
0.579374 0.668266 -0.000159
0.596650 0.668445 0.000452
0.615256 0.668514 -0.000689
0.628342 0.668778 -0.000301
0.646005 0.668006 0.000506
0.664778 0.668155 -0.000417
0.680878 0.668434 -0.000771
0.696422 0.668299 -0.001642
0.713429 0.668653 -0.001446
0.730536 0.667851 -0.000182
0.747698 0.668009 0.001418
0.765808 0.668726 0.000623
0.781848 0.668091 0.001258
0.798925 0.668413 -0.001714
0.815593 0.668872 0.000692
0.833153 0.665847 -0.000315
0.848060 0.666883 0.000042
0.866655 0.668544 -0.001297
0.882973 0.667644 -0.001529
0.898852 0.668815 0.001444
0.915461 0.667863 -0.001303
0.930644 0.670286 -0.001129
0.948066 0.668147 0.001847
0.966197 0.668327 -0.000280
0.980871 0.666969 -0.001647
1.000180 0.667422 -0.000824
-1.001687 0.683976 0.000404
-0.983060 0.685145 0.001170
-0.965346 0.683881 -0.000537
-0.948392 0.684411 -0.001157
-0.933575 0.682814 -0.001304
-0.917307 0.685161 -0.001290
-0.898720 0.684153 0.001172
-0.881949 0.684672 -0.001050
-0.866035 0.685462 -0.001305
-0.851202 0.683188 0.001549
-0.831873 0.684705 -0.000461
-0.814113 0.683112 0.000832
-0.798422 0.683575 -0.000818
-0.779463 0.685993 0.000111
-0.764176 0.683072 -0.000958
-0.748738 0.684566 -0.000392
-0.732232 0.684947 -0.000048
-0.714104 0.683924 0.000238
-0.698211 0.685826 0.002074
-0.680213 0.685774 0.000279
-0.664747 0.685617 -0.000106
-0.646549 0.685056 -0.000217
-0.630970 0.682905 -0.001268
-0.613818 0.685614 -0.000119
-0.597839 0.684299 -0.001353
-0.578806 0.685254 -0.000283
-0.563349 0.683921 0.000460
-0.545632 0.683532 0.001220
-0.529123 0.685657 -0.001438
-0.512007 0.684462 -0.001409
-0.497539 0.683713 0.000845
-0.480795 0.683336 0.000445
-0.461032 0.684643 -0.000904
-0.445451 0.684954 0.001500
-0.429373 0.684225 -0.001573
-0.411055 0.685689 0.001634
-0.394848 0.683117 0.000110
-0.377702 0.684612 0.000301
-0.362352 0.684320 0.000534
-0.344692 0.683957 0.000360
-0.329066 0.685522 -0.000873
-0.310006 0.685121 -0.002445
-0.295340 0.683141 0.000158
-0.277037 0.684915 -0.000023
-0.262498 0.684140 0.000800
-0.244234 0.681787 -0.000784
-0.224950 0.683972 0.000941
-0.208775 0.683597 0.001047
-0.193563 0.684094 0.000394
-0.177386 0.685521 -0.000260
-0.159986 0.684771 -0.000437
-0.141666 0.683280 0.000050
-0.125559 0.683778 -0.000134
-0.109247 0.683498 -0.000767
-0.092444 0.684127 0.000858
-0.073734 0.684343 0.000646
-0.058747 0.683306 -0.001419
-0.041006 0.685176 -0.000194
-0.025630 0.681841 0.000345
-0.008253 0.684609 0.000829
0.008683 0.686408 0.000336
0.026947 0.684325 -0.000659
0.043098 0.684653 0.000035
0.059335 0.684426 0.000043
0.075888 0.682806 0.000094
0.092445 0.682826 0.000679
0.106185 0.684253 -0.000358
0.125771 0.684526 -0.000365
0.142446 0.685134 -0.000487
0.159429 0.684623 -0.001049
0.176552 0.683661 -0.000750
0.192980 0.681674 -0.000361
0.211195 0.684550 -0.001351
0.226644 0.683689 0.000303
0.242684 0.683447 0.000924
0.261108 0.684731 -0.000580
0.277586 0.687271 -0.000285
0.293566 0.684764 0.000355
0.310290 0.683405 -0.000275
0.327135 0.685442 0.000009
0.345722 0.685798 0.001631
0.362383 0.683971 -0.001719
0.376861 0.683867 -0.001673
0.394711 0.682853 0.001903
0.410232 0.682555 -0.000188
0.428069 0.684756 0.000018
0.445445 0.685186 0.000352
0.462134 0.684371 -0.000051
0.477935 0.683590 -0.000496
0.497120 0.685047 0.000170
0.511350 0.683244 -0.001343
0.530853 0.686282 0.000258
0.544856 0.684777 -0.000476
0.562083 0.684596 0.000106
0.580386 0.685119 0.000287
0.595197 0.685100 0.001255
0.611410 0.683882 0.000832
0.630978 0.685298 -0.001057
0.647037 0.684955 0.000760
0.664383 0.684413 -0.001302
0.680659 0.683265 -0.000705
0.698164 0.683445 -0.001127
0.714631 0.684550 -0.000603
0.732060 0.685762 0.000616
0.747677 0.686254 0.000426
0.763843 0.682171 -0.000693
0.783786 0.684575 0.000042
0.799429 0.684307 0.000077
0.816281 0.682775 0.001327
0.830827 0.683577 -0.000276
0.849692 0.681720 0.000716
0.863932 0.686022 0.002056
0.884223 0.683264 -0.001361
0.898700 0.685477 -0.000063
0.916746 0.685173 -0.000431
0.932762 0.683473 -0.001252
0.951445 0.683732 -0.000648
0.966283 0.684965 0.001436
0.983156 0.681755 -0.001443
0.999344 0.683567 0.000134
-1.000289 0.700835 -0.000796
-0.982920 0.700022 0.000103
-0.966072 0.701966 -0.000564
-0.949896 0.700429 -0.000231
-0.933727 0.700444 -0.001957
-0.917062 0.699998 0.000428
-0.901472 0.699710 -0.000669
-0.883702 0.700383 -0.000479
-0.865630 0.701323 0.000070
-0.849678 0.699922 -0.000920
-0.830119 0.699087 0.000485
-0.814722 0.701433 -0.000214
-0.796882 0.700342 -0.000764
-0.781809 0.699089 0.000478
-0.764152 0.700475 -0.000383
-0.746827 0.699388 0.000687
-0.731570 0.699582 0.001617
-0.712842 0.700175 -0.000050
-0.698034 0.699368 -0.000932
-0.680043 0.700152 -0.000965
-0.664299 0.701044 -0.001082
-0.647745 0.699721 -0.000630
-0.630890 0.698869 -0.001132
-0.611431 0.701058 0.000199
-0.597355 0.699091 -0.001338
-0.581290 0.699297 0.000214
-0.562937 0.700586 -0.000897
-0.545639 0.699164 0.000611
-0.529601 0.699081 -0.000048
-0.512347 0.700351 0.001151
-0.496828 0.698238 0.000318
-0.477911 0.700369 -0.001443
-0.462376 0.699259 0.000549
-0.446755 0.699003 -0.000990
-0.428054 0.700179 0.001490
-0.412591 0.698956 0.001173
-0.395296 0.702804 0.000507
-0.379771 0.699173 0.001442
-0.363199 0.698840 -0.000562
-0.343218 0.699222 0.001029
-0.326408 0.700256 0.001269
-0.310957 0.700153 -0.000618
-0.294383 0.699402 -0.000212
-0.276847 0.698724 0.001416
-0.262702 0.700042 -0.000088
-0.243417 0.699091 -0.001292
-0.225275 0.699100 0.001775
-0.210201 0.699445 -0.000208
-0.193398 0.699876 0.001018
-0.175954 0.701263 -0.000046
-0.161011 0.699196 0.000006
-0.141954 0.700348 -0.000852
-0.126131 0.700427 0.000050
-0.108925 0.700864 -0.001951
-0.092966 0.700467 -0.000347
-0.075707 0.700114 0.000344
-0.058848 0.699219 0.001302
-0.043533 0.699458 -0.001394
-0.026004 0.699980 -0.003593
-0.008525 0.699278 -0.001589
0.008233 0.699596 0.001328
0.025900 0.700545 0.000996
0.041862 0.699113 0.001477
0.058525 0.699475 0.001881
0.076402 0.700723 0.000278
0.091798 0.700458 0.000566
0.111737 0.700202 -0.002122
0.126459 0.700205 -0.000121
0.141437 0.699240 0.000632
0.160648 0.700562 -0.000394
0.175050 0.698867 0.000193
0.194511 0.699428 0.000179
0.210198 0.701691 -0.000854
0.225881 0.701889 -0.000987
0.244038 0.699316 -0.000636
0.260014 0.700957 -0.000598
0.276598 0.700470 0.000200
0.294459 0.701447 0.000797
0.310271 0.701225 0.000570
0.327580 0.699627 -0.003008
0.344602 0.699320 -0.001833
0.362659 0.697615 -0.001169
0.377027 0.699741 -0.000425
0.394807 0.700320 -0.002151
0.414137 0.698510 -0.001945
0.429003 0.699666 0.000465
0.445130 0.699402 0.000835
0.461455 0.700862 0.002156
0.478245 0.700925 0.001099
0.494883 0.698402 -0.000661
0.511853 0.700701 0.001141
0.530041 0.700875 -0.001240
0.545626 0.700187 0.000081
0.565248 0.699225 -0.000718
0.579484 0.700476 -0.000370
0.596147 0.701122 -0.000579
0.611665 0.700678 -0.001072
0.630190 0.698615 -0.000456
0.646278 0.700461 0.000028
0.663927 0.699736 0.000073
0.680735 0.699565 -0.000294
0.696888 0.699833 -0.003296
0.713908 0.699994 0.000442
0.731601 0.699754 0.001145
0.747121 0.699493 -0.000244
0.765251 0.698894 -0.000660
0.782711 0.699861 0.001100
0.798082 0.699057 -0.000041
0.813697 0.699482 0.001039
0.833378 0.700848 -0.000278
0.848682 0.700541 0.000435
0.865722 0.700463 -0.000000
0.881792 0.701805 -0.001117
0.897851 0.700715 -0.000407
0.915160 0.701320 0.000416
0.933428 0.700398 -0.000803
0.949297 0.699890 0.002031
0.966602 0.700842 0.000078
0.984095 0.701526 -0.002097
0.997300 0.699615 0.000079
-0.601565 -0.399510 0.478137
-0.584523 -0.398327 0.481527
-0.570781 -0.400251 0.480399
-0.554890 -0.400817 0.479384
-0.538892 -0.400522 0.479948
-0.523363 -0.401053 0.480243
-0.507539 -0.401296 0.480064
-0.492380 -0.399006 0.480170
-0.479422 -0.401260 0.480352
-0.464636 -0.399580 0.480886
-0.449301 -0.399782 0.481623
-0.433926 -0.398999 0.480879
-0.417496 -0.399980 0.479880
-0.401904 -0.399553 0.479712
-0.386474 -0.398091 0.479217
-0.372521 -0.400722 0.479107
-0.356164 -0.399752 0.480635
-0.342914 -0.398205 0.479907
-0.325563 -0.400242 0.480540
-0.313238 -0.399710 0.480151
-0.295296 -0.399437 0.479374
-0.281591 -0.400017 0.477796
-0.267940 -0.399988 0.479930
-0.252206 -0.401432 0.479774
-0.234653 -0.400614 0.479508
-0.219247 -0.401276 0.479987
-0.207537 -0.402243 0.478720
-0.189725 -0.401343 0.480000
-0.174735 -0.398538 0.480711
-0.160628 -0.402147 0.481603
-0.144876 -0.398339 0.480344
-0.129543 -0.398133 0.480311
-0.113288 -0.399730 0.480288
-0.099098 -0.400624 0.480541
-0.084622 -0.399519 0.478830
-0.069099 -0.399831 0.479155
-0.055701 -0.400295 0.481675
-0.038337 -0.400976 0.480839
-0.025053 -0.399940 0.479671
-0.006459 -0.399866 0.481654
0.007929 -0.401456 0.481467
0.020620 -0.399209 0.480196
0.038386 -0.399902 0.480732
0.052273 -0.399703 0.480381
0.067919 -0.398948 0.479634
0.083849 -0.400847 0.480203
0.099404 -0.396883 0.480738
0.114806 -0.402016 0.479302
0.128637 -0.401004 0.479135
0.142228 -0.401138 0.478363
0.160185 -0.398100 0.480376
0.174323 -0.398673 0.479500
0.190003 -0.399862 0.479967
0.206008 -0.400803 0.480805
0.219566 -0.398911 0.480826
0.233487 -0.399850 0.480222
0.249496 -0.399625 0.480837
0.264207 -0.400624 0.479840
0.280892 -0.399723 0.479951
0.293948 -0.398821 0.478567
0.311267 -0.399815 0.479950
0.326698 -0.400166 0.479800
0.343268 -0.401984 0.478971
0.356782 -0.397919 0.480961
0.372162 -0.399320 0.481064
0.388272 -0.400057 0.479692
0.400811 -0.399826 0.479515
0.417932 -0.402206 0.479795
0.433560 -0.399617 0.479746
0.447869 -0.400047 0.478690
0.461265 -0.400289 0.478930
0.478694 -0.400403 0.479663
0.494333 -0.400219 0.479104
0.508217 -0.401623 0.480858
0.523414 -0.399918 0.479591
0.540758 -0.399276 0.479753
0.555304 -0.401259 0.479923
0.568291 -0.399551 0.480058
0.584726 -0.400397 0.481367
0.601102 -0.400615 0.477126
-0.601627 -0.387028 0.481311
-0.583781 -0.386661 0.482677
-0.567884 -0.384996 0.481142
-0.554837 -0.386837 0.480352
-0.538316 -0.386254 0.479286
-0.523464 -0.386071 0.482041
-0.509277 -0.386965 0.482301
-0.493109 -0.386117 0.480406
-0.477729 -0.388143 0.480924
-0.461639 -0.387777 0.481448
-0.447367 -0.387205 0.480597
-0.434017 -0.385226 0.480470
-0.417371 -0.385544 0.480947
-0.403298 -0.386964 0.480849
-0.384123 -0.386283 0.479718
-0.373621 -0.386394 0.481809
-0.356566 -0.385200 0.480401
-0.341759 -0.387657 0.480137
-0.326082 -0.384453 0.479526
-0.311574 -0.387026 0.480503
-0.295541 -0.386851 0.480363
-0.280943 -0.387262 0.480797
-0.265868 -0.386578 0.479171
-0.250833 -0.386351 0.481829
-0.234820 -0.386465 0.480405
-0.220852 -0.386715 0.479167
-0.204355 -0.387066 0.482044
-0.188593 -0.386567 0.481296
-0.173661 -0.386724 0.482606
-0.157636 -0.386345 0.479300
-0.144130 -0.386661 0.478229
-0.128184 -0.387277 0.482590
-0.114407 -0.387416 0.480255
-0.097908 -0.385710 0.479474
-0.083509 -0.385718 0.482869
-0.067670 -0.386616 0.481691
-0.052944 -0.386828 0.479939
-0.038436 -0.386503 0.480697
-0.023827 -0.386409 0.481082
-0.006672 -0.386597 0.481626
0.010156 -0.385257 0.481297
0.021959 -0.387778 0.478869
0.038531 -0.387259 0.480174
0.053401 -0.387056 0.481618
0.070690 -0.386224 0.480779
0.082272 -0.387746 0.480186
0.099123 -0.387097 0.479739
0.114742 -0.386237 0.481524
0.128907 -0.387449 0.482226
0.144363 -0.386470 0.480952
0.159253 -0.386389 0.479130
0.173894 -0.385818 0.480337
0.189697 -0.387133 0.479399
0.205829 -0.386273 0.479131
0.220973 -0.386140 0.479094
0.236985 -0.386991 0.481289
0.250283 -0.385588 0.480205
0.264823 -0.386275 0.480762
0.279894 -0.386967 0.480202
0.296712 -0.386110 0.481860
0.312098 -0.386232 0.480239
0.328038 -0.385836 0.477482
0.341375 -0.384735 0.480749
0.357672 -0.387818 0.479200
0.372470 -0.386202 0.480029
0.386971 -0.386544 0.481524
0.401500 -0.385022 0.479932
0.418376 -0.387080 0.480248
0.432344 -0.385949 0.479914
0.447590 -0.385352 0.481503
0.463356 -0.385851 0.481483
0.478640 -0.386461 0.481204
0.494947 -0.386983 0.482025
0.507372 -0.386471 0.479529
0.524095 -0.386994 0.480203
0.537619 -0.387223 0.480187
0.554492 -0.385415 0.481411
0.570485 -0.387723 0.479409
0.585766 -0.386383 0.481016
0.599341 -0.387812 0.479935
-0.601186 -0.373143 0.481280
-0.587037 -0.372152 0.480522
-0.569700 -0.372858 0.481633
-0.554077 -0.373842 0.480874
-0.541655 -0.371967 0.481724
-0.523199 -0.372029 0.480762
-0.509140 -0.374528 0.482183
-0.493509 -0.371976 0.481691
-0.478113 -0.373377 0.480543
-0.463166 -0.373116 0.481174
-0.447952 -0.370973 0.482258
-0.432139 -0.371937 0.482170
-0.417320 -0.373856 0.481306
-0.402134 -0.373354 0.479735
-0.386474 -0.373330 0.480292
-0.371884 -0.373340 0.480376
-0.355932 -0.372834 0.482417
-0.340868 -0.372251 0.479229
-0.328535 -0.371530 0.481600
-0.311872 -0.373610 0.482912
-0.296101 -0.373585 0.480034
-0.282494 -0.372733 0.482512
-0.263738 -0.372428 0.481904
-0.250437 -0.371129 0.480529
-0.235159 -0.372418 0.480434
-0.220324 -0.373573 0.479895
-0.204405 -0.373186 0.481684
-0.192603 -0.373023 0.480294
-0.177475 -0.372523 0.482895
-0.160211 -0.373464 0.482691
-0.143295 -0.373747 0.480805
-0.129390 -0.374921 0.479623
-0.114646 -0.371899 0.482045
-0.100354 -0.374323 0.482737
-0.083278 -0.371341 0.482802
-0.069758 -0.372007 0.480126
-0.054387 -0.374851 0.479851
-0.037104 -0.373016 0.480398
-0.022506 -0.372262 0.482699
-0.009138 -0.372096 0.480858
0.008047 -0.372603 0.482750
0.022163 -0.372254 0.482199
0.039026 -0.374681 0.480472
0.052815 -0.372807 0.481910
0.067872 -0.372947 0.481157
0.083266 -0.373498 0.483351
0.098564 -0.373743 0.480583
0.113894 -0.372277 0.481658
0.130194 -0.373169 0.482994
0.145025 -0.373113 0.481187
0.160537 -0.372371 0.481122
0.173951 -0.372525 0.480330
0.188247 -0.373726 0.482541
0.202843 -0.373064 0.479714
0.221406 -0.373927 0.481434
0.235605 -0.374838 0.481669
0.251173 -0.371250 0.479444
0.265606 -0.371316 0.481794
0.280577 -0.371063 0.482033
0.297184 -0.371425 0.481131
0.311701 -0.371630 0.483282
0.326902 -0.371773 0.479685
0.341221 -0.373072 0.481128
0.356698 -0.374322 0.481002
0.371519 -0.372243 0.480957
0.385611 -0.372390 0.481869
0.402527 -0.373464 0.482101
0.416914 -0.373482 0.480542
0.432271 -0.372508 0.479957
0.448219 -0.373133 0.484084
0.463048 -0.372498 0.480691
0.479811 -0.372688 0.480431
0.492956 -0.371668 0.482160
0.508431 -0.373529 0.482406
0.524906 -0.372552 0.481296
0.537984 -0.372885 0.481030
0.552747 -0.373669 0.482707
0.568860 -0.372723 0.481876
0.586122 -0.371197 0.482509
0.599775 -0.372237 0.479876
-0.601901 -0.360914 0.481589
-0.583906 -0.358442 0.484458
-0.569281 -0.358928 0.481462
-0.555113 -0.360777 0.482823
-0.536859 -0.361151 0.480501
-0.523975 -0.357603 0.482364
-0.509505 -0.360214 0.481230
-0.494446 -0.360531 0.482507
-0.477312 -0.358921 0.482226
-0.461856 -0.359231 0.479742
-0.448901 -0.358609 0.483166
-0.432863 -0.359432 0.480983
-0.420049 -0.359498 0.483958
-0.402312 -0.359184 0.482982
-0.387618 -0.358654 0.481321
-0.372781 -0.358275 0.482813
-0.357465 -0.358767 0.482480
-0.341983 -0.357146 0.482066
-0.326658 -0.359087 0.482556
-0.310543 -0.359290 0.481885
-0.295664 -0.359811 0.481867
-0.280931 -0.359885 0.482944
-0.266611 -0.360219 0.484263
-0.250644 -0.358153 0.482882
-0.235911 -0.359631 0.483337
-0.220648 -0.358395 0.482362
-0.204846 -0.359201 0.482562
-0.187543 -0.359950 0.482795
-0.174128 -0.358684 0.483953
-0.159095 -0.359611 0.480804
-0.144279 -0.358092 0.481516
-0.130404 -0.359453 0.481651
-0.114325 -0.359588 0.483237
-0.098598 -0.358932 0.483246
-0.082000 -0.360340 0.478664
-0.066833 -0.358306 0.482763
-0.052516 -0.358674 0.481656
-0.037524 -0.359127 0.482564
-0.022177 -0.358000 0.481919
-0.007889 -0.359252 0.481198
0.006978 -0.357628 0.482132
0.021972 -0.359120 0.484129
0.037342 -0.359279 0.482933
0.052335 -0.361347 0.480408
0.067850 -0.359531 0.481292
0.082537 -0.359293 0.482468
0.098977 -0.360170 0.481220
0.113517 -0.359489 0.481793
0.128247 -0.358294 0.481737
0.143310 -0.359111 0.481636
0.159182 -0.357844 0.481069
0.174525 -0.361084 0.481818
0.191561 -0.359887 0.481979
0.206001 -0.359509 0.481629
0.219346 -0.359375 0.481172
0.234779 -0.358724 0.483589
0.250993 -0.360052 0.483632
0.266018 -0.359846 0.481449
0.281781 -0.358683 0.480982
0.297382 -0.360829 0.482527
0.310866 -0.358395 0.482275
0.327669 -0.358106 0.482637
0.341421 -0.358580 0.480416
0.358313 -0.358437 0.482284
0.373093 -0.358777 0.481537
0.387781 -0.358056 0.483995
0.400236 -0.358875 0.483219
0.417839 -0.357879 0.480648
0.432505 -0.361957 0.480648
0.447669 -0.359690 0.481510
0.463777 -0.359566 0.481048
0.479662 -0.359693 0.482423
0.493619 -0.359572 0.483228
0.508045 -0.359672 0.482610
0.527493 -0.359017 0.482658
0.539492 -0.358938 0.482331
0.556044 -0.359401 0.482480
0.570044 -0.359848 0.482615
0.585004 -0.358727 0.481647
0.599735 -0.360740 0.481646
-0.599879 -0.348044 0.483501
-0.583586 -0.346908 0.483521
-0.569357 -0.346898 0.480895
-0.554844 -0.345639 0.482804
-0.537774 -0.344507 0.482434
-0.524489 -0.345784 0.483803
-0.508635 -0.344925 0.481885
-0.493472 -0.345556 0.483701
-0.478834 -0.346214 0.483712
-0.463489 -0.345469 0.482213
-0.448178 -0.346214 0.482642
-0.431826 -0.344326 0.482907
-0.416411 -0.344396 0.482755
-0.401515 -0.345949 0.480501
-0.387538 -0.344998 0.483029
-0.370877 -0.346558 0.483700
-0.356417 -0.347377 0.482643
-0.341693 -0.346861 0.481948
-0.325765 -0.345442 0.479987
-0.311661 -0.346085 0.482884
-0.295322 -0.346057 0.481495
-0.280684 -0.345897 0.483664
-0.266666 -0.344474 0.483058
-0.248935 -0.346531 0.482567
-0.235611 -0.347010 0.483508
-0.219953 -0.347679 0.484535
-0.205352 -0.345840 0.483688
-0.188718 -0.344292 0.482808
-0.174163 -0.346549 0.483786
-0.156554 -0.345251 0.482981
-0.145692 -0.346477 0.484495
-0.128425 -0.346283 0.483332
-0.113797 -0.346320 0.482135
-0.099105 -0.345155 0.484073
-0.084777 -0.345969 0.482823
-0.069754 -0.345295 0.483066
-0.053510 -0.345963 0.482630
-0.036677 -0.344926 0.483091
-0.024268 -0.344410 0.481524
-0.010217 -0.345160 0.482871
0.008922 -0.345396 0.482961
0.023165 -0.346767 0.482675
0.038572 -0.346232 0.481636
0.051769 -0.345677 0.484336
0.068149 -0.347201 0.480976
0.084279 -0.346079 0.483507
0.099293 -0.346473 0.481677
0.114692 -0.346184 0.483148
0.130043 -0.346418 0.482435
0.144344 -0.345810 0.481364
0.158149 -0.345323 0.482619
0.174370 -0.344131 0.482549
0.189985 -0.345890 0.481883
0.205154 -0.346163 0.483212
0.220694 -0.344607 0.481573
0.236612 -0.347284 0.484536
0.251502 -0.344700 0.481801
0.265649 -0.345707 0.483389
0.281378 -0.347500 0.481322
0.297405 -0.345736 0.481426
0.310186 -0.345405 0.482371
0.324187 -0.346184 0.483166
0.342837 -0.344466 0.482327
0.358335 -0.345078 0.483559
0.372689 -0.346202 0.482671
0.386327 -0.343809 0.480849
0.400999 -0.346669 0.482520
0.419496 -0.345838 0.483866
0.434716 -0.343871 0.483786
0.447087 -0.344278 0.480316
0.463935 -0.344817 0.484433
0.479062 -0.345731 0.482325
0.494114 -0.345782 0.481495
0.508769 -0.344815 0.482682
0.524177 -0.345207 0.483912
0.538662 -0.347923 0.483289
0.554915 -0.346622 0.481095
0.568428 -0.345704 0.480929
0.586010 -0.346240 0.483817
0.600482 -0.345533 0.483195
-0.599934 -0.333026 0.487283
-0.584145 -0.331750 0.482928
-0.569431 -0.332841 0.483486
-0.555406 -0.331260 0.483833
-0.539933 -0.332667 0.483160
-0.523855 -0.332590 0.484148
-0.508318 -0.331560 0.483962
-0.494472 -0.334716 0.484713
-0.477992 -0.332388 0.483012
-0.461525 -0.333507 0.483507
-0.447556 -0.331862 0.481424
-0.431825 -0.333047 0.483397
-0.418813 -0.333368 0.483121
-0.402814 -0.332318 0.484087
-0.386676 -0.332616 0.483126
-0.373845 -0.331949 0.483534
-0.357842 -0.332302 0.484759
-0.344394 -0.329961 0.483256
-0.325913 -0.332419 0.484037
-0.310505 -0.333641 0.482418
-0.295887 -0.333758 0.481350
-0.280951 -0.331980 0.484302
-0.266457 -0.331975 0.482819
-0.249305 -0.331044 0.482576
-0.233952 -0.332012 0.483069
-0.220975 -0.333827 0.483407
-0.204012 -0.331985 0.483638
-0.190219 -0.333842 0.483623
-0.173932 -0.331957 0.484840
-0.159436 -0.333307 0.482846
-0.145252 -0.333044 0.484866
-0.129655 -0.334166 0.482857
-0.114600 -0.330746 0.483640
-0.097775 -0.331868 0.485712
-0.084409 -0.332246 0.481768
-0.068708 -0.331455 0.483996
-0.053054 -0.332225 0.483669
-0.038483 -0.331467 0.481439
-0.022012 -0.332743 0.483883
-0.006540 -0.333740 0.484918
0.008168 -0.331472 0.483347
0.022812 -0.334823 0.484226
0.037256 -0.331796 0.483714
0.052932 -0.331472 0.484781
0.067984 -0.331019 0.482848
0.083493 -0.331899 0.484052
0.097393 -0.331406 0.483701
0.113464 -0.332357 0.484617
0.130197 -0.333133 0.482874
0.145592 -0.331182 0.483395
0.157890 -0.332321 0.482837
0.173614 -0.331798 0.482684
0.190658 -0.332533 0.484009
0.205481 -0.331992 0.482780
0.219357 -0.330281 0.482666
0.235946 -0.333229 0.484498
0.248579 -0.333692 0.483397
0.265040 -0.333354 0.482793
0.280879 -0.333134 0.484087
0.296715 -0.331788 0.483599
0.310401 -0.331115 0.485303
0.329044 -0.330497 0.483748
0.342062 -0.333198 0.482098
0.357063 -0.330143 0.482226
0.370448 -0.333674 0.483924
0.388362 -0.332549 0.483850
0.403185 -0.332227 0.484470
0.418298 -0.332537 0.482309
0.432102 -0.332155 0.483361
0.450253 -0.331064 0.481142
0.462768 -0.333310 0.484793
0.477246 -0.331684 0.482516
0.493477 -0.331175 0.481933
0.509416 -0.333624 0.484037
0.523569 -0.331642 0.481481
0.539607 -0.330723 0.482504
0.554347 -0.331418 0.483745
0.569806 -0.332553 0.482474
0.583792 -0.332661 0.483256
0.599769 -0.332134 0.482210
-0.600589 -0.318286 0.485781
-0.585957 -0.318237 0.482874
-0.568731 -0.318384 0.485364
-0.555590 -0.318127 0.483198
-0.540373 -0.319168 0.483833
-0.522516 -0.317236 0.481371
-0.509257 -0.319102 0.483009
-0.494141 -0.317818 0.482670
-0.476883 -0.318964 0.483052
-0.463860 -0.319477 0.484569
-0.448868 -0.318374 0.484992
-0.432605 -0.319272 0.482672
-0.418293 -0.317009 0.486283
-0.402954 -0.319245 0.486198
-0.386908 -0.318161 0.485608
-0.371356 -0.319467 0.485112
-0.357697 -0.318240 0.483941
-0.342081 -0.318885 0.483783
-0.327138 -0.318205 0.484674
-0.312709 -0.318351 0.483592
-0.297664 -0.317765 0.482905
-0.278199 -0.317451 0.484302
-0.263554 -0.318395 0.485879
-0.247994 -0.318053 0.484475
-0.234764 -0.318335 0.485121
-0.222501 -0.319014 0.483953
-0.205294 -0.320006 0.483497
-0.191648 -0.317498 0.484590
-0.174075 -0.317749 0.484525
-0.158875 -0.318335 0.483537
-0.144839 -0.319232 0.484647
-0.128732 -0.319612 0.483488
-0.114482 -0.316965 0.484841
-0.098423 -0.317633 0.484499
-0.084921 -0.319393 0.483355
-0.067344 -0.318226 0.481960
-0.053676 -0.318878 0.483757
-0.038347 -0.316714 0.484501
-0.022868 -0.318857 0.484055
-0.007460 -0.320250 0.485183
0.007572 -0.318368 0.484089
0.021018 -0.319432 0.484501
0.039978 -0.319367 0.483605
0.054300 -0.319176 0.483381
0.068313 -0.317186 0.483056
0.085813 -0.317601 0.483774
0.099486 -0.318956 0.485610
0.115342 -0.319975 0.482903
0.127370 -0.320035 0.483527
0.146319 -0.319363 0.484534
0.159023 -0.317275 0.483403
0.176233 -0.318183 0.484493
0.191132 -0.318457 0.484560
0.205325 -0.317843 0.482422
0.220569 -0.319129 0.484879
0.234493 -0.319903 0.483983
0.252960 -0.317442 0.482418
0.266519 -0.318340 0.483941
0.280935 -0.319569 0.482508
0.296259 -0.318874 0.484123
0.311797 -0.318256 0.482258
0.326266 -0.317838 0.484587
0.340650 -0.318039 0.484152
0.358141 -0.317576 0.483025
0.370775 -0.317197 0.487115
0.390128 -0.319415 0.483427
0.403487 -0.318341 0.484458
0.417349 -0.322004 0.484999
0.434199 -0.318076 0.482348
0.447125 -0.319169 0.483116
0.462780 -0.319022 0.483419
0.477252 -0.318546 0.485144
0.493697 -0.320140 0.484406
0.510122 -0.318470 0.485086
0.523099 -0.318292 0.484103
0.538266 -0.320358 0.484535
0.554512 -0.318246 0.483576
0.570500 -0.317165 0.483445
0.584896 -0.318330 0.485811
0.601026 -0.317842 0.484713
-0.599732 -0.305511 0.484176
-0.585680 -0.303784 0.485237
-0.569847 -0.305541 0.485178
-0.554855 -0.303874 0.486699
-0.540729 -0.306265 0.486989
-0.526717 -0.306732 0.483094
-0.508119 -0.306953 0.485769
-0.493268 -0.305234 0.485877
-0.477950 -0.304564 0.484207
-0.463445 -0.304687 0.486293
-0.445878 -0.306151 0.486442
-0.433149 -0.304176 0.482979
-0.418861 -0.305104 0.484822
-0.400357 -0.307264 0.483954
-0.387957 -0.305464 0.482862
-0.371320 -0.303767 0.483497
-0.355582 -0.304233 0.484653
-0.341324 -0.304568 0.484679
-0.327019 -0.305595 0.483699
-0.311377 -0.305514 0.483587
-0.297878 -0.307191 0.484653
-0.281893 -0.305988 0.485204
-0.265600 -0.304394 0.484347
-0.250734 -0.305505 0.484579
-0.235696 -0.305562 0.485073
-0.219933 -0.304530 0.485028
-0.205131 -0.305538 0.484873
-0.190096 -0.305131 0.483065
-0.173386 -0.306083 0.486163
-0.159123 -0.304283 0.484892
-0.144165 -0.305527 0.484302
-0.130068 -0.304427 0.485615
-0.113654 -0.304697 0.485026
-0.097490 -0.305091 0.484099
-0.082889 -0.305373 0.484746
-0.068705 -0.305411 0.483245
-0.053767 -0.303741 0.482942
-0.038076 -0.305677 0.486450
-0.023491 -0.305329 0.483937
-0.007174 -0.304986 0.484374
0.007552 -0.307191 0.484773
0.021859 -0.304051 0.484006
0.037653 -0.303943 0.483166
0.053317 -0.303730 0.485191
0.069409 -0.305145 0.485975
0.082813 -0.305100 0.484682
0.099700 -0.304305 0.484310
0.112461 -0.307288 0.485529
0.128013 -0.306811 0.486586
0.144684 -0.304587 0.485681
0.159064 -0.308249 0.485684
0.174942 -0.303222 0.483830
0.190229 -0.305863 0.483362
0.205231 -0.303993 0.484934
0.218840 -0.307800 0.484033
0.235618 -0.304980 0.485640
0.251331 -0.304788 0.484814
0.264760 -0.304562 0.484972
0.281709 -0.306204 0.483827
0.296624 -0.305988 0.482948
0.312563 -0.306313 0.485677
0.326551 -0.304751 0.484684
0.341540 -0.307154 0.483989
0.357757 -0.305895 0.484933
0.371258 -0.305981 0.484695
0.386945 -0.305280 0.486535
0.402195 -0.306449 0.486538
0.416945 -0.304801 0.485415
0.432137 -0.305275 0.483465
0.448867 -0.305106 0.485772
0.463658 -0.304648 0.485659
0.477631 -0.305737 0.483652
0.493760 -0.305832 0.484543
0.509000 -0.306425 0.483912
0.521142 -0.305195 0.485806
0.538744 -0.304553 0.485171
0.554422 -0.304322 0.485008
0.571116 -0.303033 0.484528
0.584293 -0.306667 0.485431
0.600085 -0.304392 0.483697
-0.601483 -0.290805 0.485383
-0.583889 -0.291538 0.485836
-0.569704 -0.291566 0.485753
-0.554266 -0.290591 0.486218
-0.539066 -0.292590 0.483832
-0.523740 -0.290743 0.485380
-0.509144 -0.292009 0.485310
-0.494967 -0.293274 0.483829
-0.479036 -0.293276 0.485001
-0.461740 -0.288955 0.486282
-0.448918 -0.291640 0.486077
-0.433163 -0.290814 0.486035
-0.417076 -0.291787 0.483926
-0.400756 -0.290507 0.485398
-0.386285 -0.290456 0.485270
-0.373200 -0.291490 0.486038
-0.357758 -0.292917 0.485427
-0.342631 -0.291338 0.487144
-0.326542 -0.289812 0.485802
-0.309697 -0.291596 0.484788
-0.297789 -0.291882 0.483014
-0.280527 -0.292260 0.485196
-0.265519 -0.290177 0.484181
-0.250566 -0.292241 0.485363
-0.235091 -0.293398 0.484914
-0.221637 -0.293728 0.486711
-0.205186 -0.292988 0.486495
-0.189862 -0.291913 0.484155
-0.176166 -0.289953 0.484917
-0.159098 -0.290710 0.484619
-0.142623 -0.290370 0.485202
-0.130485 -0.291172 0.486115
-0.114850 -0.290638 0.486844
-0.099203 -0.291601 0.483689
-0.084823 -0.291858 0.485370
-0.069100 -0.293690 0.485909
-0.054022 -0.291972 0.484516
-0.038510 -0.290036 0.486023
-0.023740 -0.291262 0.485588
-0.008789 -0.291354 0.483920
0.007236 -0.290772 0.483294
0.023448 -0.289221 0.484767
0.038455 -0.290031 0.485964
0.054433 -0.291256 0.485429
0.070269 -0.292907 0.486829
0.084112 -0.290763 0.486517
0.098446 -0.289927 0.487160
0.113980 -0.290998 0.485219
0.130262 -0.292629 0.485911
0.143442 -0.293007 0.484911
0.160259 -0.291178 0.485408
0.175096 -0.291687 0.484378
0.188930 -0.291003 0.486527
0.204881 -0.292408 0.485459
0.219956 -0.292467 0.485562
0.235622 -0.292340 0.487111
0.250660 -0.292286 0.485586
0.266880 -0.291197 0.484900
0.281963 -0.292474 0.486749
0.297006 -0.292044 0.485086
0.310203 -0.291798 0.485564
0.328015 -0.292076 0.486096
0.343121 -0.290911 0.484479
0.354955 -0.291423 0.485707
0.374000 -0.291239 0.485930
0.389685 -0.290904 0.484782
0.402747 -0.290098 0.487307
0.417636 -0.291433 0.486909
0.431273 -0.292892 0.487091
0.448521 -0.290336 0.481440
0.463882 -0.291561 0.485752
0.478901 -0.291927 0.485701
0.493125 -0.292880 0.486098
0.509184 -0.292325 0.484199
0.522896 -0.292109 0.484359
0.538567 -0.290997 0.486615
0.553056 -0.291664 0.485298
0.569400 -0.291694 0.486755
0.584002 -0.291084 0.485558
0.601109 -0.290520 0.484666
-0.598957 -0.278675 0.484646
-0.583395 -0.278279 0.485873
-0.569845 -0.278538 0.486106
-0.554251 -0.276774 0.485457
-0.538791 -0.276825 0.484359
-0.522163 -0.277820 0.485472
-0.509283 -0.280630 0.485965
-0.494155 -0.277036 0.486113
-0.479571 -0.276715 0.486969
-0.461531 -0.277634 0.485638
-0.447402 -0.278171 0.486282
-0.431463 -0.277863 0.486312
-0.416882 -0.279034 0.484453
-0.402911 -0.277070 0.485759
-0.388239 -0.279447 0.485324
-0.373556 -0.278625 0.487277
-0.355202 -0.278462 0.487495
-0.340128 -0.277903 0.487830
-0.325417 -0.278041 0.486364
-0.310608 -0.278007 0.485586
-0.295459 -0.276545 0.487479
-0.281515 -0.278836 0.485737
-0.266854 -0.276672 0.486930
-0.251063 -0.277036 0.485073
-0.236541 -0.278858 0.485553
-0.220945 -0.279233 0.485480
-0.203760 -0.279719 0.485761
-0.190217 -0.278913 0.484432
-0.174284 -0.276906 0.486235
-0.159974 -0.277989 0.485504
-0.144153 -0.280225 0.486419
-0.127431 -0.278909 0.485489
-0.116104 -0.277962 0.485051
-0.098438 -0.276660 0.486630
-0.082325 -0.276433 0.487098
-0.066847 -0.278360 0.486011
-0.053444 -0.279501 0.485156
-0.038237 -0.277467 0.486113
-0.024813 -0.279020 0.485166
-0.007889 -0.276280 0.486588
0.008406 -0.277294 0.486088
0.021609 -0.277540 0.485602
0.037640 -0.277258 0.488175
0.052659 -0.278679 0.486424
0.067837 -0.277168 0.487908
0.084969 -0.278733 0.486126
0.098024 -0.277857 0.487406
0.114026 -0.277338 0.485337
0.128314 -0.278772 0.487191
0.144087 -0.278536 0.485114
0.159569 -0.278590 0.485857
0.174900 -0.277512 0.487808
0.189038 -0.275451 0.486824
0.205579 -0.278326 0.484437
0.220574 -0.277561 0.487218
0.236064 -0.276331 0.484071
0.251109 -0.277585 0.485001
0.263970 -0.278361 0.486532
0.283428 -0.277056 0.486347
0.297172 -0.278139 0.486464
0.309492 -0.277328 0.484845
0.327446 -0.277822 0.485429
0.341963 -0.277053 0.485742
0.357868 -0.276101 0.485713
0.371860 -0.275534 0.486381
0.389360 -0.278629 0.485770
0.401941 -0.277686 0.487245
0.418386 -0.276942 0.485912
0.432096 -0.278305 0.485845
0.448148 -0.277575 0.487071
0.461890 -0.279549 0.487784
0.479137 -0.279524 0.485736
0.494132 -0.278529 0.486220
0.508340 -0.278940 0.486171
0.522826 -0.279633 0.485850
0.539985 -0.277718 0.487054
0.551796 -0.278535 0.485514
0.568965 -0.277950 0.485150
0.584975 -0.277132 0.487530
0.601112 -0.277841 0.485951
-0.599920 -0.262641 0.486008
-0.584531 -0.265309 0.484871
-0.570592 -0.263271 0.485112
-0.554276 -0.264523 0.487399
-0.538372 -0.263512 0.486973
-0.521640 -0.264080 0.486627
-0.509269 -0.264326 0.486146
-0.492566 -0.264210 0.485825
-0.479426 -0.264895 0.485476
-0.462324 -0.264248 0.485210
-0.448424 -0.264638 0.485762
-0.433663 -0.266327 0.488686
-0.419294 -0.265343 0.487900
-0.401410 -0.263774 0.487722
-0.387635 -0.263777 0.487022
-0.372798 -0.266189 0.485763
-0.358110 -0.264380 0.486311
-0.340722 -0.263027 0.484763
-0.324991 -0.265426 0.486556
-0.311504 -0.263440 0.486741
-0.297215 -0.263577 0.485059
-0.281985 -0.265078 0.488033
-0.265683 -0.266347 0.486608
-0.251637 -0.263916 0.486820
-0.235730 -0.265627 0.487387
-0.220220 -0.263767 0.488177
-0.206564 -0.265078 0.487222
-0.190323 -0.263851 0.485397
-0.173458 -0.267472 0.486761
-0.159754 -0.265241 0.487549
-0.143840 -0.264315 0.487648
-0.129443 -0.264006 0.486496
-0.114316 -0.265079 0.484783
-0.097650 -0.265278 0.487099
-0.081344 -0.264244 0.484060
-0.067229 -0.264658 0.487560
-0.054029 -0.262742 0.485593
-0.037403 -0.264672 0.487234
-0.021442 -0.265035 0.483658
-0.007649 -0.264364 0.486529
0.008941 -0.266335 0.488103
0.024634 -0.264706 0.486879
0.038445 -0.265774 0.485789
0.053633 -0.263788 0.485495
0.066966 -0.263277 0.488337
0.084772 -0.264696 0.489003
0.099338 -0.264328 0.487900
0.113298 -0.265152 0.486151
0.129240 -0.266005 0.487112
0.143638 -0.264651 0.484707
0.158335 -0.264333 0.486051
0.175495 -0.262667 0.487441
0.190427 -0.265953 0.487219
0.205571 -0.263976 0.485517
0.219465 -0.263680 0.486384
0.235882 -0.264933 0.486626
0.249519 -0.264868 0.486520
0.266109 -0.264870 0.487001
0.281084 -0.264137 0.485820
0.294749 -0.264345 0.488536
0.309126 -0.264413 0.488054
0.327422 -0.263771 0.487701
0.343542 -0.265655 0.485646
0.355579 -0.265719 0.487762
0.372054 -0.264117 0.487499
0.388205 -0.263830 0.485633
0.402728 -0.263146 0.485535
0.418052 -0.262920 0.486876
0.434150 -0.265148 0.487116
0.448394 -0.265851 0.486899
0.464432 -0.264260 0.486789
0.479408 -0.261508 0.486349
0.493065 -0.266137 0.486908
0.508322 -0.263561 0.485429
0.525211 -0.262823 0.486029
0.538750 -0.263226 0.486255
0.553368 -0.266180 0.487030
0.570799 -0.263217 0.486374
0.585540 -0.265562 0.488338
0.601093 -0.266335 0.485997
-0.598159 -0.252098 0.487534
-0.584904 -0.253094 0.486203
-0.568170 -0.251655 0.486018
-0.552815 -0.250999 0.488097
-0.539143 -0.250717 0.487092
-0.524310 -0.250362 0.487996
-0.507801 -0.252182 0.485743
-0.492980 -0.251075 0.487505
-0.479228 -0.250025 0.487992
-0.462378 -0.251191 0.486214
-0.448604 -0.250571 0.486812
-0.433897 -0.250574 0.487053
-0.418361 -0.250030 0.487547
-0.401284 -0.250463 0.487030
-0.386340 -0.249537 0.486750
-0.372896 -0.253487 0.486726
-0.355906 -0.249386 0.488353
-0.342274 -0.249414 0.486081
-0.325714 -0.253286 0.487303
-0.310491 -0.250329 0.486683
-0.296543 -0.250545 0.486586
-0.281827 -0.250480 0.488118
-0.268242 -0.250630 0.486165
-0.251152 -0.249406 0.487385
-0.235485 -0.251048 0.487735
-0.220456 -0.250993 0.486851
-0.204342 -0.250693 0.487439
-0.191151 -0.250973 0.487543
-0.175051 -0.250560 0.486579
-0.159742 -0.250499 0.485172
-0.146928 -0.251267 0.487166
-0.128552 -0.251899 0.487274
-0.113898 -0.251923 0.487186
-0.098788 -0.251283 0.487762
-0.083462 -0.251636 0.487080
-0.069058 -0.252491 0.488421
-0.052320 -0.252003 0.486982
-0.038405 -0.250602 0.486955
-0.022473 -0.250383 0.487359
-0.006930 -0.251120 0.487258
0.007427 -0.252485 0.486593
0.022942 -0.249406 0.488019
0.038159 -0.250223 0.486419
0.053143 -0.250792 0.487357
0.068044 -0.248587 0.486453
0.082469 -0.248852 0.486826
0.098087 -0.251170 0.486256
0.114392 -0.250765 0.487412
0.128375 -0.250105 0.486971
0.142764 -0.250533 0.487933
0.158336 -0.251872 0.487581
0.173215 -0.249022 0.487813
0.189200 -0.250953 0.487006
0.206247 -0.249520 0.488676
0.220981 -0.249244 0.487523
0.236415 -0.251392 0.487398
0.250924 -0.251160 0.486254
0.266013 -0.251403 0.487441
0.281530 -0.252055 0.487671
0.295852 -0.251319 0.487224
0.310455 -0.250600 0.486913
0.325497 -0.250739 0.487992
0.341429 -0.251845 0.487041
0.357614 -0.250503 0.486548
0.372794 -0.251371 0.488016
0.387468 -0.251697 0.488141
0.402496 -0.250483 0.485812
0.416688 -0.249105 0.486570
0.432603 -0.250509 0.486566
0.448741 -0.250180 0.487644
0.461599 -0.250240 0.487417
0.477604 -0.250675 0.487279
0.494370 -0.251957 0.490019
0.509635 -0.251024 0.488435
0.524246 -0.251299 0.487403
0.540029 -0.249908 0.487204
0.553748 -0.250444 0.487638
0.571403 -0.250443 0.486843
0.581557 -0.250747 0.488540
0.601214 -0.249732 0.486816
-0.600103 -0.237545 0.487902
-0.585225 -0.237877 0.488720
-0.568471 -0.238536 0.488428
-0.553701 -0.238691 0.488623
-0.540093 -0.237777 0.490161
-0.523536 -0.237976 0.488501
-0.509717 -0.238182 0.487218
-0.493829 -0.237928 0.487576
-0.477204 -0.236674 0.489367
-0.464040 -0.236360 0.488789
-0.448763 -0.236883 0.487699
-0.432529 -0.238022 0.487694
-0.418218 -0.237128 0.488240
-0.402705 -0.236239 0.488549
-0.386658 -0.239064 0.489878
-0.372776 -0.238354 0.490316
-0.356842 -0.237358 0.487459
-0.340862 -0.235290 0.487745
-0.326764 -0.236724 0.489037
-0.310912 -0.236136 0.486520
-0.296540 -0.236585 0.487957
-0.281613 -0.237432 0.488325
-0.267861 -0.238241 0.487495
-0.249981 -0.235627 0.488728
-0.233818 -0.237013 0.487760
-0.220132 -0.236429 0.488482
-0.207256 -0.238325 0.487724
-0.190212 -0.238306 0.488785
-0.176203 -0.238451 0.488497
-0.159933 -0.238407 0.488980
-0.143846 -0.236908 0.486544
-0.129564 -0.237604 0.488548
-0.112875 -0.238636 0.488407
-0.098817 -0.235909 0.487363
-0.083461 -0.237945 0.489795
-0.068101 -0.238268 0.488426
-0.052329 -0.237430 0.487173
-0.038711 -0.237831 0.487154
-0.023425 -0.237309 0.487808
-0.007825 -0.237073 0.484853
0.008750 -0.237458 0.489114
0.024398 -0.237298 0.487176
0.037696 -0.236031 0.486873
0.052585 -0.237492 0.487167
0.069752 -0.237703 0.487968
0.081686 -0.236480 0.487716
0.097626 -0.236712 0.487547
0.114305 -0.236318 0.488350
0.129227 -0.236676 0.488034
0.144176 -0.236605 0.486963
0.159812 -0.236713 0.488448
0.173545 -0.235889 0.487461
0.189857 -0.236895 0.487623
0.205425 -0.236236 0.490693
0.220523 -0.237296 0.488741
0.235830 -0.237596 0.488433
0.251357 -0.237624 0.487576
0.266487 -0.237862 0.488080
0.282117 -0.236292 0.487805
0.297738 -0.236652 0.486598
0.310818 -0.237283 0.488674
0.327474 -0.235768 0.488737
0.341364 -0.236118 0.488877
0.356187 -0.238483 0.488841
0.372160 -0.236623 0.487393
0.386880 -0.236429 0.489304
0.403271 -0.237732 0.488133
0.417772 -0.237252 0.485867
0.431404 -0.236093 0.487025
0.448077 -0.238908 0.488695
0.463765 -0.236480 0.485308
0.478825 -0.238382 0.488061
0.494253 -0.235675 0.487453
0.509506 -0.237337 0.489514
0.521652 -0.237038 0.488808
0.538445 -0.237029 0.487787
0.552389 -0.236561 0.487476
0.569075 -0.237649 0.489939
0.582664 -0.237043 0.487146
0.599582 -0.239002 0.489635
-0.600725 -0.223166 0.487255
-0.585965 -0.224689 0.489080
-0.568627 -0.223938 0.488294
-0.555601 -0.223760 0.488146
-0.539527 -0.223511 0.487482
-0.522980 -0.223582 0.486970
-0.509872 -0.224667 0.487497
-0.492235 -0.225168 0.489960
-0.480126 -0.223865 0.489958
-0.464786 -0.222841 0.487336
-0.449163 -0.224339 0.486763
-0.431655 -0.222825 0.489324
-0.416253 -0.224859 0.489671
-0.402531 -0.224102 0.488729
-0.387439 -0.224490 0.488398
-0.373782 -0.223667 0.489705
-0.355833 -0.225070 0.489535
-0.342809 -0.221536 0.489455
-0.328366 -0.222521 0.488438
-0.311814 -0.222741 0.488929
-0.297688 -0.225442 0.488148
-0.281763 -0.225940 0.487463
-0.263881 -0.223452 0.488680
-0.250548 -0.223540 0.490172
-0.235793 -0.222606 0.489839
-0.221545 -0.222992 0.487879
-0.206325 -0.224099 0.489868
-0.189614 -0.225311 0.489816
-0.176309 -0.224129 0.489649
-0.156767 -0.223765 0.489360
-0.144038 -0.225812 0.489445
-0.128751 -0.224381 0.489573
-0.114358 -0.225093 0.488734
-0.099572 -0.222896 0.489730
-0.083658 -0.222838 0.488532
-0.067748 -0.223560 0.488941
-0.053592 -0.222620 0.488363
-0.038766 -0.224958 0.489290
-0.023079 -0.223682 0.490587
-0.007397 -0.222878 0.489844
0.008237 -0.225648 0.488248
0.021518 -0.223496 0.488169
0.039356 -0.223486 0.489805
0.054072 -0.222334 0.487051
0.069148 -0.222515 0.491186
0.084830 -0.223940 0.488165
0.099577 -0.224941 0.487401
0.114216 -0.222714 0.487779
0.129921 -0.224668 0.490555
0.142943 -0.224179 0.487410
0.159713 -0.225344 0.488482
0.173838 -0.222023 0.490309
0.191372 -0.224804 0.489191
0.203332 -0.225576 0.486073
0.220592 -0.225073 0.487524
0.235361 -0.225007 0.489293
0.251803 -0.224091 0.489969
0.266194 -0.223265 0.490393
0.280613 -0.221873 0.487154
0.296233 -0.224059 0.489328
0.311000 -0.226192 0.488962
0.326594 -0.224250 0.488910
0.341913 -0.223592 0.488769
0.358407 -0.221002 0.490052
0.372556 -0.222280 0.487972
0.389000 -0.224422 0.488522
0.401932 -0.222933 0.489422
0.415414 -0.223928 0.487994
0.432838 -0.223938 0.487522
0.449812 -0.222859 0.488845
0.463731 -0.224675 0.487119
0.479984 -0.223652 0.487675
0.492414 -0.223822 0.489387
0.507398 -0.225046 0.489968
0.524847 -0.224017 0.491142
0.540027 -0.224403 0.488913
0.553974 -0.222812 0.489045
0.570266 -0.223375 0.488649
0.585396 -0.224342 0.488938
0.599949 -0.224199 0.486850
-0.599469 -0.209858 0.488818
-0.586250 -0.209140 0.490481
-0.568898 -0.208989 0.490281
-0.552749 -0.209641 0.489583
-0.538774 -0.211555 0.489080
-0.524310 -0.209786 0.488985
-0.509512 -0.208703 0.487229
-0.493538 -0.210553 0.489017
-0.480625 -0.207600 0.489419
-0.464242 -0.210755 0.488785
-0.446764 -0.210725 0.488356
-0.433905 -0.210302 0.490625
-0.418753 -0.210026 0.490444
-0.401282 -0.211682 0.490761
-0.386641 -0.209706 0.489019
-0.371802 -0.211407 0.489343
-0.358310 -0.211560 0.488808
-0.341415 -0.210130 0.489231
-0.325210 -0.212535 0.489156
-0.310323 -0.209349 0.490666
-0.295484 -0.209948 0.488593
-0.280588 -0.210094 0.490591
-0.263293 -0.210587 0.488191
-0.251326 -0.211505 0.489547
-0.234591 -0.210417 0.488932
-0.220521 -0.210117 0.489987
-0.203061 -0.211125 0.489926
-0.190319 -0.209143 0.489272
-0.173493 -0.211181 0.488820
-0.158615 -0.211155 0.490617
-0.145588 -0.210964 0.490947
-0.130888 -0.209663 0.489263
-0.113912 -0.209917 0.488519
-0.098675 -0.211552 0.490285
-0.084244 -0.210031 0.491620
-0.068080 -0.209834 0.489553
-0.053181 -0.210234 0.489743
-0.037652 -0.209787 0.488749
-0.021608 -0.208794 0.489124
-0.007510 -0.209268 0.489151
0.007369 -0.211281 0.491174
0.024053 -0.210402 0.489680
0.037635 -0.210544 0.489373
0.051657 -0.209250 0.488813
0.070038 -0.209484 0.488353
0.084253 -0.209875 0.489934
0.096985 -0.210882 0.490267
0.113592 -0.211442 0.488975
0.129832 -0.209074 0.488233
0.143271 -0.210638 0.490048
0.158713 -0.209058 0.489003
0.174624 -0.209624 0.490446
0.188938 -0.210856 0.490432
0.204250 -0.208510 0.490310
0.221235 -0.211635 0.489775
0.236861 -0.210491 0.490442
0.250872 -0.209847 0.489224
0.265340 -0.210184 0.489089
0.280574 -0.209598 0.488106
0.297952 -0.210026 0.490163
0.311590 -0.209937 0.491305
0.327016 -0.208488 0.490416
0.342834 -0.210704 0.488508
0.356961 -0.210076 0.487474
0.371662 -0.209241 0.489118
0.387523 -0.209751 0.489780
0.404001 -0.209471 0.489644
0.418842 -0.209543 0.490270
0.432214 -0.210651 0.491363
0.448720 -0.212291 0.491420
0.463052 -0.211551 0.489780
0.480068 -0.209099 0.488115
0.493245 -0.208670 0.490486
0.507484 -0.210195 0.488344
0.523572 -0.211647 0.488267
0.537364 -0.209120 0.491338
0.555566 -0.208557 0.490241
0.570025 -0.209458 0.490132
0.586427 -0.213349 0.490735
0.600787 -0.209880 0.489316
-0.598705 -0.195908 0.488879
-0.582026 -0.197019 0.489930
-0.569140 -0.197617 0.491775
-0.556034 -0.195834 0.488424
-0.539047 -0.195415 0.491501
-0.523783 -0.195966 0.490182
-0.510179 -0.196606 0.491279
-0.494022 -0.197051 0.491029
-0.478034 -0.194756 0.488679
-0.464400 -0.195966 0.489935
-0.449141 -0.197363 0.490270
-0.432454 -0.195998 0.489941
-0.416281 -0.195298 0.488877
-0.401137 -0.196507 0.491090
-0.389101 -0.195830 0.489185
-0.370822 -0.197147 0.490452
-0.357016 -0.196906 0.490091
-0.343099 -0.197228 0.491334
-0.327893 -0.197278 0.489866
-0.311793 -0.197526 0.490965
-0.297775 -0.194916 0.491885
-0.283874 -0.197667 0.490578
-0.265557 -0.197122 0.489493
-0.249926 -0.195624 0.489945
-0.235001 -0.196560 0.490058
-0.219423 -0.195695 0.489190
-0.204219 -0.197480 0.489677
-0.189569 -0.197414 0.489213
-0.174768 -0.195826 0.491577
-0.159447 -0.195939 0.490532
-0.145056 -0.194056 0.491096
-0.127016 -0.196849 0.490376
-0.113064 -0.196201 0.491226
-0.099203 -0.196227 0.489649
-0.082523 -0.197118 0.490378
-0.069814 -0.197231 0.489336
-0.053761 -0.197373 0.491531
-0.038422 -0.195107 0.491409
-0.022185 -0.197193 0.489915
-0.007441 -0.197407 0.490902
0.008603 -0.197430 0.488460
0.023905 -0.195498 0.491993
0.038132 -0.196202 0.489231
0.054218 -0.197183 0.490438
0.070018 -0.198486 0.492136
0.085651 -0.196427 0.488689
0.096492 -0.196724 0.489563
0.114407 -0.196849 0.489900
0.129674 -0.198318 0.490110
0.143533 -0.195529 0.491131
0.159212 -0.195521 0.490222
0.175914 -0.197734 0.489004
0.190783 -0.199141 0.490396
0.205103 -0.196661 0.490661
0.218622 -0.196268 0.489622
0.236392 -0.196316 0.491817
0.251201 -0.197178 0.490528
0.265762 -0.196622 0.488469
0.280735 -0.195491 0.491081
0.295658 -0.197947 0.490308
0.313383 -0.195805 0.488725
0.326588 -0.194625 0.489548
0.342345 -0.195012 0.490657
0.356717 -0.196899 0.489983
0.371198 -0.197055 0.488236
0.388546 -0.197274 0.489541
0.402133 -0.199211 0.490579
0.417532 -0.195553 0.488568
0.432868 -0.196753 0.490118
0.448021 -0.196169 0.489821
0.462882 -0.198366 0.489910
0.478421 -0.195947 0.491975
0.493176 -0.196668 0.492022
0.508993 -0.196640 0.492154
0.524147 -0.195505 0.488719
0.538331 -0.196151 0.490836
0.553660 -0.198128 0.488748
0.569876 -0.198505 0.492055
0.585368 -0.195524 0.489009
0.599473 -0.195668 0.490843
-0.599160 -0.182216 0.490530
-0.584734 -0.184018 0.491470
-0.571533 -0.183680 0.490349
-0.553916 -0.183250 0.489824
-0.540110 -0.183226 0.491947
-0.524463 -0.184182 0.491565
-0.508380 -0.183541 0.492396
-0.492635 -0.183262 0.489893
-0.479676 -0.181583 0.492233
-0.464260 -0.180761 0.490190
-0.448412 -0.181450 0.489680
-0.433619 -0.182969 0.492207
-0.417034 -0.184188 0.492826
-0.403234 -0.182785 0.489108
-0.384963 -0.184006 0.492178
-0.372759 -0.183979 0.490037
-0.355852 -0.183127 0.490673
-0.343340 -0.182821 0.489689
-0.326590 -0.182360 0.489078
-0.311322 -0.183395 0.489458
-0.294461 -0.182440 0.491519
-0.280046 -0.182750 0.491154
-0.265342 -0.181671 0.490963
-0.252011 -0.183730 0.489938
-0.237041 -0.181565 0.491730
-0.219420 -0.183822 0.490357
-0.204950 -0.180538 0.490863
-0.189203 -0.182208 0.491859
-0.172999 -0.183827 0.491838
-0.159695 -0.183877 0.489808
-0.144811 -0.184501 0.490316
-0.130424 -0.183592 0.492316
-0.114717 -0.182930 0.491851
-0.098848 -0.179821 0.489070
-0.082624 -0.181935 0.489018
-0.069061 -0.184458 0.489911
-0.054623 -0.183594 0.490889
-0.039527 -0.183001 0.489729
-0.022269 -0.183470 0.491639
-0.007693 -0.182309 0.490375
0.005720 -0.182185 0.490847
0.022683 -0.184775 0.490708
0.036840 -0.184471 0.488676
0.052537 -0.181675 0.489995
0.068584 -0.184208 0.491340
0.082055 -0.182405 0.490610
0.098767 -0.183737 0.491516
0.114354 -0.183100 0.490850
0.130739 -0.182811 0.490734
0.143805 -0.182153 0.490132
0.160517 -0.182297 0.491767
0.175239 -0.182694 0.491092
0.189835 -0.183386 0.491722
0.206197 -0.184280 0.491416
0.221896 -0.181529 0.492722
0.234749 -0.184069 0.491138
0.250758 -0.184039 0.491807
0.266415 -0.181801 0.489626
0.283803 -0.183196 0.492024
0.295759 -0.182439 0.490256
0.311944 -0.184345 0.489707
0.327427 -0.183002 0.489645
0.342047 -0.183365 0.491185
0.357339 -0.183495 0.491444
0.372474 -0.183920 0.489166
0.387325 -0.184610 0.489939
0.402448 -0.183136 0.491925
0.418084 -0.183174 0.489148
0.432831 -0.182022 0.490290
0.447942 -0.182648 0.489435
0.463794 -0.181377 0.492327
0.478038 -0.182632 0.491320
0.492801 -0.182471 0.491638
0.509837 -0.183702 0.490146
0.524321 -0.182669 0.489668
0.536345 -0.183188 0.490918
0.554771 -0.181655 0.491394
0.570428 -0.184917 0.492108
0.585564 -0.181183 0.491465
0.599724 -0.181837 0.489662
-0.600506 -0.170055 0.492103
-0.585780 -0.168076 0.491599
-0.570590 -0.170917 0.489975
-0.555210 -0.168341 0.490530
-0.538786 -0.169565 0.489075
-0.523543 -0.170586 0.489947
-0.509152 -0.168138 0.491225
-0.493732 -0.170742 0.490600
-0.480380 -0.169917 0.493408
-0.463939 -0.169723 0.490944
-0.449505 -0.169450 0.491087
-0.432425 -0.168661 0.491377
-0.416856 -0.168897 0.490818
-0.403099 -0.169058 0.491017
-0.386840 -0.170304 0.490084
-0.372904 -0.170133 0.490158
-0.357108 -0.169111 0.492625
-0.341866 -0.169428 0.492061
-0.326182 -0.169816 0.491698
-0.309606 -0.168724 0.494043
-0.296862 -0.169939 0.490308
-0.279150 -0.167977 0.492004
-0.264493 -0.169695 0.491835
-0.252472 -0.168408 0.491393
-0.236443 -0.170273 0.492168
-0.221130 -0.169552 0.491929
-0.203195 -0.169031 0.492223
-0.189018 -0.169092 0.491685
-0.174481 -0.169423 0.490537
-0.159696 -0.169032 0.492672
-0.144393 -0.169509 0.490171
-0.128500 -0.170605 0.490386
-0.115647 -0.171415 0.489842
-0.099262 -0.169443 0.491804
-0.082858 -0.169703 0.491341
-0.068555 -0.169168 0.491921
-0.052576 -0.168433 0.491877
-0.037943 -0.169144 0.489633
-0.023283 -0.170146 0.492979
-0.008952 -0.170319 0.492555
0.008442 -0.170214 0.491236
0.024175 -0.170224 0.490811
0.037612 -0.169434 0.491915
0.055486 -0.169894 0.492514
0.067964 -0.169943 0.491159
0.082070 -0.170848 0.490426
0.097286 -0.170653 0.493218
0.113103 -0.170971 0.492662
0.130320 -0.170007 0.490353
0.143863 -0.166843 0.490638
0.159036 -0.168820 0.490835
0.174849 -0.171705 0.491608
0.189519 -0.169155 0.490849
0.206181 -0.168878 0.491406
0.219928 -0.168145 0.492502
0.235060 -0.169475 0.490692
0.251438 -0.170741 0.490745
0.266690 -0.170462 0.490348
0.280420 -0.169923 0.492292
0.295701 -0.169851 0.491223
0.310694 -0.168649 0.491519
0.326452 -0.169910 0.491740
0.341395 -0.169096 0.492349
0.357929 -0.170332 0.491553
0.371402 -0.167486 0.491197
0.386329 -0.170433 0.490761
0.402454 -0.169522 0.490703
0.417024 -0.168305 0.490075
0.433051 -0.168939 0.492397
0.447535 -0.170233 0.491636
0.462086 -0.167905 0.490641
0.479266 -0.170603 0.491804
0.492412 -0.168448 0.490118
0.509018 -0.169727 0.491725
0.523882 -0.170018 0.491623
0.539069 -0.169454 0.491677
0.553489 -0.167291 0.490060
0.569518 -0.167792 0.492578
0.584354 -0.169610 0.491315
0.599502 -0.169848 0.492645
-0.600506 -0.155597 0.493198
-0.584120 -0.156352 0.492056
-0.570006 -0.153845 0.492705
-0.553286 -0.156853 0.491820
-0.538330 -0.154707 0.492975
-0.524122 -0.154856 0.493736
-0.508384 -0.154189 0.491181
-0.493642 -0.155121 0.491916
-0.478657 -0.158244 0.492274
-0.464759 -0.156064 0.491997
-0.449408 -0.156213 0.491707
-0.433085 -0.155187 0.492477
-0.416722 -0.156086 0.491179
-0.403557 -0.155386 0.493063
-0.387039 -0.155340 0.492730
-0.371853 -0.157614 0.490251
-0.355984 -0.154848 0.491925
-0.341736 -0.155068 0.490294
-0.326242 -0.157423 0.491739
-0.312359 -0.155905 0.490998
-0.296540 -0.154790 0.491448
-0.282228 -0.156574 0.491354
-0.264861 -0.154405 0.492572
-0.254145 -0.158139 0.492430
-0.234856 -0.154459 0.491060
-0.219568 -0.155846 0.490936
-0.203222 -0.155624 0.490007
-0.190009 -0.155938 0.492552
-0.174990 -0.156202 0.492644
-0.161318 -0.157269 0.492066
-0.144830 -0.156420 0.491190
-0.129981 -0.154907 0.493666
-0.113766 -0.154803 0.492754
-0.099472 -0.156537 0.492765
-0.083381 -0.154686 0.492401
-0.068073 -0.157184 0.491296
-0.052096 -0.156198 0.493412
-0.039459 -0.156224 0.492497
-0.022637 -0.156243 0.493162
-0.008022 -0.156780 0.491924
0.008096 -0.156500 0.493116
0.024650 -0.156059 0.493962
0.038038 -0.156627 0.491299
0.051752 -0.154438 0.493558
0.069071 -0.156699 0.492295
0.083127 -0.155911 0.493172
0.097442 -0.157578 0.493526
0.114265 -0.156199 0.492228
0.127119 -0.154790 0.491322
0.144219 -0.156979 0.490042
0.159376 -0.156640 0.492039
0.174718 -0.154806 0.491313
0.187257 -0.155992 0.491501
0.205831 -0.156901 0.493342
0.219977 -0.156277 0.490648
0.235905 -0.155761 0.493859
0.250714 -0.158576 0.491964
0.267111 -0.154011 0.490804
0.280574 -0.155874 0.492614
0.296712 -0.154822 0.490530
0.310766 -0.155487 0.493290
0.326297 -0.156466 0.490751
0.341686 -0.155948 0.492005
0.356813 -0.156887 0.489316
0.372440 -0.155203 0.492796
0.387396 -0.155939 0.493919
0.404175 -0.155727 0.494151
0.417537 -0.156224 0.491735
0.432848 -0.157353 0.491566
0.448316 -0.156158 0.493247
0.463622 -0.157005 0.491143
0.478798 -0.156292 0.489938
0.494529 -0.155532 0.491472
0.509948 -0.155807 0.491056
0.522185 -0.154697 0.491700
0.539022 -0.155586 0.490832
0.552206 -0.156239 0.490268
0.567649 -0.155453 0.491920
0.584559 -0.156462 0.493134
0.600240 -0.155992 0.491747
-0.598564 -0.139994 0.490978
-0.586116 -0.141494 0.492738
-0.568999 -0.144152 0.492111
-0.554368 -0.141179 0.492067
-0.538848 -0.141433 0.491835
-0.523461 -0.140934 0.493163
-0.508113 -0.141976 0.492823
-0.494057 -0.142098 0.493632
-0.479094 -0.142250 0.493856
-0.463702 -0.141221 0.491938
-0.449781 -0.142336 0.492872
-0.433513 -0.142383 0.491891
-0.418106 -0.143523 0.492952
-0.402650 -0.141144 0.495494
-0.386965 -0.142558 0.494190
-0.373601 -0.142997 0.493775
-0.356794 -0.143786 0.493042
-0.342592 -0.144039 0.494543
-0.327570 -0.141922 0.494150
-0.310871 -0.142329 0.493468
-0.295101 -0.142480 0.492342
-0.280626 -0.141321 0.492584
-0.265382 -0.141541 0.492405
-0.252443 -0.142011 0.491371
-0.234557 -0.141819 0.492036
-0.222460 -0.141756 0.492775
-0.204242 -0.141754 0.493002
-0.188601 -0.142328 0.492399
-0.175853 -0.142693 0.495307
-0.158774 -0.143063 0.491784
-0.144838 -0.143473 0.493184
-0.129865 -0.143166 0.493515
-0.114701 -0.143057 0.492561
-0.098440 -0.142215 0.494648
-0.085229 -0.141728 0.491307
-0.066561 -0.143520 0.492292
-0.051791 -0.140401 0.494907
-0.038522 -0.141375 0.492081
-0.023195 -0.141588 0.493676
-0.008129 -0.140888 0.492073
0.006780 -0.141520 0.494615
0.022247 -0.141697 0.491594
0.037722 -0.142825 0.492272
0.053681 -0.142417 0.493545
0.069193 -0.142337 0.492106
0.083042 -0.141754 0.492947
0.098149 -0.143482 0.494812
0.113006 -0.140847 0.493356
0.128605 -0.141750 0.491029
0.144764 -0.142123 0.493421
0.161026 -0.142115 0.494081
0.174893 -0.142276 0.492988
0.190112 -0.142014 0.492076
0.203494 -0.141894 0.492853
0.220864 -0.140951 0.491786
0.235475 -0.143024 0.493583
0.250326 -0.142434 0.492323
0.265135 -0.141527 0.491561
0.280205 -0.141534 0.492446
0.296479 -0.141061 0.493901
0.311004 -0.143091 0.494788
0.325019 -0.143887 0.491571
0.341484 -0.143013 0.492183
0.356030 -0.142503 0.491960
0.371818 -0.141749 0.493469
0.386767 -0.142909 0.493581
0.401609 -0.143737 0.493764
0.417467 -0.143516 0.491608
0.433965 -0.141949 0.491345
0.447318 -0.142706 0.491738
0.462706 -0.142874 0.492985
0.478619 -0.141437 0.494148
0.493712 -0.142600 0.491927
0.509360 -0.142500 0.493980
0.525786 -0.141682 0.493850
0.538093 -0.143955 0.490926
0.553368 -0.141097 0.495168
0.568715 -0.141563 0.493873
0.585149 -0.141885 0.492854
0.599940 -0.142672 0.491936
-0.601630 -0.128300 0.495683
-0.583852 -0.128803 0.493539
-0.568488 -0.129405 0.494152
-0.555640 -0.126890 0.492061
-0.540229 -0.129698 0.494556
-0.523153 -0.128695 0.492881
-0.509047 -0.129539 0.492891
-0.492870 -0.129384 0.492530
-0.477973 -0.130300 0.491535
-0.463663 -0.128263 0.494542
-0.447709 -0.128902 0.492413
-0.434047 -0.127102 0.492769
-0.418363 -0.127318 0.494235
-0.401791 -0.129194 0.494683
-0.388572 -0.128631 0.493746
-0.372390 -0.125817 0.494304
-0.355189 -0.129320 0.492432
-0.341825 -0.130451 0.494271
-0.326962 -0.128615 0.492425
-0.310174 -0.129336 0.495642
-0.296457 -0.127887 0.493817
-0.278871 -0.130161 0.492803
-0.264328 -0.127552 0.492950
-0.252539 -0.127859 0.493236
-0.235769 -0.129521 0.492636
-0.220847 -0.129563 0.493458
-0.204607 -0.129159 0.492629
-0.187959 -0.128477 0.490574
-0.175007 -0.129594 0.493665
-0.158274 -0.128836 0.494193
-0.145203 -0.130532 0.492630
-0.129232 -0.129894 0.492381
-0.113099 -0.127040 0.494200
-0.098773 -0.128334 0.492658
-0.083097 -0.127180 0.492350
-0.069174 -0.128688 0.492442
-0.051350 -0.127959 0.495164
-0.035317 -0.128381 0.494030
-0.021570 -0.127119 0.494985
-0.008449 -0.128439 0.493097
0.008640 -0.129309 0.493462
0.023559 -0.128939 0.494114
0.038169 -0.126804 0.493536
0.054362 -0.130277 0.493623
0.069394 -0.129547 0.495098
0.085136 -0.127532 0.494421
0.098085 -0.129781 0.493898
0.116074 -0.129370 0.493708
0.127490 -0.130582 0.493062
0.144046 -0.129072 0.493972
0.161730 -0.128206 0.493562
0.176059 -0.128054 0.492952
0.188718 -0.130703 0.494114
0.205919 -0.128505 0.494614
0.219334 -0.128060 0.491914
0.233812 -0.129725 0.491895
0.250041 -0.129482 0.493541
0.266310 -0.127950 0.496213
0.278796 -0.127709 0.494085
0.296173 -0.126353 0.493337
0.310492 -0.128313 0.494292
0.325620 -0.129337 0.493837
0.340208 -0.130237 0.493331
0.355948 -0.129622 0.493834
0.372815 -0.127124 0.494178
0.388972 -0.127228 0.494870
0.401987 -0.126067 0.492956
0.417441 -0.128595 0.493772
0.432484 -0.129094 0.492820
0.448632 -0.127092 0.493136
0.464016 -0.127195 0.492916
0.478879 -0.129375 0.492802
0.494713 -0.127737 0.493207
0.508612 -0.128542 0.492493
0.523736 -0.128439 0.493397
0.539214 -0.129312 0.493280
0.553805 -0.129829 0.494484
0.569561 -0.129708 0.493150
0.584379 -0.129543 0.494497
0.600138 -0.128578 0.493905
-0.601272 -0.114140 0.493248
-0.586569 -0.113502 0.495326
-0.569495 -0.115252 0.494516
-0.554920 -0.114518 0.494359
-0.537723 -0.116902 0.494498
-0.523956 -0.116778 0.494347
-0.510291 -0.116869 0.493406
-0.494596 -0.114421 0.494785
-0.479428 -0.114755 0.496983
-0.464429 -0.114232 0.494587
-0.448368 -0.115493 0.496628
-0.434145 -0.115494 0.492812
-0.417278 -0.113658 0.496144
-0.402552 -0.115013 0.493573
-0.387245 -0.115485 0.494162
-0.374048 -0.114693 0.493820
-0.354741 -0.114601 0.492886
-0.341310 -0.115109 0.493464
-0.327012 -0.116385 0.494381
-0.309870 -0.114046 0.493988
-0.296912 -0.114463 0.494578
-0.280733 -0.115547 0.494318
-0.265909 -0.115413 0.495204
-0.250306 -0.115344 0.493567
-0.234978 -0.117358 0.494113
-0.221888 -0.114584 0.494968
-0.206037 -0.117637 0.493506
-0.188596 -0.115210 0.492601
-0.172957 -0.115813 0.495015
-0.160740 -0.116687 0.494270
-0.144579 -0.116455 0.494564
-0.129096 -0.115049 0.496028
-0.112281 -0.117092 0.494030
-0.097888 -0.117714 0.496056
-0.084007 -0.116079 0.494525
-0.068499 -0.115447 0.492221
-0.054858 -0.115387 0.494392
-0.039774 -0.114062 0.494748
-0.023354 -0.115186 0.495169
-0.007497 -0.116320 0.493457
0.006720 -0.114647 0.494176
0.021626 -0.115154 0.494743
0.038260 -0.114728 0.494700
0.050759 -0.114882 0.496224
0.069867 -0.115156 0.494436
0.084640 -0.114413 0.494965
0.097997 -0.115177 0.495458
0.113033 -0.115154 0.493692
0.130380 -0.115894 0.493765
0.141818 -0.114389 0.495524
0.159100 -0.117283 0.493276
0.173957 -0.114810 0.494564
0.188425 -0.116216 0.493459
0.203795 -0.114771 0.492639
0.221139 -0.114872 0.494115
0.235473 -0.115517 0.495813
0.251175 -0.115412 0.493007
0.265696 -0.113863 0.494412
0.281321 -0.115039 0.493952
0.297461 -0.115293 0.494960
0.311473 -0.115962 0.493781
0.325609 -0.114741 0.493150
0.341272 -0.115511 0.493487
0.357000 -0.115479 0.493334
0.373333 -0.113918 0.492908
0.387599 -0.116136 0.495840
0.401594 -0.116398 0.494487
0.416473 -0.115403 0.494795
0.432325 -0.116746 0.495161
0.448724 -0.113309 0.495134
0.462687 -0.115010 0.493468
0.479599 -0.116915 0.493097
0.493825 -0.115635 0.493091
0.508924 -0.114458 0.493006
0.521619 -0.114622 0.492436
0.537918 -0.114243 0.495089
0.555057 -0.115596 0.495460
0.570029 -0.113209 0.494603
0.584703 -0.115156 0.495521
0.598501 -0.115323 0.495659
-0.600753 -0.101155 0.494772
-0.584694 -0.101932 0.494826
-0.569336 -0.101546 0.495032
-0.554233 -0.101506 0.495600
-0.538943 -0.104078 0.493825
-0.524247 -0.101408 0.494379
-0.508081 -0.102324 0.496662
-0.493655 -0.100259 0.493346
-0.478274 -0.100609 0.493870
-0.461806 -0.102746 0.494784
-0.449335 -0.102100 0.495532
-0.433462 -0.101988 0.493435
-0.417469 -0.102901 0.493799
-0.402655 -0.102547 0.496810
-0.386848 -0.100954 0.494026
-0.370187 -0.102125 0.493642
-0.358145 -0.103271 0.495700
-0.341958 -0.101033 0.493036
-0.326522 -0.102431 0.495276
-0.313468 -0.103142 0.495514
-0.295941 -0.102222 0.494746
-0.279753 -0.100373 0.494614
-0.267314 -0.099832 0.494532
-0.252824 -0.102040 0.496041
-0.235368 -0.102561 0.494194
-0.220056 -0.101471 0.494859
-0.204653 -0.100328 0.493956
-0.189392 -0.101205 0.493952
-0.175359 -0.101429 0.495228
-0.159344 -0.102092 0.494532
-0.144812 -0.099706 0.494327
-0.128275 -0.101959 0.496425
-0.112541 -0.101718 0.493726
-0.097271 -0.102340 0.495710
-0.084808 -0.101568 0.493786
-0.066296 -0.101847 0.492461
-0.053980 -0.100910 0.495046
-0.038338 -0.101853 0.494276
-0.020947 -0.101760 0.495176
-0.007725 -0.100888 0.495547
0.008313 -0.100506 0.493058
0.021468 -0.102667 0.493790
0.037400 -0.100719 0.493831
0.053198 -0.103338 0.494186
0.068852 -0.101377 0.494438
0.084169 -0.102311 0.495839
0.099462 -0.102451 0.496720
0.114924 -0.103787 0.496636
0.131737 -0.101558 0.494036
0.145841 -0.101087 0.492411
0.158948 -0.100707 0.496032
0.175323 -0.101249 0.493700
0.190942 -0.102168 0.494631
0.204533 -0.101094 0.496068
0.219477 -0.101997 0.494365
0.234967 -0.101164 0.494583
0.251214 -0.100904 0.493398
0.264766 -0.102275 0.495044
0.281914 -0.102327 0.493388
0.297798 -0.101352 0.495790
0.310426 -0.101973 0.494056
0.326762 -0.101619 0.493796
0.342846 -0.102030 0.494638
0.356197 -0.102353 0.493980
0.371288 -0.101606 0.495947
0.387969 -0.103086 0.494167
0.402676 -0.100967 0.493559
0.419071 -0.102162 0.494886
0.433133 -0.101520 0.495353
0.447586 -0.102424 0.493547
0.461279 -0.101311 0.494238
0.479029 -0.100737 0.495485
0.493454 -0.103242 0.495099
0.509669 -0.102247 0.496480
0.524024 -0.100831 0.493467
0.540504 -0.103440 0.495157
0.554313 -0.102801 0.494843
0.569594 -0.100605 0.494346
0.584962 -0.101005 0.495369
0.599657 -0.102099 0.496433
-0.598830 -0.087632 0.496437
-0.585998 -0.087828 0.495015
-0.569957 -0.086877 0.495197
-0.553494 -0.085141 0.495064
-0.538032 -0.087502 0.497282
-0.522831 -0.087376 0.496382
-0.509077 -0.089464 0.495108
-0.492359 -0.087312 0.493442
-0.478124 -0.087699 0.495583
-0.463736 -0.089122 0.495692
-0.448036 -0.087531 0.494199
-0.433295 -0.087802 0.495465
-0.418469 -0.087415 0.494069
-0.403759 -0.087460 0.496082
-0.387026 -0.088242 0.497507
-0.371657 -0.086459 0.494545
-0.358030 -0.087010 0.493856
-0.343375 -0.086694 0.495287
-0.325622 -0.088196 0.497114
-0.311395 -0.087040 0.496176
-0.296463 -0.087472 0.494482
-0.280373 -0.088401 0.495589
-0.265550 -0.088118 0.495388
-0.250000 -0.089065 0.494628
-0.236723 -0.088191 0.496574
-0.218148 -0.087928 0.494634
-0.206025 -0.087890 0.494439
-0.190407 -0.087520 0.495709
-0.173872 -0.087430 0.493704
-0.159728 -0.088383 0.495514
-0.144307 -0.089323 0.496839
-0.130451 -0.087250 0.495248
-0.113717 -0.090000 0.496440
-0.097144 -0.088196 0.494658
-0.083129 -0.086261 0.496460
-0.068951 -0.089344 0.496025
-0.053673 -0.088092 0.496190
-0.038953 -0.086578 0.496014
-0.022897 -0.088508 0.498061
-0.006128 -0.088420 0.494333
0.008056 -0.088181 0.497283
0.023005 -0.087279 0.496180
0.036779 -0.087915 0.496469
0.052862 -0.088949 0.496261
0.069734 -0.087702 0.496065
0.082056 -0.087862 0.494447
0.099548 -0.090199 0.495032
0.114812 -0.087924 0.494750
0.128749 -0.085940 0.495387
0.143204 -0.087110 0.495056
0.160891 -0.089528 0.494587
0.176150 -0.089068 0.495926
0.190243 -0.088796 0.495055
0.205615 -0.089574 0.496047
0.219139 -0.088212 0.494622
0.234459 -0.086302 0.495169
0.249359 -0.088853 0.496121
0.267105 -0.087931 0.495003
0.279693 -0.089334 0.496215
0.296780 -0.087721 0.495343
0.312251 -0.087161 0.497500
0.327220 -0.088652 0.495529
0.341494 -0.088233 0.495710
0.356112 -0.088439 0.495724
0.372204 -0.087561 0.495296
0.388448 -0.088185 0.494641
0.401255 -0.089040 0.493606
0.418490 -0.089560 0.495305
0.431335 -0.088858 0.495274
0.447381 -0.087014 0.495687
0.464473 -0.088108 0.496354
0.479494 -0.087688 0.495540
0.493481 -0.089074 0.494196
0.509721 -0.088327 0.497236
0.524006 -0.088410 0.494712
0.540762 -0.087481 0.495901
0.555012 -0.088918 0.494337
0.569251 -0.089061 0.496082
0.583836 -0.089197 0.495525
0.601453 -0.086506 0.495198
-0.601997 -0.076326 0.495988
-0.584091 -0.074256 0.494062
-0.569023 -0.075358 0.496235
-0.556339 -0.075150 0.496693
-0.538929 -0.074277 0.496177
-0.523941 -0.075035 0.496424
-0.509377 -0.074653 0.495166
-0.495306 -0.074908 0.495497
-0.476751 -0.073026 0.496939
-0.463271 -0.075022 0.495798
-0.448719 -0.075317 0.496274
-0.432392 -0.073504 0.496726
-0.416766 -0.075054 0.495812
-0.401470 -0.073825 0.494585
-0.388469 -0.076363 0.495412
-0.372067 -0.075607 0.494905
-0.356628 -0.075924 0.494266
-0.342826 -0.075109 0.496725
-0.327749 -0.076425 0.496088
-0.310655 -0.074377 0.498094
-0.297070 -0.076019 0.496317
-0.282368 -0.074355 0.496277
-0.264412 -0.074485 0.497031
-0.249857 -0.074627 0.496491
-0.234860 -0.074960 0.496171
-0.217945 -0.071812 0.496354
-0.204602 -0.074331 0.497185
-0.191188 -0.075546 0.497146
-0.173578 -0.075642 0.497038
-0.159988 -0.074246 0.496667
-0.143565 -0.073612 0.497482
-0.127193 -0.075553 0.494478
-0.112829 -0.074931 0.497644
-0.097564 -0.075725 0.496671
-0.083749 -0.076208 0.497145
-0.067693 -0.072468 0.495709
-0.054194 -0.072870 0.496554
-0.038917 -0.072804 0.495928
-0.023500 -0.075907 0.496554
-0.007041 -0.076003 0.494169
0.007559 -0.074236 0.497439
0.022606 -0.075821 0.497376
0.037160 -0.075701 0.497480
0.054945 -0.075489 0.495341
0.065498 -0.075151 0.496277
0.082730 -0.076734 0.495006
0.098864 -0.074075 0.495241
0.114108 -0.071943 0.497112
0.128665 -0.074636 0.496721
0.144637 -0.073101 0.497344
0.158762 -0.073163 0.496528
0.175203 -0.073392 0.494176
0.190908 -0.075311 0.493674
0.207156 -0.073815 0.496693
0.220250 -0.074149 0.496526
0.233103 -0.074300 0.497203
0.251895 -0.074727 0.495010
0.262160 -0.074202 0.495640
0.280906 -0.073942 0.497706
0.296365 -0.074640 0.494795
0.310667 -0.076348 0.495226
0.326541 -0.073651 0.495527
0.342230 -0.075860 0.495168
0.355553 -0.075598 0.496514
0.371278 -0.073805 0.496666
0.385961 -0.074605 0.496704
0.402108 -0.074496 0.496536
0.417772 -0.074010 0.494697
0.432437 -0.075424 0.495065
0.448263 -0.075838 0.497791
0.462423 -0.072962 0.495349
0.479722 -0.073587 0.497449
0.494573 -0.074789 0.495572
0.509210 -0.074675 0.497155
0.524581 -0.075667 0.496086
0.537796 -0.073557 0.495354
0.554881 -0.072973 0.496717
0.569491 -0.076065 0.496396
0.584650 -0.074278 0.495069
0.601995 -0.071652 0.498632
-0.599669 -0.061920 0.496734
-0.584875 -0.062567 0.495894
-0.569415 -0.061881 0.495566
-0.554438 -0.060620 0.497739
-0.539656 -0.061839 0.496752
-0.524369 -0.060724 0.497385
-0.510321 -0.062000 0.497254
-0.490098 -0.059802 0.496675
-0.477166 -0.059851 0.496260
-0.463332 -0.060027 0.495542
-0.449854 -0.060945 0.496680
-0.434117 -0.060008 0.496060
-0.419376 -0.060035 0.498039
-0.401690 -0.061136 0.496209
-0.389240 -0.060833 0.497827
-0.371078 -0.061162 0.496924
-0.356328 -0.062238 0.496990
-0.342017 -0.062008 0.496522
-0.326660 -0.061408 0.497339
-0.311230 -0.058714 0.497178
-0.295485 -0.063220 0.496284
-0.280647 -0.062207 0.496172
-0.266755 -0.059594 0.496317
-0.250631 -0.062351 0.496469
-0.236486 -0.061119 0.496255
-0.221873 -0.060774 0.497979
-0.205199 -0.062611 0.496610
-0.189224 -0.060660 0.496459
-0.174927 -0.061907 0.498603
-0.159946 -0.060135 0.497301
-0.144179 -0.061108 0.496768
-0.127815 -0.064430 0.497560
-0.115088 -0.060224 0.496286
-0.097904 -0.061343 0.496314
-0.084126 -0.060673 0.497157
-0.068255 -0.061945 0.499256
-0.055220 -0.061730 0.496828
-0.037510 -0.062417 0.497668
-0.022763 -0.060879 0.496940
-0.008317 -0.061267 0.496371
0.006516 -0.061455 0.498057
0.023837 -0.062498 0.498628
0.037551 -0.061351 0.495026
0.052919 -0.060506 0.498690
0.067312 -0.060776 0.498426
0.082139 -0.060681 0.497647
0.098086 -0.059937 0.497518
0.114978 -0.061077 0.497595
0.128436 -0.059701 0.496180
0.144971 -0.062937 0.497896
0.160524 -0.060341 0.496935
0.175185 -0.060089 0.496350
0.190242 -0.062888 0.497893
0.205747 -0.062733 0.498229
0.219588 -0.060839 0.495814
0.237085 -0.062361 0.497437
0.251506 -0.061445 0.495546
0.266487 -0.060741 0.496983
0.280712 -0.060508 0.497022
0.296917 -0.060241 0.498068
0.312330 -0.061489 0.497313
0.327055 -0.060831 0.497859
0.342285 -0.061026 0.498374
0.355354 -0.060236 0.496962
0.371754 -0.061050 0.496711
0.387099 -0.062978 0.497874
0.402236 -0.061530 0.497491
0.416407 -0.061379 0.497948
0.432457 -0.063528 0.498077
0.448575 -0.059996 0.496933
0.462815 -0.060734 0.496733
0.477355 -0.058559 0.495234
0.493313 -0.061378 0.496773
0.508708 -0.059331 0.495932
0.526301 -0.061874 0.497193
0.537687 -0.060620 0.497637
0.552705 -0.061159 0.496536
0.569784 -0.061437 0.497709
0.582446 -0.061941 0.497547
0.600991 -0.061481 0.497239
-0.598435 -0.045720 0.498395
-0.582960 -0.046080 0.497507
-0.569277 -0.047335 0.497399
-0.556074 -0.046139 0.497919
-0.539955 -0.047990 0.497714
-0.523956 -0.048787 0.497610
-0.508908 -0.047529 0.497014
-0.494135 -0.046447 0.498894
-0.478660 -0.047308 0.496464
-0.463767 -0.047089 0.495653
-0.447911 -0.048026 0.497217
-0.431591 -0.046100 0.497964
-0.419711 -0.046110 0.495938
-0.400295 -0.047409 0.497770
-0.385773 -0.047038 0.498161
-0.371467 -0.046121 0.496306
-0.357860 -0.047053 0.496462
-0.342659 -0.047402 0.495692
-0.326949 -0.048276 0.496454
-0.311812 -0.047952 0.496864
-0.297034 -0.047329 0.497974
-0.281687 -0.046764 0.498455
-0.266066 -0.047413 0.497409
-0.251137 -0.048041 0.497538
-0.236254 -0.047728 0.499039
-0.219995 -0.048317 0.496581
-0.205498 -0.047148 0.497412
-0.188858 -0.046466 0.497587
-0.174515 -0.049306 0.497561
-0.160238 -0.047749 0.497213
-0.143922 -0.046956 0.498680
-0.130103 -0.048581 0.495438
-0.115098 -0.048161 0.499118
-0.098378 -0.047618 0.496522
-0.082345 -0.047635 0.497411
-0.067992 -0.048151 0.496917
-0.050279 -0.047002 0.499610
-0.039962 -0.048435 0.496887
-0.023650 -0.047032 0.499565
-0.007051 -0.048126 0.497230
0.008150 -0.048838 0.497868
0.024030 -0.047862 0.496128
0.039450 -0.046039 0.496565
0.052702 -0.048028 0.495885
0.067963 -0.048233 0.496508
0.081976 -0.047281 0.496958
0.098718 -0.047078 0.498200
0.116195 -0.047361 0.498480
0.129909 -0.047547 0.497494
0.143559 -0.047369 0.498231
0.159099 -0.048265 0.498874
0.173826 -0.047410 0.497192
0.188646 -0.047291 0.497750
0.204555 -0.047138 0.496631
0.221262 -0.047358 0.498437
0.235566 -0.046863 0.499389
0.251451 -0.048156 0.497106
0.264152 -0.046896 0.495970
0.280492 -0.047038 0.499320
0.294504 -0.048024 0.497606
0.311094 -0.047316 0.498225
0.326463 -0.047450 0.498070
0.341433 -0.045151 0.498017
0.358004 -0.048396 0.497778
0.372932 -0.047150 0.498000
0.389876 -0.046809 0.496716
0.400330 -0.048384 0.500097
0.417667 -0.047830 0.497595
0.433666 -0.047756 0.497547
0.448566 -0.047722 0.498250
0.461481 -0.046704 0.498673
0.477661 -0.049043 0.498386
0.492858 -0.046889 0.495175
0.510131 -0.048677 0.499571
0.523085 -0.048104 0.497485
0.537840 -0.047088 0.498638
0.554115 -0.047105 0.498019
0.570804 -0.047302 0.497161
0.585590 -0.047901 0.496467
0.599612 -0.047588 0.497220
-0.600887 -0.034600 0.499283
-0.585607 -0.034503 0.498802
-0.570131 -0.032242 0.497662
-0.553249 -0.034230 0.497576
-0.539927 -0.034401 0.497367
-0.523579 -0.033996 0.498247
-0.508180 -0.033928 0.498631
-0.495694 -0.033980 0.499668
-0.479238 -0.034708 0.498416
-0.462788 -0.034159 0.497442
-0.446631 -0.035429 0.496978
-0.433227 -0.034959 0.496908
-0.418268 -0.032730 0.499783
-0.402191 -0.032558 0.497924
-0.388350 -0.032541 0.498125
-0.372386 -0.034371 0.498092
-0.357522 -0.035595 0.497850
-0.340915 -0.034773 0.497946
-0.326369 -0.034280 0.496926
-0.311740 -0.032917 0.498816
-0.296692 -0.034734 0.499747
-0.281964 -0.033768 0.498141
-0.266135 -0.033232 0.498853
-0.250187 -0.033660 0.497839
-0.235956 -0.034611 0.499141
-0.220501 -0.034655 0.498926
-0.205839 -0.034427 0.497196
-0.190558 -0.034407 0.499867
-0.176111 -0.033511 0.498843
-0.158027 -0.033474 0.500313
-0.144299 -0.034449 0.498037
-0.129137 -0.032886 0.499586
-0.114582 -0.034547 0.499116
-0.099033 -0.034986 0.496951
-0.085864 -0.033222 0.499133
-0.068893 -0.031995 0.498439
-0.052974 -0.036272 0.498421
-0.038389 -0.033727 0.497276
-0.023919 -0.035511 0.497681
-0.007637 -0.034734 0.496990
0.008028 -0.033504 0.499292
0.022674 -0.034607 0.497386
0.038747 -0.033965 0.496762
0.054199 -0.035166 0.497832
0.067486 -0.033775 0.496111
0.084859 -0.033526 0.498642
0.098091 -0.033115 0.499289
0.112531 -0.034412 0.497926
0.129255 -0.033285 0.498081
0.145416 -0.037640 0.498271
0.159111 -0.034542 0.497329
0.173260 -0.033225 0.498630
0.190270 -0.033249 0.496799
0.205449 -0.033153 0.498169
0.221661 -0.034215 0.498921
0.235129 -0.033370 0.497108
0.249858 -0.032321 0.497374
0.267035 -0.032213 0.499834
0.282141 -0.033758 0.499144
0.295974 -0.034021 0.498681
0.310734 -0.034020 0.497544
0.326922 -0.033301 0.497837
0.341606 -0.034479 0.498304
0.354618 -0.033506 0.500096
0.372169 -0.033654 0.496599
0.388903 -0.032588 0.499104
0.402138 -0.034763 0.499502
0.419341 -0.035880 0.498912
0.431440 -0.034372 0.496702
0.446634 -0.034800 0.498901
0.463991 -0.033432 0.499287
0.477779 -0.034072 0.498963
0.493154 -0.034243 0.498878
0.508280 -0.034072 0.497645
0.525475 -0.035102 0.498286
0.537566 -0.033426 0.498439
0.555029 -0.035261 0.497100
0.568602 -0.035246 0.498410
0.584595 -0.032802 0.498935
0.598475 -0.034224 0.498903
-0.602480 -0.020921 0.499077
-0.586935 -0.021778 0.500728
-0.570655 -0.020614 0.499647
-0.552787 -0.021351 0.498215
-0.540286 -0.019741 0.498430
-0.522317 -0.018287 0.498631
-0.509550 -0.020502 0.498999
-0.494638 -0.018868 0.497637
-0.478652 -0.021705 0.499186
-0.461495 -0.021058 0.499204
-0.448581 -0.019302 0.498938
-0.432732 -0.019752 0.499428
-0.418740 -0.020366 0.500905
-0.403189 -0.020438 0.500027
-0.387485 -0.019953 0.498289
-0.372526 -0.020541 0.499770
-0.355983 -0.019010 0.499680
-0.341475 -0.020185 0.501423
-0.325336 -0.019716 0.499242
-0.310363 -0.021788 0.500372
-0.296423 -0.020456 0.497957
-0.280870 -0.021714 0.497621
-0.266317 -0.021654 0.497033
-0.250647 -0.022792 0.498763
-0.235406 -0.019348 0.496971
-0.220079 -0.021701 0.498471
-0.204206 -0.020901 0.497072
-0.189982 -0.021343 0.497958
-0.174520 -0.018870 0.498685
-0.158910 -0.020275 0.499578
-0.144434 -0.020565 0.498913
-0.129632 -0.020373 0.500625
-0.114330 -0.018724 0.499411
-0.099134 -0.018171 0.498447
-0.082595 -0.018550 0.499589
-0.065228 -0.018518 0.499230
-0.054796 -0.018899 0.497361
-0.036728 -0.020551 0.498025
-0.023945 -0.017313 0.497242
-0.007844 -0.020778 0.499124
0.006823 -0.020738 0.498335
0.023430 -0.021197 0.498960
0.038036 -0.018393 0.498274
0.052906 -0.021410 0.499205
0.071238 -0.021308 0.499273
0.083825 -0.020664 0.498740
0.100022 -0.020467 0.496712
0.114240 -0.021549 0.499462
0.130057 -0.022158 0.499059
0.145117 -0.021170 0.499758
0.159294 -0.018847 0.499686
0.174350 -0.020773 0.499528
0.189189 -0.021654 0.500348
0.206383 -0.020784 0.498634
0.219712 -0.020145 0.500196
0.236022 -0.022120 0.498696
0.248461 -0.019633 0.497873
0.262000 -0.021046 0.500282
0.282028 -0.020822 0.498843
0.295888 -0.020712 0.499331
0.309776 -0.018359 0.498003
0.326304 -0.020601 0.499954
0.339191 -0.022146 0.499688
0.357331 -0.021287 0.497958
0.371227 -0.020574 0.499098
0.385961 -0.021367 0.500330
0.401739 -0.020977 0.500695
0.416747 -0.020113 0.498477
0.431892 -0.019388 0.496871
0.448906 -0.019912 0.499948
0.464928 -0.020063 0.500292
0.479761 -0.020474 0.499887
0.493820 -0.019494 0.498627
0.507828 -0.020157 0.498591
0.524730 -0.019828 0.500346
0.539380 -0.018603 0.497713
0.553722 -0.021134 0.497418
0.569160 -0.022304 0.499477
0.584218 -0.021327 0.497840
0.599322 -0.019901 0.500462
-0.602418 -0.006863 0.499238
-0.586421 -0.005914 0.499841
-0.570368 -0.005214 0.499279
-0.553554 -0.006640 0.499093
-0.538896 -0.006859 0.499840
-0.524078 -0.006529 0.501295
-0.507849 -0.007936 0.498691
-0.495031 -0.006154 0.499831
-0.476960 -0.005827 0.499856
-0.463786 -0.005368 0.501150
-0.447644 -0.007790 0.499897
-0.432788 -0.006085 0.499856
-0.418710 -0.006235 0.499822
-0.403285 -0.005731 0.501451
-0.389156 -0.006921 0.498155
-0.370537 -0.007536 0.498506
-0.356611 -0.007483 0.498773
-0.341237 -0.006000 0.498822
-0.328512 -0.007327 0.501135
-0.312399 -0.005634 0.499994
-0.296041 -0.006320 0.500447
-0.282225 -0.007315 0.499998
-0.265807 -0.009257 0.500892
-0.250016 -0.009097 0.499198
-0.236193 -0.005409 0.500266
-0.220594 -0.008031 0.499238
-0.206805 -0.007235 0.500067
-0.189138 -0.004888 0.498739
-0.174184 -0.006926 0.501897
-0.160515 -0.008198 0.501968
-0.143325 -0.005357 0.499440
-0.129823 -0.006162 0.499987
-0.114226 -0.005752 0.499155
-0.096603 -0.005924 0.500784
-0.083795 -0.006092 0.498278
-0.068228 -0.008278 0.499442
-0.052936 -0.006647 0.501128
-0.037549 -0.006712 0.499909
-0.022226 -0.004790 0.498975
-0.008688 -0.005677 0.497989
0.009002 -0.006278 0.499621
0.021994 -0.007404 0.499952
0.036894 -0.008150 0.501272
0.052853 -0.007292 0.499756
0.069240 -0.007071 0.500911
0.081995 -0.008112 0.500115
0.099742 -0.006826 0.499043
0.113022 -0.006072 0.498290
0.127881 -0.007746 0.501461
0.143819 -0.008373 0.500588
0.159397 -0.005088 0.498104
0.174647 -0.008209 0.500154
0.189303 -0.004787 0.498892
0.205195 -0.006526 0.499853
0.221110 -0.008122 0.497302
0.235424 -0.008614 0.500460
0.250970 -0.005571 0.499337
0.267570 -0.009604 0.500675
0.281244 -0.005056 0.499427
0.295540 -0.008493 0.499524
0.311726 -0.006395 0.500598
0.326731 -0.007560 0.498829
0.341531 -0.006957 0.499691
0.356079 -0.007002 0.501050
0.374567 -0.007535 0.499890
0.385912 -0.007081 0.499201
0.403371 -0.006722 0.498704
0.418260 -0.007164 0.500344
0.431375 -0.007620 0.496379
0.449029 -0.007070 0.498355
0.463373 -0.006142 0.499047
0.479119 -0.005296 0.499458
0.495359 -0.006553 0.498636
0.508155 -0.005926 0.500915
0.522391 -0.007602 0.500258
0.540857 -0.007234 0.499692
0.555104 -0.006449 0.500152
0.568304 -0.008335 0.499244
0.584410 -0.007695 0.500568
0.600432 -0.006672 0.499574
-0.601443 0.007355 0.499711
-0.584439 0.005930 0.500208
-0.569378 0.007253 0.500279
-0.554157 0.006678 0.499605
-0.539708 0.005871 0.500894
-0.525483 0.006420 0.499100
-0.508146 0.006147 0.500899
-0.491869 0.006267 0.500096
-0.478502 0.007304 0.502224
-0.462968 0.005916 0.499757
-0.447786 0.005424 0.499562
-0.433132 0.006314 0.499931
-0.416752 0.006235 0.499244
-0.402133 0.007054 0.499498
-0.385321 0.008944 0.499205
-0.371254 0.006455 0.500478
-0.357091 0.006560 0.500031
-0.340157 0.006072 0.498264
-0.325554 0.007361 0.498612
-0.310292 0.006053 0.499815
-0.296185 0.006488 0.498892
-0.280423 0.007436 0.499614
-0.265647 0.004452 0.499909
-0.251550 0.007637 0.500230
-0.233111 0.008708 0.499975
-0.219707 0.008503 0.502517
-0.205751 0.007191 0.500840
-0.188277 0.007678 0.500346
-0.174528 0.009239 0.499488
-0.159307 0.007817 0.498877
-0.143191 0.005025 0.500361
-0.128158 0.005477 0.500254
-0.113604 0.007266 0.499893
-0.097402 0.008053 0.501391
-0.085186 0.006471 0.501153
-0.068563 0.005746 0.499931
-0.051780 0.007584 0.501789
-0.036312 0.006233 0.499944
-0.023433 0.004879 0.500588
-0.005709 0.007080 0.500298
0.007058 0.007789 0.498448
0.022878 0.007679 0.500593
0.036894 0.006540 0.500084
0.053534 0.008342 0.500052
0.066602 0.006103 0.500345
0.086113 0.006550 0.501589
0.097869 0.007189 0.500088
0.115160 0.007457 0.500281
0.129533 0.007573 0.500939
0.143996 0.006967 0.500430
0.161023 0.006624 0.500544
0.173877 0.006927 0.499559
0.190146 0.006039 0.499335
0.205636 0.005478 0.500749
0.219047 0.008217 0.501217
0.234020 0.006795 0.500207
0.252859 0.006444 0.499187
0.265726 0.006985 0.500310
0.281208 0.007780 0.498899
0.297228 0.009190 0.501043
0.312688 0.007570 0.499469
0.325730 0.006138 0.497849
0.341258 0.007702 0.500117
0.357212 0.009212 0.501217
0.372575 0.006475 0.498614
0.387250 0.005830 0.499943
0.403785 0.005810 0.499498
0.417441 0.006503 0.500412
0.434102 0.008093 0.500326
0.447049 0.006752 0.501560
0.463551 0.007247 0.501848
0.480352 0.006921 0.499889
0.496091 0.005987 0.500957
0.509697 0.006219 0.499890
0.523610 0.007166 0.501181
0.538225 0.006583 0.499375
0.554117 0.008336 0.500297
0.568593 0.003693 0.500221
0.583893 0.006774 0.499295
0.601374 0.006988 0.500658
-0.598774 0.019625 0.499917
-0.585232 0.020662 0.499678
-0.568451 0.020251 0.499905
-0.553029 0.019410 0.500304
-0.538343 0.021608 0.498945
-0.523347 0.021108 0.501238
-0.507135 0.021459 0.500494
-0.494419 0.022701 0.502441
-0.477862 0.019586 0.499571
-0.462098 0.020781 0.500834
-0.448166 0.020850 0.500722
-0.432589 0.018825 0.499650
-0.417805 0.020297 0.501134
-0.402420 0.021333 0.499686
-0.386641 0.021112 0.502662
-0.373011 0.019061 0.500973
-0.357403 0.020623 0.500853
-0.341970 0.021673 0.501400
-0.327174 0.019996 0.501155
-0.312237 0.020521 0.501511
-0.295599 0.020793 0.502388
-0.281646 0.019760 0.501553
-0.264735 0.020355 0.502069
-0.251726 0.020611 0.501860
-0.235279 0.021553 0.500703
-0.219549 0.018638 0.501738
-0.204926 0.019270 0.501438
-0.190391 0.021448 0.501310
-0.175671 0.020800 0.502889
-0.160146 0.021499 0.500857
-0.145676 0.019814 0.500227
-0.128232 0.020648 0.501101
-0.114490 0.020462 0.500354
-0.097450 0.017607 0.500658
-0.083757 0.021647 0.499073
-0.068611 0.020785 0.500247
-0.052612 0.017311 0.500240
-0.037238 0.020335 0.501059
-0.023304 0.019831 0.499852
-0.007604 0.019213 0.501396
0.006326 0.018176 0.500484
0.021137 0.019941 0.501690
0.037706 0.020107 0.502864
0.051837 0.018729 0.501147
0.068771 0.022367 0.501652
0.082883 0.019358 0.499639
0.099271 0.021038 0.502213
0.114387 0.019979 0.502716
0.127029 0.021075 0.501351
0.144404 0.019305 0.500434
0.160099 0.020420 0.501493
0.175201 0.020415 0.500712
0.189504 0.020756 0.499365
0.205109 0.019470 0.500385
0.218991 0.019485 0.501830
0.234932 0.019559 0.501728
0.249296 0.020431 0.500272
0.265034 0.021038 0.500591
0.280947 0.019591 0.502538
0.294537 0.021813 0.499500
0.311985 0.020504 0.500228
0.326906 0.021333 0.500223
0.342241 0.018635 0.501231
0.357448 0.019264 0.499327
0.372385 0.020804 0.501145
0.387779 0.021093 0.502774
0.401989 0.019980 0.501100
0.418357 0.019344 0.500069
0.434430 0.020457 0.500620
0.448823 0.019072 0.500480
0.462876 0.019081 0.502732
0.477125 0.021396 0.501058
0.496541 0.021034 0.502451
0.509473 0.020020 0.501760
0.524413 0.020106 0.501181
0.539929 0.020287 0.500451
0.554304 0.018416 0.501309
0.570868 0.020154 0.499762
0.585727 0.019377 0.500706
0.599903 0.019023 0.500616
-0.599784 0.035386 0.501970
-0.583574 0.032631 0.502641
-0.568104 0.035588 0.500976
-0.553785 0.033999 0.500615
-0.537451 0.035150 0.502915
-0.526123 0.034125 0.501718
-0.509087 0.033719 0.501055
-0.491896 0.033599 0.500854
-0.479480 0.032523 0.501762
-0.462032 0.032391 0.500128
-0.446886 0.033277 0.501642
-0.433576 0.033080 0.501615
-0.419525 0.030847 0.501878
-0.402638 0.034012 0.501941
-0.387222 0.034086 0.499023
-0.373717 0.033736 0.503549
-0.356753 0.033611 0.501254
-0.341905 0.034986 0.499270
-0.324776 0.034528 0.500836
-0.312087 0.031525 0.500062
-0.296355 0.034534 0.501567
-0.282175 0.031611 0.501220
-0.266347 0.032810 0.499781
-0.253444 0.034110 0.501899
-0.237066 0.033723 0.501811
-0.219129 0.034026 0.501851
-0.206335 0.033891 0.501266
-0.190237 0.032836 0.501422
-0.173519 0.034379 0.502738
-0.158810 0.032286 0.502079
-0.143250 0.034342 0.501224
-0.129822 0.034545 0.501776
-0.114710 0.034014 0.501297
-0.098031 0.032706 0.500901
-0.083384 0.034729 0.502496
-0.067996 0.031483 0.502137
-0.052738 0.032454 0.501823
-0.037739 0.032823 0.501433
-0.022988 0.033220 0.500527
-0.008691 0.031970 0.501030
0.007792 0.035229 0.501201
0.022621 0.033701 0.501675
0.037820 0.033472 0.502993
0.052657 0.034619 0.501411
0.067264 0.034290 0.501782
0.083935 0.034866 0.501468
0.096704 0.034321 0.500576
0.113284 0.035192 0.500749
0.130097 0.032413 0.504064
0.144237 0.033715 0.503547
0.162366 0.034267 0.502649
0.175320 0.033618 0.502586
0.190196 0.035415 0.502455
0.204666 0.033427 0.500865
0.219938 0.034835 0.500898
0.235992 0.035762 0.502441
0.250257 0.035182 0.500530
0.264835 0.035715 0.502908
0.281656 0.034787 0.500794
0.296378 0.033332 0.502611
0.311856 0.032986 0.503563
0.325901 0.032878 0.501771
0.343072 0.034344 0.502141
0.356867 0.034178 0.502397
0.372918 0.035047 0.502055
0.387921 0.034041 0.502128
0.401159 0.032282 0.501236
0.418384 0.033145 0.503079
0.432412 0.033129 0.501486
0.447113 0.033327 0.502607
0.464069 0.033153 0.502090
0.478629 0.033304 0.502743
0.495211 0.031569 0.503262
0.509120 0.033753 0.502506
0.525353 0.032478 0.502908
0.540481 0.035400 0.502200
0.554247 0.033305 0.503307
0.567901 0.034245 0.503065
0.584276 0.035029 0.500755
0.602107 0.034131 0.501429
-0.599180 0.047014 0.503376
-0.586679 0.046765 0.501151
-0.571294 0.047174 0.502119
-0.555034 0.046962 0.503797
-0.540517 0.047332 0.503732
-0.525954 0.047327 0.502271
-0.507904 0.048763 0.501544
-0.492875 0.047140 0.501601
-0.476102 0.046489 0.503343
-0.464189 0.048231 0.502533
-0.447296 0.046517 0.503170
-0.431933 0.048512 0.503898
-0.418966 0.048465 0.501068
-0.401440 0.048528 0.501922
-0.388076 0.046436 0.501391
-0.371222 0.047621 0.502985
-0.356599 0.048240 0.501685
-0.340737 0.049729 0.502119
-0.326443 0.047365 0.501653
-0.312659 0.047267 0.500079
-0.294959 0.047386 0.503422
-0.282309 0.048605 0.502443
-0.264986 0.047238 0.503467
-0.251552 0.047163 0.500809
-0.235350 0.047525 0.503102
-0.220689 0.049066 0.501182
-0.204493 0.047902 0.501937
-0.190906 0.047280 0.502337
-0.176682 0.047205 0.505250
-0.159121 0.045263 0.501139
-0.143849 0.048910 0.502632
-0.128452 0.048123 0.501258
-0.112618 0.046041 0.501917
-0.099670 0.048099 0.505524
-0.083883 0.046849 0.504428
-0.067675 0.047365 0.500402
-0.052414 0.048329 0.500238
-0.036968 0.046759 0.503201
-0.022310 0.046973 0.501058
-0.008394 0.047774 0.501507
0.008909 0.046587 0.501941
0.023373 0.047685 0.503480
0.038083 0.046674 0.504069
0.052285 0.047492 0.502459
0.067281 0.046669 0.503287
0.082185 0.047908 0.501912
0.099917 0.046333 0.503893
0.113562 0.047361 0.502307
0.127828 0.048793 0.502014
0.144387 0.047165 0.502439
0.158348 0.048175 0.503236
0.174613 0.048353 0.501182
0.190415 0.047586 0.503789
0.206517 0.047888 0.501922
0.221469 0.046979 0.502281
0.235291 0.046913 0.503033
0.250547 0.047174 0.501475
0.265370 0.046630 0.501866
0.280831 0.045979 0.503056
0.296849 0.045925 0.504128
0.311649 0.046798 0.503633
0.326601 0.046744 0.501337
0.341812 0.047326 0.501954
0.357046 0.048283 0.501304
0.373011 0.047777 0.501648
0.387511 0.046607 0.502565
0.404089 0.048072 0.502347
0.418745 0.046768 0.502345
0.431886 0.048538 0.502978
0.450291 0.049443 0.502492
0.462942 0.049196 0.503284
0.477739 0.048840 0.502396
0.493857 0.046749 0.503691
0.509039 0.049229 0.501372
0.522808 0.046819 0.501306
0.539646 0.047434 0.502585
0.555860 0.046237 0.503322
0.570700 0.048232 0.500579
0.584441 0.045845 0.502935
0.599399 0.048366 0.501472
-0.601794 0.060792 0.501426
-0.583931 0.060450 0.500171
-0.568105 0.061429 0.504209
-0.555404 0.060559 0.503352
-0.537685 0.061526 0.502477
-0.525741 0.061392 0.503950
-0.508758 0.061516 0.501926
-0.495008 0.062844 0.503006
-0.477038 0.061133 0.502961
-0.462656 0.060758 0.502694
-0.448377 0.059514 0.503754
-0.432171 0.059983 0.502653
-0.416861 0.060011 0.502943
-0.402905 0.060938 0.502149
-0.387948 0.060954 0.503178
-0.371388 0.060540 0.503122
-0.355041 0.061208 0.503474
-0.341941 0.061920 0.502317
-0.326940 0.061021 0.503841
-0.310469 0.062597 0.502605
-0.295628 0.060178 0.504095
-0.281982 0.058800 0.503934
-0.265723 0.062214 0.501543
-0.251139 0.060405 0.503300
-0.236348 0.062113 0.502911
-0.218707 0.060227 0.503007
-0.207116 0.060013 0.503051
-0.188500 0.060346 0.502550
-0.175536 0.060799 0.502537
-0.160317 0.061637 0.502931
-0.144887 0.061395 0.503022
-0.131985 0.060607 0.503633
-0.114438 0.060807 0.502222
-0.098563 0.061130 0.503459
-0.083551 0.061615 0.501473
-0.070396 0.060095 0.502670
-0.052896 0.061800 0.504246
-0.038212 0.059952 0.503839
-0.022692 0.061314 0.503212
-0.008484 0.059816 0.501255
0.007746 0.062153 0.501731
0.022864 0.061126 0.505529
0.036592 0.061074 0.503901
0.052726 0.060848 0.503034
0.068813 0.060218 0.503437
0.083816 0.060501 0.501763
0.097906 0.059744 0.501907
0.111671 0.062508 0.501455
0.127441 0.062568 0.504181
0.144783 0.059015 0.503907
0.159376 0.061781 0.502721
0.175373 0.062007 0.505338
0.190624 0.063653 0.501867
0.204119 0.062692 0.503083
0.222808 0.060910 0.502637
0.236955 0.059502 0.500801
0.250451 0.063480 0.502548
0.264388 0.060657 0.504393
0.280293 0.060025 0.504169
0.296834 0.060059 0.504191
0.310001 0.060927 0.502790
0.327072 0.061938 0.503128
0.341771 0.061660 0.504032
0.356458 0.061967 0.502502
0.371988 0.060096 0.502760
0.388066 0.059854 0.503693
0.403135 0.060391 0.504109
0.415509 0.060223 0.502783
0.434735 0.059932 0.504179
0.448244 0.061356 0.505361
0.463743 0.060740 0.501639
0.477809 0.062391 0.502672
0.492588 0.060912 0.501598
0.508238 0.061361 0.501338
0.524176 0.059816 0.502506
0.536740 0.061111 0.501991
0.554766 0.062356 0.502266
0.570622 0.059600 0.502891
0.585040 0.060745 0.501991
0.599941 0.061508 0.501940
-0.600009 0.075182 0.504278
-0.586200 0.074923 0.504250
-0.572516 0.074997 0.504943
-0.554620 0.074996 0.503947
-0.538264 0.074567 0.502333
-0.524538 0.073161 0.504580
-0.509025 0.075924 0.502755
-0.492536 0.073472 0.504707
-0.478879 0.075627 0.505189
-0.461765 0.076076 0.504248
-0.448233 0.073715 0.503680
-0.433652 0.074782 0.503726
-0.417234 0.074475 0.503711
-0.403649 0.074851 0.502962
-0.386508 0.074242 0.503307
-0.370684 0.074372 0.502615
-0.356234 0.075984 0.503804
-0.342677 0.073457 0.502716
-0.326937 0.074540 0.503490
-0.310362 0.075645 0.504474
-0.295086 0.073987 0.504283
-0.281222 0.072922 0.503827
-0.265763 0.073291 0.503228
-0.248904 0.075876 0.502809
-0.235203 0.073474 0.502165
-0.222545 0.074167 0.504761
-0.205874 0.072243 0.503516
-0.190936 0.074972 0.504673
-0.174497 0.076163 0.504397
-0.158827 0.075248 0.502337
-0.144401 0.073901 0.503553
-0.131270 0.073573 0.503319
-0.115847 0.076110 0.505367
-0.100752 0.071466 0.504609
-0.082475 0.075331 0.502072
-0.069073 0.075308 0.504437
-0.052134 0.075816 0.503050
-0.037158 0.074792 0.502404
-0.023276 0.075228 0.503482
-0.008657 0.073338 0.502250
0.007216 0.074978 0.504198
0.021235 0.074586 0.502872
0.038428 0.073823 0.504036
0.055142 0.075197 0.504239
0.068231 0.074734 0.503420
0.083353 0.075803 0.503364
0.098838 0.074564 0.502644
0.113906 0.073619 0.503307
0.130415 0.074731 0.503254
0.144088 0.074159 0.503828
0.161246 0.075342 0.502847
0.174380 0.074557 0.504539
0.191384 0.073689 0.504425
0.202907 0.071645 0.503674
0.219255 0.075244 0.504373
0.237708 0.073364 0.503838
0.250532 0.075295 0.503609
0.263637 0.075381 0.502888
0.283053 0.073525 0.503219
0.297275 0.075005 0.504053
0.312355 0.074699 0.503264
0.326107 0.073650 0.503269
0.341792 0.074229 0.504711
0.356419 0.073990 0.502619
0.372302 0.073381 0.504180
0.387533 0.076161 0.504316
0.403873 0.075196 0.504026
0.417699 0.073316 0.503935
0.433677 0.074739 0.504897
0.448547 0.076266 0.505575
0.464259 0.074561 0.501959
0.477959 0.074823 0.503653
0.493238 0.076004 0.505157
0.508910 0.072910 0.502771
0.524355 0.074846 0.503514
0.539318 0.076902 0.502984
0.554791 0.073173 0.503606
0.568801 0.075249 0.502510
0.585420 0.073696 0.501803
0.600945 0.075075 0.505023
-0.599474 0.088045 0.505794
-0.585299 0.088802 0.503978
-0.567891 0.087807 0.505859
-0.554779 0.088846 0.504798
-0.538761 0.088258 0.505234
-0.523304 0.087949 0.502473
-0.508282 0.088810 0.503079
-0.493974 0.087584 0.505147
-0.477362 0.089657 0.502733
-0.464410 0.089861 0.506070
-0.450645 0.087737 0.503523
-0.433230 0.088213 0.504291
-0.416437 0.088076 0.505475
-0.402883 0.087760 0.504335
-0.386232 0.087125 0.504368
-0.372482 0.087562 0.504179
-0.356015 0.088423 0.504364
-0.340565 0.086814 0.505510
-0.327463 0.088393 0.504427
-0.311568 0.089457 0.505146
-0.297871 0.086817 0.503804
-0.282609 0.088505 0.502890
-0.266642 0.086576 0.503961
-0.250011 0.087712 0.503933
-0.234978 0.086721 0.505038
-0.218348 0.088592 0.504200
-0.205017 0.087963 0.503789
-0.191855 0.088184 0.504696
-0.175284 0.088298 0.504393
-0.159458 0.088314 0.504992
-0.144618 0.088306 0.505645
-0.128443 0.088122 0.504743
-0.114843 0.089550 0.503585
-0.098260 0.087578 0.504214
-0.083561 0.089153 0.504019
-0.068725 0.088024 0.502650
-0.054174 0.088252 0.503845
-0.039868 0.087495 0.503556
-0.022564 0.087406 0.505879
-0.007672 0.088405 0.504172
0.008597 0.086952 0.504643
0.022790 0.088356 0.505849
0.038596 0.089003 0.505047
0.052755 0.087957 0.505292
0.068102 0.088645 0.505243
0.084488 0.087250 0.505160
0.098393 0.086758 0.505051
0.114206 0.088761 0.504163
0.128164 0.088522 0.504974
0.144729 0.088670 0.505828
0.159342 0.086693 0.504178
0.175066 0.089555 0.503524
0.190290 0.088013 0.504100
0.203376 0.087652 0.505129
0.219635 0.090387 0.503479
0.234984 0.088932 0.504113
0.250070 0.088634 0.504575
0.267461 0.089372 0.504262
0.283430 0.086935 0.505299
0.296790 0.087987 0.503189
0.312276 0.088121 0.504593
0.325742 0.087728 0.504908
0.342025 0.088099 0.503769
0.358333 0.088514 0.503518
0.370217 0.086368 0.504482
0.386786 0.087006 0.505625
0.400474 0.088536 0.503130
0.417276 0.088865 0.503839
0.431444 0.086979 0.504788
0.447628 0.087010 0.504625
0.463595 0.086979 0.504283
0.479182 0.086699 0.503709
0.495358 0.088078 0.505535
0.510244 0.088346 0.504089
0.522973 0.089433 0.503436
0.539027 0.086246 0.502983
0.553998 0.088926 0.504990
0.568638 0.087740 0.504327
0.584318 0.087372 0.504619
0.600086 0.089174 0.504466
-0.599976 0.100289 0.504879
-0.584273 0.101341 0.506038
-0.570475 0.100423 0.503782
-0.553353 0.101797 0.505082
-0.539729 0.102577 0.504200
-0.522345 0.101859 0.505707
-0.510660 0.099475 0.506009
-0.494531 0.101880 0.507433
-0.478808 0.101671 0.505074
-0.463949 0.101455 0.506113
-0.447677 0.101871 0.506008
-0.430626 0.102740 0.504891
-0.416296 0.101236 0.503445
-0.400629 0.102698 0.504159
-0.388344 0.101521 0.505750
-0.374104 0.101661 0.505265
-0.355502 0.102874 0.504251
-0.342595 0.102137 0.503343
-0.328063 0.101587 0.504573
-0.310559 0.101389 0.505053
-0.296277 0.101058 0.505291
-0.281312 0.100766 0.505851
-0.264769 0.101671 0.506066
-0.250173 0.101771 0.504428
-0.235772 0.102014 0.505719
-0.220553 0.103271 0.505854
-0.205168 0.100461 0.503916
-0.191171 0.101379 0.504855
-0.173404 0.101598 0.506966
-0.160285 0.101951 0.505683
-0.144594 0.101840 0.506716
-0.127266 0.102771 0.504433
-0.114115 0.102242 0.505307
-0.099652 0.102043 0.506278
-0.084771 0.101866 0.505705
-0.068477 0.101898 0.504867
-0.050832 0.100832 0.504111
-0.037856 0.104716 0.504464
-0.023978 0.102755 0.505580
-0.005916 0.102542 0.504679
0.006556 0.101396 0.505172
0.023882 0.101611 0.505993
0.038098 0.100974 0.505208
0.051917 0.101204 0.505558
0.068472 0.102516 0.506326
0.084147 0.101194 0.505999
0.099098 0.103446 0.507063
0.114111 0.101878 0.504829
0.129597 0.103393 0.505409
0.145010 0.102881 0.504457
0.158782 0.100006 0.504310
0.175631 0.102727 0.505275
0.191180 0.101995 0.505661
0.205810 0.101936 0.505597
0.218381 0.100004 0.505393
0.234236 0.100168 0.506819
0.251368 0.102214 0.504580
0.266279 0.101988 0.505229
0.280544 0.104387 0.505147
0.297007 0.100586 0.505530
0.311471 0.100695 0.504237
0.326648 0.101536 0.503259
0.343122 0.100310 0.505084
0.357346 0.102203 0.504378
0.372394 0.102835 0.504041
0.388513 0.099775 0.502579
0.401284 0.101193 0.504270
0.417208 0.101416 0.505752
0.432222 0.099304 0.506453
0.446727 0.101946 0.502483
0.462602 0.100905 0.506102
0.477964 0.102022 0.504218
0.493514 0.101443 0.502386
0.508239 0.103026 0.505981
0.523377 0.101629 0.506719
0.540651 0.100503 0.504823
0.555269 0.103369 0.503965
0.570329 0.103109 0.506011
0.585328 0.101943 0.504545
0.599773 0.101119 0.505502
-0.600396 0.116191 0.505983
-0.585059 0.112874 0.506488
-0.569352 0.115068 0.506308
-0.555063 0.114929 0.504830
-0.538883 0.114680 0.504620
-0.523179 0.114323 0.504471
-0.508492 0.116874 0.505668
-0.494919 0.115301 0.506211
-0.478249 0.115032 0.504861
-0.463367 0.114887 0.505569
-0.447543 0.115656 0.505082
-0.433780 0.116007 0.506861
-0.417388 0.115263 0.506421
-0.403375 0.115252 0.504950
-0.387010 0.115870 0.505973
-0.372015 0.115163 0.504189
-0.356346 0.114618 0.505921
-0.342584 0.114170 0.505981
-0.326785 0.116432 0.505998
-0.312969 0.114370 0.505404
-0.295172 0.115242 0.506340
-0.280569 0.115333 0.506755
-0.263322 0.115652 0.503831
-0.250592 0.114693 0.505352
-0.235660 0.113894 0.504894
-0.219328 0.115046 0.506406
-0.204328 0.116558 0.507354
-0.189161 0.114441 0.504353
-0.175366 0.116547 0.505322
-0.158579 0.115898 0.506046
-0.146236 0.116233 0.508044
-0.129677 0.117233 0.505222
-0.112729 0.114868 0.505728
-0.098914 0.115524 0.505318
-0.084361 0.115515 0.505957
-0.068614 0.116033 0.506082
-0.052474 0.115199 0.506017
-0.035778 0.115082 0.506610
-0.021237 0.112927 0.506499
-0.007242 0.115610 0.507125
0.006063 0.114961 0.507295
0.025305 0.116451 0.505581
0.038058 0.115574 0.506739
0.052355 0.116202 0.506909
0.068341 0.113647 0.505691
0.083708 0.115019 0.506306
0.098447 0.115914 0.507668
0.113587 0.116331 0.503952
0.131039 0.113671 0.505744
0.145146 0.115898 0.505078
0.158188 0.115386 0.504629
0.174093 0.114110 0.504631
0.191303 0.114954 0.505312
0.205382 0.115403 0.505014
0.220854 0.114148 0.506434
0.234843 0.114949 0.503981
0.252532 0.114237 0.506412
0.264203 0.116332 0.505052
0.279327 0.114968 0.503979
0.296258 0.115870 0.504952
0.311926 0.115807 0.505976
0.326327 0.115317 0.504925
0.343142 0.113972 0.504814
0.356330 0.118506 0.504884
0.370143 0.113973 0.505545
0.387175 0.116621 0.505820
0.402637 0.113852 0.506248
0.417768 0.115531 0.505873
0.432575 0.115747 0.504122
0.448747 0.115723 0.506057
0.462738 0.115200 0.505623
0.477342 0.116555 0.506545
0.493746 0.116655 0.505163
0.508797 0.115105 0.506169
0.523281 0.113816 0.505023
0.539922 0.116023 0.506178
0.555079 0.114966 0.508072
0.569750 0.113989 0.505241
0.584711 0.115178 0.506796
0.599522 0.114299 0.504430
-0.600801 0.129176 0.505322
-0.586624 0.129142 0.504949
-0.570897 0.130471 0.506421
-0.555000 0.128348 0.507306
-0.536447 0.129660 0.505066
-0.523673 0.129415 0.505682
-0.508077 0.128130 0.507054
-0.492976 0.128353 0.504341
-0.478539 0.129948 0.508360
-0.462782 0.128384 0.506554
-0.445959 0.128237 0.506408
-0.431947 0.129065 0.505683
-0.418977 0.129972 0.508750
-0.401728 0.128206 0.507048
-0.386576 0.129799 0.507063
-0.370883 0.127878 0.507567
-0.357908 0.126985 0.508064
-0.342219 0.129802 0.507442
-0.326643 0.130169 0.503793
-0.310909 0.129029 0.507901
-0.297617 0.129550 0.508271
-0.280836 0.127429 0.507426
-0.266160 0.128944 0.504479
-0.251005 0.128692 0.507286
-0.235462 0.127924 0.508053
-0.221774 0.129415 0.506323
-0.204512 0.128313 0.505044
-0.190396 0.130166 0.504788
-0.172782 0.128963 0.506005
-0.159402 0.129566 0.506077
-0.144350 0.130397 0.505719
-0.128133 0.130980 0.507568
-0.114285 0.130161 0.506984
-0.098009 0.126701 0.507956
-0.083685 0.129506 0.505640
-0.070687 0.127784 0.505211
-0.053213 0.128737 0.506515
-0.038468 0.129022 0.506079
-0.022346 0.130081 0.506648
-0.007412 0.128521 0.506371
0.006916 0.128103 0.505329
0.024533 0.128407 0.506296
0.038976 0.130339 0.505555
0.052168 0.127349 0.505849
0.068152 0.129222 0.505652
0.083957 0.127681 0.508082
0.095752 0.128564 0.506945
0.114397 0.127633 0.504480
0.129345 0.128927 0.505839
0.144297 0.127406 0.505941
0.160283 0.127403 0.506274
0.175403 0.128233 0.507059
0.188050 0.129130 0.507672
0.205261 0.129170 0.508094
0.221274 0.127989 0.508121
0.234359 0.130134 0.505744
0.250852 0.128665 0.506153
0.264827 0.126833 0.506501
0.281834 0.128380 0.505830
0.298928 0.128592 0.504915
0.312003 0.130113 0.508981
0.325450 0.129542 0.504820
0.341249 0.129910 0.509017
0.356853 0.128159 0.504918
0.370026 0.128707 0.507350
0.387609 0.128289 0.506738
0.401188 0.127474 0.506783
0.418391 0.128522 0.506926
0.432532 0.129023 0.505444
0.447750 0.127214 0.505871
0.463383 0.128393 0.507174
0.478098 0.128930 0.504211
0.494743 0.128671 0.507279
0.508833 0.129357 0.505889
0.523990 0.129987 0.506860
0.540217 0.130071 0.506105
0.555175 0.128666 0.506015
0.570749 0.126775 0.508497
0.585396 0.128211 0.507156
0.600101 0.130331 0.505496
-0.600275 0.143388 0.506756
-0.584638 0.141629 0.507269
-0.569945 0.141792 0.508462
-0.555253 0.143388 0.508589
-0.540218 0.142483 0.507375
-0.524404 0.141872 0.505214
-0.509790 0.141450 0.505723
-0.492204 0.142692 0.506753
-0.478559 0.141751 0.507106
-0.462778 0.143768 0.506652
-0.448364 0.141050 0.506567
-0.433016 0.142424 0.506356
-0.418380 0.140548 0.507966
-0.398963 0.141402 0.507354
-0.388055 0.140074 0.507079
-0.371569 0.144049 0.507037
-0.356221 0.141205 0.508177
-0.342095 0.142507 0.507928
-0.326285 0.142443 0.507674
-0.312081 0.145380 0.507368
-0.293075 0.144570 0.506935
-0.281492 0.144662 0.507201
-0.266673 0.142337 0.506884
-0.249841 0.142425 0.508119
-0.234701 0.143894 0.506454
-0.219423 0.142168 0.507200
-0.204375 0.140564 0.508113
-0.190126 0.141302 0.506720
-0.174826 0.140973 0.508572
-0.159191 0.140680 0.507820
-0.146774 0.143375 0.508404
-0.129362 0.143011 0.508438
-0.113642 0.143705 0.505871
-0.097775 0.141791 0.506785
-0.084092 0.143423 0.505843
-0.067489 0.144043 0.507325
-0.054672 0.142962 0.507324
-0.037479 0.142650 0.507637
-0.022176 0.143563 0.508822
-0.008585 0.142271 0.508588
0.007558 0.140995 0.507339
0.022274 0.143724 0.508153
0.037853 0.141572 0.507902
0.052319 0.142836 0.506592
0.068395 0.143515 0.505507
0.082074 0.143384 0.506939
0.097645 0.142511 0.508482
0.114363 0.143375 0.507503
0.129501 0.143754 0.508496
0.144245 0.143219 0.507980
0.159133 0.141858 0.507097
0.175306 0.141734 0.506390
0.190539 0.142323 0.506396
0.205121 0.141169 0.506978
0.221825 0.143250 0.505757
0.235115 0.142464 0.506673
0.251986 0.143298 0.508579
0.265157 0.141845 0.507328
0.280526 0.142788 0.508066
0.296951 0.140309 0.508050
0.310794 0.143825 0.507414
0.326642 0.142326 0.506682
0.341041 0.142009 0.508674
0.358680 0.143285 0.508537
0.370784 0.143490 0.508207
0.386161 0.141828 0.506627
0.400475 0.141222 0.507000
0.417437 0.142873 0.508636
0.432685 0.142164 0.508453
0.448438 0.143277 0.508492
0.461072 0.142277 0.505380
0.477345 0.142863 0.507311
0.491727 0.143459 0.507131
0.508797 0.141622 0.507342
0.524478 0.142179 0.504743
0.539395 0.143631 0.508578
0.553529 0.143534 0.507575
0.569379 0.141712 0.507138
0.584455 0.140660 0.506500
0.600052 0.141809 0.507491
-0.600585 0.155473 0.508028
-0.584163 0.154204 0.507503
-0.570907 0.155748 0.507121
-0.554246 0.154461 0.507653
-0.538147 0.154306 0.509466
-0.524430 0.155955 0.507614
-0.508441 0.153987 0.508315
-0.494808 0.156881 0.507885
-0.478242 0.156139 0.506559
-0.461498 0.156020 0.507916
-0.447728 0.155347 0.507664
-0.432292 0.156099 0.507144
-0.419200 0.156530 0.507196
-0.402462 0.156631 0.507245
-0.386338 0.155132 0.507192
-0.373250 0.156397 0.508087
-0.357664 0.154840 0.508078
-0.342015 0.155722 0.509034
-0.326541 0.154346 0.507675
-0.310436 0.155267 0.507129
-0.297211 0.154419 0.508803
-0.280660 0.156021 0.508128
-0.266041 0.156559 0.507513
-0.250675 0.157503 0.507383
-0.236552 0.156178 0.507963
-0.219122 0.155650 0.508189
-0.206523 0.154959 0.507606
-0.191471 0.155760 0.508231
-0.173870 0.155692 0.506119
-0.161223 0.155700 0.509107
-0.144551 0.154816 0.507019
-0.128005 0.154372 0.508637
-0.114386 0.155103 0.506742
-0.099964 0.156293 0.510522
-0.084017 0.156935 0.507841
-0.067891 0.157932 0.507369
-0.053980 0.156573 0.507670
-0.038306 0.154782 0.508408
-0.023102 0.156133 0.508503
-0.007750 0.155550 0.508255
0.006860 0.155828 0.507584
0.022839 0.155123 0.507507
0.037859 0.156357 0.508354
0.053154 0.155868 0.508117
0.068923 0.156551 0.507874
0.082488 0.154759 0.508504
0.098802 0.155484 0.508335
0.112554 0.156306 0.508242
0.129486 0.154452 0.507903
0.146194 0.155252 0.506749
0.159491 0.155921 0.509543
0.176581 0.156443 0.506679
0.189027 0.156023 0.507699
0.205295 0.154903 0.506466
0.219336 0.155434 0.507029
0.233713 0.156929 0.507990
0.251546 0.156019 0.509250
0.267391 0.155512 0.508723
0.280606 0.155372 0.507524
0.296885 0.157293 0.508042
0.311924 0.154966 0.506429
0.326480 0.154425 0.505414
0.342716 0.155197 0.507626
0.358923 0.156070 0.509125
0.372738 0.156983 0.506104
0.386425 0.156698 0.508112
0.402035 0.156664 0.508188
0.417205 0.156804 0.507499
0.434562 0.155666 0.508059
0.449226 0.154391 0.507790
0.461975 0.155639 0.508061
0.477872 0.155978 0.508785
0.493566 0.157175 0.506770
0.509408 0.156035 0.507603
0.525249 0.156179 0.508814
0.538081 0.156250 0.508496
0.555024 0.158687 0.509433
0.569960 0.156776 0.506695
0.584615 0.156624 0.506900
0.601035 0.156519 0.506668
-0.599200 0.168495 0.510276
-0.584288 0.168196 0.508167
-0.569451 0.170445 0.507374
-0.554354 0.168437 0.507663
-0.538186 0.168548 0.509339
-0.523667 0.170501 0.508663
-0.509619 0.169162 0.508487
-0.493533 0.171569 0.509347
-0.478333 0.169881 0.509493
-0.463985 0.170742 0.507167
-0.449031 0.171067 0.508537
-0.432000 0.170835 0.507918
-0.418003 0.169278 0.507416
-0.401903 0.170388 0.508399
-0.386566 0.170061 0.507581
-0.371131 0.170315 0.508436
-0.358603 0.167988 0.507808
-0.341745 0.167181 0.508285
-0.327444 0.167379 0.509404
-0.312389 0.170938 0.507213
-0.297276 0.168169 0.507901
-0.279949 0.169407 0.508429
-0.264688 0.167948 0.506905
-0.250994 0.168574 0.507145
-0.233938 0.170323 0.507997
-0.219925 0.169807 0.507842
-0.204971 0.170032 0.509507
-0.188365 0.168294 0.509949
-0.174534 0.170393 0.507858
-0.159539 0.169113 0.508391
-0.146166 0.168791 0.507381
-0.129717 0.168082 0.507168
-0.114350 0.169776 0.506327
-0.099426 0.171016 0.508620
-0.085539 0.170579 0.508874
-0.069121 0.171170 0.509296
-0.052972 0.168336 0.509312
-0.038776 0.170565 0.511206
-0.022127 0.171131 0.508267
-0.006357 0.169141 0.508424
0.007274 0.169882 0.509016
0.023277 0.169719 0.508247
0.038920 0.171398 0.508382
0.054208 0.168564 0.507512
0.068229 0.171312 0.508204
0.084709 0.170669 0.508637
0.098159 0.169134 0.509929
0.113361 0.167954 0.506733
0.129414 0.168873 0.507256
0.143583 0.169878 0.508221
0.159577 0.168316 0.508777
0.174019 0.169167 0.508284
0.189926 0.170537 0.507759
0.205326 0.169450 0.508646
0.220725 0.170035 0.507841
0.236159 0.169765 0.509487
0.250569 0.169503 0.509938
0.267823 0.168466 0.509352
0.281728 0.169920 0.507142
0.296358 0.170370 0.506355
0.310763 0.169790 0.511671
0.325837 0.168983 0.508468
0.339856 0.171414 0.507882
0.358299 0.167956 0.508994
0.373475 0.170543 0.507642
0.386451 0.170044 0.506152
0.403258 0.169837 0.507822
0.418455 0.170422 0.508363
0.433377 0.168431 0.508480
0.447041 0.169006 0.507933
0.462766 0.169389 0.510120
0.477812 0.169864 0.508186
0.495091 0.168887 0.509645
0.508930 0.168725 0.507698
0.522561 0.166970 0.507689
0.538946 0.170990 0.507325
0.554334 0.169178 0.507820
0.569345 0.167859 0.508816
0.584866 0.168804 0.507954
0.600515 0.169913 0.508097
-0.598067 0.181471 0.510923
-0.584669 0.183381 0.508394
-0.568790 0.181519 0.509889
-0.554336 0.182488 0.508520
-0.539111 0.182430 0.508693
-0.522312 0.183768 0.509558
-0.509605 0.185034 0.509356
-0.493124 0.183500 0.508926
-0.479434 0.183976 0.507582
-0.462737 0.183279 0.507843
-0.448265 0.184300 0.509367
-0.433475 0.182297 0.508434
-0.416964 0.181295 0.510010
-0.402308 0.183775 0.506975
-0.387918 0.184573 0.508648
-0.371357 0.183385 0.508777
-0.357135 0.184671 0.508140
-0.340420 0.186106 0.510672
-0.326426 0.182365 0.508603
-0.311460 0.182238 0.507677
-0.294955 0.181862 0.510126
-0.280038 0.184236 0.507764
-0.264723 0.184196 0.509517
-0.250847 0.182694 0.509325
-0.235576 0.181623 0.509966
-0.218189 0.182562 0.508672
-0.204866 0.183565 0.508963
-0.190292 0.181691 0.509286
-0.174029 0.182848 0.508524
-0.160918 0.182595 0.507752
-0.143926 0.182161 0.510349
-0.128562 0.181800 0.508898
-0.113684 0.181532 0.507759
-0.098640 0.184534 0.508704
-0.082784 0.183092 0.508857
-0.067502 0.182967 0.508904
-0.053255 0.182595 0.508703
-0.037584 0.183617 0.509360
-0.021526 0.181945 0.509679
-0.007604 0.184045 0.509761
0.006239 0.183156 0.506779
0.022847 0.183579 0.509760
0.038729 0.183352 0.509713
0.053722 0.184866 0.507664
0.069698 0.182644 0.508117
0.083959 0.184268 0.510397
0.099024 0.181576 0.511089
0.113548 0.181900 0.510501
0.130672 0.183047 0.510332
0.143453 0.183263 0.507572
0.159464 0.182308 0.508697
0.173779 0.181630 0.510211
0.190250 0.183612 0.509203
0.205237 0.183136 0.510671
0.220728 0.183565 0.509711
0.234179 0.183298 0.509542
0.248947 0.180013 0.508826
0.268050 0.183820 0.510245
0.280099 0.181425 0.509424
0.294754 0.182964 0.508174
0.310603 0.182524 0.509118
0.326518 0.183967 0.510781
0.341379 0.183114 0.509355
0.356517 0.183273 0.509880
0.371684 0.182852 0.510542
0.389225 0.184154 0.510332
0.401351 0.184432 0.509043
0.418565 0.183564 0.509762
0.431600 0.184327 0.508651
0.448588 0.183855 0.510260
0.463231 0.181172 0.509859
0.479394 0.184404 0.509792
0.493409 0.182356 0.507381
0.509616 0.183830 0.509118
0.522891 0.181535 0.509385
0.540146 0.183234 0.509160
0.554730 0.183542 0.509359
0.570262 0.181357 0.510441
0.585984 0.181199 0.508677
0.599708 0.182007 0.508252
-0.600685 0.196297 0.509063
-0.585656 0.195521 0.509985
-0.569911 0.196953 0.508181
-0.555182 0.197925 0.509000
-0.538633 0.197154 0.508169
-0.524126 0.197996 0.510624
-0.508122 0.195964 0.510499
-0.494134 0.196684 0.509084
-0.478709 0.198363 0.510855
-0.460851 0.196396 0.508624
-0.449054 0.194087 0.509653
-0.432994 0.197508 0.508599
-0.416063 0.198368 0.509345
-0.401813 0.194914 0.510143
-0.387546 0.196431 0.508178
-0.371685 0.194614 0.510764
-0.355898 0.196873 0.508609
-0.341133 0.195730 0.512208
-0.327860 0.197020 0.510515
-0.312519 0.196498 0.511076
-0.296924 0.197421 0.509088
-0.279031 0.196441 0.509317
-0.266513 0.196064 0.509518
-0.250691 0.196093 0.510997
-0.234023 0.195795 0.509608
-0.220563 0.195339 0.511635
-0.203543 0.196475 0.508218
-0.189744 0.194983 0.508265
-0.172403 0.197405 0.511162
-0.159389 0.196806 0.508614
-0.141292 0.197214 0.509337
-0.130698 0.195940 0.509865
-0.114297 0.197042 0.510363
-0.098936 0.196452 0.510030
-0.084870 0.194668 0.508878
-0.069103 0.197829 0.510606
-0.053589 0.197010 0.509066
-0.037191 0.197183 0.507247
-0.022629 0.196347 0.509959
-0.008046 0.197517 0.509888
0.006498 0.194650 0.509514
0.023858 0.196152 0.509033
0.038862 0.197566 0.509130
0.054753 0.196619 0.510296
0.068123 0.197146 0.510494
0.082308 0.196410 0.510110
0.097330 0.196378 0.510148
0.112982 0.196755 0.509471
0.130975 0.197776 0.510553
0.144326 0.198195 0.509295
0.159727 0.197788 0.509772
0.173663 0.194887 0.509272
0.190253 0.197383 0.510104
0.203637 0.196183 0.507570
0.220594 0.196794 0.509447
0.235703 0.197611 0.510836
0.250820 0.198617 0.508982
0.263925 0.195888 0.508648
0.280874 0.195207 0.510030
0.297462 0.197228 0.510203
0.311322 0.196183 0.510045
0.327585 0.196102 0.510924
0.341081 0.195412 0.509773
0.355863 0.196375 0.509174
0.373738 0.196528 0.510397
0.388183 0.196699 0.508215
0.402926 0.196620 0.510799
0.418616 0.196854 0.508368
0.433040 0.196965 0.509179
0.447824 0.196668 0.509152
0.463123 0.197502 0.510468
0.478831 0.198574 0.511818
0.494593 0.195584 0.509193
0.508697 0.196302 0.511481
0.523914 0.197186 0.509476
0.538104 0.196729 0.508935
0.553033 0.194269 0.509530
0.569402 0.197121 0.510084
0.585435 0.197404 0.509274
0.601802 0.196472 0.508711
-0.599844 0.209187 0.509510
-0.583178 0.209797 0.510578
-0.568887 0.209274 0.510787
-0.555949 0.210276 0.509742
-0.538439 0.211274 0.511461
-0.524954 0.209001 0.510205
-0.508390 0.209666 0.510001
-0.494424 0.209706 0.508954
-0.478050 0.208913 0.509792
-0.462923 0.210503 0.511384
-0.447628 0.211040 0.510714
-0.432773 0.209982 0.509736
-0.418050 0.209920 0.511059
-0.401862 0.207817 0.512312
-0.387651 0.209707 0.511049
-0.370999 0.209029 0.510486
-0.356405 0.208959 0.510859
-0.341495 0.210953 0.509998
-0.326307 0.211734 0.511516
-0.311473 0.210727 0.509322
-0.297091 0.209782 0.511137
-0.281025 0.210074 0.509419
-0.266439 0.208461 0.509612
-0.250896 0.209318 0.509173
-0.234769 0.211261 0.510347
-0.219976 0.209620 0.512097
-0.204220 0.210758 0.510572
-0.190646 0.209998 0.512230
-0.174391 0.209228 0.511903
-0.159479 0.209519 0.511940
-0.146616 0.211100 0.509184
-0.129070 0.211229 0.509448
-0.114894 0.209599 0.511282
-0.099754 0.210140 0.509926
-0.084042 0.210141 0.509542
-0.069102 0.209912 0.511107
-0.051428 0.212459 0.511037
-0.038407 0.210137 0.509817
-0.021466 0.209510 0.510370
-0.006939 0.208950 0.509339
0.006897 0.211373 0.509948
0.023611 0.210510 0.510803
0.037144 0.210764 0.510160
0.053170 0.210213 0.511033
0.068468 0.209930 0.508236
0.082855 0.209742 0.510053
0.098588 0.211004 0.511038
0.112945 0.210222 0.511551
0.130545 0.209717 0.513027
0.144664 0.210945 0.510259
0.161987 0.210820 0.510402
0.174742 0.210196 0.509500
0.188347 0.211138 0.511811
0.206143 0.208961 0.509475
0.219320 0.208823 0.510611
0.238222 0.210529 0.510289
0.251337 0.209823 0.511011
0.265434 0.210130 0.512188
0.280941 0.209228 0.510053
0.296081 0.210503 0.509760
0.311925 0.209373 0.511517
0.326740 0.209914 0.511700
0.343136 0.209913 0.510057
0.356832 0.210109 0.512648
0.373837 0.211865 0.510856
0.387882 0.209352 0.509012
0.402057 0.209982 0.510341
0.417947 0.209653 0.509483
0.433215 0.208901 0.510598
0.448788 0.211236 0.509270
0.464728 0.210158 0.510166
0.477480 0.210153 0.508674
0.494190 0.210851 0.510803
0.510306 0.210347 0.511956
0.522457 0.210122 0.512230
0.540076 0.211715 0.509465
0.554740 0.211031 0.508843
0.568356 0.208354 0.509827
0.585951 0.209072 0.509336
0.598209 0.207653 0.511327
-0.600482 0.224026 0.510030
-0.585687 0.223646 0.511985
-0.568871 0.222579 0.512149
-0.554349 0.225492 0.512060
-0.537453 0.225253 0.510777
-0.523508 0.225568 0.511747
-0.508224 0.222992 0.509838
-0.492271 0.224269 0.511270
-0.476802 0.222824 0.511661
-0.465676 0.224023 0.510585
-0.447371 0.224510 0.508789
-0.432115 0.223296 0.512474
-0.418957 0.223624 0.510557
-0.403523 0.222838 0.510913
-0.388344 0.224336 0.509218
-0.372044 0.223500 0.510632
-0.356551 0.223189 0.511328
-0.340584 0.223239 0.508819
-0.325667 0.223908 0.511891
-0.311027 0.222111 0.509662
-0.297307 0.225809 0.510423
-0.280189 0.222168 0.512047
-0.266434 0.223030 0.509798
-0.249418 0.224863 0.511305
-0.235566 0.223030 0.510390
-0.219724 0.222088 0.510745
-0.206403 0.222038 0.511557
-0.189742 0.222867 0.511578
-0.174958 0.225896 0.509576
-0.157777 0.223535 0.508867
-0.144309 0.223160 0.508925
-0.129158 0.222059 0.511354
-0.114322 0.224107 0.510864
-0.099481 0.223922 0.509995
-0.084173 0.223071 0.511084
-0.068070 0.223334 0.510263
-0.051665 0.224113 0.511287
-0.036697 0.223582 0.511212
-0.022639 0.222278 0.510668
-0.007409 0.224295 0.511324
0.009485 0.224333 0.511625
0.024498 0.223777 0.513193
0.038675 0.222906 0.510143
0.055410 0.224095 0.511252
0.068720 0.224280 0.512319
0.082705 0.223923 0.511788
0.099384 0.224072 0.509912
0.112588 0.224681 0.511126
0.128999 0.222979 0.510319
0.141955 0.223727 0.509785
0.157618 0.223560 0.511060
0.176125 0.222572 0.509799
0.190829 0.222470 0.512037
0.203677 0.223222 0.511447
0.220224 0.223793 0.510561
0.235544 0.223113 0.510656
0.249144 0.223287 0.511940
0.265924 0.223547 0.510858
0.280289 0.224341 0.511976
0.297230 0.223858 0.510678
0.310983 0.222978 0.511015
0.326745 0.223419 0.512430
0.341935 0.224087 0.512485
0.358170 0.224604 0.512310
0.373059 0.224051 0.512362
0.387957 0.225322 0.510531
0.402308 0.222579 0.509976
0.419475 0.225841 0.512231
0.433164 0.222727 0.509754
0.448992 0.224437 0.511704
0.462790 0.223508 0.511845
0.477840 0.224788 0.511423
0.493375 0.224681 0.510066
0.507308 0.222919 0.510268
0.524333 0.222432 0.511533
0.539869 0.223241 0.512781
0.555285 0.223870 0.511604
0.568972 0.222788 0.511296
0.583185 0.223704 0.511536
0.599639 0.224535 0.511766
-0.600904 0.238659 0.511044
-0.584179 0.239645 0.511460
-0.569113 0.236721 0.512567
-0.554645 0.235708 0.512745
-0.538925 0.238431 0.510364
-0.523633 0.237610 0.511472
-0.507346 0.237031 0.510806
-0.496001 0.238338 0.512369
-0.477548 0.236624 0.512777
-0.463170 0.235964 0.512437
-0.448243 0.238794 0.509944
-0.434075 0.237908 0.511866
-0.417905 0.239101 0.513988
-0.402055 0.238050 0.512828
-0.386793 0.236817 0.511886
-0.371582 0.237221 0.510508
-0.354889 0.236058 0.513038
-0.341644 0.236304 0.513111
-0.326060 0.237908 0.511116
-0.310491 0.236549 0.510625
-0.294680 0.240367 0.510983
-0.279950 0.236582 0.509537
-0.267038 0.237326 0.511973
-0.249091 0.236995 0.512648
-0.236029 0.236680 0.512777
-0.219460 0.238828 0.512850
-0.204105 0.237908 0.511965
-0.190952 0.236048 0.511436
-0.175894 0.236734 0.511666
-0.159817 0.235581 0.510667
-0.145145 0.236073 0.511523
-0.127750 0.237291 0.512185
-0.115154 0.235946 0.512600
-0.099277 0.238695 0.511845
-0.083258 0.237733 0.512140
-0.068826 0.237850 0.512012
-0.052063 0.237193 0.511356
-0.037862 0.237624 0.512539
-0.021090 0.238012 0.510337
-0.009200 0.238563 0.512060
0.009884 0.238498 0.510889
0.022570 0.236519 0.511050
0.038465 0.236848 0.511385
0.056392 0.237468 0.510504
0.067732 0.237093 0.511847
0.083706 0.237625 0.512706
0.098366 0.237792 0.513334
0.114269 0.237295 0.510130
0.129142 0.238252 0.512119
0.144175 0.237536 0.512956
0.156640 0.236222 0.513397
0.175232 0.236051 0.513715
0.189204 0.238441 0.511726
0.205737 0.237218 0.512746
0.220656 0.240204 0.510706
0.234933 0.236724 0.512027
0.250284 0.236585 0.512818
0.265383 0.238130 0.510449
0.280671 0.237844 0.511541
0.297984 0.236946 0.510488
0.310677 0.237271 0.512342
0.325656 0.237963 0.511973
0.340812 0.236891 0.511443
0.358268 0.236857 0.510748
0.372095 0.237517 0.513926
0.387990 0.235511 0.510065
0.402955 0.236025 0.512974
0.418472 0.236984 0.511477
0.432758 0.236537 0.511169
0.446914 0.236546 0.511460
0.462380 0.236284 0.513609
0.477753 0.238822 0.512404
0.494331 0.237165 0.511885
0.507975 0.238036 0.510044
0.523996 0.237727 0.512013
0.540071 0.238326 0.512335
0.553422 0.238620 0.512648
0.572338 0.237016 0.511457
0.585820 0.237507 0.511388
0.599923 0.238861 0.512809
-0.600443 0.251591 0.512477
-0.583594 0.250748 0.513059
-0.569569 0.249410 0.511196
-0.552920 0.250754 0.513623
-0.538857 0.249523 0.510277
-0.524698 0.250715 0.510045
-0.507795 0.249635 0.514143
-0.492138 0.249669 0.511684
-0.478031 0.250882 0.511686
-0.463769 0.250328 0.510912
-0.446640 0.252032 0.513437
-0.432748 0.251020 0.511994
-0.417058 0.249983 0.512556
-0.401316 0.252365 0.510929
-0.387948 0.251470 0.513352
-0.371549 0.251919 0.513045
-0.356755 0.252261 0.512173
-0.341926 0.251328 0.513547
-0.326210 0.251262 0.513221
-0.311439 0.251724 0.512359
-0.295024 0.251858 0.511901
-0.279924 0.251235 0.512699
-0.267043 0.250443 0.510479
-0.249324 0.251262 0.513600
-0.235908 0.249584 0.511505
-0.222056 0.250747 0.511544
-0.207436 0.251160 0.512967
-0.191484 0.250062 0.511009
-0.175685 0.250535 0.513713
-0.159401 0.250684 0.513403
-0.143772 0.250593 0.512763
-0.128480 0.250942 0.513636
-0.112634 0.249498 0.512483
-0.097200 0.250383 0.511404
-0.084767 0.251782 0.513487
-0.069550 0.250146 0.514561
-0.052599 0.251543 0.513292
-0.038312 0.251217 0.512065
-0.023193 0.249399 0.512915
-0.006664 0.249906 0.514057
0.007992 0.250876 0.512071
0.022427 0.249351 0.513632
0.038313 0.249516 0.514001
0.051310 0.250764 0.512020
0.067161 0.251519 0.514027
0.083332 0.251054 0.513937
0.097947 0.250307 0.512460
0.112999 0.251199 0.512127
0.129410 0.250507 0.511576
0.144766 0.252203 0.513554
0.161200 0.250118 0.512175
0.174564 0.249585 0.511363
0.190240 0.249298 0.511809
0.205524 0.251122 0.512016
0.220451 0.251767 0.511321
0.235218 0.251782 0.513810
0.250872 0.250600 0.512852
0.266084 0.251119 0.513634
0.281370 0.250960 0.513704
0.297067 0.250932 0.514594
0.311266 0.250663 0.512946
0.323933 0.250360 0.512897
0.340006 0.251406 0.512752
0.356422 0.253668 0.512568
0.372181 0.252376 0.514637
0.388909 0.250428 0.512879
0.402232 0.251005 0.512362
0.417145 0.250658 0.511890
0.433010 0.251560 0.513478
0.450162 0.250117 0.511567
0.463153 0.251043 0.514004
0.478099 0.251886 0.512202
0.490818 0.248255 0.513669
0.509498 0.250883 0.513241
0.524969 0.253525 0.513480
0.538031 0.251586 0.514346
0.554589 0.251916 0.512094
0.569534 0.250732 0.514282
0.584277 0.251208 0.512644
0.599884 0.250138 0.511403
-0.599852 0.264710 0.512869
-0.584127 0.263868 0.512618
-0.570153 0.263070 0.511942
-0.554682 0.263779 0.514362
-0.539532 0.264104 0.513136
-0.523419 0.264061 0.515080
-0.507907 0.265217 0.511420
-0.493457 0.264943 0.513182
-0.478382 0.263688 0.512695
-0.463285 0.263435 0.512817
-0.448417 0.265632 0.513048
-0.433022 0.265778 0.512499
-0.419764 0.265567 0.512494
-0.403451 0.264769 0.511700
-0.388241 0.264860 0.514602
-0.372369 0.265081 0.513154
-0.356681 0.263544 0.514124
-0.342593 0.263512 0.513935
-0.326123 0.264411 0.513387
-0.311789 0.263765 0.513925
-0.296680 0.264299 0.514177
-0.280548 0.265283 0.512191
-0.265770 0.264574 0.513382
-0.252239 0.265114 0.513783
-0.236855 0.265662 0.514640
-0.219560 0.263370 0.512755
-0.204700 0.265688 0.511895
-0.191083 0.264919 0.513942
-0.176916 0.264541 0.513873
-0.159293 0.264465 0.513133
-0.146211 0.265565 0.512389
-0.128709 0.265026 0.511806
-0.115141 0.263667 0.514337
-0.099518 0.264803 0.512195
-0.084014 0.264363 0.513388
-0.067922 0.264892 0.515001
-0.051588 0.265363 0.512067
-0.037448 0.265049 0.511858
-0.023261 0.264731 0.510500
-0.009353 0.263928 0.512397
0.009546 0.263815 0.513532
0.021387 0.265907 0.513041
0.038391 0.262520 0.512665
0.052077 0.263988 0.512851
0.067391 0.263342 0.512599
0.084688 0.263488 0.512071
0.098406 0.263229 0.513944
0.111648 0.265120 0.512034
0.129670 0.263326 0.512869
0.144711 0.265895 0.511900
0.159840 0.264588 0.512193
0.175295 0.263444 0.513801
0.188135 0.263996 0.514325
0.204756 0.265176 0.513334
0.220992 0.263343 0.514172
0.236245 0.264622 0.512217
0.248417 0.262634 0.513651
0.264392 0.264459 0.513058
0.280737 0.262962 0.513431
0.297591 0.263716 0.513728
0.311178 0.267275 0.513798
0.326958 0.264767 0.512314
0.340197 0.264249 0.513101
0.356281 0.265381 0.512566
0.369882 0.265171 0.512695
0.388420 0.264048 0.514325
0.402731 0.262801 0.514955
0.416452 0.265457 0.512774
0.433023 0.265036 0.512216
0.450140 0.265313 0.513927
0.461853 0.264609 0.513209
0.477506 0.263889 0.513263
0.493437 0.262677 0.513481
0.508180 0.264678 0.514675
0.522630 0.264933 0.513547
0.539947 0.264689 0.512812
0.553698 0.263236 0.514515
0.569121 0.263473 0.512579
0.586008 0.265225 0.513360
0.600169 0.263165 0.514207
-0.597758 0.277348 0.513521
-0.585410 0.278674 0.512933
-0.567702 0.276718 0.512808
-0.555870 0.279767 0.514060
-0.539148 0.277311 0.516312
-0.524745 0.279975 0.514359
-0.508559 0.277195 0.514283
-0.493967 0.279731 0.512771
-0.475203 0.279244 0.513420
-0.464196 0.277274 0.515202
-0.449432 0.278856 0.513612
-0.433210 0.277208 0.513950
-0.416974 0.275983 0.512393
-0.400953 0.279069 0.515715
-0.389019 0.277801 0.515097
-0.371734 0.278223 0.513919
-0.357617 0.278970 0.513532
-0.343541 0.278620 0.514226
-0.327426 0.278632 0.514889
-0.310780 0.278294 0.515183
-0.297282 0.278288 0.514493
-0.282114 0.278984 0.514527
-0.265901 0.277031 0.512782
-0.249564 0.279087 0.515004
-0.236485 0.278531 0.512674
-0.219823 0.278709 0.514232
-0.206082 0.277027 0.514725
-0.190497 0.277800 0.516029
-0.173241 0.279274 0.513596
-0.160415 0.277804 0.515284
-0.145244 0.276949 0.512862
-0.129480 0.278357 0.513959
-0.114519 0.279519 0.511793
-0.098547 0.277356 0.516161
-0.083829 0.278728 0.512843
-0.069315 0.277803 0.514415
-0.053218 0.277214 0.513316
-0.038715 0.276811 0.513022
-0.024478 0.278944 0.513803
-0.006463 0.275878 0.513270
0.009493 0.277982 0.515229
0.024245 0.276866 0.514936
0.036744 0.277855 0.515159
0.052876 0.277714 0.512762
0.068893 0.278547 0.515351
0.083186 0.278425 0.512748
0.097608 0.277117 0.513564
0.113142 0.277053 0.513980
0.127960 0.278504 0.514113
0.143991 0.278898 0.513123
0.159143 0.277578 0.514552
0.174345 0.276608 0.512547
0.189436 0.277473 0.514025
0.204877 0.277023 0.514928
0.220853 0.278698 0.514303
0.236857 0.277656 0.511901
0.250674 0.277669 0.513326
0.266272 0.280107 0.513647
0.279438 0.277408 0.513083
0.293443 0.279052 0.515326
0.311410 0.278065 0.515352
0.325228 0.277998 0.515160
0.342644 0.277322 0.514211
0.356669 0.279863 0.511837
0.372024 0.278141 0.513533
0.386988 0.277984 0.515452
0.402381 0.278101 0.515144
0.416371 0.277704 0.513207
0.431464 0.277912 0.514372
0.449627 0.278467 0.513730
0.462096 0.277526 0.514048
0.476530 0.278616 0.514577
0.495160 0.277047 0.515088
0.508686 0.277137 0.512544
0.524767 0.276977 0.515265
0.539583 0.277157 0.512833
0.556812 0.276862 0.513705
0.568739 0.278181 0.513262
0.584191 0.276833 0.514783
0.600764 0.277924 0.514069
-0.598155 0.294457 0.515499
-0.583968 0.291374 0.514379
-0.569956 0.292621 0.514366
-0.553259 0.290125 0.512819
-0.541297 0.292475 0.514379
-0.525081 0.292668 0.515137
-0.507620 0.290597 0.512900
-0.493023 0.290494 0.513924
-0.477777 0.293593 0.517065
-0.462572 0.291337 0.515610
-0.450000 0.290987 0.514890
-0.433935 0.292199 0.515295
-0.418607 0.291822 0.512997
-0.403389 0.290753 0.514720
-0.386523 0.291924 0.514264
-0.371643 0.292457 0.514660
-0.358858 0.291921 0.515219
-0.342153 0.288743 0.512562
-0.328227 0.291848 0.513841
-0.310701 0.290480 0.514681
-0.296611 0.293601 0.517372
-0.279879 0.291515 0.516059
-0.265298 0.291794 0.515700
-0.251675 0.291974 0.514545
-0.233859 0.291998 0.516444
-0.219327 0.293347 0.515006
-0.204339 0.290947 0.514975
-0.190964 0.290449 0.514234
-0.173352 0.291947 0.515150
-0.159713 0.293127 0.514126
-0.144233 0.293006 0.516632
-0.129239 0.292817 0.514863
-0.115471 0.291975 0.515179
-0.098715 0.293290 0.514508
-0.084230 0.291401 0.514341
-0.069814 0.291939 0.515531
-0.052878 0.290018 0.513537
-0.036879 0.290352 0.512928
-0.023626 0.291007 0.512601
-0.008365 0.291558 0.514756
0.009349 0.292343 0.514838
0.023349 0.291421 0.513576
0.038046 0.289976 0.514975
0.054294 0.291196 0.514279
0.068425 0.290249 0.513671
0.083152 0.290336 0.513694
0.098306 0.291896 0.514835
0.113638 0.291415 0.515018
0.126536 0.290885 0.514203
0.143529 0.291712 0.514866
0.160276 0.291070 0.513517
0.175739 0.292473 0.514143
0.188580 0.293311 0.514880
0.204787 0.291115 0.514893
0.220331 0.293564 0.516090
0.235750 0.292074 0.513502
0.250880 0.291541 0.513825
0.266346 0.291988 0.513232
0.280246 0.291207 0.514122
0.296275 0.289671 0.513968
0.310317 0.290542 0.512934
0.324861 0.290166 0.514239
0.341262 0.291970 0.513308
0.357045 0.292273 0.514557
0.371095 0.292742 0.513453
0.387315 0.290807 0.511936
0.404732 0.290024 0.511018
0.419335 0.292191 0.513177
0.434115 0.293618 0.515105
0.447957 0.290337 0.514210
0.462571 0.293506 0.515462
0.477300 0.291858 0.512626
0.494106 0.293221 0.515422
0.507864 0.290100 0.513501
0.523485 0.291781 0.514511
0.540116 0.293189 0.515484
0.554109 0.292310 0.514280
0.571156 0.290890 0.514709
0.585949 0.290203 0.516048
0.600373 0.291978 0.515287
-0.599644 0.307068 0.515760
-0.584309 0.304038 0.514353
-0.569714 0.306227 0.513691
-0.554238 0.304356 0.515275
-0.539425 0.304832 0.517015
-0.522856 0.304409 0.514890
-0.510103 0.304090 0.516348
-0.493219 0.304365 0.514642
-0.480148 0.303355 0.515184
-0.463486 0.303687 0.515276
-0.449062 0.305996 0.514780
-0.432075 0.305150 0.514023
-0.419675 0.306341 0.515678
-0.403165 0.303864 0.514956
-0.386867 0.303793 0.514119
-0.372219 0.304404 0.517202
-0.357099 0.304031 0.515450
-0.341769 0.305026 0.514453
-0.327512 0.305148 0.515173
-0.309448 0.304491 0.514811
-0.296263 0.305597 0.513960
-0.281281 0.304921 0.515292
-0.266046 0.306436 0.515534
-0.249928 0.305879 0.513365
-0.235831 0.305207 0.514724
-0.219422 0.303421 0.512342
-0.203302 0.304876 0.515595
-0.189782 0.305525 0.513382
-0.174595 0.304965 0.514743
-0.159376 0.304971 0.515255
-0.142382 0.304308 0.514745
-0.129726 0.306933 0.515337
-0.114190 0.306534 0.514263
-0.099572 0.303721 0.515383
-0.083852 0.303740 0.514699
-0.068460 0.304676 0.515078
-0.052829 0.303951 0.514360
-0.038937 0.303813 0.517460
-0.021827 0.304795 0.515707
-0.008680 0.304792 0.516317
0.009037 0.304257 0.515359
0.021551 0.303959 0.516571
0.036809 0.306677 0.514831
0.052178 0.305783 0.513817
0.068891 0.305537 0.516701
0.082546 0.304635 0.516697
0.098310 0.304814 0.513687
0.113079 0.307104 0.514465
0.130094 0.305946 0.515127
0.144485 0.305600 0.515958
0.159077 0.305380 0.515161
0.173677 0.306354 0.516416
0.189342 0.305248 0.515549
0.204121 0.304558 0.513749
0.219587 0.304011 0.515889
0.235942 0.306469 0.514663
0.250968 0.303930 0.516553
0.265923 0.302799 0.515594
0.281111 0.303799 0.514941
0.296848 0.307013 0.515248
0.312902 0.306679 0.516515
0.325076 0.304358 0.514343
0.341905 0.304812 0.514841
0.355652 0.304677 0.514473
0.373654 0.303954 0.514756
0.386601 0.305309 0.516303
0.403734 0.303467 0.514084
0.417121 0.304788 0.514875
0.434503 0.306430 0.515452
0.448576 0.307077 0.516414
0.463317 0.306044 0.515687
0.478567 0.306747 0.515988
0.493545 0.304875 0.515724
0.510205 0.304629 0.515760
0.523602 0.304829 0.514025
0.540055 0.305384 0.516336
0.554770 0.304538 0.513711
0.570211 0.306125 0.515108
0.583379 0.304964 0.514625
0.598745 0.306401 0.515318
-0.599846 0.319209 0.516548
-0.584564 0.318670 0.516577
-0.568969 0.320255 0.516164
-0.554840 0.319961 0.514435
-0.536658 0.317078 0.516555
-0.524381 0.320050 0.516816
-0.507499 0.319307 0.517508
-0.494357 0.319509 0.515851
-0.478804 0.318727 0.516620
-0.463193 0.317632 0.517389
-0.448991 0.320665 0.516311
-0.433413 0.319215 0.514439
-0.417164 0.318370 0.516062
-0.403333 0.320283 0.516175
-0.386435 0.318224 0.517362
-0.373578 0.319308 0.516431
-0.356624 0.318518 0.514842
-0.342504 0.318341 0.515326
-0.324472 0.317403 0.515629
-0.310099 0.317203 0.515738
-0.297566 0.318167 0.515659
-0.279499 0.318301 0.514793
-0.265877 0.317755 0.516180
-0.250326 0.320231 0.514247
-0.235486 0.319434 0.516171
-0.220126 0.319830 0.517359
-0.204029 0.317358 0.514256
-0.189818 0.317961 0.516681
-0.174504 0.319450 0.515801
-0.161214 0.319156 0.517101
-0.142762 0.318350 0.517477
-0.128956 0.317526 0.518024
-0.114941 0.319763 0.515968
-0.098013 0.318042 0.516097
-0.084965 0.318534 0.513932
-0.068292 0.320467 0.516712
-0.052773 0.320363 0.514234
-0.037176 0.319393 0.518217
-0.023123 0.317947 0.515079
-0.006939 0.314885 0.517022
0.007434 0.318238 0.515956
0.021354 0.318917 0.515614
0.037433 0.317583 0.516678
0.053060 0.318800 0.516306
0.069028 0.318487 0.515466
0.083993 0.318040 0.517215
0.098606 0.320918 0.515437
0.113695 0.319830 0.516476
0.129452 0.318085 0.514448
0.144368 0.320274 0.515660
0.159848 0.319899 0.516161
0.175732 0.318729 0.515396
0.190040 0.320079 0.516952
0.204417 0.318499 0.515488
0.220165 0.319902 0.514167
0.235735 0.319178 0.515143
0.250120 0.319530 0.516037
0.265223 0.318746 0.516201
0.282857 0.317416 0.515477
0.297771 0.318351 0.516918
0.308828 0.318120 0.515769
0.327042 0.318123 0.515355
0.341000 0.320202 0.516270
0.356980 0.318521 0.514501
0.373018 0.317665 0.516808
0.388381 0.318586 0.516544
0.401082 0.318162 0.515835
0.418496 0.316112 0.516218
0.434813 0.318567 0.516397
0.448814 0.319356 0.515914
0.464300 0.318278 0.515187
0.478681 0.318305 0.514362
0.493950 0.317533 0.517916
0.508909 0.319498 0.516090
0.524711 0.316914 0.516357
0.540885 0.319151 0.515645
0.553301 0.319429 0.516202
0.570579 0.318251 0.514243
0.585711 0.319328 0.517173
0.599820 0.320265 0.514790
-0.599357 0.332200 0.516902
-0.584626 0.332183 0.515636
-0.569361 0.332021 0.516910
-0.555210 0.330586 0.516871
-0.539473 0.332954 0.516909
-0.526458 0.333236 0.516660
-0.509419 0.331619 0.517634
-0.493872 0.331020 0.516924
-0.477607 0.332106 0.517926
-0.462592 0.330574 0.516385
-0.447786 0.332004 0.515447
-0.431510 0.332062 0.515982
-0.418485 0.334151 0.516846
-0.402343 0.332023 0.517117
-0.387378 0.331299 0.515097
-0.372432 0.333517 0.516241
-0.356209 0.333094 0.515772
-0.341807 0.332280 0.517060
-0.327339 0.331958 0.516352
-0.312107 0.332931 0.517651
-0.296979 0.332560 0.517013
-0.281192 0.332090 0.516668
-0.267194 0.332949 0.515838
-0.250117 0.332535 0.516578
-0.234713 0.332987 0.515593
-0.219504 0.332716 0.516770
-0.206498 0.332496 0.516672
-0.191417 0.333502 0.515383
-0.175474 0.331502 0.515369
-0.159152 0.333879 0.516116
-0.143934 0.332746 0.516506
-0.127241 0.332137 0.517038
-0.114041 0.331802 0.518302
-0.099349 0.333085 0.517130
-0.083420 0.332055 0.516681
-0.067867 0.331745 0.514411
-0.052446 0.332572 0.517684
-0.036648 0.332273 0.515355
-0.023528 0.331391 0.517507
-0.008319 0.332167 0.516545
0.008514 0.332086 0.517235
0.020874 0.331283 0.517298
0.038002 0.334243 0.516962
0.053007 0.331767 0.517340
0.067977 0.332079 0.516287
0.083540 0.332472 0.516738
0.099039 0.329734 0.516703
0.113314 0.334439 0.518637
0.128687 0.332184 0.516189
0.143480 0.331120 0.516945
0.158955 0.330914 0.518105
0.174031 0.332256 0.516339
0.190458 0.333241 0.515342
0.206466 0.331538 0.516937
0.220479 0.331834 0.517270
0.238003 0.332620 0.516317
0.248887 0.332284 0.514571
0.265243 0.331834 0.516460
0.280406 0.332683 0.516034
0.296898 0.333052 0.516686
0.312082 0.331412 0.517518
0.326436 0.332226 0.518190
0.341107 0.333059 0.516686
0.356510 0.332529 0.518364
0.373460 0.332709 0.516472
0.387717 0.331962 0.517804
0.401455 0.333216 0.516856
0.418465 0.333879 0.517119
0.432152 0.332526 0.515990
0.446768 0.334493 0.517290
0.462374 0.331686 0.516297
0.477974 0.330739 0.516622
0.493550 0.331726 0.516131
0.510254 0.331616 0.516443
0.524607 0.333035 0.517249
0.538417 0.331987 0.517153
0.553837 0.331816 0.517007
0.570019 0.333949 0.515805
0.585677 0.332176 0.518574
0.598494 0.330073 0.516624
-0.600818 0.345496 0.516323
-0.585500 0.345942 0.517684
-0.569642 0.346097 0.516657
-0.555399 0.344222 0.518130
-0.541237 0.345763 0.518482
-0.523911 0.347425 0.516590
-0.508805 0.345451 0.516792
-0.494117 0.346098 0.518024
-0.479472 0.345356 0.517510
-0.463497 0.347071 0.517359
-0.449308 0.343935 0.517064
-0.434327 0.345499 0.518004
-0.419737 0.344923 0.518756
-0.401904 0.347474 0.516768
-0.386471 0.344610 0.518539
-0.373047 0.347267 0.518667
-0.356829 0.345277 0.517316
-0.341455 0.344624 0.518694
-0.326326 0.345732 0.515934
-0.312010 0.345232 0.516710
-0.296109 0.345821 0.516721
-0.280587 0.347420 0.518246
-0.264787 0.347154 0.516368
-0.250047 0.346586 0.516639
-0.236531 0.346801 0.517557
-0.218568 0.343905 0.516559
-0.203888 0.346994 0.516873
-0.189884 0.344883 0.518623
-0.175933 0.345264 0.516383
-0.161449 0.346369 0.517770
-0.143627 0.345961 0.517564
-0.128862 0.343499 0.517990
-0.114494 0.344789 0.516828
-0.098709 0.344547 0.519245
-0.081699 0.344688 0.518834
-0.069029 0.345208 0.519636
-0.051418 0.346103 0.516688
-0.039162 0.346478 0.515693
-0.021836 0.346452 0.517691
-0.008894 0.346222 0.517950
0.006414 0.345116 0.518558
0.022935 0.345741 0.514878
0.037991 0.347342 0.517691
0.052417 0.347279 0.517593
0.066846 0.346145 0.516968
0.085120 0.345376 0.516157
0.097376 0.346289 0.517761
0.113494 0.344641 0.518387
0.130804 0.345756 0.517476
0.144139 0.345889 0.516557
0.160857 0.346045 0.519001
0.174818 0.345519 0.517605
0.191134 0.346386 0.517530
0.206157 0.346517 0.518282
0.218232 0.343898 0.517947
0.234646 0.347265 0.518015
0.249832 0.346302 0.517818
0.266209 0.345747 0.516970
0.281787 0.345093 0.517638
0.296246 0.346085 0.517086
0.310972 0.346433 0.518525
0.326781 0.345760 0.517359
0.340957 0.346030 0.516260
0.356724 0.346229 0.519067
0.370607 0.346177 0.516525
0.387252 0.345344 0.518437
0.403242 0.346332 0.513873
0.418238 0.344720 0.516909
0.433723 0.345751 0.517795
0.449561 0.345713 0.517028
0.462972 0.345678 0.517831
0.480414 0.346058 0.519875
0.492986 0.346494 0.517294
0.509806 0.345759 0.519046
0.523737 0.345939 0.516650
0.541138 0.346999 0.517746
0.553691 0.346042 0.516681
0.569339 0.344802 0.516376
0.585539 0.345557 0.516456
0.600199 0.344324 0.519126
-0.599319 0.358800 0.518078
-0.586558 0.359614 0.517496
-0.570047 0.358207 0.517666
-0.554544 0.358700 0.517201
-0.539521 0.358004 0.517712
-0.524594 0.359782 0.518834
-0.508085 0.359669 0.518383
-0.494153 0.358107 0.518004
-0.478502 0.358679 0.518128
-0.464866 0.360305 0.517653
-0.447661 0.359362 0.519648
-0.431725 0.361121 0.518068
-0.418460 0.359146 0.518070
-0.403419 0.358921 0.518185
-0.387471 0.356482 0.518237
-0.373446 0.360214 0.518256
-0.356939 0.360737 0.517464
-0.341491 0.358272 0.517953
-0.325345 0.359315 0.517333
-0.311844 0.359348 0.518116
-0.294563 0.358654 0.517910
-0.278710 0.359819 0.517280
-0.266138 0.358275 0.518326
-0.250865 0.359660 0.517639
-0.236892 0.358540 0.518379
-0.219666 0.358233 0.518231
-0.207390 0.358411 0.518759
-0.190170 0.360298 0.518802
-0.174442 0.358257 0.518636
-0.159506 0.360745 0.518757
-0.144940 0.360178 0.518384
-0.130962 0.361333 0.516189
-0.115531 0.359233 0.518537
-0.097545 0.358935 0.517782
-0.083162 0.359211 0.518572
-0.067434 0.359603 0.517673
-0.053339 0.359464 0.516869
-0.037327 0.359475 0.519393
-0.022865 0.359030 0.516693
-0.008121 0.358911 0.518130
0.007440 0.359679 0.516321
0.022494 0.360475 0.518156
0.038247 0.359979 0.519491
0.052383 0.359370 0.517942
0.067683 0.359148 0.518102
0.085092 0.359350 0.516982
0.096318 0.359617 0.516637
0.113403 0.359074 0.519161
0.127873 0.360695 0.519166
0.143774 0.358773 0.517240
0.158902 0.359913 0.518470
0.173149 0.359808 0.517798
0.189840 0.358560 0.518487
0.205348 0.358725 0.517833
0.219459 0.359120 0.516832
0.237214 0.359401 0.518027
0.250922 0.358718 0.515243
0.266878 0.359797 0.518234
0.280817 0.359275 0.518722
0.297600 0.357904 0.518805
0.309017 0.359080 0.515983
0.324678 0.359345 0.518291
0.341187 0.359598 0.517839
0.355253 0.359387 0.518678
0.370530 0.358120 0.516911
0.386014 0.358131 0.519484
0.404033 0.361116 0.519314
0.416344 0.360082 0.519107
0.432233 0.357531 0.518495
0.447868 0.359075 0.518015
0.462487 0.358421 0.516928
0.477798 0.358710 0.517617
0.493671 0.358035 0.519373
0.508605 0.359979 0.516257
0.523275 0.360849 0.518089
0.540649 0.361439 0.518074
0.555726 0.358043 0.517199
0.570156 0.359314 0.517924
0.585040 0.358592 0.516955
0.597861 0.359546 0.517878
-0.599761 0.373343 0.518862
-0.583142 0.373379 0.517266
-0.569994 0.373431 0.521001
-0.552813 0.374597 0.518748
-0.539288 0.373747 0.518109
-0.524075 0.373280 0.517838
-0.508746 0.373916 0.519120
-0.493223 0.372581 0.518088
-0.477353 0.371608 0.517947
-0.460812 0.372065 0.519791
-0.448225 0.373088 0.520043
-0.431903 0.371648 0.519707
-0.415855 0.374513 0.517102
-0.402135 0.371886 0.517683
-0.386267 0.371992 0.516811
-0.371380 0.371216 0.519085
-0.356967 0.373351 0.519170
-0.340701 0.372634 0.519182
-0.326910 0.372557 0.517382
-0.311048 0.374325 0.518944
-0.296372 0.372758 0.519376
-0.282135 0.373369 0.517894
-0.266458 0.372235 0.518823
-0.251110 0.372140 0.518244
-0.235391 0.373158 0.519918
-0.218925 0.372494 0.518890
-0.204360 0.372725 0.518770
-0.188579 0.372167 0.520090
-0.174652 0.371111 0.519928
-0.158651 0.372116 0.517439
-0.144887 0.372189 0.518784
-0.128061 0.372933 0.519936
-0.114508 0.371899 0.518209
-0.100569 0.373523 0.520232
-0.085872 0.370780 0.518737
-0.066758 0.371761 0.517617
-0.054612 0.371268 0.518611
-0.037561 0.374605 0.520166
-0.021487 0.371862 0.517284
-0.006705 0.373098 0.519112
0.007231 0.371402 0.517383
0.022342 0.373456 0.518796
0.037273 0.374487 0.518465
0.053778 0.373095 0.517614
0.067135 0.371150 0.518785
0.082956 0.372790 0.518832
0.098729 0.371888 0.518860
0.113049 0.371038 0.519527
0.129102 0.373349 0.518266
0.144065 0.372456 0.518975
0.159604 0.373971 0.518693
0.174040 0.373197 0.516386
0.188872 0.373399 0.518223
0.204920 0.372565 0.519651
0.220552 0.372596 0.517574
0.235492 0.371634 0.520798
0.249251 0.373820 0.519017
0.265406 0.374708 0.518929
0.280168 0.373427 0.521704
0.296477 0.372027 0.518206
0.310889 0.374621 0.517706
0.326546 0.371962 0.516704
0.341180 0.372906 0.517309
0.357156 0.373051 0.518612
0.372603 0.373087 0.519453
0.386578 0.371763 0.517842
0.402730 0.372571 0.518236
0.416658 0.373502 0.519022
0.433189 0.371346 0.519043
0.448919 0.373810 0.518695
0.463627 0.374680 0.517121
0.477270 0.373587 0.517602
0.492939 0.373402 0.519863
0.508217 0.372678 0.516364
0.524134 0.371343 0.519570
0.539614 0.372424 0.517977
0.553227 0.374050 0.517649
0.570101 0.374957 0.520153
0.585252 0.373115 0.518004
0.600532 0.371774 0.519215
-0.600749 0.386330 0.519561
-0.586061 0.386697 0.519999
-0.568605 0.385910 0.519667
-0.554435 0.386483 0.519234
-0.540170 0.386310 0.519690
-0.524331 0.384771 0.517213
-0.507446 0.388217 0.519337
-0.493039 0.385905 0.518061
-0.477500 0.385550 0.519209
-0.463753 0.384706 0.519117
-0.449745 0.385419 0.517656
-0.432956 0.387977 0.519075
-0.417718 0.384830 0.521052
-0.402528 0.387866 0.519120
-0.387322 0.385176 0.517101
-0.372075 0.385819 0.517906
-0.357264 0.386334 0.519654
-0.341018 0.387110 0.518683
-0.327452 0.386807 0.519952
-0.311032 0.386825 0.519008
-0.297295 0.386742 0.518239
-0.280263 0.386276 0.517115
-0.266094 0.384583 0.519606
-0.251337 0.388643 0.519235
-0.235129 0.387250 0.519068
-0.221088 0.385119 0.518644
-0.203816 0.387301 0.518276
-0.191257 0.386422 0.517878
-0.171419 0.385327 0.519407
-0.159029 0.387050 0.517689
-0.143468 0.386496 0.518537
-0.128083 0.385677 0.518956
-0.113750 0.386846 0.518557
-0.097329 0.387037 0.518860
-0.082792 0.387306 0.518173
-0.069753 0.385010 0.519229
-0.051311 0.389133 0.519590
-0.039538 0.387529 0.520483
-0.021952 0.387505 0.519967
-0.005800 0.385165 0.518535
0.006299 0.386873 0.518900
0.022424 0.383582 0.517168
0.036370 0.385001 0.520003
0.054612 0.387308 0.519746
0.069718 0.386941 0.518519
0.084599 0.386197 0.519474
0.099554 0.387406 0.519639
0.113995 0.386741 0.519036
0.129459 0.386050 0.519796
0.146378 0.384823 0.519531
0.157746 0.385984 0.519553
0.173035 0.386361 0.519384
0.190450 0.385543 0.519626
0.203916 0.386400 0.520131
0.221247 0.386285 0.519738
0.234593 0.386940 0.519060
0.250708 0.385819 0.518163
0.266292 0.385286 0.516635
0.282221 0.388011 0.518619
0.296606 0.384975 0.519235
0.311180 0.385580 0.521461
0.327429 0.385500 0.519678
0.341610 0.388124 0.520206
0.357440 0.385194 0.519636
0.373195 0.386854 0.520806
0.387642 0.385034 0.520727
0.401906 0.386919 0.518824
0.417646 0.387193 0.519991
0.431988 0.387303 0.518587
0.448870 0.385144 0.519799
0.461546 0.385561 0.518787
0.477390 0.386238 0.519551
0.494284 0.387074 0.520001
0.510277 0.386348 0.518466
0.523864 0.386135 0.518457
0.538886 0.387172 0.520177
0.555460 0.386558 0.518767
0.568822 0.387376 0.518890
0.585308 0.386340 0.519457
0.599335 0.386776 0.519622
-0.601450 0.402138 0.519889
-0.584170 0.400054 0.520412
-0.569177 0.399481 0.520855
-0.553275 0.400060 0.519788
-0.538119 0.398941 0.519086
-0.524976 0.398748 0.517644
-0.509093 0.400080 0.519883
-0.493109 0.398637 0.520893
-0.477629 0.400472 0.518784
-0.461588 0.399927 0.518941
-0.448201 0.399902 0.520303
-0.432008 0.400393 0.520470
-0.416818 0.400566 0.520358
-0.402193 0.399042 0.519345
-0.387121 0.400515 0.518011
-0.372520 0.398362 0.518296
-0.355071 0.400023 0.518756
-0.341958 0.400699 0.520281
-0.327750 0.400267 0.519459
-0.311743 0.399658 0.521175
-0.296058 0.399438 0.519999
-0.282095 0.397885 0.520142
-0.267164 0.401767 0.518509
-0.250004 0.399809 0.518710
-0.235770 0.400709 0.520359
-0.219371 0.400670 0.520050
-0.205093 0.400022 0.518725
-0.189715 0.398684 0.521064
-0.175541 0.400617 0.519275
-0.160887 0.399818 0.520378
-0.147517 0.400441 0.520246
-0.129924 0.400185 0.518250
-0.113299 0.401028 0.520020
-0.097592 0.399420 0.520100
-0.081903 0.399509 0.519940
-0.069067 0.400990 0.522509
-0.054221 0.398577 0.518143
-0.039526 0.399469 0.519138
-0.022077 0.399625 0.520234
-0.007237 0.399488 0.519984
0.009217 0.400496 0.519408
0.024120 0.399802 0.520719
0.038357 0.399793 0.519732
0.052604 0.399471 0.520654
0.069218 0.399190 0.520434
0.083570 0.401651 0.521493
0.097822 0.403019 0.519990
0.113525 0.400525 0.522574
0.126501 0.399420 0.519235
0.143777 0.400190 0.520702
0.159918 0.398231 0.521194
0.174650 0.399710 0.522049
0.189994 0.401559 0.519532
0.204992 0.402108 0.519464
0.221641 0.400944 0.518120
0.234884 0.401157 0.521825
0.250289 0.399573 0.519755
0.265736 0.400232 0.521038
0.281962 0.399986 0.519883
0.297707 0.399895 0.519148
0.310847 0.399733 0.518622
0.326837 0.399370 0.519944
0.341515 0.399037 0.517794
0.358057 0.401453 0.517942
0.372584 0.399741 0.520048
0.387665 0.401413 0.519019
0.400969 0.402134 0.520873
0.418378 0.398582 0.520431
0.433048 0.399649 0.518747
0.446789 0.398723 0.519863
0.463410 0.401243 0.519899
0.478494 0.398935 0.520228
0.491491 0.399153 0.520513
0.509148 0.400392 0.521366
0.524124 0.401058 0.521236
0.537971 0.398897 0.520411
0.555164 0.401139 0.519294
0.568985 0.400734 0.518788
0.585615 0.400435 0.520395
0.599975 0.400031 0.518950
